{
  "$id": "1",
  "strings": [
    {
      "Key": "1cb064cf-9d44-43c9-bd4f-50af290c42a5",
      "Value": "\"너는 정말 특이해. 토락을 숭배하지 않고 못도 만들지 못하는 드워프라니... 맥주를 싫어해도 별로 놀랍지 않아!\""
    },
    {
      "Key": "c83270dd-7f47-4a71-b330-7847b46464d3",
      "Value": "\"나는... 가끔은 술을 즐기고는 하지. 내 고향으로부터 도망을 나오고 나의 목표를 알게 된 후로는 술을 많이 마시지 않아. 내가 의지가 더 강했다면 술이 없이도 살 수 있겠지.\""
    }
  ]
}