{
  "$id": "1",
  "strings": [
    {
      "Key": "b75af824-176b-4caf-8c4d-bc7d12276f2f",
      "Value": "\"파는 물건을 보여줘\""
    },
    {
      "Key": "42c6030c-4252-40ed-88d1-a2a63cf3e5a7",
      "Value": "\"조금만 더 천천히 말해줄 수 있을까?\""
    },
    {
      "Key": "97d3b28b-4fd7-4516-9c93-033165d242c9",
      "Value": "\"이만 가봐야겠어.\""
    },
    {
      "Key": "583725d4-44ab-462b-8405-e371720b6825",
      "Value": "\"넌 누구지?\""
    },
    {
      "Key": "f9b69940-6150-4435-ac10-acb4c92407e3",
      "Value": "\"이 물건들은 다 어디서 난거야?\""
    },
    {
      "Key": "50350da5-d890-403f-9466-499dfdbf75e2",
      "Value": "{n}이 티플링 소녀는 마치 용수철로 만들어 진것 같습니다. 잠시도 가만히 서있지 못하고 고개를 끄떡이며 손가락을 팅기거나, 주변에서 들려오는 노래소리에 맞춰 스텝을 밟기도 합니다. 당신을 보자 활짝 웃으며 빠르게 손짓하며 다가와 즉시 말을 걸어댑니다.{/n} \"{mf|영주님|영주님|전하|전하}! 어서와요! 어떤거 찾으시는데? 스크롤? 여기 많아많아! 함 보구가!\""
    },
    {
      "Key": "f6c57204-4829-43dd-b095-1dff1172c8a7",
      "Value": "\"{mf|영주님|영주님|전하|전하}! 이거봐요, 이거이거! 스크롤! 쌔거! 완전 멋져-!\" {n}웃으면서 그녀의 가방을 툭툭칩니다.{/n} \"이게 다 덕분이에요! 도서관을 열고 공부를 시작 시키니까 마법사들이 여기저기서 몰려들기 시작했구요! 마법사들이 모여들면? 스크롤을 더 산다이거죠. 게다가 새로운 물건들도 들여왔어요!\""
    },
    {
      "Key": "4407f46c-252e-497c-b561-58a3a8816311",
      "Value": "\"{mf|남작님|남작님|전하|전하}! 어서와요! 어떤거 찾으시는데요?\""
    },
    {
      "Key": "7a6134c7-3cc8-47d6-b001-6169f9f69e76",
      "Value": "\"그래요, 그래, 원하신다면요!\""
    },
    {
      "Key": "73472e04-c02d-49b8-b1b1-832bd292cb69",
      "Value": "\"분명 다시 돌아오실 꺼에요. 난 알아!\" {n}소녀는 웃으면서 손을 흔들어 댑니다.{/n}"
    },
    {
      "Key": "9984c49d-14c9-4ed1-8ba8-05c8c8246a1b",
      "Value": "\"스크롤 탐독자, 자르시에라고 합니다! {n}소녀는 활짝 웃으며 고개숙여 인사합니다{/n} \"{g|River Kingdoms}강의 왕국들{/g}에서 건너온 {mf|영주님|영주님|전하|전하}에게 딱맞는 최상품질 마법, 주문, 저주나 의식들을 팔아요! 이런데 돈아끼면 안되요. 일단 전부 다 사가봐요. 후회 안한다니까!\""
    },
    {
      "Key": "8c6a34fd-75dc-49cb-ab53-38e6bb753dc8",
      "Value": "\"저희 집안 가업이에요! 모든 멘데브 지역에 걸쳐 형제자매들이 쫙 퍼져있어요! 다들 매일같이 물건을 슬쩍해서..아, 그러니까 제말은, 매일같이 물건을 다양한 방법으로 들여와요. 그리고는 쫙 팔죠! 지금이에요! 망설이지 말고 지금 구매하세요! 물건 완전 딱 조--아!\""
    },
    {
      "Key": "b58e0239-de83-49b5-9db7-07fe2375a365",
      "Value": "\"만약 이 지역에 더 많은 마법사들이 모여들게 할수 있다면, 제 공급자들이 더 많은 두루마리를 팔려고 가지고 올 거예요. 더 많은 마법사가 모이면? 더 많이 팔린다는거고, 그럼 물건도 더 늘어나죠! 그러니 도서관을 지어주시면 우리 둘 다 거기서 이익을 얻을 거예요!\""
    }
  ]
}