{
  "$id": "1",
  "strings": [
    {
      "Key": "3428e654-fc1a-4451-b4ab-ba03fd1c66f8",
      "Value": "\"잠깐. 대화를 하자.\""
    },
    {
      "Key": "cb347a7f-9d50-45e4-a5be-477f69243bb9",
      "Value": "[아르막을 처치합니다] \"이제 끝이다.\""
    },
    {
      "Key": "a7e93d88-2a27-4590-8faf-8125cac9e848",
      "Value": "\"여기서 뭐하는 거야?\""
    },
    {
      "Key": "63c6388f-fa01-4cd4-8ebc-9783f3b4cae9",
      "Value": "\"왜 얼굴잃은 자매를 죽였지?\""
    },
    {
      "Key": "130e1d2a-f112-47c0-9855-e1b5641bea23",
      "Value": "\"왜 네 부하를 죽였지?\""
    },
    {
      "Key": "fae8fb9d-c6d6-499c-8cb0-cc3977f7cc40",
      "Value": "\"왜 브레보이를 공격했지?\""
    },
    {
      "Key": "690ed7f8-2d86-4ced-afa8-aa408d61b6a8",
      "Value": "\"내가 너를 살려주면 무엇을 할 거야?\""
    },
    {
      "Key": "208ac8a5-4374-41bc-bfcb-4e22163c70a6",
      "Value": "[아르막을 처치합니다] \"죽어라.\""
    },
    {
      "Key": "bc4879b7-fad7-4080-ac40-c8b9a49b8b85",
      "Value": "\"잠깐! 네가 죽기 전에 묻고 싶은 것이 있다...\""
    },
    {
      "Key": "2bb32ad5-6017-4733-87ba-4275dfa93e12",
      "Value": "[아르막을 죽입니다] \"내가 너를 직접 끝내주지.\""
    },
    {
      "Key": "d3a6ff4f-a892-4ce5-bc32-8d45fbe7e691",
      "Value": "\"겁쟁이의 죽음이군! 질질 짜면서 목적도 없다고 자신이 아르막이 아니라고 하지만 감사하며 살아라!아르막은 자신의 목적이 있었다! 너도 그렇게 할 수 있어. 정신 차리고 고대의 유령에게 누가 위대한 족장인지 보여줘... 하지만 속임수 없이 직접 말이야!\""
    },
    {
      "Key": "75524c40-9e40-4859-ba81-bad2591742cf",
      "Value": "\"자결해. 네가 아르막이 아닐지라도 영웅적인 죽음은 맞을 수 있지.\""
    },
    {
      "Key": "5efd8ad2-d60a-407e-a711-c0f5cacd7463",
      "Value": "\"물어보고 싶은 다른 것이 있다.\""
    },
    {
      "Key": "5bb0ba71-cd4f-4767-b047-e398ed68e78c",
      "Value": "\"너는 자유다. 가서 네 목표를 위해 살아라.\""
    },
    {
      "Key": "6e3b0e1b-7c75-4706-9002-7b54d8eab896",
      "Value": "[아르막을 죽입니다] \"네 운명은 여기서 끝이다.\""
    },
    {
      "Key": "bd78c71b-313e-450b-8dc0-8c5f04998299",
      "Value": "[아르막과 의형제를 맺습니다] \"너는 내 형제다.\""
    },
    {
      "Key": "7c0b1198-2a2e-4445-9e9e-9fe3d84c7674",
      "Value": "\"필요 없어. 아르막. 너는 자유야.\""
    },
    {
      "Key": "8b1fa6e4-ac7d-462b-8ca6-d2f9f3453b74",
      "Value": "\"얼굴잃은 자매는 누구지?\""
    },
    {
      "Key": "0a7f56f4-552f-439e-a847-fa9403debf4a",
      "Value": "{n}지친 야만인은 무릎을 꿇고 얼굴에 흐르는 피를 맛봅니다. 그는 당신을 무시합니다. 그는 방 주위를 둘러보다 부족의 시체에서 시선이 멈춥니다.{/n}"
    },
    {
      "Key": "c55e48ae-81ab-4096-b700-a33ed29ddbdf",
      "Value": "{n}당신은 손을 들어 최후의 일격을 가했습니다.{/n}"
    },
    {
      "Key": "413357f7-8202-477a-a423-17c3306ae014",
      "Value": "{n}가까스로 그는 일어섭니다. 충혈된 그의 눈이 당신을 머리부터 발끝까지 훑습니다.{/n}"
    },
    {
      "Key": "e16b0773-37f3-4b34-9b5d-9ba670f05826",
      "Value": "\"과거 위대한 족장인 아르막이 여기에 묻혔다. 하지만 그는 다시 태어났다. 그는 다시 돌아와 영혼과 그의 검을 되찾아야 했다. 다시 완전체가 되기 위해서였지. 힘을 되찾기 위해서. 땅을 되찾기 위해서 말이다. 신들에게 다시 도전하기 위해서였지. 그것이 여덟 어미가 아르막에게 한 말이야. 그들은 거짓을 말했다. 모두 거짓말이었어!\""
    },
    {
      "Key": "7fa8a06b-fff9-4d36-95a5-4e5668b8d054",
      "Value": "\"아르막은 검을 뽑아 자신의 영혼에게 말했다. 검은 아르막을 부정했다. 아르막의 분노는 횃불처럼 타올랐다. 숨겨져왔던 분노가 한번에 드러났다! 여덟 어미는 아르막을 키우면서 위대한 목표를 가진 남자가 되라고 했다... 모두 거짓말이었지. 아르막은 아르막이 아니다. 그저 여덟 마녀의 장난감이었어. 하지만 이제는 아니다. 나의 삶은 거짓말로부터 자유롭고 나서야 시작될 것이다!\""
    },
    {
      "Key": "c508eada-3b1b-42b9-a52b-7c3dc0be80c9",
      "Value": "{n}야만인은 피로 물든 검을 보고는 그것을 들어올려 빛에 반사시킵니다. 그의 목소리는 둔하고 거칩니다.{/n} \"과거의 위대한 족장 아르막... 무적의 영웅이자 {g|Numeria}고룸{/g}의 용사... 그는 오직 고룸만을 섬겼지. 자신의 백성이 아니라 고룸만을 위해서. 그가 죽임을 당할 때 그들의 백성은 영광을 얻거나 부나 힘을 얻기 위해 키워지지 않았다. 그는 백성들을 살육자로 키우려고 했지.\""
    },
    {
      "Key": "14283f3d-80f3-4b4b-be9f-506a417f3834",
      "Value": "\"검은 피에 굶주렸다. 그것은 아르막의 부족민들의 피를 맛보았다. 아르막은 위대한 전사다. 하지만 그는 훌륭한 족장은 아니었다. 그는 자신의 백성을 아무 이유 없이 죽게 했다. 아르막은 영웅이 아니다. 그저 동족 살해자일 뿐이다.\""
    },
    {
      "Key": "460b1615-cdd5-4e09-a1d1-b450ccff88f2",
      "Value": "\"여덟 어미는 아르막이 위대한 족장이라고 했다. 그가 영혼을 되찾으면 누구든 이길 수 있었다. 아르막이 무덤만 찾으면 {g|Restov}레스토프{/g}뿐만 아니라 {g|Brevoy}브레보이{/g} 전부를 지배할 수 있다고 그들이 말했다. 무덤만 찾으면... 하지만 아르막이 멍청한 무덤을 찾아야 하다니. 아르막은 전사다! 아르막은 싸워서 이겨야 한다!\""
    },
    {
      "Key": "9063ee4c-3f67-4555-84f5-de380111ff18",
      "Value": "\"아르막은 과거의 아르막이 아니다. 그는 사람들을 함정으로 몰았다. {g|Restov}레스토프{/g}를 차지 할 수 없다는 것을 깨달았을 때는 이미 늦었다. 그 때 여덟 어미가 무덤을 찾아야 한다고 말했다. 아르막은 더 강해지기 위해 백성들을 구하고 영광과 부를 되찾기 위해 무덤으로 갔다! 하지만 그가 찾은 것은 죽음 뿐이었다. 과거의 아르막이나 지금의 아르막 모두 죽음만을 찾을 뿐이다.\""
    },
    {
      "Key": "1923c97d-8733-4753-82ad-34a0756a995c",
      "Value": "{n}야만인은 칼 끝을 가슴에 대고 살짝 누릅니다.{/n} \"아무것도 없다. 이 검은 저주 받았다. 이것은 휘두르는 자를 {d|c41 Tomb Late}조종한다{/d}. 아르막이 자유로워지면 그는 다시 과거처럼 살육할 것이다. 영광이나 부를 위해서가 아니라 살인을 위한 살인을 말이지. 그래서는 안 된다. 아르막은 반드시 무덤에 다시 묻혀야 한다.\""
    },
    {
      "Key": "84fd5e88-b944-42d4-be87-7776125ec5b4",
      "Value": "{n}야만인은 검을 내립니다. 그는 당신을 무시합니다. 그는 방 주위를 둘러보다 부족의 시체에서 시선이 멈춥니다.{/n}"
    },
    {
      "Key": "987eab08-7aa0-4f2c-a470-c54d7448fc84",
      "Value": "{n}아르막은 끄덕이고는 검을 향해 뛰어들었고 바닥에 소리 없이 쓰러집니다.{/n}"
    },
    {
      "Key": "5579f677-ab54-4085-b23a-0ed1142b5858",
      "Value": "\"물어라. 대답해 줄 것이니.\""
    },
    {
      "Key": "f1d5c613-d192-49d0-9a49-7a823d527743",
      "Value": "\"아르막의 목숨을 쥐고 있어도 목숨을 뺏지 않았다. 잊을 수가 없구나! 나와 의형제가 되지 않겠나?\" {n}아르막은 오빈르베인의 날로 자신의 손바닥을 베었고, 피가 흐르는 손을 당신에게 내밀었습니다.{/n}"
    },
    {
      "Key": "c77f9d0c-715e-41ab-84d2-e149a3cafb6b",
      "Value": "{n}야만인은 손을 내립니다.{/n} \"친구여. 다시 만나세. 아르막은 잊지 않겠네.\""
    },
    {
      "Key": "11044955-cd0c-4745-8dec-460e7ec819a9",
      "Value": "{n}당신은 고대의 검날에 손바닥을 그은 뒤, 아르막과 악수합니다. 처음으로 그는 당신과 눈을 마주칩니다.{/n} \"형제{mf||자매}여.\""
    },
    {
      "Key": "7c0c2db2-2a35-4312-a4ff-cccbb336dc94",
      "Value": "{n}아르막은 오빈르베인을 집어넣고 무덤을 떠났습니다.{/n}"
    },
    {
      "Key": "60d6211f-158a-42d3-99a6-1f268ef7d39a",
      "Value": "\"여덟 어미는 아르막을 길러주고 가르쳤다. 태어날 때부터 아르막은 가족이나 부족이 없다는 것을 알았다. 그들이 아르막에게 위대한 과거와 앞으로 있을 위대한 미래에 대해 말해주었고... 그것은 모두 거짓이었다. 아르막은 그저 훈련된 개에 불과할 뿐이었어! 그들이 시키면 나는 으르렁 거리고 적들을 조각내는 것이었지... 왜 싸워야 하는지 무엇을 위해 싸워야 하는지 몰랐던 것이야!\""
    },
    {
      "Key": "57fa3cce-a1ec-4026-b64a-8b707c2f8321",
      "Value": "\"하나 더... 한 때 아르막은 그들이 다른 자매에 관해 이야기하는 것을 들었다. 그들이 섬기던 여자라더군. 아르막이 물어봤을 때, 다른 자매는 존재하지 않으니 아르막이 잘못 들었을 거라고 거짓말했지. 그들이 거짓말을 한다는 것을 알았어야 했다. 한 번 거짓말 한 자는 두 번 다시 믿을 수 없다!\""
    },
    {
      "Key": "e6266336-c889-409b-831c-8c65ce1a2fc1",
      "Value": "\"아무리 잔인하다고 해도 적에게 관대해야 해. 그의 고통을 멈추어줘.\""
    },
    {
      "Key": "b240c5b9-03ee-48f1-b66e-f0f741548477",
      "Value": "\"그게 전부군요.\" {n}발레리는 한숨을 쉬고 몸에 힘을 풉니다.{/n}"
    },
    {
      "Key": "a7138153-d181-42de-8dc4-4f330376e6c8",
      "Value": "{n}{g|Tiger Lords}호랑이 군주{/g}의 족장은 소리 없이 자신의 부족들 옆에 쓰러졌습니다.{/n}"
    },
    {
      "Key": "b789ab6b-0b9b-4537-b831-bcf1430e2afd",
      "Value": "\"우리는 항상 죽음을 추구했다. 예측된 성공조차 죽음을 위한 또 다른 단계에 불과했지.\""
    },
    {
      "Key": "60f93076-3ca4-4b83-ae68-de4e0d091aef",
      "Value": "\"너무나 많은 피가 헛되이 흘려졌지만 이 자의 자백은 내 머릿속에 아직 남아있어. 가족이라고 생각했던 자들이 배신을 하다니 씁쓸하군.\""
    },
    {
      "Key": "2a13d7d9-d642-4733-b63c-3cd1a9c8681d",
      "Value": "{n}아미리는 침을 뱉습니다.{/n} \"그의 말이 사실이라면 이 고대의 아르막은 그저 쓰레기에 불과해. 그저 죽음만을 숭배하는 멍청이였군!\""
    },
    {
      "Key": "7bdcf790-2f35-4ed4-aae5-541e176ed847",
      "Value": "\"오, 눈물이 날 것 같아! 정말 감상적이야! 이토록 아름답게 끝나는 이야기라니, 어서 적어야겠어!\""
    },
    {
      "Key": "0c373463-03ca-43f3-9f33-1beced1a04b1",
      "Value": "\"적을 친구로 만들고 희망을 주다니... {g|Sarenrae}서렌레이{/g}께서도 당신의 선행을 보고 미소 지으실 겁니다, {name}.\""
    },
    {
      "Key": "9adfffb7-499a-4384-9e8d-4f9377723bd8",
      "Value": "\"나이리사와 그녀의 종들은 거짓말쟁이였습니다. 그리고 저도 그 거짓말에 도움을 주었죠...\" {n}트리스티안의 목소리는 씁쓸하게 들렸습니다.{/n}"
    },
    {
      "Key": "663667ef-221f-464e-92ec-c33932b42811",
      "Value": "\"아르막의 무덤이 두번째 시체를 받을 거야. 엄청난 분노였어. 그들은 분노에 사로잡혔지만 이제 모두 평화롭게 먼지가 되었군.\""
    }
  ]
}