{
  "$id": "1",
  "strings": [
    {
      "Key": "71eec304-67c9-43fc-8df7-be022172352e",
      "Value": "\"그래. 이 악몽을 곧 끝낼 거야.\""
    },
    {
      "Key": "8145ecec-ffd2-406f-a903-e349093129fa",
      "Value": "\"중요한 건 그가 죽을 준비가 되었느냐야. 그가 처할 운명이기 때문이지.\""
    },
    {
      "Key": "74ed6385-6ad0-4862-b5d9-70c1ca8c57e0",
      "Value": "\"여기서 꺼져.\""
    },
    {
      "Key": "31916997-cad1-42d9-b88b-86bb578e80e4",
      "Value": "\"주빌로스트.\""
    },
    {
      "Key": "fc6cf3e1-c815-4d56-b2e2-629b6729c0e1",
      "Value": "\"옥타비아.\""
    },
    {
      "Key": "cbef67bb-2671-4b35-9af2-1e5a80f5bf80",
      "Value": "\"레곤가르.\""
    },
    {
      "Key": "902ba4c9-e59f-4431-8718-5fc550236429",
      "Value": "\"에쿤다요.\""
    },
    {
      "Key": "c4891142-700c-4772-91fb-5eb41af388d3",
      "Value": "\"발레리.\""
    },
    {
      "Key": "7cab5902-e3c8-43ad-92b9-87e180040653",
      "Value": "\"제이탈.\""
    },
    {
      "Key": "0cbaf777-2c2f-49e3-bf44-c18da091b89d",
      "Value": "\"Nok-Nok. 쉽군.\""
    },
    {
      "Key": "8f954341-e76e-4177-9c9c-a85110aab1a9",
      "Value": "\"하림.\""
    },
    {
      "Key": "b2e611e9-8dc7-4e12-a8ac-f67e3edadc89",
      "Value": "\"아미리.\""
    },
    {
      "Key": "fc52be26-e35d-45ae-98e0-7c90999c75d9",
      "Value": "\"트리스티안.\""
    },
    {
      "Key": "7e846077-5a35-4826-9878-2c90ef514837",
      "Value": "\"린지.\""
    },
    {
      "Key": "099aba48-fa29-483d-b95f-d43597ac3034",
      "Value": "\"카에시.\""
    },
    {
      "Key": "d9bf5695-5893-477a-8fec-ad7a68940db3",
      "Value": "\"준비해라. {race}. 왕좌의 방이 가까이에 있다. 보라카이님을 맞을 준비가 되었느냐? 주인님의 은총을 받을 준비가 되었느냐?\""
    },
    {
      "Key": "d2afb610-9d7e-46e6-b76f-12768a347f44",
      "Value": "\"주인님이 기다린다. 하지만 들어가기 전에...\" {n}까마귀는 당신 동료들을 훑어봅니다.{/n} \"보다카이님은 약자나 자비를 구걸하는 자를 싫어하지. 하지만 그들이 선지자로서 쓸만할 수도 있다.\" {n}까마귀는 비웃듯 까악거립니다.{/n} \"너희 중 가장 약한 자는 누구지? 쫓아버려야 할 녀석은 누군지 골라라. 겁에 질려 여기서 도망가 보다카이님의 두려움을 퍼뜨릴 녀석이 누구지? 주인님은 그들을 잠시는 살려줄지도 모른다.\""
    },
    {
      "Key": "dcb23c31-7a02-46d1-8362-969764c986d2",
      "Value": "{n}이상하게 말이 없던 녹 녹은 까마귀를 보자 욕망이 찬 표정을 짓습니다. 그리고는 말합니다.{/n} \"보다카이가 위대하다고? 녹 녹이 그 녀석을 부하로 삼아 더 위대하게 해주지. 배움의 대가는 싸다.\" {n}그는 까마귀를 보더니 입술을 핥습니다.{/n} \"까마귀면 된다.\""
    },
    {
      "Key": "10a2a88f-1406-4af5-a6e3-1b02ec15368a",
      "Value": "\"뭐? 무슨 말을 하는 거야. 까마귀 주제에? 나는 아미리다. 너를 무덤 속으로 다시 던져주지.\""
    },
    {
      "Key": "76f89096-eba4-4b57-b547-8a81a06f45c7",
      "Value": "\"그러니까 보다카이가... 자신의 이야기를 퍼뜨리고 싶다고?\" {n}린지는 고개를 절래절래 흔듭니다.{/n} \"안 돼. 나는 {name}의 연대기 작가야. 보다카이의 연대기 작가가 아니야. 네 주인이 뭐라 하든 내가 쓴 연대기에 그의 업적은 넣어주지 않을 거야.\" {n}린지의 얼굴은 찡그려지지만 곧 누그러집니다.{/n} \"하지만 이름의 스펠링이 무엇이지? 정확하게는 써야지.\""
    },
    {
      "Key": "766f2a24-377b-428f-9aa7-a562495564de",
      "Value": "\"나는 {name}의 여행을 함께 하겠다고 말했고 끝까지 함께할 것이다. 나는 트리스티안이고 네 주인에게 알려라...\" {n}트리스티안의 목소리가 단호해집니다.{/n} \"{g|Sarenrae}서렌레이{/g}의 빛이 이 무덤의 어둠을 끝낼 것이다.\""
    },
    {
      "Key": "df51edfe-44a7-43d2-8490-5aabfd34a2e4",
      "Value": "\"{mf|남작|여남작}의 죽음이 가까워졌다면, 나, 하림의 의무는 {mf|그|그녀}와 함께 하는 것이지. 그 영광은 정당하게 나의 것이라네.\""
    },
    {
      "Key": "b43337ea-3696-4f8d-bb3f-363f3ad0b15e",
      "Value": "{n}까마귀는 아무 반응이 없습니다. 그것은 당신을 보더니 까악거리고는 어둠 속으로 날아갑니다.{/n}"
    }
  ]
}