{
  "$id": "1",
  "strings": [
    {
      "Key": "f9f609f4-25a8-46bf-a97e-5f6e693dc4b0",
      "Value": "\"넌 참 지루한 사람이구나. 그건 사는 게 아니라, 그냥 있는 거야. 길가의 조약돌과 다를 바 없지. 지금도 그래. 나를 봐. 너보다 생기가 넘치지. 매 순간 내 존재를 즐기니까!\""
    },
    {
      "Key": "366ed6da-ba0a-4d77-96ab-777c6e8cb70c",
      "Value": "\"세상은 불공평하군. 너 같은 사람은 존재하는 매 순간이 고통이어야 하는데.\""
    }
  ]
}