{
  "$id": "1",
  "strings": [
    {
      "Key": "79992749-b4c7-4bda-b7d0-5f4dae662656",
      "Value": "\"네 가족을 죽인 자의 피를 가져왔다.\""
    },
    {
      "Key": "7c6f42a7-51a1-44dc-9409-fc2b76ed3c71",
      "Value": "\"너가 필요로 하는 금속을 가져왔어.\""
    },
    {
      "Key": "1f773ac2-2ecb-4980-9575-04b19468af1e",
      "Value": "\"무슨 유물이었지? 내가 그것을 고쳐 줄까?\""
    },
    {
      "Key": "92cf657f-bfd9-49a0-bd3a-4bddecca900d",
      "Value": "\"가족을 살인한 사람에 대해 거짓말했군. 그건 인퀴지터였어.\""
    },
    {
      "Key": "8fa75e76-ca4f-4d1e-8d9f-b3cbd05289fe",
      "Value": "\"너에 대해 말해줘.\""
    },
    {
      "Key": "6b01f710-0e8a-4a36-9be0-f8367d66de06",
      "Value": "\"너는 어디에서 왔지?\""
    },
    {
      "Key": "944730eb-0584-4142-bcda-75e623054b78",
      "Value": "\"네 망치를 고치기 위해 뭐가 필요한지 다시 말해줘.\""
    },
    {
      "Key": "57adbc16-dd9f-438d-84c4-eaaa85986dee",
      "Value": "\"너희 가족이 어떻게 죽었다고?\""
    },
    {
      "Key": "e45b8a88-59d8-4170-8130-0c5efabe5d7f",
      "Value": "\"네 재주에 대해 말해봐.\""
    },
    {
      "Key": "0b0963d7-9425-4e22-99e4-beef20e67550",
      "Value": "\"너의 책무를 계속해.\""
    },
    {
      "Key": "ffa0dc09-4177-4d0d-bf4e-599d84a80e2b",
      "Value": "[공격] \"거짓말하면 벌을 받는다!\""
    },
    {
      "Key": "a650c7fe-ce27-4a81-8c39-befea253932e",
      "Value": "\"다음에 얘기하지. 가 봐.\""
    },
    {
      "Key": "dcddb0d1-08e1-4e4c-b76d-26cddba84031",
      "Value": "\"이 대화는 다음에 하지.\""
    },
    {
      "Key": "d8ec7628-e859-4e16-a5d2-74548999db8d",
      "Value": "\"네가 원하는 피를 어디서 얻을 수 있는지 말해줘.\""
    },
    {
      "Key": "22015037-965b-4fb6-814e-fde01870afb5",
      "Value": "\"걱정 마. 그 여자는 죽어 마땅해. 너는 옳은 일을 했어.\""
    },
    {
      "Key": "558dcffb-52a5-4ef6-9e0e-35f66b6322d3",
      "Value": "\"너는 도둑에 살인자지만 가족의 복수는 할 수 있지.\""
    },
    {
      "Key": "f1d718f6-8aaa-4214-ba5b-e47c9f22c59d",
      "Value": "\"{mf|영주님|영주님|전하|전하}! 늙은 {d|Varrask}바라스크{/d}가 무얼 하는지 보기로 했어? 나는 여기를 멋지게 꾸며놓았어! 나는 돈을 받고 갑옷과 무기를 고쳐주지. 이 땅의 전사들은 약해서 도끼도 들지 못해도 말이야. 약골들이야...\""
    },
    {
      "Key": "906fcb2b-b5ea-48b4-9131-0399ccbeb840",
      "Value": "\"안녕. 어떻게 도와줄까? 손도끼나 투구를 찾으러 왔어?\""
    },
    {
      "Key": "50b8e418-f5ea-4c27-8d81-cf4419dbb6cb",
      "Value": "\"내가 무슨 말을 할 수 있겠어? 모르겠군... 무얼 알고 싶은지 말해봐.\""
    },
    {
      "Key": "2ae07a69-e288-4696-ade7-51486f0976ed",
      "Value": "{n}노인은 걱정스러운 눈길로 당신을 봅니다.{/n} \"그래... 맞아. 우리 가족은 죄를 저질렀지. 내가 도둑놈이라 복수를 하면 안 되는건가?\" {n}바라스크는 입술을 핥습니다.{/n} \"어떻게 생각해?\""
    },
    {
      "Key": "7e5f5ade-3227-4baa-b858-3d7776073293",
      "Value": "{n}노인은 기뻐서 무릎을 칩니다.{/n} \"그렇지! 우리 가족의 복수를 해야지! 하하! 그녀의 피를 어서 맛보고 싶군! 하지만 그럴 수는 없지. 피를 전부 지진 망치(Earthbreaker)에 담을 거야.\""
    },
    {
      "Key": "150a013b-a11a-4618-97a2-316808567a40",
      "Value": "{n}바라스크는 자신감이 넘칩니다.{/n} \"말살이라고 불리는 망치야. 양손 무기일세. 이것에 맞으면 흔적도 남지 않게 되지. 내가 들 수 없을 때 아들에게 주었어. 아들은 이것을 절단기라고 불렀지. 머리부분에 부리같은 쐐기 가 있는데, 이누브릭스라는 천상의 금속으로 만든 것이야. 쇠를 버터처럼 가를 수 있어.\""
    },
    {
      "Key": "1ba67f92-816c-45a0-9c9e-b3b2ab76926e",
      "Value": "\"이누브릭스. 천상의 금속이야. 아주 귀하지만 {g|Technic League}기술 연맹{/g} 캠프에 가면 구할 수 있을 거야.\""
    },
    {
      "Key": "ca80cfcf-6375-46d2-832b-d29b7eba9609",
      "Value": "{n}바라스크는 어두워지더니 눈물을 흘립니다.{/n} \"나는 집을 떠났어. 나에게서 무기를 주문한 부족에게 갔지. 집으로 되돌아갔을 때 기습을 당했어. 내 마당에 숨어있더군! 어떻게 살아남았는지 기억도 나지 않아. 하지만 내 아내와 자식들의 시체를 내 두 눈으로 봤어. 아들 넷은 모두 무기를 사용할 수 있었고 세 딸들도 싸우는 법을 알았지.\""
    },
    {
      "Key": "a371cf52-d04a-44f0-b6c1-c56ae5c37e3f",
      "Value": "\"말할 것도 없어. 좋은 전투용 장비는 크고 무겁고 거칠어야 하지. 부서지기 쉬운 재료는 오래가지 않아. 작고 가벼운 것은 부서지기 쉽지. 적의 머리를 부수고도 두 동강 나지 않을 무기가 필요해. 그리고 갑옷은 더 단단해야 해.\""
    },
    {
      "Key": "8769e406-1c23-4ee0-afe3-d4273681794f",
      "Value": "\"나는 {g|Hold of Belkzen}벨크젠{/g}에서 태어났어. 코흘리개였을 때 그곳을 떠나야 했지. 어떤 멍청이들과 싸움이 났었거든... 그 중 한 놈을 때렸지. 그런데 그 녀석은 족장의 아들이었어. 그런데 죽어버렸지. 나는 살아남기 위해서 도망쳐야 했어.\""
    },
    {
      "Key": "21cbfa77-6283-4232-a420-b7e937c34eb2",
      "Value": "\"원하는 대로. 우리 노인들은 이야기를 좋아하지. 이리 오게. 하나 해주지.\""
    },
    {
      "Key": "89040717-eb4e-481c-ba5a-faa93a889c9b",
      "Value": "\"완벽해! 이제 재료는 충분해. 하지만 이제 어려운 부분이야. 피가 필요해. 적의 피 말이지. 이 망치의 제작자는 적의 피로 이것을 단련했어. 피가 망치를 강력하고 거칠게 만드는 거야. 망치를 얻고 싶다면 단련을 해야 해.\""
    },
    {
      "Key": "5136625f-e108-4e7f-9c1f-286ff444ba35",
      "Value": "\"숲 밖에 오두막 하나가 있대. 덤라라는 이름의 사냥꾼이 여행자에게 쉼터를 제공하지. 거기 무장한 여성이 머물고 있다고 들었어. 손가락 두 개가 없는 여자를 찾아. 우리가 찾는 사람이니까.\""
    },
    {
      "Key": "53f760ee-5642-4627-a52b-7f20042480e6",
      "Value": "{n}늙은 남자는 안도의 한숨을 쉽니다.{/n} \"고맙군. 이만큼 나이가 들긴 했어도, 오늘이 마지막 날은 아니었으면 하거든.\""
    },
    {
      "Key": "52bc2072-c7a1-4a03-9b08-5eacb4fe360d",
      "Value": "{n}하프오크는 어두운 표정으로 힘없이 말합니다.{/n} \"우리 족장은 강했지. 망치질 한 방으로 오거의 강냉이를 털었어. 족장도, 족장의 아들도 죽고, 망치는 부서졌지만. 그래도 망치는 우리 가족이 열두 세대 동안 보관해오고 있어. 지금은 고물이나 다름없지만, 다시 고치고 싶어도 뭐 방법이 있나. 어떻게 고친다 해도, 이걸 누가 쓰겠어? 죽은 족장이? 아니면 족장의 죽은 아들이?\""
    },
    {
      "Key": "07119f80-bd2d-4b0f-92f4-26a3a33c54d7",
      "Value": "\"괜찮은 망치야. 아마 셀 수 없이 많은 골통을 박살 냈을걸. 내 아들이 죽은 날 부서졌지만. 마법 한 방에 망치 머리에 금이 갔지. 고치는 건 어렵지 않은데 이누브릭스를 구할 데가 없어. 그게 없으면 이 망치는 말뚝 박을 때 쓰는 평범한 망치보다 나을 게 없다고... {g|Technic League}기술 연맹{/g}이라면 모를까, 이누브릭스를 구하긴 힘들 거야. 여행하다가 기술 연맹 캠프가 보이면 한번 찾아 봐.\""
    },
    {
      "Key": "b534a7bc-080d-4b76-a104-4e4251a56fd2",
      "Value": "\"나는 늙었어. 적을 많이 만들었지만, 걔들도 다 늙어 죽었지. 하지만 아직 살아있는 녀석이 있어. 내 가족을 살해한 마녀 말이야. 그 피로 망치를 벼릴 수 있다면 얼마나 좋을까! 나 따윈 그 여자의 상대도 안 되겠지만. 그래도 최근에 한 숲 속 외딴 기지에서 마녀가 목격됐다 하더라고. 손가락 두 개가 없어서 금방 알아볼 수 있을 거야. 데블처럼 생기기도 했고.\""
    },
    {
      "Key": "899349d0-2ba8-4a61-b6bf-1d489e1ed0c6",
      "Value": "\"마녀의 피를 내게 가져와. 그럼 답례로 망치를 복구해주지. 어차피 유산으로 남길 가족도 없으니 괜찮겠지. 가족의 복수를 대신 해주는 자가 부족의 일원이 아니면 뭐겠어.\""
    },
    {
      "Key": "86a5ef63-cdfc-4cfb-b98b-bf053ee4c64a",
      "Value": "\"결국 라스트월에 정착했지. 끔찍한 곳이야. 오크의 피가 한 방울만 섞여도 쓰레기 취급을 당하거든. 하지만 그럴 만 해. 항상 오크의 습격에 시달리는 곳이니까. 어쨌든 나는 라스트월에 정착해서, 사업을 시작하고, 가정을 꾸렸어.\""
    },
    {
      "Key": "4c13015d-bb4a-488e-93f6-71d896ea33b8",
      "Value": "\"놈들이 계속해서 몰려왔어. 바로 죽일 수 있었을 텐데, 우리를 사냥감처럼 풀어두고 불시에 습격할 생각이었던 거지. 그게 나한텐 운으로 작용했어... 추격자를 떨쳐내려다 숲에서 길을 잃었거든. 그래서 살아남았지. 흔한 흙길도 나지 않은 숲 속에서 한참을 헤맸고, 결국엔 이곳에 도착했어. 그 후엔 어떻게 됐는지 알지? 신께서 굽어 살피셨는지, 도적 나부랭이들은 단명했어. 다만 '손가락 없는 마녀'라고 불리는 대장이 아직 살아있고.\""
    },
    {
      "Key": "a111e578-5d42-4e17-a684-fb0a9df70949",
      "Value": "\"대장장이는 자신이 만든 갑옷만큼 단단하고 강해야 하지.\" {n}바라스크는 당신에게 두꺼운 팔뚝을 보여 줍니다.{/n} \"그리고 인내심 필요해. 야만스러운 전사들은 인내심과 거리가 멀어. 그래서 오크들은 장인을 높이 평가하지.\""
    },
    {
      "Key": "d64d34bb-6ec7-4c28-aacf-80a2cc2dc69d",
      "Value": "{n}하프오크는 행복하게 웃습니다.{/n} \"너 같은 자가 내 복수를 맡아주다니 기쁘군.\""
    }
  ]
}