{
  "$id": "1",
  "strings": [
    {
      "Key": "831bb1c0-bbae-4395-9e33-2e7591fa37a7",
      "Value": "\"하림, 다섯 왕의 산맥으로 돌아갈 생각은 해본 적 없어요? 다시 망치를 들고 싶어진다던가, 용광로의 열기를 느끼고 싶다던가 하는 생각 말이에요.\""
    },
    {
      "Key": "afe6dc56-5a1d-4648-a4eb-6198ab573808",
      "Value": "\"옛 상처 좀 건들지 마. 나는 내 길을 찾았고 돌아가지 않을 거야. 그곳 드워프가 나를 보고 싶어 한다고 해도 그곳은 더 이상 내 고향이 아니야.\""
    }
  ]
}