{
  "$id": "1",
  "strings": [
    {
      "Key": "143ec388-6f41-425b-8ad6-ce30cd0eb8cd",
      "Value": "\"용, 그것도 악룡을 믿고? 그는 우리한테 치료를 받자마자 우리를 공격할 거예요!\""
    },
    {
      "Key": "1fecd771-2d6a-4cf9-ae2f-f8e8acc02913",
      "Value": "\"성향이 어떻든 간에 그는 살아있는 생명체고 곤경에 처해 있어요. 그를 돕는게 어려운 일은 아니고, 만약에 우리를 배신한다면 – 뭐, 우리는 배신자들을 어떻게 해야 할지 알죠.\""
    },
    {
      "Key": "eb091948-cb44-431c-82ec-74f2755776d4",
      "Value": "[공격] \"유물은 우리에게도 유용하게 쓰일 거야. 그리고 나는 늘 내 벽에 용의 두개골을 걸어두고 싶었어!\""
    },
    {
      "Key": "6750b8c2-302d-4533-8df5-1ef49747d544",
      "Value": "\"그런 일로 아내가 필요하진 않을 겁니다. 당신이 있으니까요.\""
    },
    {
      "Key": "ad438ca9-005e-4fa2-bd8d-2f5b5493b59b",
      "Value": "\"용은 살아있고, 지각이 있는 생물이죠. 우리가 그것의 목숨을 살려준 게 슬프진 않아요.\""
    },
    {
      "Key": "cb0daa2f-266c-4943-9068-16324588bd2e",
      "Value": "\"남작령에 다른 문제도 많은 이런 때에, 우리 힘을 용이랑 싸우느라 다 써버리는 건 좋은 생각이 아니예요.\""
    },
    {
      "Key": "c1bab1dd-3d75-450c-8d18-4c222e9342f8",
      "Value": "[어깨를 으슥한다] \"당신이 더 잘 알겠죠.\""
    },
    {
      "Key": "abd4b02d-81a8-41da-801f-e551b4e79a74",
      "Value": "\"그래서 미래의 반 부인은 수 년에 걸친 당신의 도피 생활을 견디고, 문제가 있을 때 기댈 수 어깨를 내밀고, 도망가지도 않고, 머리를 물어뜯지도 않으려나? 골라리온 전역에 그런 여자가 있는 게 확실한가요, 나 빼고?\""
    },
    {
      "Key": "d9faddcb-2c7c-4e1a-a7a1-4578e2ebdae1",
      "Value": "{n}용이 거대한 바위마냥 당신의 위에 우뚝 섭니다. 그의 비늘은 하늘과 견줄만큼 파랗고, 목은 당당하게 휘었습니다. 그러나 한쪽 날개는 이상한 각도로 튀어나왔고, 옆구리가 찢어지고 너덜너덜하며 산성 화상으로 뒤덮여 있습니다.{/n} \"오, 손님들. 부디, 가까이 오게. 겁내지 말고. 우린 서로 도울 수 있어.\" {n}용은 주위를 조심스럽게 둘러보면서 또박또박 말을 내뱉습니다.{/n}"
    },
    {
      "Key": "b67d1e0e-9d01-4d9b-b2c4-77fa242be153",
      "Value": "\"안녕하시오, 정중한 용이시여. 도대체 무슨 불운으로 내 영지까지 오셨소?\""
    },
    {
      "Key": "c4c64a35-ccb8-4c28-ba19-86d7a5980c8b",
      "Value": "\"나의 무심함을 이해해다오, 인간. 그러나 나 같은 자에게 너의 '영지'는 그저 한마디 개념일 뿐이지. 나는 하늘을 질주하고, 매 순간 소국의 군주들과 왕의 영지를 가로지르지. 그리고 내 평생 동안에도 너희들의 국경은 200번도 넘어서 추가로 200번은 더 변할 게야.\" {n}용이 크게 콧김을 냅니다. 그가 용이란 점에서 볼 때 폭소하는 것에 가깝습니다.{/n}"
    },
    {
      "Key": "440e049e-4d05-4e01-8f14-321213b749c9",
      "Value": "\"타당하군. 그럼 내 무심함도 참아주시오. 대부분의 군주들은 그들의 지배하에 미상의 용을 원하지 않을 거요. 특히 당신 같은 파란색말이지. 당신네 종족은 그리 친절하다고 알려지진 않았소.\""
    },
    {
      "Key": "dac2e131-f1bf-4410-91a5-5a89ef074373",
      "Value": "\"우리가 평소에 너희를 죽이고 약탈하는 것을 공손히도 말하는군.\" {n}용이 또 한 번 코웃음을 칩니다.{/n} \"네게 기꺼이 자리를 비켜주고 싶지만 그럴 수가 없다. 내 날개에 무슨 일이 일어났는지 보이나? 내 끈기로 산맥은 어찌 넘었지만, 더 이상은 안될 것 같다. 내 상처는... 고통스럽군. 산성이 계속 타오르고 있어. 그리고 마법도 계속 따끔거리게 만드는군. 빌어먹을 일툴리악은 다른 드래곤들을 약탈하고 집어삼키는 걸 멈출 녀석이 아니야! 그래도 난 탈출했고, 그녀가 날 다시 찾기 전에 나을 거야. 내가 필요한 건 상자 안의 한 유물이다. 이 판자 밑에 숨겨져 있지. 내게 이로운 마법 물품을 가져다 주면, 난 너에게 보답하겠다. 그리고 그래, 여기서 멀리 떠나도록 하지.\""
    },
    {
      "Key": "7eca8b8d-bcb1-4d89-9233-6acb45ec011b",
      "Value": "{n}메이가르는 당신과 세팔에게 고개를 돌립니다.{/n} \"어떻게 생각하나?\""
    },
    {
      "Key": "739a54d2-b98f-4e3e-b550-8149ebc7a8f1",
      "Value": "\"나는 변덕스럽게 용과 전투를 한다는 생각이 마음에 들지 않네. 그러나 그에게 귀중한 유물을 건네주는 것도 찬성하지 않네.\""
    },
    {
      "Key": "6cbad26d-a322-42a0-b0d9-1436d0eeb09c",
      "Value": "\"나는 이 생물이 약속을 지킬지에 대해선 따로 의견이 없다네. 하지만 솔직히 말해서, 나는 그를 놓아줄 어떠한 이유도 찾을 수 없고 – 확실히 귀중한 유물을 나눠줄 이유도 없지.\""
    },
    {
      "Key": "e72a5cb0-ccd8-468b-b171-326686b3b2d4",
      "Value": "\"용서하시오, 정중한 드래곤이시여, 하지만 나는 당신을 믿지 않소. 그리고 언젠가 당신이 내 땅을 유린하고 내 백성을 죽이기 위해 돌아오거나 할 수 없다는 것을 알면 밤에 더 잠이 잘 올 것 같군.\""
    },
    {
      "Key": "9a578f47-c148-4245-8285-16bbf7a548b5",
      "Value": "\"관대하게 나가보고 싶군, 장군 말에 귀기울이겠소. 정중하신 드래곤이여, 당신이 필요로 하는 그 유물은 무엇이오?\""
    },
    {
      "Key": "e27f31ab-847a-46b7-aa46-3ea3cb38c343",
      "Value": "\"넌 그걸 갖고 있다, 어리석긴. 너는 매료된 보고에서 그것을 수집했다. 그래, 그걸 나에게 주겠나?\""
    },
    {
      "Key": "0d918bb7-4831-4350-a348-048a65db77c3",
      "Value": "\"여기다, 이 나무판자 밑에 있지. 보호마법으로 지키고 있지만 반드시 지나갈 방법이 있을 것이다. 여기로 돌아와라. 기다리고 있을테니!\""
    },
    {
      "Key": "ce00cafe-14b0-49f0-b675-cb1f5eac25cc",
      "Value": "\"지옥에나 가시오. 갖고, 날아가버리시오.\""
    },
    {
      "Key": "91e33257-c735-462b-bac3-bc0ff39b6a57",
      "Value": "\"좀 아쉽지 않나? 난 그래. 좀 슬프군 - 용과 싸울 수도 있었지만...그러지 않았지.\""
    },
    {
      "Key": "f6f62dbd-4c20-4456-a88d-640f81593208",
      "Value": "\"이 친구야, 이제 결혼할 때야. 원한다면 매일 저녁 성난 용과 싸울 수 있을걸세.\""
    },
    {
      "Key": "6d219058-fb1c-4052-9f7e-d4e5669c3e7a",
      "Value": "\"찾았군. 느낄 수 있어! 약속했던 것을 내게 다오, 인간.\""
    },
    {
      "Key": "57edb945-97bc-4001-8da1-6356908d9590",
      "Value": "{n}유물이 메이가르의 손에서 사라집니다. 용은 섬광같은 힘에 둘러싸입니다. 당신은 그의 상처가 닫히고, 날개가 곧게 펴지는 것을 봅니다. 완전히 치유된 후, 그는 메이가르에게 잔인하고 교활한 표정을 짓습니다.{/n} \"자, 인간? 기만적인 공격을 예상하는 것 같군, 안 그런가? 그리고 예상뿐만 아니라, 그렇게 나와주길 바라는가. 그러면 너는 훔치지 않고도 불쌍한 상처입은 짐승을 돕왔다는 관대함을 뽐낼 수 있겠지.\" {n}용은 울리는 듯이 꽥꽥거리는 소리를 내지릅니다. 보아하니 웃음이 터져나오는 걸 참으려는 듯 보입니다.{/n}"
    },
    {
      "Key": "64ecdd24-6878-4798-9b51-bc540b3564a0",
      "Value": "{n}메이가르는 당신의 말이나 케팔의 분개해 하는 얼굴 표정을 보고는 웃느라 반쯤 몸을 구부립니다.{/n} \"네 농담이 없이 우리가 어떻게 살까, 장군?\""
    },
    {
      "Key": "1773332f-234c-4df3-95c2-31a52f35cb5d",
      "Value": "\"살아 숨쉬고 생각하는 생물이 덩치는 작은 산만한데다가 힘은 천하장사에 마법까지 부릴줄 아는군. 동정심이란건 이것보단 귀여운 생물을 위해 아껴두게, {name}.\""
    },
    {
      "Key": "96ca3511-9b96-4beb-a579-a202700b9f30",
      "Value": "\"전심으로 동의하네.\""
    },
    {
      "Key": "14762891-d6e8-48a4-80d0-f04eb08ab2be",
      "Value": "\"좋아, 쓸데없는 얘기는 그만하지. 가자!\""
    },
    {
      "Key": "29a3d558-4cc8-4fb9-9576-ee1226a74ce7",
      "Value": "\"너희에게는 다행히도, 난 내 합의를 존중하지. 그러니 나는 지금 떠나겠다. 보상을 받아라. 그럼 안녕히!\""
    },
    {
      "Key": "afd809a1-d5e2-4866-b0b8-48e21ecacc65",
      "Value": "{n}웃음을 끝마치고, 그는 당신을 봅니다.{/n} \"결혼 가능성에 대해서는, 괴물과의 전투가 아닌 충실한 동맹의 모습을 닮았으면 하는 겸허한 바람일세.\""
    },
    {
      "Key": "bcb36dfd-0efe-4861-a193-95f1bb87254a",
      "Value": "\"알겠나? {name}도 자네의 공허한 미사여구에는 지치는구만.\""
    },
    {
      "Key": "625d6404-8db0-40c3-b7ec-2edddb184207",
      "Value": "\"있지! 셰르디야!\" {n}메이가르는 당당하게 웃습니다.{/n} \"하지만, 그녀의 눈에는 내가 오십 초입에도 채 들어가지 않은 건방진 풋내기로 보이겠지. 내가 그녀에게 그나마 기대할 만한 건 그녀가 날 입양해주는 일일 거야. 그것이 오히려 반 남작 부인 역의 후보자 명단을 좁힐까봐 두렵군. 난 말 그대로 선택의 여지가 없어!\""
    }
  ]
}