{
  "$id": "1",
  "strings": [
    {
      "Key": "c340cd61-622e-4d25-9a98-447e3d73e66e",
      "Value": "\"어떻게 된 거지?\""
    },
    {
      "Key": "0d509b30-659d-4486-bbcc-68be1aa0fc1d",
      "Value": "\"계속 가자.\""
    },
    {
      "Key": "ff5076c5-0239-4c71-aad2-3ac577413cb5",
      "Value": "\"좋아. 함께 트롤을 죽여버리자!\""
    },
    {
      "Key": "f192ac96-4214-4ef5-a183-f8be3ac750c8",
      "Value": "\"나는 어떤 약속도 할 수 없다. 우리는 나이리사를 물리쳐야 한다. 그러나 그 이후에 시간과 힘이 있다면...\""
    },
    {
      "Key": "7ca6a9be-75f0-412d-b255-06b9e65dec28",
      "Value": "{n}에쿤은 트롤 소굴 입구 근처에 팽팽한 활시위처럼 긴장하여 서있습니다.{/n} \" {name}. 너의 여행은 길었지만 나는 기다렸고 나의 기다림은 끝났다. \""
    },
    {
      "Key": "5d5f9bf7-c252-4dbc-b79a-7cb7a6ed81c0",
      "Value": "\"기다려. 마녀가 뱉은건 독약이었지만, 역시 진실이기도 하다. 우리는 괴물의 거처에 있다. 우리는 그것을 파괴해야 한다.\""
    },
    {
      "Key": "847a5f3c-4692-4ad9-8d46-93a31777317a",
      "Value": "\"마녀가 내게로 와서 귀에 달콤한 유혹을 했다. 그녀의 말은 내 마음을 아프게 했다. 나는 거의 굴복할 뻔 했다. 그러나 너를 기억하고 기다리기로 결정했다.\""
    },
    {
      "Key": "9c8fcca8-b7af-432e-8bea-1d5f39cd9a26",
      "Value": "\"네 결정처럼 될 것이다. 마녀는 트롤보다 무섭다. 그녀는 곡식처럼 죽음을 뿌린다. 그녀를 물리치는 것이 더 중요하다. 네가 안내하면 나는 따라간다.\""
    },
    {
      "Key": "2b6e1793-fb5e-42dc-998d-d501a7f5625c",
      "Value": "\"나는 너를 따라간다. 언제나처럼.\""
    },
    {
      "Key": "e9ae5784-3a69-4389-858f-8f1d019762fb",
      "Value": "\"사냥할 때가 되면 동물들이 무리짓는다. 무리는 지도자에 의해 이끌린다. 너는 나를 {d|Ekun Hunt}복수{/d}의 길로 인도했고, 여기서 나를 이끌어갈 것이다. \""
    },
    {
      "Key": "78983556-5fec-402f-b919-fbc84d87a741",
      "Value": "\"분노가 이미 나를 잘못된 길로 인도했지만, 너는 그것이 나를 집어 삼키게 {d|Ekun Ritual}두지 않았다.{/d} 내 마음 속 너의 목소리가 마녀의 목소리보다 강했다. 나는 싸움을 위해서가 아니라 소중하고 보호해야 할 것을 위해 싸운다. 그것은 고통을 덜지 못한다. \""
    }
  ]
}