{
  "$id": "1",
  "strings": [
    {
      "Key": "c2c11066-1e1e-498b-9764-3bd9ca938cfe",
      "Value": "\"난 궁금한게, 북부의 바바리안들의 두뇌가 빨리 안 돌아가는건 추위때문일까? 아니면 그들이 어디 남들 모르는 곳에서 근친 상간이라도 벌이는걸까?\""
    },
    {
      "Key": "76d73439-53b1-4437-af15-fd3e02aa777d",
      "Value": "\"나도 궁금하네. 우리 노인데들은 한 구십쯤 되면 침을 흘리기 시작하거든. 그런데 엘프들은 수백년을 살잖아. 얼마나 많은 멍청한 짓거리들을 머릿 속에 담아두고 사는지 말야?\""
    }
  ]
}