{
  "$id": "1",
  "strings": [
    {
      "Key": "55662e37-902a-48c4-b93a-2dd9d73eb543",
      "Value": "\"이 우울한 곳은 내가 갈트의 시골 소녀였을 때를 기억나게 한단 말이지. 졸졸거리는 시냇물에 얼굴을 간지럽히는 풀들과 하늘에 반짝이는 별들이...\""
    },
    {
      "Key": "417c051d-1aa5-49cf-bdf3-4501e9f0d380",
      "Value": "\"잠드는 게 두려울 때 산 중턱에 있다는 상상을 해. 눈으로 덮인 봉우리가 우뚝 솟아있고 소나무가 있지. 그리 멋진 광경은 아니야...\""
    },
    {
      "Key": "3bebf001-b61d-41c5-b19f-4bf790d9d48f",
      "Value": "\"멋지게 들리는데! 언젠가 한번 가 보고 싶어...\""
    },
    {
      "Key": "83701d3a-acc4-4f5d-b538-744c3e7a8fdd",
      "Value": "\"내 고향에 꼭 들러 봐. 세상에 별이 그렇게 많은 곳은 없을 거야... 사람들은 가족처럼 친근해서 집 같은 곳이야!\""
    },
    {
      "Key": "1db135f6-b14d-4fd3-b4f2-c8992900875b",
      "Value": "[눈을 감고 미소를 띈 채 듣고 있습니다]"
    },
    {
      "Key": "41e0c3ea-ba46-4c8f-8ae7-f94a58a32a89",
      "Value": "\"그래. 하하하. 상상력이 좋구나.\""
    }
  ]
}