{
  "$id": "1",
  "strings": [
    {
      "Key": "f4f0ccfb-c394-427c-8f79-79fa1e7c38f4",
      "Value": "\"옥타비아, 무슨 짓을 하는 겁니까?!\""
    },
    {
      "Key": "e83a962d-c500-4382-b4cb-59dd80afdd3b",
      "Value": "[밀어낸다] \"옥타비아, 그만하십시오. 난 우리 우정을 소중히 여깁니다. 그걸 망치지는 맙시다.\""
    },
    {
      "Key": "9475be9c-30c9-4ce0-ae76-9c9aa3d6043f",
      "Value": "[보답으로그녀를 붙잡고 가슴을 움켜쥡니다.]"
    },
    {
      "Key": "7da843d3-d8c1-40f5-a2b2-87ed768527b2",
      "Value": "\"난 옥타비아와 혼자서 밤을 지내고 싶군요.\""
    },
    {
      "Key": "2ba41fbc-d10b-4de6-9bb0-be0d60420bb4",
      "Value": "[옥타비아와 떠난다]"
    },
    {
      "Key": "bde02e13-b7bb-41ff-8f99-1b7cd979d75c",
      "Value": "\"옥타비아, 이 무슨.. 사람들이 보고 있지 않습니까..\""
    },
    {
      "Key": "fc41691d-4c38-4616-ba96-6b0d0353969f",
      "Value": "{n}최근의 모험에서 돌아와, 당신과, 옥타비아, 그리고 레곤가르는 쉬기 위해 선술집에 들어갑니다.{/n}"
    },
    {
      "Key": "b86e66cb-f539-4a8b-b108-254e6989dbde",
      "Value": "\"...그 멍청이는 그 놈이 제일 기발하다고 생각한 자리에 락픽을 숨겼지: 번개 주문이 걸려있는 철조망 넘어 벽 위에다 말이야! 어쩔 수 없이 튀겨지지 않으려고 내 바지를 손에 감쌌지 - 그것밖에 없었거든! 난 통 위로 올라가 벽 위를 뒤지면서, {g|Calistria}칼리스트리아{/g}에게 제발 경비병에 나타나지 않게 해달라고 빌었어. 어떻게 보일지 상상해봐 - 바지를 벗고 통 위에서 재주를 부리는 꼴이라니!\""
    },
    {
      "Key": "e3fd75f1-d43d-477e-bdca-e0efe2530f61",
      "Value": "{n}옥타비아는 신나게 웃습니다.{/n} \"오, 레그 네가 그 얘기를 할 때마다 어찌나 웃긴지. 하지만 그 때 우리 거의 죽을 뻔했잖아!\""
    },
    {
      "Key": "950dcb36-693b-4c12-a896-ad4896256233",
      "Value": "\"하지만 안그랬지! 우린 살아남아 여기 있잖아. - 지금 와서 웃지 말아야 할 이유가 뭐있겠어, 허?\""
    },
    {
      "Key": "b24d7675-9be9-44c3-9e0b-46a3e0ec41d3",
      "Value": "\"하하하, 맞아! 넌 정말 사랑스러워! 너희.. 둘다 모두!\" {n}옥타비아는 당신들 둘 다 안아줍니다. 당신은 그녀의 손이 천천히 당신의 어깨에서 가슴까지 쓸어내려 가는 것을 느낍니다.{/n}"
    },
    {
      "Key": "081f998f-757e-402b-973e-820b89383543",
      "Value": "\"하 하 흠! 점점 뜨거워지는구만! 우리 방을 잡는게 좋겠어...\""
    },
    {
      "Key": "d160f5c1-cae9-4240-9af6-b93d9d1da318",
      "Value": "{n}하프 엘프는 손을 치웁니다.{/n} \"뭐라고요? 난 아무짓도 안했는데요! 그래서, 레그, 다음에 무슨 일이 있었지?\""
    },
    {
      "Key": "b2b9deb9-1a2e-45c7-a8db-58128bfe33fa",
      "Value": "\"너는 뭐할꺼야? 레그? 다 같이 가자!\""
    },
    {
      "Key": "50da914c-f144-4739-8fad-2bf1d9992bf5",
      "Value": "\"좋아! {Name}, 어떻게 생각해?\""
    },
    {
      "Key": "3432b1f9-8754-4c23-a722-50d5400811a0",
      "Value": "\"아니, 아니, 너희 두명은 나없이 즐기라고! 난 오늘 맥주통과 데이트를 즐기고 있어서 말이야, 이제 막 시작했다구!\""
    },
    {
      "Key": "83cfee03-6abb-4a27-b388-8da2c5eac2b1",
      "Value": "{n}옥타비아는 실망에 차서 얼굴을 찌푸립니다, 하지만 곧 당신에게 미소를 보입니다.{/n} \"좋아요, 좋을 대로 하세요! 그래서, 레그, 나머지도 다 말해봐!\""
    },
    {
      "Key": "19a5b300-956f-4255-a83b-5981f95352d2",
      "Value": "{n}하프-오크는 한모금 마십니다.{/n} \"그래, 어디까지 했더라? 아, 맞아! 난 통 위에 서서, 바지를 벗고, 그 망할 락픽을 찾느라 벽 위를 뒤지고 있었지. 그 다음에 난 통이 썩었다는 걸 깨달았어-내 발밑부터 쪼개지기 시작했거든...\""
    },
    {
      "Key": "0bf3256c-81b9-4d39-bce0-499c83337692",
      "Value": "\"하하! 즐기시라고!\""
    },
    {
      "Key": "e539176a-a7e5-4171-b132-76d597f90787",
      "Value": "\"하 하 흠... 맞는 말입니다! 갑시다!\""
    },
    {
      "Key": "f2d24448-12cc-4ad8-9685-89f4bc20ec98",
      "Value": "\"네가 원한다면...\" {n}옥타비아는 당신을 껴앉고 문쪽으로 당신을 부드럽게, 하지만 고집스레 밉니다.{/n}"
    },
    {
      "Key": "ed4b3623-82c3-46c6-b799-9611f2db1c29",
      "Value": "\"그래서요? 보라고 하죠 뭐.\" {n}옥타비아는 당신에게 다가가더니, 손으로 당신의 허벅지를 쓸고 내려갑니다.{/n}"
    }
  ]
}