{
  "$id": "1",
  "strings": [
    {
      "Key": "e9263e7d-9f37-4b22-8d0c-1d15705d029f",
      "Value": "\"무슨 연유로 넥스에서 도둑맞은 땅으로 왔지?\""
    },
    {
      "Key": "3ee3f7a3-6eb5-4e05-a307-28d144d4eb42",
      "Value": "\"두려워하지 마라. 그저 여기 왜 왔는지만 말하도록.\""
    },
    {
      "Key": "f62526c0-2e27-4139-98d1-40decdc21728",
      "Value": "\"너에게 시간을 더 낭비하지는 않겠다. 경비, 그를 끌고가라!\""
    },
    {
      "Key": "9a41fbf7-3431-4647-a60e-13370162f353",
      "Value": "\"이 볼트를 만들면 나는 무엇을 얻을 수 있지?\""
    },
    {
      "Key": "565b488a-5389-4418-b8e9-a71a5776d0f0",
      "Value": "\"허락한다. 형제들에게 내가 도움이 필요하다고 알리도록.\""
    },
    {
      "Key": "ca5e185d-cf6e-4a6d-a0dd-563ebaeff660",
      "Value": "\"내 머릿속의 검은 지식은 나와 함께 영면에 빠질 것이다. 네 청사진을 챙겨서 집으로 돌아가도록.\""
    },
    {
      "Key": "f37cd06a-0d4a-4f47-a3b2-f4a27cdae498",
      "Value": "\"왜 내가 도움이 필요하다고 생각하지?\""
    },
    {
      "Key": "a2069ddb-f702-42e8-b483-efcd50f7afb1",
      "Value": "{n}이 검은 피부의 약삭빠른 하플링은 {g|Stolen Lands}도둑맞은 땅{/g}에서 당신이 만나본 친척들과는 상당히 다릅니다. 그는 주위를 계속 둘러보고 있습니다, 그의 발밑 조차 예외는 아닙니다. 그리고 무슨 일이라도 날 것처럼 손바닥을 계속 비비고 있습니다.{/n}"
    },
    {
      "Key": "3657c0bb-c071-402b-9ed3-bfc838d1f8ab",
      "Value": "{n}하플링이 용기를 내어 당신을 쳐다봅니다. 그리고 당신은 그의 눈빛에서 감미로운 찬사를 느낍니다.{/n} \"{mf|찬란한 영주님|찬란한 영주님|찬란한 전하|찬란한 전하}, 지...직접 뵙게 되어 영광입니다!\""
    },
    {
      "Key": "eaeff5d9-af3e-4809-9b2f-cc46a3246b5c",
      "Value": "\"저는 먼 넥스의 수도인 콴티움에서 막 도착했습니다. 넥스에 대해서 분명 들어보셨겠죠... 아, 하지만 당신 또한 넥스인이 눈에 넣어도 안 아플 것처럼 저장하는... 소중히 여기는 장소에 대해 모든 것을 알고 계실겁니다...\" {n}하플링이 혼란에 빠졌고, 그의 입술을 초조하게 핥습니다.{/n} \"용서해주십시오... 제대로 말을 할 수가 없습니다. {mf|영주님|영주님|전하|전하}앞의 저는 가련한 벌레여서 저를 바라보는 시선마저 받을 자격이 없습니다!\""
    },
    {
      "Key": "b2488bce-2902-489f-857d-1b8de228ca18",
      "Value": "\"위대함과 힘을 찾고있는 마법사들과 현자들의 작은 집단의 전령으로서 여기 왔습니다. 저희 후원자는 최후의 주문의 지배자, 위대한 데몬 군주 아브라삭스십니다. 수년간 우리는 콴티움의 비밀 도서관에 가장 많은 잊혀진 책들과 고대 지식의 원천이 저장되있다고 믿어왔습니다... 그러다가 이름 지어진 자의 소식을 접한겁니다..\""
    },
    {
      "Key": "c771d0c3-716f-4feb-9eae-64b7412254fd",
      "Value": "{n}하플링이 숨을 깊게 고릅니다.{/n} \"위대하신 것 뿐만 아니라 자비롭기까지 하시군요, {mf|찬란한 영주님|찬란한 영주님|찬란한 전하|찬란한 전하}. {mf|영주님|영주님|전하|전하}의 종복들은 행운아입니다!\""
    },
    {
      "Key": "52fb9322-c6a0-4197-b640-dfaf52d5789b",
      "Value": "{n}하플링이 무릎을 꿇고 당신에게 절을 합니다. {/n} \"잠시만 시간을 주실 것을 간청드립니다! 신앙의 벗들이 맡긴 이 신성한 의무를 수행할 기회를 불쌍한 영혼에게 주십시요!\""
    },
    {
      "Key": "29d0d056-f870-4990-baf6-7eeacb2e5170",
      "Value": "\"아브라삭스의 전령들이 먼 땅의 통치자가 최후의 주문의 지배자께서 직접 지명한 지식의 관리자가 되었다고 전해왔습니다. {mf|영주님|영주님|전하|전하}의 정신이 그릇이 되었다는 것을 알고 있습니다만, 그 그릇에 담긴 것을 이해하는 것은 해독자를 필요로 합니다... 아브라삭스의 의지도 마찬가집니다...\""
    },
    {
      "Key": "d5a3ee9b-d05e-49a9-8167-9320fa8785fd",
      "Value": "\"{mf|영주님|영주님|전하|전하}께 제안을 하려고 보내졌습니다.\" {n}하플링이 가죽 두루마리를 꺼냅니다.{/n} \"이건 볼트의 청사진입니다. 콴티움의 도서관하고 유사하지요. 이 볼트는 잊혀진 자를 탐구하기 위해서 고안된 특수 시설입니다... 그리고 우리의 미천한 정신으로 이해할수 없는 징조와 상징들을 해독할 수 있는 자들을 소환하도록 고안되었죠. 아브라삭스의 하수인들은 잔혹하지만, 그들은 약한 영혼과 정신이 닿지 못하는 곳에 문을 엽니다.\""
    },
    {
      "Key": "2b7db5c2-af22-431b-9184-042019d7decc",
      "Value": "\"우리는... 이겁니다. {mf|영주님|영주님|전하|전하}께선 아브라삭스께서 주신 선물의 정수를 이해하실수 있게 될 겁니다. 데몬 군주께서 당신을 택한 이유는: 당신의 존재 자체가 아브라삭스님과 유사하기 때문입니다. 남은 일은 그의 지식을 뽑아내는 것 뿐입니다... 구절 하나하나, 형상 하나하나... 그리고 필멸자에게 오랫동안 감춰져왔던 지식을 이해하는 겁니다! 어떤 힘이 당신을 기다릴지 상상해 보십시요!\""
    },
    {
      "Key": "841e487a-b6b0-44da-a509-cfb6a89d0047",
      "Value": "\"오, 확언드립니다, {mf|찬란한 영주님|찬란한 영주님|찬란한 전하|찬란한 전하}! 우리 일원 모두가 이름 지어진 자의 문제를 해결하는 것을 고귀한 영광으로 여기고 있습니다! {mf|영주님|영주님|전하|전하}의 보좌관에게 이 청사진을 주고 곧바로 콴티움에 이 기쁜 소식을 전하러 가겠습니다..\""
    },
    {
      "Key": "0a3eb903-4d79-480f-9b61-d8fd9306cc6e",
      "Value": "\"하지만 어째서... 어째서?! {mf|영주님|영주님|전하|전하}께서 거절하시면, 누구도... 그 누구도 이 고대의 비밀을 풀어헤칠수 없습니다!\" {n}하플링은 거의 울부짖고있습니다.{/n} \"수많은 노력을 좌절시키실겁니다... 그 많던 죽음이, 모두 허사로 돌아갈겁니다!\""
    },
    {
      "Key": "2bba0e4b-67e0-4303-b9a8-7a2388551339",
      "Value": "\"{mf|영주님|영주님|전하|전하}의 땅을 떠나겠습니다... 하지만 청사진은 남기겠습니다. 언젠가, 지식의 대한 목마름이 {mf|영주님|영주님|전하|전하}을 다시 사로잡을지도 모릅니다. 아브라삭스님의 신비를 품고 있는 그릇이 되기로 처음 동의했을때 {mf|영주님|영주님|전하|전하}이 그러셨던 것처럼 말입니다. 그 날이 가능한 빨리 오기를 기도하겠습니다. 그리고 당신의 부름에 가장 먼저 달려오겠습니다!\" {n}하플링이 깊게 조아립니다. 그리고 몇 발자국 물러섭니다.{/n}"
    },
    {
      "Key": "62fc004e-045e-44e6-9780-8a07f0b68009",
      "Value": "\"볼트가 완공되고 데몬 소환이 준비되는 순간을 고대하고 있겠습니다. {mf|영주님|영주님|전하|전하}의 머리속 신비를 풀어내기 위해, 저희가 가진 모든 힘을 쏟아 붓겠습니다. \" {n}하플링이 깊게 조아립니다. 그리고 몇 발자국 물러섭니다.{/n}"
    },
    {
      "Key": "f5b044bc-9ac2-4df0-9aaf-c22cd0fd16a0",
      "Value": "\"무례하게 굴려고 했던 것은 아닙니다, {mf|찬란한 영주님|찬란한 영주님|찬란한 전하|찬란한 전하}... 하지만 아브라삭스님의 지식에 담긴 정수를 이해하기 위한 작업은 빡빡한 수년이 걸릴겁니다. 자연스러운 일 입니다. 그리고 여기서 수년은 종이위의 지식을 의미하는 겁니다. 누군가의 머리속에 감춰진 지식이 아니라요!\""
    },
    {
      "Key": "e044799c-6cfe-4bae-9bd8-55e2a084edd5",
      "Value": "\"{mf|영주님|영주님|전하|전하}께선 최후의 주문의 지배자께 받은 선물을 완전하게 사용하지 못하실겁니다. 잊혀진 지식 그 자체를 당신께서 이해하기 전까지는 말입니다. {mf|영주님|영주님|전하|전하}께서는 저희로부터 큰 이익을 얻으실수 있습니다. 저희는 삶을 마법 과학의 비밀에 바쳤기 때문이지요. {mf|영주님|영주님|전하|전하}께서는 아브라삭스님의 하수인들도 필요로 하실겁니다. 희생을 대가로 감춰진 베일을 걷어 낼수 있는 능력의 데몬들 말입니다. 그리고 당신께 주어진 힘을 모두 받아들이는 데는 많은 시간이 걸릴겁니다. {mf|영주님|영주님|전하|전하}께서는 아직 그 힘의 정점과는 거리가 있습니다.\""
    }
  ]
}