{
  "$id": "1",
  "strings": [
    {
      "Key": "5344fc9d-78b2-4a7c-b65e-49d8fdc26fa3",
      "Value": "...마법을 탐지한다."
    },
    {
      "Key": "ed8c98ec-774b-4911-b512-2542f2d299bf",
      "Value": "... 케팔에게 빛의 본질에 대해 묻는다."
    },
    {
      "Key": "8f1c7606-15d8-4f8f-a3fe-6297a5296c3a",
      "Value": "… 용감하게 문가로 다가간다."
    },
    {
      "Key": "1a84b493-8c2e-49d8-9575-55dbfd2ed7d6",
      "Value": "… 멀리서 조심스럽게 출입구를 들여다본다."
    },
    {
      "Key": "07e0cb6f-0112-4a1d-b6d6-6cd4b0386ad7",
      "Value": "장군은 기이한 주문에 홀린 채로 문간과 그 너머의 사람들을 향해 돌진합니다."
    },
    {
      "Key": "8f7d226f-d6f5-4af8-9086-8953c3ea499a",
      "Value": "장군은 그대로 멈추고 상황이 어떻게 돌아가는지, 그리고 {mf|그|그녀}의 동료들이 어떻게 반응하는지 기다립니다."
    },
    {
      "Key": "c51e1771-471c-466c-9e61-ed1f1ffdcd37",
      "Value": "닫기."
    },
    {
      "Key": "c97a2399-a527-476a-844a-fd462f0ab325",
      "Value": "반 남작과 그의 동료들이 더 멀리 이동하자, 그들의 목소리들은 고대의 지하감옥을 가득 채우는 소음과 속삭임으로 묻혀버립니다. 그것은 마치 투덜대고 뒤척이며 곤히 잠든 거대한 짐승 같습니다 . 멀리서 긁는 소리, 부스럭거리는 소리와 크게 탄식하는 소리가 들려옵니다."
    },
    {
      "Key": "65cf6c55-090c-42a3-8646-b249ae111f1a",
      "Value": "내리막길의 방은 아까보다 더 황량해 보입니다. 그들이 심부를 가득 채우는 어둠 속을 헤쳐나가고 있던 탓에, 모험가들은 창백한 빛의 직사각형 앞에 멈춰섭니다. 그들은 희미한 빛으로 가득 찬 문 앞에 서 있습니다. 그러한 상황에서 장군이 가장 먼저 한 것은..."
    },
    {
      "Key": "31ed7ae1-b5e9-452f-9697-ce44b7d49f72",
      "Value": "마법을 탐지하면 이것이 포탈이라는 것을 금방 알 수 있습니다. 하지만 어디로 가는 걸까요? 그리고 골라리온 전역의 보호를 위해 오래전에 봉인된 것으로 추정되는 이 지하감옥에서 무슨 일이 있었던 걸까요?\n이러한 질문과 씨름하던 중, 장군은..."
    },
    {
      "Key": "2d84bf25-2ac0-4025-b82b-92e35e454358",
      "Value": "마치 살아있는 생명에 반응하듯 문간의 빛이 약간 희미해지고, 곧 드러난 것은 ... 반홀드의 익숙한 풍경입니다! 언뜻 보기에는 더없이 평온해 보입니다. 그러나 그 다음엔..."
    },
    {
      "Key": "cc54ab97-f92f-4886-bfe3-82df08354eb4",
      "Value": "출입구 너머에서 – 아주 가까이에서, 그것들을 만질 수도 있을 것처럼 보입니다 – 마을 사람들이 그들의 집을 떠나고 있습니다. 명랑한 선술집 주인인 스벨리드가 보이고, 그녀의 뒤로 카리다가 흔들리는 꼭두각시인형마냥 끌려가고 있습니다."
    },
    {
      "Key": "c14c105c-fe9a-4927-9539-8fd2b9f205b9",
      "Value": "문간 너머로 그들이 공동묘지로 걸어가는 모습이 보입니다. 마을 사람들이 바글바글 모여있는 곳에 멈춰서, 모두가 앞을 멍하니 바라봅니다. 땅을 파며 단조롭게 움직이는 사람들이 있는데, 어떤 이는 도구를, 어떤 이는 맨손을 씁니다. 스벨리드는 파놓은 구멍 하나에 가까이 와서 서투르게 넘어집니다. 일상인 듯 태연하게, 카리다가 구덩이에 흙을 채우기 시작합니다. 마치 별 일 아닌 것처럼 두 사람 모두 비명을 지르지 않습니다. \n다른 사람에게로 고개를 돌리니, 눈이 뽑혀나간 얼굴들이 선명하게 보입니다."
    },
    {
      "Key": "cd9a3fa3-952d-452a-948e-a896f4a62785",
      "Value": "\"멈춰!\" 반 남작이 그의 무거운 손을 장군의 어깨에 얹습니다."
    },
    {
      "Key": "29fb8289-967e-401b-808a-a9e6cebeeae1",
      "Value": "\"이것은 포탈이군,\" 케팔은 남작의 질문을 예상하며 말한다. \"그리고 내 의견에 의하면, 그건 반홀드로 이어지네.\""
    },
    {
      "Key": "de327476-283b-42fb-a06f-2e89e355830e",
      "Value": "포탈의 호를 넘어서면 경치가 금세 허전해집니다. 묘지에서 끔찍한 일을 마친 나머지 시민들은 발길을 돌립니다. 반 남작은 무기를 잡으려고 손을 뻗습니다.\n\"만약 이 지하감옥이 포탈로 반홀드와 연결되어 있다면,\" 그는 천천히 말합니다. 그리고 말 한마디마다 그의 눈속의 어두움은 더 커집니다, \"이 안에 갇혀 있던 무엇이든지 빠져나갔을 수도 있다는 의미야. 그것도 시내 중심부로!\""
    }
  ]
}