{
  "$id": "1",
  "strings": [
    {
      "Key": "f7331f97-10aa-4b20-ae7b-3d716d987884",
      "Value": "[이 여성의 유창한 말에 반박할 말을 떠올립니다]"
    },
    {
      "Key": "7fc5da26-0de4-4f2e-a79f-8919b365c5d2",
      "Value": "\"잠깐. 너는 누구지?\""
    },
    {
      "Key": "bb1bd2aa-50b1-4151-8971-cae712693647",
      "Value": "\"이것은 끔찍한 실수였다!\""
    },
    {
      "Key": "ab9ea66c-204c-49b0-a224-14f64c402d93",
      "Value": "[공격] \"칼이 최고의 의사소통 수단이지.\""
    },
    {
      "Key": "d466bc60-f740-4e9b-b303-6d1bbfaf035b",
      "Value": "\"우리는 강력한 해적단이 여기 야영을했다는 소식을 들었고 그들을 쫓는 중이었어.\""
    },
    {
      "Key": "0b7e8b49-b0ed-4775-828a-5f3f518c8579",
      "Value": "\"극작가는 우리가 피탁스의 일반 대중의 호감을 얻기 위해 해적들을 사냥하도록 설득했다.\""
    },
    {
      "Key": "6b94bb10-ef92-42aa-8a63-8215b8d7c7e1",
      "Value": "\"나는 해적들을 쫓아 내려고 선의로 행동했으며 결코 리버송 호송대를 공격하지 않았다. 누군가 나에게 서로를 죽이면 이익을 얻는다는 잘못된 정보를 제공했다.\""
    },
    {
      "Key": "695b0d2f-2147-4417-94b4-5179b9044469",
      "Value": "[거짓] \"우리는 이로베티 왕에게 직접 명령을 받았다. 여기 봐.\""
    },
    {
      "Key": "671c7dc8-bed7-4b2a-9601-5ede56282760",
      "Value": "[그녀의 시선을 이끌었을 때 그녀를 공격합니다]"
    },
    {
      "Key": "2af8e383-26a8-46c7-8a6f-c461e5b2d778",
      "Value": "\"혼란의 여지가 있었어.\""
    },
    {
      "Key": "f8f4af2f-5d37-4ac0-9b76-d2ce82a6b5a1",
      "Value": "\"극작가 이마르 데샹이 야영지에 대해 말해주었어.\""
    },
    {
      "Key": "92448841-de9c-416f-8591-b54218e2e80e",
      "Value": "\"사실 행정 장관 월시 켈보웨이가 여기에 여행자를 먹이로 삼는 해적이 있다고 주장했어.\""
    },
    {
      "Key": "29b4f15d-6cce-4a12-89a0-4f52375b883d",
      "Value": "\"이것은 분명히 음모지만 나는 더 할말이 없다. 나를 믿든 안 믿든 선택해.\""
    },
    {
      "Key": "a1ad2962-ef7b-4a45-a571-3a96dbbd5e33",
      "Value": "\"켈보웨이 판사? 나는 그와 직접 대화를 나눴고 너희는 해적이라고 주장했어.\""
    },
    {
      "Key": "c27e8c1a-01b6-46c5-a8a5-7b8e64f7c27f",
      "Value": "\"네가 많은 경비원과 함께 여행한다는 것을 그가 알고 있었다면 어쩌면 그는 내가 공격 중에 죽기를 바랐을 거야.\""
    },
    {
      "Key": "2a4b549c-ac0a-49d9-9420-4728a0d1b527",
      "Value": "\"네가 죽을 때 그가 얻을 이익을 생각해 봤어?\""
    },
    {
      "Key": "c8c301b7-044f-4b42-942e-dbf7688a6fc4",
      "Value": "\"차라리 그에게 개인적으로 묻겠어.\""
    },
    {
      "Key": "21364c54-11a6-4309-8420-3d1c656a85a8",
      "Value": "\"아무 일이 일어나지 않은 것처럼 행동하라고. 나는 떠날 테니.\""
    },
    {
      "Key": "1ceb1dea-aea9-420c-b6e6-f3e1c01e1d66",
      "Value": "\"진실을 밝히기 위해 힘을 합치자.\""
    },
    {
      "Key": "67d43b6e-431b-4a67-bd7f-d6ecffd11d8b",
      "Value": "[공격] \"나는 너를 죽여 그 상자에 든 것을 빼앗은 다음 정당방위라고 주장하겠어.\""
    },
    {
      "Key": "30713bb5-1188-4faa-a7e6-e99a74f028b5",
      "Value": "{n}불쾌하고 우렁찬 함성이 싸움을 일시적으로 멈춥니다.{/n} \"여기서 뭐하고 있는 거야?! 누가 감히 내 진영을 공격하는 거야?\" {n}고함을 친 자는 가벼운 푸른색 여행자 옷과 장화를 신고 소매에는 왜가리 자수가 달린 상의를 입은 구릿빛의 여성이었습니다.{/n}"
    },
    {
      "Key": "79fde8e2-916f-4a4b-b6c5-18eca9b2dfe6",
      "Value": "{n}그녀는 무기를 꺼내 위협적으로 다가섭니다.{/n} \"나는 네가 누군지 모르며 너의 변명을 듣지 않고 네 짧은 인생을 끝낼 정도로 인내심이 짧다. 할말이 있다면 공손히 말해.\" {n}그녀 뒤에 당신은 더 많은 전투원이 다가오는 것을 볼 수 있지만 도착하기 전에 시간을 벌 수 있을 것 같습니다.{/n}"
    },
    {
      "Key": "1198233c-73b8-4811-b5c4-1eb01c8ae203",
      "Value": "{n}그녀는 강가를 따라 밝혀진 불길을 주목하고는 말할 준비를 마친 것 같습니다.{/n} \"이런! 내 배가! 굶주린 자칼 새끼들 같으니! 무슨 짓을 한 거야?!\" {n}그녀의 입안은 마치 더 많은 단어를 형성하려고하는 것처럼 움직이지만 그녀는 분노가 지나쳐 말하기가 어렵습니다.{/n}"
    },
    {
      "Key": "c266200d-18d7-4263-b482-7e1002cba6c9",
      "Value": "{n}녹 녹의 얼굴에 미소가 떠오릅니다.{/n} \"우리가 죽으면 보트를 불타버린다면 좋겠어. 대장.\""
    },
    {
      "Key": "d9a6a9ce-e187-4220-a280-c864cadc9376",
      "Value": "\"시간을 아끼게 되었군. 푸른 복장과 왜가리 휘장은 {g|pitax}피탁스{/g} 리버송 무역소의 중요한 회원임을 나타낸다. 해적이 아니야. 사실, 그 말 때문에 되려 해적처럼 보일 수는 있겠지.\""
    },
    {
      "Key": "11ee6f6c-0ccb-46e6-b6fc-294338d73935",
      "Value": "{n}푸른 복장과 왜가리 휘장은 {g|pitax}피탁스{/g}의 리버송 무역 회사의 중요한 회원임을 나타내며, 아마도 가문의 일원일 수도 있습니다. 조프리 바스카리가 무역 회사를 이끌고 있으니 아마도 그의 여동생인 린샬라 바스카리로 보입니다. 당신이 죽인 적을 내려다 보니 해적을 공격하지 않은 것처럼 보입니다. 당신은 영향력 있는 상인들을 죽였군요!{/n}"
    },
    {
      "Key": "1ab22864-cea3-4351-a58b-75b6e7fc6f48",
      "Value": "{n}여자의 얼굴은 경멸로 주름집니다.{/n} \"나는 도둑들을 죽일 준비가 되어 있었지만 바보들을 죽여야하는 것인가. 모르고 있었다면 너는 숨 쉴 가치도 없어.\""
    },
    {
      "Key": "a059951d-a213-4310-ba6c-69f7593b4455",
      "Value": "{n}잘 차려 입은 여인이 당신을 바라봅니다.{/n} \"해명해. 짧게.\""
    },
    {
      "Key": "6906dfc7-7558-4f27-a6d8-31e640cd0bd8",
      "Value": "{n}그런 서류는 절대로받지 못했지만 여자는 당신이 임의로 만든 서류를 조사합니다. 그녀는 잠깐 동안 서류를 훑어 보고는 찡그리며 말합니다.{/n} \"이것은 왕의 명령이 아니다. 나의 인내심을 시험하는 것이냐.\""
    },
    {
      "Key": "5e4cb1a2-cc1b-418e-8318-ded32c6d0d60",
      "Value": "\"너는 끔찍한 거짓말쟁이군.\" {n}그녀는 당신의 실패한 속임수가 그녀의 남은 군대가 올 시간을 벌기에 충분하다는 것을 알고는 찡그리며 말합니다.{/n} \"이제 너는 죽은 목숨이야.\""
    },
    {
      "Key": "9ee1d872-9651-463b-a18b-33e50a73a3ef",
      "Value": "\"무슨 속임수가 이래?\" {n}그녀는 뒤로 물러납니다.{/n}"
    },
    {
      "Key": "677b6996-fd09-4d1c-9bc7-5b64d35ed7b2",
      "Value": "\"{g|River Kingdoms}강의 왕국들{/g}은 산적에 대한 명성이 있다.\" {n}그녀는 무기를 약간 내리고 인정합니다.{/n} \"그래도 우리를 공격한 것은 무책임한 일이다. 나는 리버송 무역 회사의 린샬라 바스카리다. 해적은 없어. 누가 이 일을 시켰지?\""
    },
    {
      "Key": "05f39c22-d387-4169-885a-14fc91bd5494",
      "Value": "{n}린샬라는 듣기 싫은 소리를 냅니다.{/n} \"그 남자가 지어낸 허무맹랑한 이야기를 듣고 놈을 믿었다고? 너 바보 아니야?\" {n}목소리가 잦아들더니 그녀는 당신을 더 열심히 째려봅니다.{/n}"
    },
    {
      "Key": "b096c44d-6936-4f60-a67d-c386773ecb3c",
      "Value": "\"잠깐. 네가 {name}인가? 나는 네가 이런 식으로 공격 할 수 있다고 경고 받았어!\" {n}그녀는 두루마리를 꺼내 펼쳐 봅니다. 바스카리 가문은 당신이 보낸 습격대가 곧 그녀의 선적을 위협 할 것이라고 경고를 받았습니다.{/n} \"켈보웨이 판사는 때때로 개자식일지도 모르지만 네가 내 호송대를 공격 할 것이라는 것을 확실히 알고 있었다. 내가 네 시체를 뱀장어에 던져서는 안되는 좋은 이유를 알려줘야겠어.\""
    },
    {
      "Key": "46683a74-b209-41ef-86f1-6dc1450d0550",
      "Value": "\"그가 그랬다고?\" {n}린샬라는 생각에 잠겨 그녀의 턱에 손가락을 두드립니다.{/n} \"그는 수단을 가지고 있지만 그에게 동기는 있나? 나에게 해를 입히면 이 지역에 혼란이 일어날 것이고, 켈보웨이는 머리부터 발끝까지 이로베티 왕의 종인데. 너는 짐작 가는 데가 있나?\""
    },
    {
      "Key": "8ee3c7d9-5e95-4409-ac70-9ebee69d5743",
      "Value": "\"아. 떠올랐어. 네 말이 맞아.\" {n}그녀는 계속하기 전에 잠시 생각합니다.{/n} \"아마도 너를 멍청한 강도로 여기는 것이 성급한 것일 수도 있겠군. 나는 해적이 아니라 리버송 무역 회사의 린샬라 바스카리다. 누가 너에게 잘못된 정보를 제공했지?\""
    },
    {
      "Key": "c1f04d0d-c221-4a71-b383-45c889335ffb",
      "Value": "\"그 소리가 얼마나 어리석어 보이는지 알지?\"{n}그녀는 발 뒤꿈치에 체중을 싫어 하늘을 보고는 한탄을 하며 중얼거리더니 당신을 다시 돌아봅다.{/n} \"나는 리버송 무역 회사의 린샬라 바스카리다. 해적이 아니라. 더 구체적으로 말해라. 누가 이 일을 시켰지?\""
    },
    {
      "Key": "80df1526-7495-4f23-b69a-5b16b089c0ae",
      "Value": "\"네가 멍청하다는 사실이 드러났군.\" {n}그녀는 당신의 서투른 설명이 그녀의 남은 군대가 올 시간을 벌기에 충분하다는 것을 알고는 찡그리며 말합니다.{/n} \"이제 너는 죽은 사람이야.\""
    },
    {
      "Key": "d24480f4-d912-46da-b0af-86dd5310d7ba",
      "Value": "\"내 입맛에 하나도 맛지 않는 불편한 이야기로군. 네 이야기는 솔직히 듣기 거북하고 내 부하들도 그렇다.\" {n}그녀는 당신의 서투른 설명이 그녀의 남은 군대가 올 시간을 벌기에 충분하다는 것을 알고는 찡그리며 말합니다.{/n} \"네가 사람을 죽인 것은 죽음으로 갚아 마땅하다.\""
    },
    {
      "Key": "155acfb8-aa8e-47e1-9f40-6ccd9e3ff64c",
      "Value": "{n}린샬라는 당신의 주장을 고려합니다.{/n} \"내가 너를 죽이길 원해도 그것은 정의가 아닐 것이다. 내가 먼저 이해할 필요가 있는 사실이 더 많다. 여기 받아라.\" {n}그녀는 치안 판사가 준 두루마리를 건네줍니다.{/n} \"이걸 이용해서 실마리를 풀어라. 이것이 {g|Pitax}피탁스{/g}로 이끌든 {g|Hell}지옥{/g}으로 이끌든 나는 신경 쓰지 않는다. 나는 죽은 부하들을 묻어 주겠다. 그리고 우리가 다시 만난다면... 네가 오늘 보인 자비보다는 신들께서 더 많은 자비를 보이시길 바란다.\""
    },
    {
      "Key": "8ac3fcbc-e4ca-466a-a498-6d2beaf53604",
      "Value": "\"그건 가능할 수 있다. 그렇게 강력한 적을 만난다면 네가 잘난 줄 알겠지.\""
    },
    {
      "Key": "8dcd4203-e73e-4b2d-9135-e3ee1c91cfee",
      "Value": "{n}그녀는 이빨을 갈고는 고개를 끄덕입니다.{/n} \"바스카리가 리아첸자와 스트로칼리 만큼이나 이로베티 왕에게 협조적이지 않은 것은 사실이지만 우리는 강가 무역의 대부분을 장악하고 있다. 외국 요원들로 뭉개버리거나 충성 서약을 맺도록 겁주는것 보단 우리를 포섭하는게 더 나은 방법일 텐데?\""
    },
    {
      "Key": "de277524-084c-4cbd-9829-eff1810c5976",
      "Value": "\"그렇다면 네가 제안하는 것은 무엇이지?\""
    },
    {
      "Key": "1126cb03-0c0d-4f79-8fc4-ad5ed208de35",
      "Value": "\"나는 친구와 동료들을 잃어버린 것에 대해 유감스럽지만 전적으로 너를 비난하지는 않겠다. 가라. 내 눈에서 사라져. 진실을 원하면 이걸 봐라!\"{n}그녀는 울음을 참으며 당신에게 치안 판사의 두루마리를 건네줍니다.{/n} \"이걸 이용해서 실마리를 풀어라. 이것이 너를 {g|pitax}피탁스g}로 이끌든 {g|Hell}지옥{/g}으로 이끌든 나는 신경 쓰지 않는다. 나는 죽은 부하들을 묻어 주겠다. 그리고 우리가 다시 만난다면... 네가 오늘 보인 자비보다는 신들께서 더 많은 자비를 보이시길 바란다.\""
    },
    {
      "Key": "6b5badad-c628-4757-abce-e5d18b97430c",
      "Value": "{n}음모를 꾸미는 것처럼 린샬라는 천천히 미소짓습니다.{/n} \"아주 좋아. 나는 도시로 돌아갈 것이고 네가 다른 사람들과 여기에서 일어났던 일에 대해 대면 할 준비가되면 너와 합류할 것이다.\"{n}그녀는 치안 판사의 두루마리를 건네줍니다.{/n} \"사건을 한데 모아 음모의 밑바닥을 파헤쳐라. 지금은 시체를 묻어야 하니 비켜.\""
    },
    {
      "Key": "0f54a819-166b-4931-9e96-7a9be58c98ae",
      "Value": "\"그건...\" {n}그녀는 주저합니다.{/n} \"너는 위험한 사람이고 내 사람들을 죽였다. 내 집안의 운명을 네게 맡길 수는 없어. 진실을 원하면 이걸 봐라!\" {n}그녀는 울음을 참으며 당신에게 치안 판사의 두루마리를 건네줍니다.{/n} \"이걸 이용해서 실마리를 풀어라. 이것이 너를 {g|pitax}피탁스g}로 이끌든 {g|Hell}지옥{/g}으로 이끌든 나는 신경 쓰지 않는다. 나는 죽은 부하들을 묻어 주겠다. 그리고 우리가 다시 만난다면... 네가 오늘 보인 자비보다는 신들께서 더 많은 자비를 보이시길 바란다.\""
    },
    {
      "Key": "75994252-d91b-4e9b-ae96-a95e84e9ef8d",
      "Value": "\"정말 쉽게 하는군. 정성을 다하고 있는 거야?\""
    }
  ]
}