{
  "$id": "1",
  "strings": [
    {
      "Key": "c9f67b89-b317-4b5e-bbac-b5188dbe64c5",
      "Value": "\"흠... 육체가 약하군... 마법을 빼앗겼어...\" {n}호흡이 거칠었던 그는 곧 숨을 고르게 쉽니다.{/n} \"...적당한 몸을 찾을 때까지... 해야만 하는 일을 어서 해야 해...\""
    },
    {
      "Key": "7834eba4-c51c-4018-ae1e-1b7a276bdc18",
      "Value": "\"새로운 눈으로 세상을 볼 시간이다...\" {n}그는 눈을 깜빡입니다.{/n} \"세상을 그렇게 받아들이다니... 눈을 뽑아버려야겠어. 그리고 그 냄새를...\" {n}그의 숨은 더 안정되었습니다.{/n} \"상관 없겠지. 무덤 앞의 워드도 사라졌다. 너를 뒤쫓을 거야. 하지만...\""
    },
    {
      "Key": "8dbf79b6-c899-404f-9dea-aabaaf7158c0",
      "Value": "\"우선 내가 사로잡은 영혼으로 무엇을 할지 정해라. 네 종들의 생명을 살려두는 것과 네 목표를 이루는 것 중 무엇이 중요한지 모르겠구나. 내가 준비를 해 놓았다. 가라.\""
    }
  ]
}