{
  "$id": "1",
  "strings": [
    {
      "Key": "fbbbf82d-3720-4f21-a01d-bd9c8f626e89",
      "Value": "\"나는 비밀 임무를 수행하는 요원이야!\""
    },
    {
      "Key": "8015ddf4-31e6-43d2-8ef5-0585921b2753",
      "Value": "\"나는 {name}. 그냥 지나가고 있었어.\""
    },
    {
      "Key": "fe7f34bf-999f-4fab-b85e-0d87a14957db",
      "Value": "[공격] \"죽어라! 괴물!\""
    },
    {
      "Key": "3adf5ad3-e938-41c0-8b6f-8d83d5fd7284",
      "Value": "\"이제 가야 해.\""
    },
    {
      "Key": "c246989d-875e-4a06-b63d-8929787842f5",
      "Value": "\"나는 이 숲의 고블린들을 모두 적이라는 명령을 받았지!\""
    },
    {
      "Key": "bb6cde2a-cc57-4019-9e9e-a2ebbc588260",
      "Value": "\"이 지역의 지배자가 영원한 여름 왕국 주위를 염탐하라고 나를 보냈지!\""
    },
    {
      "Key": "03e5d32c-28fc-4bb0-b2e4-dbcd9281bf82",
      "Value": "\"나는 강력한 마법사를 상대하는 오크와 동맹으로 왔다!\""
    },
    {
      "Key": "513fc316-d5da-47d4-86f5-50488b4dd7fd",
      "Value": "\"물론! 나를 고용하면 네게 경호를 붙여주어 길을 알려주겠어!\""
    },
    {
      "Key": "4474069b-2c57-40c0-a3aa-ef67e17fd4f0",
      "Value": "[공격] \"바보야! 너를 속이고 있었어! 죽을 준비 해라!\""
    },
    {
      "Key": "1179d7ff-a28c-400d-b91c-7583099bdd21",
      "Value": "\"남쪽으로 계속 가.\""
    },
    {
      "Key": "3b9627ad-b15d-4ee9-870a-341832043283",
      "Value": "[공격] \"마음을 바꿨다. 죽어라!\""
    },
    {
      "Key": "2350130f-c875-49c4-a97d-d88cbf9737a1",
      "Value": "\"생각해 봐야겠어. 나는 내 일을 하러 가보겠다.\""
    },
    {
      "Key": "29fec6eb-74db-4e8d-84eb-d39fd4f7bdca",
      "Value": "\"물론! 나를 보내주면 가는 길을 알려주지!\""
    },
    {
      "Key": "80be652c-f938-496d-93fb-60945f31eade",
      "Value": "\"좋아! 나는 집에 가서 최고의 레인저를 네게 보내주지. 그는 내일 아침에 도착할 거야.\""
    },
    {
      "Key": "ab9d0a46-bb3e-4d3e-9442-d904390b0e3e",
      "Value": "{n}세명의 언덕 거인은 당황하여 당신을 봅니다. 마침내 긴 침묵이 끝나고 그들 중 하나가 당신을 가리킵니다.{/n} \"너...\""
    },
    {
      "Key": "970ad1d8-c6e6-471f-881e-fe7ef92e212c",
      "Value": "\"어디로 가는 거야?\""
    },
    {
      "Key": "37033d85-c742-4fb4-97c4-45d037803f34",
      "Value": "\"놈에게 물어봐! 멍청아!\""
    },
    {
      "Key": "9c0efbb9-e5e2-4fa9-b3dc-dff1f2f78839",
      "Value": "\"닥쳐. 브렉!\""
    },
    {
      "Key": "9e9d1745-7027-49d9-9e78-12d72cd28988",
      "Value": "{n}세 번째 거인이 계속 말 없이 서있습니다. 그의 표정을 보건대 그는 무슨 일인지 이해하려고 하는 것 같습니다.{/n}"
    },
    {
      "Key": "e37a515b-e6af-46d1-8fd8-0c65f1aec801",
      "Value": "{n}브렉은 거대하고 부루퉁퉁한 혀로 입술을 핥습니다.{/n} \"저녀석들을 잡아먹자 그러그! 맛있겠다.\""
    },
    {
      "Key": "3985ca29-7ea8-4435-bdd4-ec0b12010472",
      "Value": "{n}그러그는 위협적인 미소를 짓습니다.{/n} \"대체 뭔 생각을 하는 거야?\""
    },
    {
      "Key": "ed96187b-8e33-4fad-b02b-bfc1d82f2c39",
      "Value": "{n}그러그와 브렉은 서로 눈빛을 교환합니다. 세번째 거인은 머리를 긁고는 그들을 봅니다.{/n} \"무슨 임무?\""
    },
    {
      "Key": "6e0dfecd-0b1b-4864-ba63-21ca6df96856",
      "Value": "{n}눈을 가늘게 뜨고 브렉은 당신을 봅니다.{/n} \"나에게 거짓말을 하는군. 그러그! 이 녀석은 말마다 거짓말이야.\""
    },
    {
      "Key": "435ed89e-5957-4b6e-96c7-9d7045fb7721",
      "Value": "\"맞아. 브렉.\""
    },
    {
      "Key": "0c616f59-4e24-45e5-b84a-5c2687e5b6fb",
      "Value": "\"그러그! 고블릿 맛이 궁금해.\""
    },
    {
      "Key": "8081df18-eb2e-436a-a777-8b32f0fac863",
      "Value": "\"그래서? 네가 맛을 못 본 게 무슨 상관이야.\""
    },
    {
      "Key": "10f5b4db-8062-46c6-af80-3b6361f96e36",
      "Value": "{n}브렉은 화가 나서 땅에 침을 뱉습니다. 그는 당신을 봅니다.{/n}"
    },
    {
      "Key": "6e2407d3-9ce8-4365-9008-2bd851dba246",
      "Value": "{n}그러그는 얼굴을 찌푸리고 생각에 잠겨있었고 곧 불평합니다. 그는 오크나 마법사에 대해서는 신경쓰지 않는 것 같습니다.{/n}"
    },
    {
      "Key": "000b3de7-c8ab-42b1-8e33-48b49bc3fdbf",
      "Value": "{n}그러그의 웃음소리로 당신의 귀가 먹을 것 같습니다.{/n} \"우리에게는 소용 없다!\""
    },
    {
      "Key": "c257809e-b4b0-43a2-a28a-6bd1332f27bf",
      "Value": "{n}브렉이 관심을 보입니다.{/n} \"거기는 항상 따뜻하다고? 풀도 자라고?\""
    },
    {
      "Key": "a421c6d0-d2c8-4b93-b5b1-05f5b5f2d536",
      "Value": "{n}기침을 하며 그러그는 당신을 봅니다.{/n} \"너는 누구지?\""
    },
    {
      "Key": "17b959a9-647d-4b0c-ae04-b40c7e5892fa",
      "Value": "{n}브렉은 배를 쓰다듬으며 그러그를 봅니다.{/n} \"어서...\""
    },
    {
      "Key": "321a68fe-7d51-447e-b2a2-53b3320d3943",
      "Value": "{n}그러그는 혀를 차며 말합니다.{/n} \"꿈도 꾸지마!\""
    },
    {
      "Key": "67a4fd52-9c0c-41b4-b487-0eca18b126fe",
      "Value": "\"그러그... 내가 준 육즙 많은 양은 기억 나지 않아? 나에게 양 한마리를 빌렸을 텐데! 내게 돌려준다고 했어!\" {n}브렉은 그러그의 귀를 대고 속삭이지만 거인의 속삭임은 동굴을 울립니다.{/n} \"저 녀석이 길을 알려준다고 했으니 말이지...\""
    },
    {
      "Key": "c78f7c4c-5356-4600-a3bf-55300907acd7",
      "Value": "{n}그러그는 한숨을 쉽니다.{/n} \"젠장... 여기 돈 가져가. 네 경비는 언제 오지?\""
    },
    {
      "Key": "dd0893e0-9cc6-4432-8bd6-c861a83cb513",
      "Value": "{n}그러그는 당신을 의심스럽게 봅니다.{/n} \"안 돼. 우선 우리에게 말해! 어서!\""
    },
    {
      "Key": "32837b9e-53e0-4f64-9673-b9f6677122c4",
      "Value": "\"이러면 어때? 내가 싸우고 싶으면 싸우는 거야!\""
    },
    {
      "Key": "f06e6dfb-a9f2-4057-9c11-8ef8f7d69ba2",
      "Value": "\"거인에게 잡아먹히면... 그건 좋은 결말인가? 오 {g|Groetus}그로투스{/g}시여, 저는 다른 방법이 좋습니다.\""
    },
    {
      "Key": "9a5135f9-79e2-4f4e-b8b9-c39e4e0d9110",
      "Value": "{n}낄낄거리며 녹 녹은 무기를 쥡니다.{/n} \"좋은 적이다! 녹 녹이 쓰러뜨린다!\""
    }
  ]
}