{
  "$id": "1",
  "strings": [
    {
      "Key": "16f5bab5-0b96-4363-aeb1-a32aca731597",
      "Value": "\"우린 준비됐다.\""
    },
    {
      "Key": "4f235fca-2b84-4a72-b5bb-eb7483e3f107",
      "Value": "\"주변을 둘러봐도 될까?\""
    },
    {
      "Key": "1b0102df-e7c7-43c2-b462-e4863c86cb4e",
      "Value": "\"음, 케팔? 마법이 먹힌 건가? 아무것도 변하지 않은 것 같은데.\""
    },
    {
      "Key": "b83d334f-1cce-4b20-b2b3-52b151e97486",
      "Value": "\"물론. 곧 문이 열릴 걸세. 준비하게!\""
    },
    {
      "Key": "807533c5-227c-4dd7-9e5b-ad8ebed76084",
      "Value": "\"신도들은 주인님의 성채에서 두려워할 것이 없다! 자기들 것도 아닌 그분의 선물을 독차지하려고 하는 죽은 사이클롭스 황제와 그의 신하들은 아마도 제외해야겠지만.\""
    },
    {
      "Key": "e2f2d9de-78ae-4ff6-be9c-b3846246f991",
      "Value": "\"그렇다, 남작. 어둠이 우리를 기다리고 있다.\""
    },
    {
      "Key": "f1951985-e68c-47d2-baf1-3f3dd5108f06",
      "Value": "\"... 정말 시작된건가? 음, 토락께서 너의 모든 행동과 길을 축복하리라. 아주 오랫동안!\""
    },
    {
      "Key": "98a00967-b30e-421f-b54d-08b814a919b3",
      "Value": "{n}셰르디의 마지막 말은 주변을 휩쓰는 둔탁한 신음소리에 잠겨 사라졌습니다. 마치 거대한 생물체가 아가리를 벌리듯이 고대의 문이 천천히 열립니다. 당신 앞에 길이 열렸습니다.{/n}"
    },
    {
      "Key": "876ec019-cf14-4459-b2ee-ec3b4fc11818",
      "Value": "\"무기와 주문을 준비해라. 안에서 무엇이 우리를 기다리고 있는지 모르니까.\""
    },
    {
      "Key": "acb726f3-151b-447f-9bc7-4bd7e8486da2",
      "Value": "{n}케팔이 얼굴을 찡그립니다.{/n} \"그래, 하지만 많이 부족하지. 어서 가세.\""
    },
    {
      "Key": "4ceea66b-8f0e-4d32-81af-453b1f69bfb8",
      "Value": "\"그럼, 모두 준비 됐나?\""
    }
  ]
}