{
  "$id": "1",
  "strings": [
    {
      "Key": "057d4f9a-9275-4b1f-8cdd-cf0ad2827ad6",
      "Value": "\"네가 돌아 오니 기쁘다. 오랜 친구. 너의 도움이 필요할 것이다.\""
    },
    {
      "Key": "51e617ab-009c-4dde-9d70-770333e2993e",
      "Value": "\"조드? 당신이 여기에 어떻게 있지? 너는 죽었잖아!\""
    },
    {
      "Key": "c9b0373f-fa79-4a1b-8cbb-93cdbb985260",
      "Value": "\"케스턴? 네가 죽는 걸 봤는데...\""
    },
    {
      "Key": "44710b39-9a7b-40bf-8f22-3409802f4fd4",
      "Value": "\"제안에 감사하다, 웨런 경. 나는 네 도움을 받겠다.\""
    },
    {
      "Key": "8ac55cae-9062-45df-9b81-70dc419b49d7",
      "Value": "\"네가 정말 나를 속일 수 있다고 생각했나? 너는 잔의 그림자가 아니야!\""
    },
    {
      "Key": "70024518-5c07-4acf-8659-8dc66556e296",
      "Value": "\"물럿거라! 그림자! 나는 등불왕의 마법으로 태어난 유령은 결코 믿지 않을 것이다.\""
    },
    {
      "Key": "f4691495-25d3-4af7-b02c-c2a3cc94ff20",
      "Value": "{n}불행하게 중얼거리며 조드는 케스턴의 뒤에서 걸어나옵니다.{/n} \"너는 반드시 감시당해야 했다! 너를 감시되지 않으니 어떻게 되었는지 보아라.\""
    },
    {
      "Key": "677f5b78-af3e-4f3a-b1c8-edb3851bd564",
      "Value": "{n}기사는 다시 잠깐 인사를 합니다.{/n} \"언제든지 명령을 내려라. 나는 잠시 동안 여기 머물러 사람들을 도울 것이지만, 진짜 위험에 처하면 내가 즉시 도착할 것이다. 우리는 앞으로도 많은 것을 볼 것이다.\""
    },
    {
      "Key": "88cc99a0-af9a-4d79-b391-ceb50154eda8",
      "Value": "{n}조드는 그의 호흡을 가다듬었습니다.{/n} \"잘 오셨습니다, 전하. {g|Eldest}원로{/g}가 우리 도시에 한 짓을 보십시오! 우리가 들어서자마자 땅은 우리 발 아래서 조용히 떨리기 시작했고, 갑자기 멈추더니 아예 떨어져 나갔습니다! 그런데 왜 내가 당신께 이런말을 했을까요, 당신도 아마 모든 것을 보았을 텐데. 그래서 저희 부대는 문 옆에서 {g|First World}태초 세계{/g}의 짐승 무리와 함께 붙어 있었습니다. 저희는 어떻게든 싸웠습니다, 감사하게도 당신과 에라스틸님의 가호가 있어서요! 그러나 다른 사람들에게 무슨 일이 벌어지고 있는지 모르겠습니다. 그리고 또한... 뭐, 그가 당신께 말할 겁니다!\""
    },
    {
      "Key": "4b6a3042-9d36-41db-9d96-76716681957d",
      "Value": "{n}이 순간까지 조용히 서있던 케스턴이 간단히 끄덕이고는 우울하게 땅을 응시합니다.{/n} \"당신을 섬겨서 영광입니다, 영주님... 아니, 전하!\""
    },
    {
      "Key": "658d4969-e059-4419-9218-8014858b76ec",
      "Value": "\"내 생각을 말할 수 있게 해주십시오.\" {n}공격을 막아내는 데 도움을 준 기사는 앞으로 나아가서 경례를 합니다.{/n} \"내 이야기를 듣기를 청합니다. 아마 이곳에서 하루 정도 밖에 걸리지 않는 거리지만 들어 보지 못했을 공국에서 왔습니다. 수 세기 전 그곳은 나이리사에 의해 파괴되었고, 마법사의 저주받은 잔을 채울 먼지가 되었습니다.\""
    },
    {
      "Key": "8712a627-00e8-4511-8551-96b60f1b5a5b",
      "Value": "\"조드에게 의지하십시오! 저는 부상당한 병사들을 지켜보겠습니다. 그리고 나서 당신을 따르겠습니다. 가장 강력한 괴물들이 아직 저 앞에 있습니다. 사제가 필요할 겁니다!\""
    },
    {
      "Key": "889c05f2-34ec-4020-8b5b-91dd940aab32",
      "Value": "\"그건 전부 {d|c22 Kesten saved}사실입니다{/d}. 하지만 잔이 깨졌을 때 무슨 일이 일어났는지 보지 않으셨습니까? 수사슴 군주, 이로베티 등 멸망한 왕국의 죽은 자들이 돌아왔습니다. 그리고 저는 그들과 함께 돌아왔습니다. 저는 그림자입니다.... 예전 조드 카브켄의 기억이겠죠. {g|Erastil}에라스틸{/g}께서 그의 영혼을 구하시길.\n저는 케스턴을 발견할 때까지 유적 주위를 배회했고, 이제는 당신을 만났습니다. 당신을 도울 수밖에 없지 않습니까?\""
    },
    {
      "Key": "d887fc33-37b8-4855-9cc9-a2ba8444b752",
      "Value": "\" {d|c22 Jhod saved}맞습니다.{/d} \" {n}케스턴이 한숨 쉽니다.{/n} \"바보 같은... 신경 쓰지 마십시오 — 저는 전혀 미안하지 않습니다. 나는 내 자신이 아닙니다. 잔에서 나온 수사슴 군주와 다른 자들을 보셨습니까? 저는 그들과 함께 돌아왔습니다. 제가 살아있는지는 사제가 알겠지만, 제 임무는 누구도 대신하지 못합니다. 저는 지금 할 수 있는 최선을 다하고 있습니다.\""
    },
    {
      "Key": "c03b8b2c-edce-4b5b-8f62-74e0cc809424",
      "Value": "\"내가 누군지 혹은 무엇인지 짐작했을 거라고 생각한다. 멸망한 모든 왕국의 전사들이 잔에 보관되어 있었고, 많은 사람들이 반쯤 미친 그림자로 돌아왔다. 나도 돌아왔다. 웨런 데거의 그림자이다. 다른 그림자와는 달리 내 통치자와 내 백성을 학살한 자를 위해 싸울 생각은 없다. 네가 괜찮다면 최선을 다해 너를 도울 것이다.\""
    },
    {
      "Key": "631f22dc-c96d-45d1-96dc-b65d5231cdfe",
      "Value": "{n}사제가 고개를 푹 숙입니다.{/n} \"왜... 내가 어디로... 아. 좋아! 도시의 사람들을 찾아보겠습니다. 분명 누군가는 제 도움이 필요하겠죠...\"\n{n}그는 땅에 시선을 고정하고 걸어갑니다.{/n}"
    },
    {
      "Key": "83e76cc2-ff29-4eb6-9102-962d182b3eac",
      "Value": "{n}케스턴은 찡그리고 어깨를 으쓱하지만, 토달지 않습니다.{/n} \"당신이 원하는대로, 전하. 그러면 가보겠습니다... 도시에서 도움을 필요로 하는 사람을 찾겠습니다...\""
    },
    {
      "Key": "e8f11cf2-b60d-461b-94b4-fe1860521e1b",
      "Value": "\"나는 너의 날카로운 안목과 깊은 지식에 깊은 인상을 받았다, {mf|왕|여왕}. 네가 나를 놀라게 한 첫 번째 필멸자 통치자는 아니지만. 그리고 진정한 왕 {g|LanternKing}등불왕{/g}의 즐거움을 위해서 나의 칼에 의해 죽을 첫 번째 필멸자도 아니다!\""
    },
    {
      "Key": "b9e4dd91-1998-485f-84b3-10615412544c",
      "Value": "\"몹시 유감이지만, 너의 의심을 이해한다. 좋아, 안녕히, 전하!\""
    },
    {
      "Key": "f50e85ea-a493-4113-a7be-9c742e8e1b99",
      "Value": "\"예, 전하! 지금 병사들과 이야기하고 곧 따라가겠습니다. 이상한 일이 일어나고 있습니다. 선술집이 있던 곳 주변에 괴물이 숨어있습니다. 그러나 저희가 그것을 물리치도록 돕겠습니다!\""
    },
    {
      "Key": "2992ffbd-a61c-4566-af11-165d6d1f00cf",
      "Value": "\"안타깝습니다, 전하. 그는 진짜 조드가 아니었지만, 그는 우리가 무사하길 바랬죠. 좋습니다. 저희는 당장 이 재앙을 처리해야만 합니다.\""
    },
    {
      "Key": "a3669add-c927-444c-a4a0-2c3bee558f9d",
      "Value": "\"힘겨우실테죠, 전하. 하지만 옳은 일을 하셨습니다. 거짓 신의 몹쓸 마법은 좋을 게 없죠. 진짜 케스턴은 오랫동안 우리와 멀리 떨어져 있습니다. 이 세상의 모든 것과도 말이죠.\""
    },
    {
      "Key": "904cfcd6-ad66-4770-a47a-492041177ac1",
      "Value": "{n}연기는 웃고 있는 그림자를 감싸며 그 모습을 바꿉니다.{/n}"
    },
    {
      "Key": "bd15debf-ca05-4043-9e89-c97c23f85460",
      "Value": "\"나는 너의 날카로운 안목과 깊은 지식에 깊은 인상을 받았다, {mf|왕|여왕}. 네가 나를 놀라게 한 첫 번째 필멸자 통치자는 아니지만. 그리고 진정한 왕 {g|LanternKing}등불왕{/g}의 즐거움을 위해서 나의 칼에 의해 죽을 첫 번째 필멸자도 아니다!\""
    }
  ]
}