{
  "$id": "1",
  "strings": [
    {
      "Key": "62495653-7a38-4a40-baea-07be363f3d74",
      "Value": "\"그게 사는 거야? 살면서 깨끗한 척만 했겠지? 술에 취해서 떡도 치는 게 네 입맛에는 안맞겠지! 사람답게 살아 보라고!\""
    },
    {
      "Key": "bf19484a-6883-41cb-aa35-2f59f67abd23",
      "Value": "\"저는 인간답게 살고 있습니다. 당신이 얘기하는 건 짐승의 삶이죠. 걱정해줘서 고맙지만 그런 기쁨 없이도 잘 살 수 있숩니다.\""
    }
  ]
}