{
  "$id": "1",
  "strings": [
    {
      "Key": "f18d8bee-ecc7-49bd-91bd-4cdd1c4c80ec",
      "Value": "{n}샤먼이 몸을 돌려 당신을 발견합니다. 눈이 커지며 손가락으로 당신을 가리킵니다.{/n} \"두르 보바! 저 고깃덩이를 죽여!\""
    },
    {
      "Key": "50d5bc45-054f-40e0-9a24-adab9ed000d4",
      "Value": "\"보바. 고기.\""
    },
    {
      "Key": "6423b8fa-c8b0-4507-948b-a978bba56e8f",
      "Value": "\"고기.\""
    },
    {
      "Key": "78c71d0b-cdd0-45a4-8c8e-296d79012f08",
      "Value": "\"먹자...\""
    },
    {
      "Key": "87a268cd-9b81-45ee-950e-cf260e4bb168",
      "Value": "\"보바. 고기.\""
    },
    {
      "Key": "bd411dae-d7d4-47a7-9282-3c64e5fc8871",
      "Value": "\"꿀꺽. 먹어라.\""
    },
    {
      "Key": "c67647f6-1b15-4fc9-bbc3-9e47bda7d582",
      "Value": "\"말해라!\" {n}코볼트 학생들은 메아리 치며 소리쳤고 잠시후 코웃음들을 칩니다.{/n}"
    },
    {
      "Key": "7faa7ced-c9eb-451b-babd-4c493d0c667d",
      "Value": "{n}샤먼은 한동안 학생을 쳐다보며 말없이 쉭쉭 소리를 내다가 옆의 트롤에게로 시선을 돌립니다.{/n} \"먹어라.\""
    },
    {
      "Key": "ed03748b-9194-4b91-83fa-229c773474aa",
      "Value": "\"고기 죽여라!\""
    },
    {
      "Key": "5a17a9a5-47a8-48af-a2b4-fdaa918d023b",
      "Value": "\"보바 말한다. 잘 들어라. 그리고 말해라!\""
    },
    {
      "Key": "907a729f-ae32-429d-a372-ca2214e91b58",
      "Value": "{n}헐렁한 로브를 입은 코볼트 샤먼은 코볼트와 트롤을 모으기 전에 몸을 앞뒤로 휘청입니다. 그의 자세는 자신감이 넘쳤고 엄격해보였습니다.{/n}"
    }
  ]
}