{
  "$id": "1",
  "strings": [
    {
      "Key": "6f247636-1095-4cbc-962c-710fad41c180",
      "Value": "\"말은 마음대로 해. 하지만 이 병을 만든 녀석은 정말 독창적이야. 이 보다 더 끔찍한 죽음을 상상하기가 쉽지 않아. 그리고 군중을 공포에 빠지게 하는 데 효율적이지.\""
    },
    {
      "Key": "e9d58780-74f0-4e21-8b6a-99c5cc46e9b3",
      "Value": "\"그걸 동조하는 네 목소리를 듣는 나는 놀랍지도 않다니. 슬프다...\""
    },
    {
      "Key": "913cbeb8-d454-4ced-92c3-53a53f59f57d",
      "Value": "\"이 건강한 것에 놀라운 독창성을 더하니 더 낫다. 밑도 끝도 없이 깊은 장바구니를 만드는 건 어때? 실용적이지는 않지만... 새로운 색을 입혀보는 건?\""
    },
    {
      "Key": "4b23a720-03f7-4711-9411-6fe0a1fa85f9",
      "Value": "\"너 정말 미쳤구나. 그렇지?\""
    }
  ]
}