{
  "$id": "1",
  "strings": [
    {
      "Key": "a30242d6-43aa-4a95-9b54-a814af3ae5ea",
      "Value": "\"다쳤잖아. 도와줄까?\""
    },
    {
      "Key": "ed697a58-090d-4087-bde5-f13321d7179b",
      "Value": "\"어떻게 여기에 왔어?\""
    },
    {
      "Key": "5bd85896-8bc7-4413-a7f9-6502933e7cae",
      "Value": "\"지역의 님프가 나를 여기로 안내해 주었어. 그녀는 이곳의 도적들의 우두머리를 섬기던 드루이드가 신전에 마법의 안개를 만들었을 거라고 생각해. 내 생각에 문지기 짐승을 없애면 안개는 사라질 거야.\""
    },
    {
      "Key": "d2c133f9-f1f1-482d-b292-04c00fc6eac4",
      "Value": "\"짐승들을 처리하고 다시 돌아올 거야. 안녕히.\""
    },
    {
      "Key": "327f1e59-9b93-4b93-8a63-94ac86ee66f7",
      "Value": "\"우리는 위험한 곳에서 함께해야 해. 여행 중에 나를 도운다면 좋을 텐데.\""
    },
    {
      "Key": "e4a503bc-d10e-4b3f-bef5-51171c825c3b",
      "Value": "\"짐승은 물리쳤어. 이제 뭘하지?\""
    },
    {
      "Key": "a3434e3e-31da-4f88-b995-308c53d1d4a8",
      "Value": "\"짐승들은 죽었지만 다른 문제가 생겼어. 안녕히.\""
    },
    {
      "Key": "e0be4284-4f8f-4d3e-abe2-82f85c5c46ff",
      "Value": "\"네가 도와준다면 환영이야.\""
    },
    {
      "Key": "cfab4a64-652d-430d-a0e0-07e8192c5c4e",
      "Value": "\"네 도움이 필요 없어.\""
    },
    {
      "Key": "48855c37-2a5b-473e-8da2-54d7ca949925",
      "Value": "\"짐승들은 물리쳤어. 이제 나와 여행할 준비가 되었어?\""
    },
    {
      "Key": "f3548072-4e6c-4137-b4d7-ea268a0e3a40",
      "Value": "\"너는 나에게 빚을 졌어. 사제. 날 섬겨서 빚을 갚아야할 것 같은데.\""
    },
    {
      "Key": "d6f94210-5005-4b2e-8fdd-ac6a238537e5",
      "Value": "\"서렌레이의 성직자? 빛의 축복이 가득하길! 이제 그녀의 도움을 받을 수 있겠어!\""
    },
    {
      "Key": "731a5986-1109-41e2-a63d-568b5557c4b1",
      "Value": "{n}한 젊은이가 그의 이마를 닦습니다. 그의 얼굴은 창백하고 단정한 머리칼은 엉망이지만 그의 시선은 한결같이 정직합니다.{/n} \"맹세컨데, 낯선 이를 보고 이렇게 반가웠던 적은 없었습니다! {g|Sarenrae}서렌레이{/g}께서 주신 힘으로도 거의 질 뻔 했지요. 감사합니다. 제 이름은 트리스티안입니다.\""
    },
    {
      "Key": "35a21ecd-a69a-41e2-a368-1a9027a4f7e1",
      "Value": "{n}심한 부상을 입은 청년은 눈을 들어올려 기도 같은 것을 속삭입니다. 그의 얼굴은 창백하고 호흡은 가파르지만 눈빛은 결의로 불타오릅니다.{/n} \"적절한 시기에 도와주셔서 감사합니다. 저는 트리스티안이라고 합니다. 자비로우신 {g|Sarenrae}서렌레이{/g}의 사제지요. 당신이 아니었다면 제 운명보다 먼저 그녀에게 갔을겁니다.\""
    },
    {
      "Key": "a348f280-0341-470a-86ad-1aea43b59439",
      "Value": "\"정말 친절하시군요.\" {n}트리스티안은 당신을 신중하게 바라봅니다.{/n} \"낯선 이에게 친절을 베푸는 일은 요즘 시대에 별로 흔한 일이 아닙니다. 하지만 걱정하지 마십시오. {g|Sarenrae}서렌레이{/g}의 사제는 치료에 능숙합니다. 제 스스로 치유할 수 있습니다.\""
    },
    {
      "Key": "c7718711-e936-41ad-a32d-1b4fbe6345d5",
      "Value": "\"저는 {g|Sarenrae}서렌레이{/g}의 사제이자 숙련된 치유사입니다. 가능한 조치는 모두 취했지만 제 힘이 충분히 돌아올 때까지는 시간이 걸릴 겁니다. 하지만 걱정하지 마십시오. 저는 {g|Oleg's Trading Post}교역소{/g} 근처로 가서 회복하면서 기다리고 있겠습니다.\""
    },
    {
      "Key": "fb4e8906-14c8-4f15-bf8d-8f3705dcc608",
      "Value": "\"이 안개를 조사하고 있었습니다. 당신께서도 이미 이 안개가 마법으로 만들어진 것이라는 걸 알고계실거라 생각합니다. 저는 빛의 여신인 {g|Sarenrae}서렌레이{/g}를 섬기고 있습니다. 이 사악한 마법이 태양으로부터 생명체들을 고립시키고 있다는 사실을 알고 적지 않게 놀랐지요. 안개가 어디서 나오는지는 찾을 수 있었지만 주제넘게 나선 나머지 그 짐승에게 당할 뻔 했습니다.\""
    },
    {
      "Key": "c32b3717-8e16-4d8f-947f-2c7a60282eba",
      "Value": "\"님프와 대화해본 적은 없지만... 당신의 생각이 정확하다고 믿습니다. 이 신전을 점령하고 있는 생물들은... 평범한 동물과는 다릅니다. 짐승들을 이곳으로 몰려오게 한 힘은 안개와 관련이 있습니다. 짐승들은 마치 파도 속에서 춤추는 배를 고정시켜주는 닻처럼 안개를 잡고 있어요. 제가 보기에 짐승들을 물리치면 안개는 곧 사라질 겁니다.\""
    },
    {
      "Key": "4f39103e-537c-4aa9-9406-2c0d23baddb3",
      "Value": "\"{g|Sarenrae}서렌레이{/g}가 축복을 내리시길! 제 지식에 의하면, 이제 안개는 약화되고 결국에는 완전히 사라질 겁니다. 기다리기만 하면 됩니다... \" {n}트리스티안은 약간 떱니다.{/n} \"혹시 어딘가에 쉴 만한 곳이 있겠습니까?\""
    },
    {
      "Key": "11f9803b-c5de-4fa8-93a1-a7c80c9d189a",
      "Value": "{n}트리스티안은 참을성있게 기다리고 있습니다.{/n}"
    },
    {
      "Key": "a3ae68a4-e7b3-4edd-8f92-7cdfe60a281d",
      "Value": "\"당신을 기다리겠습니다. 이 안개가 저를 괴롭히는군요.\" {n}트리스티안이 한숨을 쉽니다.{/n}"
    },
    {
      "Key": "6e8083ba-5521-49b5-b512-daf9f0a9133c",
      "Value": "\"잠깐 기다리십시오! 당신 덕분에 목숨을 건졌습니다. 저는 유물이나 보물같은건 없지만, 사제로서의 신성력과 지식을 가지고 있습니다. 당신의 여정을 돕고 싶습니다.\""
    },
    {
      "Key": "1c698242-3c6c-4e2f-977c-d33873f60bda",
      "Value": "\"아쉽게도 지금은 부상 때문에 당신과 함께 할 수 없습니다. 저는 {g|Oleg's Trading Post}교역소{/g}로 가 있겠습니다. 상처가 회복되면 제 목숨을 구해주신 빚을 갚도록 하겠습니다.\""
    },
    {
      "Key": "2d6b17b0-3080-4ed6-ab9a-38f9055669e8",
      "Value": "\"고맙습니다. 제가... 제가 도움이 되었으면 좋겠습니다.\""
    },
    {
      "Key": "9aa1255b-9271-4ff8-9652-b9d8d688fda5",
      "Value": "{n}트리스티안은 고개를 숙입니다.{/n} \"제 마음과 신념은 선으로 보답하라고 얘기하는군요. {g|Oleg's Trading Post}교역소{/g}에 있겠습니다. 마음이 바뀌면 저를 불러주세요.\""
    },
    {
      "Key": "f8908d6d-d833-4e4f-864e-0e2f779cb1f8",
      "Value": "\"{g|Sarenrae}서렌레이{/g}의 광신자로군! 수천 년 동안은 저런 녀석들을 보지 않았으면 좋겠어.\""
    },
    {
      "Key": "4007c69d-a524-42bb-84e4-3b2094763c4e",
      "Value": "\"물론 네 얘긴 아니야. 서렌레이 신도를 통틀어 뙤약볕에 뇌가 말라버리지 않은 사람은 너뿐일 테니까.\""
    },
    {
      "Key": "e56f6b76-33ca-41ce-b6e3-b0877b0c3c90",
      "Value": "\"짐승들을 퇴치하고 난 뒤에 당신의 권유를 생각해 보겠다고 약속하겠습니다. 하지만 지금은 숨 좀 돌리게 해주세요.\""
    },
    {
      "Key": "3dba8650-9a55-4a3a-8fd3-617b80235dde",
      "Value": "\"당신은 제 목숨을 구했고, 선은 선으로서 갚고 싶습니다. 당신의 여정을 기꺼이 돕겠습니다.\""
    },
    {
      "Key": "a20c07b3-4fe6-4abe-97c8-049811b7c8e1",
      "Value": "\"우리는 {d|c11 Tris saved}함께{/d} 많은 좋은 일들을 행할 겁니다! 확신합니다.\""
    },
    {
      "Key": "f3b24f85-bd63-4c9f-8b7d-e6e91184b3c9",
      "Value": "\"그건... 충분히 공정한 요구인 듯 하군요.\""
    },
    {
      "Key": "b7568548-e195-4a21-943f-59f59a5636b9",
      "Value": "\"그 말을 들으니 기뻐. 여신이 나를 여기로 보내 돕게 했다.\""
    }
  ]
}