{
  "$id": "1",
  "strings": [
    {
      "Key": "5e05ccc5-79e4-4793-be30-7c8eed21d898",
      "Value": "\"여기서 무슨 일이 일어난 거지?\""
    },
    {
      "Key": "2c5270cb-489a-4eb0-a7fb-89806dd42ab9",
      "Value": "[나무꾼을 공격합니다] \"페이를 무시하면 어떻게 되는지 보여주겠다!\""
    },
    {
      "Key": "c8e54e67-8b30-4666-b817-571cde193e4c",
      "Value": "[멜리안스를 공격합니다] \"나는 협상하기 위해 여기 오지 않았다. 그녀를 공격하라!\""
    },
    {
      "Key": "d5829a71-dda3-43e9-bfb1-64c344522216",
      "Value": "[인질을 구하기 위해 마법 해제를 사용합니다] \"내가 마법을 해제했어! 너는 자유야!\""
    },
    {
      "Key": "e50b0591-4450-4b46-92fb-3cf5d40bfeb7",
      "Value": "\"숲이 크다. 너는 다른 나무를 벨 수 있을 거야.\""
    },
    {
      "Key": "2ffb5cb7-ec34-4f7e-a571-ae18123315ee",
      "Value": "\"페이와 싸우는 것은 성가시다. 그들이 말랐어도 얼마나 강력한지 너는 물라.\""
    },
    {
      "Key": "00119a5c-e85d-4613-83c9-8740d2143140",
      "Value": "\"너의 상황을 생각해 봐. 멜리안스. 이 자들은 평화롭게 떠나기를 원한다. 더 많은 것을 요구하면 위험할 수 있다.\""
    },
    {
      "Key": "85947062-1461-4e7e-b02e-efb5cdf18dd3",
      "Value": "\"이미 자른 나무를 어떻게 되살리겠어?\""
    },
    {
      "Key": "07b3cd7b-de8d-4b54-9996-05bdcb877367",
      "Value": "\"들었어, 코락스? 마법 물품 가게에서 깃털 토큰을 사오면 그녀가 쟤들을 풀어줄 거래.\""
    },
    {
      "Key": "ddadbe81-f621-410c-af88-0bea3f7f4fac",
      "Value": "\"멜리안스. 그들은 이곳을 떠나 다시는 돌아오지 않을 거야. 제발 인질을 풀어줘.\""
    },
    {
      "Key": "b3863af4-6b7d-4360-b629-6314a919f2ec",
      "Value": "\"나는 이 땅의 남작이다. 나는 이 숲을 벌목할 권리를 누구에게도 주지 않았다. 떠나지 않으면 후회할 것이다. \""
    },
    {
      "Key": "c3fcde19-9b2a-4ae4-8f8c-df57fbff5bf3",
      "Value": "\"그들을 풀어줘. 멜리안스. 이 사람들은 가족이 있다.\""
    },
    {
      "Key": "42433101-9def-44b0-be3d-57d7c6528d15",
      "Value": "[모두 공격합니다] \"나는 관심이 없다. 몸 조심해라!\""
    },
    {
      "Key": "c28eaf74-5737-4d44-aae0-eb0309464d17",
      "Value": "[나무꾼을 설득합니다] \"이봐, 친구들. 들어봐...\""
    },
    {
      "Key": "38e9dc91-c0f0-4522-8ded-8b2f4287ac46",
      "Value": "[다른 방법을 사용합니다] \"좋아. 내 얘기를 잘 들어봐...\""
    },
    {
      "Key": "f8146ea6-6c02-46f8-8443-2ed8a72041ae",
      "Value": "[힘으로 문제를 해결합니다] \"그거 알아? 사실은...\""
    },
    {
      "Key": "a091aba6-0468-47b9-b868-0bf9476a3a46",
      "Value": "[다른 해결책을 찾아봅니다] \"잠깐. 해결할 방법을 찾아볼 수 있을 거야.\""
    },
    {
      "Key": "e11232b2-6bdb-4b5e-b8eb-e7a94e318301",
      "Value": "\"잠깐. 깃털을 가져올게.\""
    },
    {
      "Key": "9a3c06bc-8408-4f7f-877e-465bf6853e82",
      "Value": "[떠난다] \"너희 싸움에 관심이 없다. 가던가 원한다면 싸워라. 하지만 조심해.\""
    },
    {
      "Key": "b84125a7-59f2-4ab2-a16b-9b04739c3648",
      "Value": "{n}나무꾼처럼 보이는 도끼 든 덩치 큰 남자들의 무리가 연약한 닉시를 위협하고 있습니다. 두 명의 나무꾼이 연약한 그녀 앞에 서있습니다. 우두머리 나무꾼이 주먹을 휘두르며 소리를 지릅니다.{/n} \"그들을 보내줘. 망할 녀석아! 그렇지 않으면 이 썩은 나무를 태워버리겠어!\""
    },
    {
      "Key": "8120196b-1ddd-4c64-a028-fc0d81e93d93",
      "Value": "\"이 괴물아! 그리고 내 이름은 멜리안스야. 배은망덕한 녀석아! 계속 무례하게 군다면 이 덩치들을 호수로 빠트려버리겠어!\""
    },
    {
      "Key": "e83a8e0a-8231-468b-9869-cf4a625671ed",
      "Value": "{n}당신을 보자 우두머리 나무꾼이 웃으며 손을 흔듭니다.{/n} \"너. 거기! 싸움 좀 하는 거 같은데? 돈 좀 벌고 싶지 않아? 내 이름은 코락스고 우리는 이 숲의 나무꾼이다. 이 고르곤의 손아귀에서 우리 동료들을 구하기 위해 네 도움이 필요해!\""
    },
    {
      "Key": "70473841-7301-4d23-b1a8-c3b8c1424c24",
      "Value": "\"우리는 나무를 베고 있었는데 이 녀석이 갑자기 나타나서 두 녀석을 끌어내 위협을 했어. 페이들이 토끼처럼 돌아다닌다면 우리 같은 정직한 나무꾼은 무얼 하겠어?\""
    },
    {
      "Key": "3b673af6-649d-491f-a92a-296b17e18787",
      "Value": "\"멍청한 녀석! 돌아다니는 녀석은 너야. 우리는 여기서 계속 살아왔어! 나는 백년도 넘게 이 나무에서 살았고 나뭇잎 하나까지도 다 알고 있는데 너 희 같은 멍청한 나무꾼이 나타나서 모든 것을 망치고 있어!\""
    },
    {
      "Key": "8196ca88-3939-4a17-b8e8-5803c6955ce2",
      "Value": "\"네가 요청했어! 이봐. 너희 둘! 이 멍청이들이 나를 해치고 싶어해. 그런 일이 생기지 않게 해줄 거지?\""
    },
    {
      "Key": "df331967-383b-49c6-b5d7-7d98e7d57139",
      "Value": "{n}당신은 이 주변의 자라는 나무들은 fey가 살지 않는다고 나무꾼에게 말해주었습니다.{/n}"
    },
    {
      "Key": "dfb079ab-3328-465b-836c-7a2b8103ce57",
      "Value": "\"이 나무들 만큼 좋은 나무들도 많아. 하지만 어떻게 찾아야 하지? 혹시 페이가 살면 어떻게 해?\""
    },
    {
      "Key": "0d65256c-f8d5-4128-84b3-969faed5f7d4",
      "Value": "{n}나무꾼은 닉시를 의심스럽게 바라봅니다.{/n}"
    },
    {
      "Key": "5c1be8b3-9029-46c0-b4ac-c8f0ee59ebbb",
      "Value": "\"그러면 이제 어떻게 하지? 그만두고 일을 끝내야 하나? 숲에는 엄청나게 많은 짐승들이 있어. 그 짐승들을 상대할 수는 없어! 포기하는 대신 우리는 모두 쓸어버릴 때까지 싸울 거야!\""
    },
    {
      "Key": "23f70948-888b-4f8c-93f1-760f1d203ac3",
      "Value": "\"오. 그래! 그러면 누가 내 나무를 다시 가져올 거야? 그들은 여기에 와서 눈에 보이는 모든 것을 박살 내고 떠났어. 거래 따윈 상관 없어. 나무를 되돌려 놓지 않으면 너희를 보내지 않을 거야!\""
    },
    {
      "Key": "dacb3351-d783-472d-becc-ff2bf8e269c9",
      "Value": "\"네가 나를 강요하면 이 둘과 함께 호수로 들어갈 거야! 나는 물에서도 숨 쉴 수 있지. 그들도 그럴까? 한번 알아보자고!\""
    },
    {
      "Key": "774a717e-fc81-46e7-a9fd-d3f747b3bd27",
      "Value": "\"너희 인간들은 항상 이래! 파괴하고, 파괴하고, 파괴하고, 너희들이 어지럽힌 것을 치울 때까지 파괴하지! 흥! 사라져. 좋아. 뭘 해야 할지 모르나본데 내가 알려주지.\""
    },
    {
      "Key": "4eb46f75-9e5b-4454-a55d-d911def373f8",
      "Value": "\"마법의 가게에 뿌려댈 금이 있다고 생각해? 우리는 겨우 가족들을 먹여살린다고!\""
    },
    {
      "Key": "3095b3c1-10a4-477f-8fa0-79b818337edc",
      "Value": "{n}나무꾼은 당신을 무표정하게 쳐다봅니다.{/n} \"네가 그렇게 말한다면... 통치자의 말이 법이야.\""
    },
    {
      "Key": "4cf428c6-7f52-41c5-b6f8-add2b891864a",
      "Value": "\"대체 어떤 통치자가 자신의 백성으로부터 괴물을 보호하지?\""
    },
    {
      "Key": "64816331-064b-4917-a6f9-552cbed4c446",
      "Value": "\"내가 그들을 보내주면 모두 나를 공격할걸! 이 바보들이 가족들에게 돌아가려면 내 나무를 자르지 않겠다고 먼저 약속해야 해!\""
    },
    {
      "Key": "f48dbad5-2954-4fc2-bc1d-d2d06efacdb6",
      "Value": "\"좋아, 좋아. 우선 이 나무를 자르지 않아서 다행이군. 그녀가 내 친구들을 돌려준다면 우리도 조용히 떠나겠어. 약속하지!\""
    },
    {
      "Key": "9337ef52-8f83-4059-accc-8d8029707bfd",
      "Value": "\"깃털처럼 보이는 마법 물품이 있어. 깃털 토큰이지. 땅에 던지면 어디서든지 나무가 불쑥 자라나. 너희 마법사들이 만들 수 있어. 두어개 쯤 산다고 주머니가 거덜나지는 않아. 내 사촌 티레시아도 만들 수 있어. 그녀는 {g|Narlmarches} Narlmarches{/g}에 살지. 네가 그것을 가져오면 네 친구들을 풀어주겠다!\""
    },
    {
      "Key": "bbabefca-61b0-406b-9000-f801e7b47c72",
      "Value": "\"그들은 여기서 기다리고 있을 거야. 그들이 할 일은 별로 없어. 그렇지?\" {n}닉시는 나무꾼의 머리를 쓰다듬으며 깔깔 웃습니다. 그는 그녀에게 충실히 미소짓습니다.{/n}"
    },
    {
      "Key": "7614ec14-5f1d-4838-842c-e50556a17c3c",
      "Value": "{n}멜리안스는 물갈퀴가 달린 자신의 손을 코락스에게 뻗으며 위협적인 얼굴을 합니다.{/n} \"으어어어어!\""
    },
    {
      "Key": "6f552d23-fec5-4b3c-aaa0-955d1720ecee",
      "Value": "{n}나무꾼은 서로 눈길을 교환하고 도끼를 듭니다.{/n}"
    },
    {
      "Key": "f6e763a9-87b5-4f3e-ab98-71538afea9c0",
      "Value": "{n}닉시는 나무꾼을 우울하게 쳐다봅니다.{/n}"
    },
    {
      "Key": "f8565588-fe10-44f6-9a51-f1ef319b5bfa",
      "Value": "{n}상황이 급박해지고 있습니다. 전투가 시작됩니다.{/n}"
    },
    {
      "Key": "ccd68ab3-77fd-462e-92fd-261b7d6ea732",
      "Value": "{n}매혹된 나무꾼들은 닉시를 경외에 찬 눈빛으로 봅니다.{/n}"
    },
    {
      "Key": "82246328-abcb-493a-b238-407b46d16ab2",
      "Value": "\"불행을 자초하시는 거예요. 헤아릴 수 없이 깊은 숲인 데다가, 자연 그대로의 모습을 간직하고 있어요. 그 속엔 끔찍한 비밀이 도사리고 있다고요. 페이한테 마법으로 한 번 두들겨 맞고 나시면, '아 내가 잘못 생각했구나. 장작 좀 얻자고 이런 끔찍한 곳에 발 들이는 게 아니었는데.'하고 생각하실 거예요. 하지만 그땐 이미 늦었죠. 달리 손쓸 방법도 없을걸요!\""
    },
    {
      "Key": "63655fe4-11c8-47d9-b677-134a8eb42b64",
      "Value": "\"우린 그녀를 도와줘야 해! 아니 그들을! 아. 모르겠어. 왜 사람들과 페이는 평화롭게 살 수 없지?\""
    },
    {
      "Key": "7dfaf333-ba55-464a-90af-99d3e47a481a",
      "Value": "\"닉시가 우승할 확률이 더 크다.\" {n}제이탈은 그녀의 턱을 만지며 웃습니다.{/n} \"내가 옳은지 보자.\""
    },
    {
      "Key": "a5a015a5-bab4-4e05-ad8e-2983c5a1b821",
      "Value": "\"그냥 다 죽여서 끝내자!\""
    },
    {
      "Key": "eb09509a-9f7d-4cb2-83d0-2b3107a9b022",
      "Value": "{n}우두머리 나무꾼이 저주를 중얼거리며 깊은 한숨을 쉽니다.{/n} \"알았다고! 아이들을 보내 깃털을 구해오라고 하겠어. 나는 동료의 자식들과 아내에게 동료가 시퍼런 괴물에게 익사해 죽었다고 말하기 싫으니까!\""
    },
    {
      "Key": "eb3d780d-0463-41c8-9652-8dda7a5de06d",
      "Value": "{n}닉시는 입술을 삐죽 내밉니다.{/n} \"이 비열하고... 더러운... 멍청이... 꺼져!\" {n}훌쩍이며 fey는 호수로 뛰어들어갑니다.{/n}"
    }
  ]
}