{
  "$id": "1",
  "strings": [
    {
      "Key": "73ade55c-3ff0-48d3-9268-8a80baa22099",
      "Value": "\"당신 이야기가 궁금해요.\""
    },
    {
      "Key": "0e7dc482-d5eb-4cde-8588-2dc5e8bf19c1",
      "Value": "\"처음부터 말해봐.\""
    },
    {
      "Key": "3e11a75d-070e-41d0-a5ee-cd7af9804334",
      "Value": "\"그래서 Chelish 귀족이 당신을 왜 화나게 했지요?\""
    },
    {
      "Key": "fd0dde72-e77c-44d9-bb55-9ca93827397b",
      "Value": "\"어떻게 마몬과 협정을 맺었어요?\""
    },
    {
      "Key": "17ebf227-3789-4f02-aac0-a05017710789",
      "Value": "\"마몬과 협상의 요지는 뭐지요?\""
    },
    {
      "Key": "e105c3bf-a843-4cf2-ba25-24a224d0cf75",
      "Value": "\"항상 왕이 되는 꿈을 꾸었습니까?\""
    },
    {
      "Key": "c61a8c32-592e-4439-b11a-6c8cb7c2a27c",
      "Value": "\"다른 질문이 있습니다.\""
    },
    {
      "Key": "0d980036-2262-480d-9692-959e44351a1e",
      "Value": "\"안녕히 계세요, 전하.\""
    },
    {
      "Key": "d5ceeb1e-b048-4bbc-a20b-7055ef40596c",
      "Value": "\"브라인하트는 어떻습니까?\""
    },
    {
      "Key": "7efd0c52-8135-400f-93b1-5cffc0c71c0c",
      "Value": "\"Hellknights가 다시 여기에 나타날까 걱정되지 않나요?\""
    },
    {
      "Key": "4848759d-f0ea-4ead-b1c9-0dbd18f5a2c1",
      "Value": "\"브라인하트에 오신 것을 환영합니다! 보시다시피 우리는 잘 정착하고 있습니다. 린시아를 제 도시에서 몰아내는 데 도움을 준 것에 대해 다시 한 번 감사드립니다. 그 여성은 힌트를 얻지 못할 것입니다.\" {n}{d|darven}다르벤{/d}의 웃음은 기쁨으로 빛납니.{/n}"
    },
    {
      "Key": "4dc61c5b-16a2-4400-a08b-48cc6b2f593c",
      "Value": "\"브라인하트에 오신 것을 환영합니다!\" {n}다르벤은 상냥한 미소를 지었습니다.{/n}"
    },
    {
      "Key": "df412c7c-89e6-4cd4-9f13-f01e17386abb",
      "Value": "\"다시 말하게 되어 행복할 겁니다. 아니면 그 중 일부분에 관심이 있습니까?\""
    },
    {
      "Key": "f8f49535-5ac9-42d7-a1ef-5a65cadcf089",
      "Value": "\"결투에 관한 모든 이야기와 {g|Cheliax}Chelish{/g} 귀족에 관해 조금 더 많은 이야기가 있습니다.\""
    },
    {
      "Key": "1d655ece-e8d8-4142-b703-650991ba086e",
      "Value": "\"글쎄 정확하지는 않습니다.\" {n}다르벤이 웃습니다.{/n} \"그의 이름은 {g|Mammon}마몬{/g}이며 그는 고위 데블 중 하나입니다. - '열정의 왕자'라고 들었습니다. 그는 나와 협정을 맺었지요.\""
    },
    {
      "Key": "a3cf1e2c-d3b2-40ad-8ccb-32f61638cae0",
      "Value": "\"그 {g|Cheliax}Cheliax{/g} 귀족은 {g|Mammon}마몬{/g}과 협정을 맺기도 했고 나는 Cheliax 귀족에게는 평범한 것이라 생각했습니다. 그리고 그 귀족도 서둘러 거래를 끝내지 못했습니다. 그를 죽임으로써 나는 마몬의 감사를 얻었고 그는 나에게 비슷한 협약을 제안했습니다. 골드와 내 소중한 꿈이 실현되는 것이지요. 그것이 그가 약속 한 것입니다. 그러면 내가 어떻게 안된다고 말할 수 있겠습니까?\""
    },
    {
      "Key": "df6196b4-faab-4fab-88cc-fc47a5c8f4d9",
      "Value": "\"나는 더도 말고 덜도 말고 왕이 되려 했습니다. {n}다르벤은 웃습니다.{/n} \"나의 왕국의 사람들은 {g|Mammon}마몬{/g}을 그들의 공식적인 신으로 숭배하고 그의 사원에 세금을 내야 합니다. \""
    },
    {
      "Key": "befcf5d4-cdd3-442d-88ca-34a9a4133eae",
      "Value": "\"어려운 일이 아닙니다. 특히 돈이 충분하다면 말입니다. 문제는 린시아입니다. 내가 왕국의 첫 번째 초석을 놓을 때 나는 쉬운 대상이 되었습니다. 그녀는 즉시 나를 찾아 갖가지 고문 도구를 소개 할 것입니다.\""
    },
    {
      "Key": "b61a1aaf-ea3c-4694-8811-3222eb58f74b",
      "Value": "\"당신 덕분에 나는 이 불명예스러운 운명을 피할 수 있었습니다.\""
    },
    {
      "Key": "c120147e-e3d7-4ba5-9984-038e5a1aec2e",
      "Value": "\"나는 그들 모두에게 기꺼이 대답 할 것입니다.\""
    },
    {
      "Key": "c6563a33-d85d-461b-b07f-66e9e0033012",
      "Value": "\"안녕히 가십시오. {mf|영주님|영주님|전하|전하}. 언제든지 다시 오셔도 좋습니다. 언제나 환영합니다!\""
    },
    {
      "Key": "824b2bb0-f97a-4604-8feb-11c8ba0091f8",
      "Value": "\"오 그래요. 내가 {g|Taldor}탈도르{/g}의 상인 함대로 {g|Inner Sea}내해{/g}를 항해할 때 내 꿈 이었지요. 나는 심지어 나의 왕국 이름을 브라인하트라고까지 생각해 냈습니다. 삐걱거리는 뱃소리와 갈매기들의 울음소리가 들리고 내 머리에는 소금기가 절어있었을 때 이런 부주의한 추억이었지요. \""
    },
    {
      "Key": "37170b23-fd23-4f3e-a543-46f1255aa4f1",
      "Value": "\"내 통치에 따라 무역이 호황을 누리고 있습니다. 세금이 합리적이기 때문에 캐러밴 마스터들이 물건을 팔거나 저장고를 세우거나 밤을 보낼 수 있는 최고의 장소를 찾아내는 데 많은 시간이 걸리지 않습니다. 나는 해적이 되기 전에 무역선을 운영해서 사업하는 방법을 잘 알고 있습니다. \""
    },
    {
      "Key": "33d73578-6f35-4d0b-969c-3df21916e176",
      "Value": "\"그들을 들이시죠. 나는 이미 괜찮은 경호원을 고용했고 신뢰할 수 있는 이웃이 있습니다.\" {n}다르벤이 인사합니다.{/n} \"게다가 나는 {g|Cheliax} Cheliax{/g}에 정보원이 있습니다. 그래서 {g|Hellknights}Hellknights{/g}가 기습해서 나를 데려 갈 확률이 희박합니다.\""
    },
    {
      "Key": "121ac574-0307-4b5f-be84-1e0f995c2e67",
      "Value": "\"사람들은 내 안에 좋은 통치자의 면를 보았습니다. 나는 그들을 단념시킬 의미가 없습니다. 반대파가 없지요.\" {n}다르벤이 웃습니다.{/n} \"미소는 당신에게 많은 문을 열어 줄 것입니다. 그러나 미소와 날카로운 칼은 더 많은 문을 열 것입니다.\""
    }
  ]
}