{
  "$id": "1",
  "strings": [
    {
      "Key": "521ebb4b-7f9e-40a2-a3a6-4d453b189fa2",
      "Value": "{g|Military7_1}[선택 시 효과]{/g} [250 BP 지불] \"내 백성들은 이미 충분히 피를 흘렸다. 우린 용병을 고용하기에 충분한 금을 가지고 있다.\""
    },
    {
      "Key": "0205b98a-c003-4f4b-b8e0-79eb1f8d5fad",
      "Value": "{g|Military7_2}[선택 시 효과]{/g} \"나는 용병을 믿지 않는다. 그들은 패배에서 잃을 것이 없지. 병역 의무제를 시행하겠다.\""
    },
    {
      "Key": "e1cadf0a-80ae-4372-b3d1-275faee5858e",
      "Value": "{g|Military7_3}[선택 시 효과]{/g} \"우리는 북방의 야만인조차 물리쳤다! 다른 적들은 감히 우리에게 도전하지 못할 테지. 그냥 이대로 유지하도록 한다.\""
    },
    {
      "Key": "22f2c8d0-ff90-4f38-aa58-30b06ffc54a7",
      "Value": "\"넌 나의 장군이다. 네 판단을 믿도록 하지.\""
    },
    {
      "Key": "af4edd3a-121d-4285-9422-e10ee2e72a30",
      "Value": "\"족장, 고민이 있다. 우린 {g|Numeria}누메리아{/g}와 좋은 싸움을 했다. 우리 병사들은 켈리드처럼 용감하게 싸우다 죽었다. 대단한 영광이지. 모두가 알다시피, 영광을 얻는 가장 좋은 방법은 이미 영광을 가진 이를 이기는 것이다.\""
    },
    {
      "Key": "caf83097-3876-40c1-9662-8446bbc5358f",
      "Value": "\"{name}, 얘기할 게 있어. 우린 {g|Numeria}누메리아{/g}놈들을 일렬로 세워놓고 채찍질하는 좋은 쇼를 펼쳤지. 하지만 그 와중에 많은 병사를 잃었어. 우리 착한 이웃들은 우리 영토를 어떻게 갈라 먹을지 상상하고 있을 거야.... 그게 바로 대비해야 할 일이지. 더 늦기 전에 재정비해야 해.\""
    },
    {
      "Key": "e1eb9e59-d49b-4df7-984f-3eb5cf973ea1",
      "Value": "\"용병들과 흥정해볼게. 내가 장군이 아니었다면 나도 용병이 됐을 거야. 무기도 많고, 금으로 가득 찬 주머니도 얻고, 양심의 가책도 필요 없지. 걔넨 딱 나 같은 놈들이야.\""
    },
    {
      "Key": "2e3473df-44a2-4a83-a908-ad2c0bd62661",
      "Value": "\"백성들은 자신을 보호해 줄 누군가가 항상 있을거라고 생각하지. 나 같은 사람 말이야. 켈리드가 왕국에 도착했을 때 군대가 없다면 어떻게 될지 이 비겁한 놈들한테 설명해볼게.\""
    },
    {
      "Key": "ea02fd76-ec6f-4baf-abf8-5011be7ffc71",
      "Value": "\"더 큰 군대가 필요해. 도시에는 많은 용병들이 자신의 기술을 팔고자 하지. 하지만 나는 그놈들을 믿지 않아. 그놈들은 장군이 아닌 자신의 지갑을 위해 싸우니까. 적이 더 큰돈을 주면 우리 등을 찌를걸? 대신 생각할 수 있는 방법이 있지. 주민들 중에서 신병을 뽑는 거야. 당연히 주민들은 별로 안 좋아하겠지. 하지만 백성들은 자기 땅을 위해 싸우는 법을 배워야 해!\""
    },
    {
      "Key": "a08f99e8-5870-499b-a28b-857dec76be70",
      "Value": "\"주민들을 소집할 수도 있다. 하지만 지원자는 이미 소집된 상태거나 죽어서 땅에 묻혀있는 상태야. 이 말인즉슨 약한 놈들을 소집하거나 무력으로 강제해야 한다는 말이지. 우리가 놈들을 잘 훈련시키면 어엿한 군인이 되어있을 거다. 언젠가는 말이지. 별로 밝진 않은 미래지 않나? 그냥 용병들을 고용하는 게 낫다. 그 멧돼지 같은 놈들은 너 같은 지도자 밑에서 싸우고 싶어하니까! 게다가 이놈들은 강하고 거친 놈들이다. 훈련받지도 못한 농부랑은 다르지.\""
    },
    {
      "Key": "8cab1b33-003d-4463-8af5-70ff9349aec1",
      "Value": "\"걱정스런 소식이 있습니다, 전하. 장교들의 보고서를 훑어본 결과, 한 가지 알 수 있는 사실이 있었습니다. 켈리드와의 싸움에 돈이 많이 들어간다는 것 입니다. 영광스러운 승리였습니다만, 많은 희생자가 나왔습니다. 우리 손해를 벌충히야 합니다만, 누구와 해야 할지가 걱정입니다. 국가에서 총동원을 한다면 화난 백성들이 날뛸 것입니다. 지원자들은 이미 모집해뒀습니다. 강제 징병이 필요하지 않을까 제안해 봅니다.\""
    },
    {
      "Key": "239b5b64-ce4a-4567-ae79-1323a4972269",
      "Value": "\"다른 방안은 용병입니다만, 이건 훨씬 별로입니다. 전 명예와 의무 대신 돈을 받으며 싸우는 자들은 믿어본 적이 없습니다. 차라리 백성들을 강제징용 하는 것이 훨씬 낫습니다. 백성들도 훈련을 받고 나면 자기 가족과 국가를 위해 꼭 필요한 일이었다는 것을 이해할 겁니다.\""
    },
    {
      "Key": "be5acbf6-6848-419d-8f21-4590f57a1b50",
      "Value": "\"즉시 징병을 시작하겠습니다. 지킬 가족이 있는 군사들은 제 안위와 돈만 걱정하는 용병들보단 훨씬 낫지요. 진짜 수호자들이 끝까지 이 땅을 지키는 동안 용병들은 분명 도망갈 겁니다.\""
    }
  ]
}