{
  "$id": "1",
  "strings": [
    {
      "Key": "211d10e3-f727-4e6a-b165-76455745fdc3",
      "Value": "{n}아르막의 텐트 근처에서 아미리는 회색 망토를 두른 익숙한 형체를 발견했습니다. 자매는 무력하게 묶여있는 닐락옆에 서 있었습니다. 자매의 손에 들린 단검이 희미하게 빛납니다.{/n}"
    },
    {
      "Key": "9215a6e4-f153-4a46-bb9b-8cb1f6949eb1",
      "Value": "{n}짙은 붉은 안개가 아미리의 눈에 서리면서 동시에 그녀의 심부로부터 분노의 표호가 터져 나온다. 그녀의 몸은 자연스럽게 앞으로 뛰쳐나갔다. 그녀의 머릿속에는 다른 아무것도 없이 오직 하나만이 울려 퍼진다 - 죽인다. 죽인다. 죽인다! {/n}"
    },
    {
      "Key": "ad2d623f-5164-47f2-af33-925c220d431a",
      "Value": "{n} 두가스는 손과 발이 묵이고 입에는 재갈이 물린채 옆에 앉아있다. 그는 증오에 찬 눈으로 그 마녀를 노려보았다. {/n}"
    }
  ]
}