{
  "$id": "1",
  "strings": [
    {
      "Key": "c196eb35-d7d6-436f-899a-d861030879d3",
      "Value": "\"인자한 여신의 신전에 방문한 것 같은 기분이 들지는 않는군요...\""
    },
    {
      "Key": "d403bb88-9da7-46e8-96fa-9788866b88ef",
      "Value": "\"그럼 그 흉터는 셸린이 준 거네요.\""
    },
    {
      "Key": "e6bacd84-05de-454e-931d-dc1fcb90e1c0",
      "Value": "\"갈 준비가 되었습니다.\""
    },
    {
      "Key": "0275a7ea-9e5f-4d95-be50-6060bc20c71a",
      "Value": "{n}발레리는 헐떡이며 이마에서 땀을 훔쳐냅니다.{/n} \"이걸로 끝이군요. 드디어.\""
    },
    {
      "Key": "8c213942-7780-412f-b583-c02032d3cfa3",
      "Value": "{n}발레리는 라르옌에게 돌아서서 기대에 차 그를 바라봅니다 .{/n} \"그들이 먼저 공격했다는 건 여기 있는 모든 사람에게 명백한...\""
    },
    {
      "Key": "aff42879-0a67-4ee2-88ab-c41e4a5a4805",
      "Value": "\"여기서 더 볼일은 없습니다, {name}. 괜찮으시다면, 이 곳을 떠나고 싶군요.\""
    },
    {
      "Key": "758bac73-cbe0-4b4d-a843-6f329b5a0813",
      "Value": "{n}발레리는 비웃으며 대답합니다.{/n} \"이 일 이후로, {g|Shelyn}셸린{/g}의 팔라딘들은 당신의 {mf|남작령|남작령|왕국|왕국}에 해를 끼치는 일이라면 다시금 고민해봐야 할 것입니다. 어쨌든, 대부분 사람들은 프리즘의 기사단의 광신도들보다는 더 신중하긴 하지만요. 가지요! 이 일은 수도에 가서 더 논의해보도록 합시다 - 가능한 빨리 이 장소를 떠나고 싶습니다.\""
    },
    {
      "Key": "5cfad3cf-c3a7-4a74-9fe5-6552bbe8d1e5",
      "Value": "\"...이 유혈사태는 {g|Shelyn}셸린{/g}을 따르는 자들의 어깨에 영원히 무거운 짐으로 남을 것입니다.\" {n}라르옌은 슬프게 고개를 젓습니다. {/n} \"그들을 용서하시오, 발레리. 눈먼 신앙이 판단을 흐리고, 그들을 폭력으로 내몰아, 이 신성한 장소를 어지렵혔소. 셸린의 빛은 이 곳에 쉽사리 돌아오지 않을 것이오.\""
    },
    {
      "Key": "d45caf59-1e17-4412-b917-71fa1de77f50",
      "Value": "\"그렇다면, 상처가 사라졌다는 사실이 의미하는 건 오직 하나뿐입니다. 셸린이 드디어 날 내버려둔 것입니다.저에겐 그걸로 충분합니다. 이제 괜찮으시다면, 기분전환을 좀 하고 싶군요, 얘기는 나중에 하도록 하겠습니다.\""
    },
    {
      "Key": "dd3125a8-0102-4914-9922-119f56198fec",
      "Value": "{n}발레리는 주저하며, 입술을 깨뭅니다 .{/n} \"그럴수도 있겠군요. 모르겠습니다. 어쨌든 제가 한 행동이 {g|Shelyn}셸린{/g}이 상처를 되가져가게 만든 건 분명합니다.\" {n}발레리는 고개를 젓습니다.{/n} \"더이상 생각하고 싶지 않군요. 머리를 비우기 위해 신선한 공기를 좀 쐬야 겠습니다 - 얘기는 나중에 하도록 하지요.\""
    },
    {
      "Key": "80ad8251-1446-4d54-91e4-5470dac08200",
      "Value": "{n}신물이 난 표정을 지으며, 프레데로는 무기를 치웁니다.{/n} \"그렇지만 이 불명예를 씻어내기 위해 우린 가능한 모든 노력을 다할 것입니다. {g|Shelyn}영원한 장미{/g}의 기사단의 행동에 대해, 발레리, 그리고 {mf|영주님|영주님|전하|전하}에게 제 가장 진실한 사과를 드립니다. 사건과 징조를 판단하는데 있어 프리즘의 기사단은 너무 어리고 너무... 열성적이었습니다. \""
    },
    {
      "Key": "d622bc24-0d31-4321-8b86-579724d2e231",
      "Value": "\"시간낭비입니다! 충분히 들었어요. 설교는 더 이상 듣고 싶지 않습니다! {g|Shelyn}셸린{/g}에 관해서라면 한 마디도 더 듣고 싶지 않단 말입니다! 여신이 그들에게 그렇게 중요하다면 속으로나 기도하게 하세요!\" {n}발레리는 무기를 거둡니다.{/n} \"갑시다! 이곳은 목욕이 간절히 생각나게 하는군요!\""
    },
    {
      "Key": "3f62d438-3719-48fa-9746-cf237dba1838",
      "Value": "\"프리즘의 기사단의 팔라딘들이 폭력의 길을 선택한 건 안타깝게 생각합니다. 하지만 그건 그들의 결정이 었지 우리 잘못이 아닙니다.\""
    }
  ]
}