{
  "$id": "1",
  "strings": [
    {
      "Key": "44637e6e-4782-440e-9d21-bf46fe384f29",
      "Value": "\"아미리, 죽음은 피할 수 없거니와 갑작스럽게 맞이해야 한다는 것을 당신이 이해했으면 하오.\""
    },
    {
      "Key": "64eaab07-19ba-4596-a038-6e659eaacd11",
      "Value": "\"너 또 브로테우스인가 뭔가에 대해서 지껄이려는 거야? 으으으으...너 저기 바위가 보여? 거기에 머리를 세게 박고 오라고. 아니면 내가 칠테니까!\""
    }
  ]
}