{
  "$id": "1",
  "strings": [
    {
      "Key": "be015352-c985-421a-989d-07188392e7dc",
      "Value": "\"이런 식으로 앉아있으니 이상하네... 너의 주인이 나타나도 두려워하지 말고 삶을 연명하는 것을 부끄러워해야 해...\""
    },
    {
      "Key": "b69a28a3-e1dc-4dab-bfe0-7a6b5db9dc78",
      "Value": "\"알겠어. 하지만 정신 놓지 마. 너희 주인은 여기 없을지도 모르지만 주위에는 굶주린 괴물이 많아...\""
    },
    {
      "Key": "482525ef-2b34-42a4-aafe-eb9f188a42e3",
      "Value": "\"알겠어. 하지만 정신 놓지 마. 너희 주인은 여기 없을지도 모르지만 주위에는 굶주린 괴물이 많아...\""
    }
  ]
}