{
  "$id": "1",
  "strings": [
    {
      "Key": "946b2ea2-5b27-4195-ab7d-a61ecb9d1edd",
      "Value": "\"이해가 가지 않는군. 죽음을 준비하며 사는 게 무슨 소용이지. 삶을 즐기라고. 하림! 죽으면 아무것도 존재하지 않아.\""
    },
    {
      "Key": "8adf56b4-dc36-4e75-8a11-96775dd9b641",
      "Value": "\"내 삶이 가치있다고 나에게 확신시켜주는 싸구려 기쁨은 원하지 않아. 하지만 모든 길에는 끝이 있다는 걸 알아 기쁘군.\""
    }
  ]
}