{
  "$id": "1",
  "strings": [
    {
      "Key": "3ecaeb81-3632-4b97-8a7d-bb2919fabcb8",
      "Value": "\"뭐? 또?\""
    },
    {
      "Key": "4bcc95ca-ff58-4f38-a55e-68f3e2af5d70",
      "Value": "\"시간이 얼마나 남았지?\""
    },
    {
      "Key": "96ca607b-8568-453f-99c5-54eaf67b94f7",
      "Value": "\"자, 그럼 다음 공격을 대비하자.\""
    },
    {
      "Key": "c009a0d0-91e2-4bc6-8905-55c8bc170ba7",
      "Value": "\"난 이 문제를 완전히 해결하길 원해. 뭔가 추천할만한 거라도?\""
    },
    {
      "Key": "0f1d6f22-60f3-42c8-8822-8ee4a61c4706",
      "Value": "\"영주님, 우리가 승리했습니다! 거미의 침공을 물리치고 그들을 이끌었던 이상한 드라이어드를 물리쳤습니다! 사의의 표시로, 신하들이 영주님의 업적에 대한 특별 보상을 모았습니다!\""
    },
    {
      "Key": "29d66635-bdf6-4a58-b6ab-da7822a51a5d",
      "Value": "\"영주님, 마침내 우리는 영지에서 모든 거미를 소탕했습니다. 쉽지는 않았지요. 몇몇 사람들은 거미에 의해 독살당했고 소 몇 마리가 비명횡사했지요. 그러나 대부분은, 모두 잘 풀렸습니다.\""
    },
    {
      "Key": "22a0510f-78ca-4c96-8f46-e5a3ea81fb09",
      "Value": "\"영주님! 거미의 침략 동안 영지는 엄청난 손실에 고통받았습니다. 사람, 가축 할 것 없이 중독되어 죽었습니다. 거미들이 며칠 전 여기 온 적도 없는 듯이 갑작스레 사라져버렸다는 것을 신께 감사드리는 바입니다. 우리가 이 침략에서 어떻게 살아남을 수 있었는지조차 알지 못하지만, 이건 알지요. 이 사태를 겪은 당신의 백성 대부분은 이후로 거미를 볼 때마다 겁에 질려 뒷걸음질칠테지요.\""
    },
    {
      "Key": "8beb46f9-76e9-4650-9b12-0e7c24cd7ed2",
      "Value": "\"좀 - 의아스럽네요. 진짜로 저주가 거미의 범람을 초래했을까요? 그니까 내 말은, 저주는 오래되고 매우 불길한 거라는 거예요. 거미도 확실히 무서웠지만, 그건 오래되고 불길함은 아니잖아요.\""
    },
    {
      "Key": "e8522c05-a0d6-4979-90ff-4497f1610643",
      "Value": "\"린지의 의견에 동의합니다. 아무래도 이상해 보이는군요. 진짜 저주라기보단 미치광이 드라이어드의 음모처럼 보이는군요.\""
    },
    {
      "Key": "a2397197-71a2-40b4-af49-781bb1c6fa84",
      "Value": "\"그렇다면 민둥 언덕마루의 음산한 분위기는 어떻게 설명할 수 있겠습니까? 우리 둘 다 거기서 느낀 압력이 있었지요, 조드? 어쩌면 저주가 이 불쌍한 드라이어드를 미치게 해서 거미들을 이끌고 저희 영지로 공격해오게 만들었을지도 모릅니다.\""
    },
    {
      "Key": "fbc1858b-a5ba-4815-8746-f8ece36e05a3",
      "Value": "{n}트리스티안은 믿을 수 없다는 듯이 머리를 흔듭니다.{/n} \"어쨌든 우려해야 할 소식이 있습니다. 거미 침공이 끝나고 얼마 안 돼서 다시 민둥 언덕마루를 다시 방문했습니다. 다시 조용해졌더군요.. 그저 예전처럼 우울합니다. 아무래도 저주가 깨졌다고는 생각하지 않습니다. 마치 먹이를 먹기 전에 쉬고 있는 괴물처럼 잠시 누그러든 것만 같습니다.\""
    },
    {
      "Key": "94aa26d6-4240-4fbf-946c-760a04d9d40e",
      "Value": "\"저는... 나쁜 소식을 전하게 되어 유감스럽게 생각합니다. 불행히도, 우린 저주를 영원히 물리치는데 실패했습니다.\""
    },
    {
      "Key": "5b13c586-f591-4445-91de-a9cfb6669964",
      "Value": "{n}트리스티안은 끄덕입니다.{/n} \"현명하십니다. 우리가 저주에 대해 더 많이 알아간다면, 우리가 싸울 수있는 방법을 더 찾아낼 수 있을 겁니다.\""
    },
    {
      "Key": "0508d165-0e19-44d5-a709-a43b9093a6d1",
      "Value": "{n}린지가 눈살을 찌푸립니다.{/n} \"난 이해가 안가요. 주민들하고 이야기했는데.. 이전에는 어떤 거미 침략도 없었고, 민둥 언덕마루에서도 아무 일도 일어나지 않았대요. 이 도둑맞은 땅에 새로운 영주가 나타나자마자 거미떼와 저주가 둘다 나타나기 시작한 거예요. 이 모든 게 엄청난 우연의 일치인 것처럼 보인다구요!\""
    },
    {
      "Key": "1a5b4a85-5fe6-4fa2-a1f6-44558547253e",
      "Value": "\"아, 충분히 시간은 있습니다. 저는 반 년 또는 그 이상이라고 말하고 싶습니다. 지금은 민둥 언덕마루가 다시 조용해졌기에 그 악한 의지가 매우 약하게 느껴집니다. 다음 공격에 대비할 시간은 충분할 것으로 확신합니다.\""
    },
    {
      "Key": "403cffeb-d83d-4edd-899a-f2502e75a65f",
      "Value": "\"그래요, 민둥 언덕마루를 평평하게 밀어버리고, 저주에 종지부를 찍는거예요!\""
    },
    {
      "Key": "8d10307b-05b2-4334-905f-33054ddcd953",
      "Value": "\"어.. 그런.. 단순한 방법으로 이길 수 있을지 의심스럽군요. 저주의 핵심은 의심할 여지없이 민둥 언덕마루를 중심으로 하고 있지만, 거미들은 영지의 모든 곳에서 등장했습니다. 언덕 꼭대기를 파괴하는 것으로 저주를 망가트릴 수 있다곤 생각되지 않는군요. 제 예상은 정반대입니다. 오히려 저들에게 다시 공격하도록 자극하는 것이라고 생각됩니다. 그 방법으로는 안됩니다. 지금 우리가 할 수 있는 최선은 다음 공격에 대비하는것입니다.\""
    },
    {
      "Key": "3274ef2f-5ae2-4264-a00d-5c74689c4d77",
      "Value": "\"그렇게 비관적으로 굴 건 없네, 트리스티안! 우린 분명 그 저주를 극복할 수 있을걸세, 그걸 철저하게 연구만 한다면 말이네만.. 영주님, 저는 이 상황에서 가능한 모든 정보를 모으고 일을 착수하겠습니다.\""
    }
  ]
}