{
  "$id": "1",
  "strings": [
    {
      "Key": "40f8fc3b-d55e-4d8e-b35c-5d3ae59444a0",
      "Value": "\"넌 이로베티가 이 모든 일에 배후에 있다고 생각해?\""
    },
    {
      "Key": "5ad5c853-5d6f-4be8-8116-524ce8006f7e",
      "Value": "\"우리가 괴물들의 공격에 대해 알고 있는 것은 무엇이지?\""
    },
    {
      "Key": "91f38b0f-7115-4e8f-bcda-67fd3be62a1b",
      "Value": "\"이런 찌라시를 퍼뜨리는 것이 누구지?\""
    },
    {
      "Key": "114ddc9c-ae78-464f-bb0e-665af2f79578",
      "Value": "\"이제 그만, 낭비할 시간이 없어.\""
    },
    {
      "Key": "ad0fa384-d3a7-47c9-a677-24605017b9ce",
      "Value": "\"우리에게 공식적으로 이로베티를 폭로할 수 있는 어떠한 정확한 증거가 있나?\""
    },
    {
      "Key": "024b342d-e3c2-4ec1-9f99-9106c1d72542",
      "Value": "\"린지, 대체 무슨 일이야?\""
    },
    {
      "Key": "11c1ff2c-754d-4756-ab88-d0544d8e2524",
      "Value": "\"무슨 소식이든 관심 없다. 또 말도 안 되는 소리나 하겠지.\""
    },
    {
      "Key": "7f756880-171c-42b3-9b00-d5368ec4eb5c",
      "Value": "\"화재예요, 전하, 전염병이에요, 전하... 이번엔 어떤 희소식을 가져왔니, 린지?\""
    },
    {
      "Key": "06d0a437-8bc1-408c-8bf9-145dedf46bfb",
      "Value": "\"내 말은...그래, 정말로.\""
    },
    {
      "Key": "2d933099-a35e-41e1-a498-837575479d15",
      "Value": "\"그럼, 요점으로 돌아가지. 무슨일이지?\""
    },
    {
      "Key": "364eef86-68b2-4830-aa3f-01d9a0001c8d",
      "Value": "\"일을 처리하는 데 첫번째는 가장 민감한 주제를 찾아내는 것이라 생각한다. 좋아, 전부 설해명봐라.\""
    },
    {
      "Key": "06752d25-04ae-4e6f-ba54-c68abe90027c",
      "Value": "\"난 도둑맞은 땅은 도적들을 다루는 데에 익숙하다고 생각한다.\""
    },
    {
      "Key": "40468bd7-eed2-4bfa-add7-fd41ec413937",
      "Value": "\"왜 내가 지금 이 이야기를 듣고 있는 거지?\""
    },
    {
      "Key": "82488889-622e-4a3d-bc29-a0c9513db022",
      "Value": "{n}린지의 볼이 빨갛습니다. 씨근씨근 숨을 몰아쉬는 모습을 보니, 알현실까지 때아닌 달음질을 한 것 같습니다.{/n} \"재앙...재앙이에요, 전하!\""
    },
    {
      "Key": "059f7a5a-bf4b-4854-8ec5-7e9381047cfc",
      "Value": "\"왕국이 불길에 휩싸였어요! 실제 상황은 아니고, 말하자면 그렇다는 건데... 진짜 화재가 난 곳도 있으니까... 차근차근 설명해볼게요. 우선 {g|pitax}피탁스{/g} 접경에서 무장 강도가 주민들을 약탈, 살해하고 있어요. 식료품점을 부수고, 농가나 사유지가 눈에 띄는 족족 파괴한대요! 또, 왕국 전역에서 원인 불명의 괴물 습격이 보고되고 있어요! 마지막으로, 당신을 헐뜯는 무리가 있대요. 비방이 담긴 노래를 부르면서 당신이 왕국을 이끌어갈 능력이 되지 않는다고 비꼬는 전단을 뿌린다고 하네요. 그러니 이로베티 왕에게 충성하라는 거죠!\""
    },
    {
      "Key": "9a173f92-4261-4292-b7aa-a2b37c3aea0f",
      "Value": "\"그 인간 말고 누가 있겠어요? 도적 떼의 공격은 {g|pitax}피탁스{/g}와의 국경을 따라 점차 거세어지고, 당신에 대해 흑색 선전을 일삼는 바드들은 동시에 이로베티를 찬양하는 노래를 불러요! 젠장, 그는 심지어 당신을 조롱할 목적 그 한가지로 러시라이트 토너먼트에 초대했었어요! 그 말고 누가 자신의 상대를 이렇게 비열하고 저급한 방식으로 모함하겠어요? 그 사람밖에 없어요! 그 못되고, 더럽고, 얼뜬 새끼말이에요! 만일 그놈이 여기 있었더라면...\"{n}린지는 마치 보이지 않는 상대의 목을 조르듯이 허공을 휘져었습니다.{/n}"
    },
    {
      "Key": "48ef4560-d1c6-489b-9d19-264ab1a6edbc",
      "Value": "\"맞아요, 한편으론 아니기도 하고요. 광장에서 바드가 우릴 비방하는 노래를 부르고 전단을 나눠주었지만, 잡히진 않았죠. {g|pitax}피탁스{/g} 어딘가에서 이 사람들을 훈련시키고 전단을 인쇄하는 게 분명해요. 문체나 필력으로 보아, 피탁스 {g|Academy of Grand Arts}대 예술 아카데미{/g}를 중상모략에 끌어들였나 봐요. 아카데미 방식을 한눈에 알아볼 수 있었거든요. 저라면, 아카데미 출신부터 조사해볼 거예요.\""
    },
    {
      "Key": "ae0ecdb0-1060-48fa-86f6-482a39ffd1e7",
      "Value": "\"아직은 아니에요. 이로베티 왕이 고용한 요원이라면 뭔가 쓸만한 단서를 가지고 있을 테니까요! 물론 이로베티의 만행을 온 세상에 알리려면 그 방법도 괜찮겠죠. 우리에겐 확실히 도움이 될지도요. 아무튼 이로베티의 밀정을 다룰 땐, 눈을 크게 뜨고 유심히 지켜보셔야 해요!\""
    },
    {
      "Key": "1793d462-0ba9-4c3f-977e-0e9c8d856e35",
      "Value": "\"뭘 생각하셨던 거예요? {mf|왕|여왕}이 된 이유가 고작, 매일 연회를 열고, 신하와 귀부인이 아첨하는 말이나 즐기면서 토너먼트를 개최하고 싶어서였나요? 그 자리는 왕의 자리예요. 왕좌에 걸맞은 사람이 되어주실 수는 없나요!\""
    },
    {
      "Key": "d10f48cb-6a0d-4f8d-b552-b2f0b02ba414",
      "Value": "\"말도 안된다고?! 무슨 일이 있어났는지나 알고 있는거야?!\""
    },
    {
      "Key": "94e3102b-5f43-470e-b58b-847de8b2a8d7",
      "Value": "\"영주들은 공황 상태예요! 소요를 통제하라고 중앙에서 지급한 기금은 바닥났는데, 세금을 징수하지 않고 있어요. 화가 난 백성에게 세금을 걷는 일은 자살 행위나 다름없다면서요!\""
    },
    {
      "Key": "f8a469d3-ba8e-4de5-b653-9cb5f3cf9dab",
      "Value": "\"문제는, 그들이 도적 떼처럼 차려 입었을지 모르지만 행동하는건 완전히 다르다는 점이죠. 도적떼는 농민들을 몰살시키거나, 밭을 태워버리거나, 우물에 독을 풀지 않아요. 그랬다간 다음에는 뜯어낼 누군가도 없을 테니까요! 때때로 그들에게 갈취하는 것이 더 이득이죠. 그게 지역의 무뢰배들이 잘 알려지게 되는 이유이기도 하구요. 그런데 아무도 이 새롭게 나타난 녀석들을 알지 못해요! 그들이 습격하고 지나간 곳에는 시체와 불에 탄 밭들만 남게 되니까요. '우리' 도적떼들이 '외부인들'과 싸우는 지경에 이르렀죠. 몇몇 마을들은 심지어 무기와 보급품들을 모아 '우리' 도적들을 돕고 있어요. 그들은 적어도 목숨만은 살려주기 때문이죠... 그러나 그들이 빼앗긴다는 것은 여전해요.\""
    },
    {
      "Key": "e8fa2c7b-5856-4047-9f99-9d5a7c80afa0",
      "Value": "\"이 보고들는 논란의 여지가 있어요. 보고서에는 당신조차 들어본 적 없는 동화 이야기가 쓰여있죠. 교육받은 와이번들, 갑옷을 입은 트롤들, 심지어 감지할 수 없는 고블린 유령들까지! 그렇지만 모든 증언들이 한 지점에서 수렴해요. 이들이 작은 규모이며, 말 그대로 갑자기 나타났다는거죠. 밭의 한 가운데서, 도시 광장의 한 가운데서, 요새의 난간에서... 한 여관은 괴물들이 침실과 창고에서부터 공동 현관으로 쏟아져 나왔다고 보고했어요. 그리고 사원 주변에서는괴물들이 괴성과 함께 지붕을 뚫고 들어와 기도하고 있던 성도들을 거꾸러뜨렸다고 하고요!\""
    },
    {
      "Key": "0d3bc894-305a-4fdb-b5a3-b0f2f347514b",
      "Value": "\"처음엔 각기 다른 이유로 일어난 사건인 줄 알았죠. 더 큰 그림이 있다고 생각하는 사람은 없었어요... 지금도 이 사실을 깨달은 사람은 드물어요. 하지만 사건사고가 한꺼번에 터지다 보니, 누군가 총공격을 지휘하는 듯한 인상을 받았죠. 장막 뒤에 숨어서 인형 줄을 잡아당기듯이 말이에요. 물론 인형 줄이 죄다 {g|pitax}피탁스{/g}로 연결된다는 증거도 넘치고요!\""
    },
    {
      "Key": "d005e599-cd67-478f-9b56-94c02b3f07ae",
      "Value": "\"시간이 없어요. 우리 땅을 밟고 행군하는 적은 없지만, 왕국 전역에서 하루가 멀다 하고 습격이 일어나요. 성벽에 돌덩이가 날아오진 않아도 왕국은 적군에 포위당한 거나 다름없어요. 지금 이 순간에도 전장이 아닌 가정집에서, 군인이 아닌 수많은 민간인이 희생당하고 있는데, 우리 적은 명분도, 선전포고도 없이 계속 공격을 퍼붓네요. 이제 우리에게 남은 선택지는 단 하나예요...\""
    },
    {
      "Key": "a6c9e915-03d5-460d-9888-37eaf84a6b64",
      "Value": "\"... 이로베티의 엉덩이를 걷어차 주고 {g|River Kingdoms}강의 왕국{/g}에 누가 이 땅에 걸맞은 지배자인지 보여주는 거죠!\""
    },
    {
      "Key": "841d251d-fa47-49aa-aee0-af8f5b41bdb5",
      "Value": "\"몇 시간 전에, 한 전령이 이러한 신비한 사건들과 유사한 것들을 조사하는데 전문가인 레인저 무리의 서비스를 제공하겠다는 서한을 가지고 성에 나타났어요. 그들은 아주 '적은 비용'으로 '이러한 설명할 수 없는 사건들의 본질을 규명'해 낼 준비가 되어 있다고 해요... 제가 판단하기에는, 그들을 고용해야 할 것 같아요. 이런 공격들의 근원을 어디로 가야 찾을지에 대해 우리는 아무것도 알지 못하니까요.\""
    },
    {
      "Key": "7c810898-47a8-4d41-984f-710f867eeca8",
      "Value": "\"서둘러요, {name}. 러시라이트 토너먼트에서의 {d|c51 Rushlight Fail}일{/d}은... 음, 솔직히 참가하지 않는 편이 나았을지도 몰라요. 사람들이 당신을 비웃었거든요. 피탁스에서는 완전히 신망을 잃으셨을 거예요. 이로베티의 흑색선전이 비옥한 토양에 뿌린 씨앗처럼 자라나겠죠.\""
    },
    {
      "Key": "2f20e979-0faa-44b6-ac75-ee4a6fe4df6e",
      "Value": "\"상황이 더 악화될 수도 있었지만, 다행이에요. 러시라이트 토너먼트에서의 당신의 결정적인 승리는 당신과 당신의 능력에 대한 사람들의 {d|c51 Rushlight Cool}믿음{/d}을 정말로 북돋았어요. 이런 말도 안되는 것들이 진정한 위업과 잔학한 만행보다 더 사람들의 마음을 뒤흔든다는게 정말 웃기지만요. 하지만 이걸로 우리에게 유리하게 되었어요. 이 승리에 감사하죠, 우리는 {g|pitax}피탁스{/g}의 미치광이가 우리에게 내던질 비열한 행위가 무엇이든 간에 조금 더 시간을 벌게 되었어요...\""
    },
    {
      "Key": "dabdf574-3e27-43e0-a2cb-67affe537c0d",
      "Value": "\"한 가지 더요, {name}. 러시라이트 토너먼트에서 공연하셨잖아요... {d|c51 Rushlight Neutral}괜찮은 공연은 아니었죠{/d}. 최소한 참가는 했으니, 이 일로 이로베티가 국민들에게 혼란을 주기는 어려울 거예요. 우리 권력 기반을 약화시켜서 왕국을 심연으로 밀어 넣으려는 계획이잖아요? 아무튼 경계를 늦추지 마세요. 한두 달로 끝날 문제는 아닐 테니까요.\""
    },
    {
      "Key": "ac02b658-422a-4e4f-8ee4-62e93e5149c3",
      "Value": "{n}린지의 두 눈이 반짝였습니다.{/n}\"가끔은 왜 제가 당신에게까지 와야 하는지 모르겠어요!\""
    },
    {
      "Key": "c4100fed-d63f-47f8-9804-212f4cba2314",
      "Value": "{n}린지의 웃음소리가 방안을 울렸습니다.{/n} \"하 하! 바보같이! 이번엔 농담할 시간이 없어요!\""
    },
    {
      "Key": "8ac2ba98-ba70-422e-808b-a59edfc27142",
      "Value": "\"저는 우울해지고 싶진 않아요, 하지만...왕국의 운명이 정말로 여기 당신 손에 달려있어요, {name}. 다음 몇 달간 우리가 이 상황을 제대로 통제하지 못하면 어떤 일이 벌어질지 정말로 걱정되요...\""
    },
    {
      "Key": "2822b65b-0e7e-451c-a491-9dc7f01af221",
      "Value": "\"서둘러요, {name}. 러시라이트 토너먼트 참가를 거절하셔서 평판이 바닥에 떨어졌어요. 사람들은 당신이 질까 봐 무서워서 이로베티 왕의 도전을 받아들이지 않았다고 생각해요.\""
    }
  ]
}