{
  "$id": "1",
  "strings": [
    {
      "Key": "2fd930ba-f4e0-4542-a4e4-9bc2e7fbca3b",
      "Value": "[아미리와 합류합니다] \"그래. 가자.\""
    },
    {
      "Key": "79b84914-c2cc-417c-a80c-cef377a2b050",
      "Value": "[여섯곰 부족 캠프를 떠납니다] \"잠깐. 다른 일을 먼저 해야 해.\""
    },
    {
      "Key": "1edd91eb-a6f6-448d-9319-e28364b85380",
      "Value": "{n}아미리는 개조한 칼을 움켜잡고 야영지쪽을 흘끔 보며 당신을 기다리고 있습니다.{/n} \"그래서 가자고?\""
    },
    {
      "Key": "f4e73967-9be5-4446-832e-7d8ec85e06ce",
      "Value": "\"빨리 해.\""
    },
    {
      "Key": "a5e8b2c1-91b3-457e-9f09-40c4acd8ee63",
      "Value": "{n}아미리는 먼 곳에서 텐트를 주시하며 자기 부족을 찾아내려 합니다.{/n}"
    }
  ]
}