{
  "$id": "1",
  "strings": [
    {
      "Key": "8033f168-6a84-45bb-a154-de510019d8ca",
      "Value": "\"당신이 절 좋아하지 않는다는 건 압니다, 레곤가르. 하지만 잊지 마십시오. 우린 같은 목표를 가지고 있다는 걸!\""
    },
    {
      "Key": "75f6bfcd-7d51-4b1e-9979-eb4dc2e53858",
      "Value": "\"공유야 하지. 어떤 놈은 숨어계시지만 말이야. 왜 그러시나, 착해 빠진 양반. 그 작은 손에 피를 묻히기가 그리 겁나시나?\""
    }
  ]
}