{
  "$id": "1",
  "strings": [
    {
      "Key": "ebb7602a-b06b-4c68-bbed-fe7e59f64f96",
      "Value": "\"넌 항상 혼자 연습하는구나. 계속해서 같은 동작만 반복하면 지겹지 않아? 어때, 같이 해볼까?\""
    },
    {
      "Key": "c28be583-c29f-4f5e-9b26-64ff9f028734",
      "Value": "\"좋아, 안 될 거 없지. 그래도 이거랑 별개로 연습은 할 거야. 전투에 있어 가장 중요한 자산은 규율과, 자기 통제, 그리고 강철 같은 의지니까.\""
    }
  ]
}