{
  "$id": "1",
  "strings": [
    {
      "Key": "a9009a6e-2185-4b7d-8bf0-b43be47897e7",
      "Value": "...조심스럽게 접근하여 들키지 않으려 했습니다."
    },
    {
      "Key": "1c6eb492-f9f7-4197-9859-35919b8ad4c9",
      "Value": "...되돌아왔습니다."
    },
    {
      "Key": "f7ef9ef9-aeeb-48c1-81d1-6dfae4f7da1d",
      "Value": "...돌격해서 싸움을 걸었습니다."
    },
    {
      "Key": "2675ae23-073e-47ad-87a5-6a012964e327",
      "Value": "...무장한 채로 설명을 요구했습니다."
    },
    {
      "Key": "24449e7d-dc9a-441a-a246-80365eeb1884",
      "Value": "[닫기]"
    },
    {
      "Key": "aa90fc2a-3103-4e1d-a959-c96d814bd90f",
      "Value": "...서둘렀지만 조용히 하려고 노력했습니다."
    },
    {
      "Key": "0b527a48-ec94-49a5-88b3-1c07f23da68a",
      "Value": "...전투의 함성을 내지르고 온갖 소음을 내며 달려들었습니다."
    },
    {
      "Key": "4f870bf1-2f1a-424b-83d8-21a3db57133d",
      "Value": "[닫기]"
    },
    {
      "Key": "1f8e5fd3-2ac0-4f47-9f3a-ec73a761b639",
      "Value": "[닫기]"
    },
    {
      "Key": "acd742f7-00da-461c-9500-58b1c14c5136",
      "Value": "노멘 언덕을 여행하는 동안 우리는 심상치 않은 것을 보았습니다. 까마귀가 곧 있을 만찬을 기대하듯 원을 그리며 하늘을 날았습니다. 더 불길한 것은 연기가 이어져 구름을 만들고 있었습니다. 그것을 보고 우리는..."
    },
    {
      "Key": "426b98f7-b047-464d-94f7-3e4d93fc7653",
      "Value": "우리를 발견한 조그만 녀석들은 쓰러진 시체를 뒤지다 말고 도망치기 시작했습니다. 시체에는 동전이 가득한 주머니도 있었지만 이런 곳에서는 쓸 모가 없었습니다."
    },
    {
      "Key": "a2a46107-3432-4d5e-8a90-151a37bf7570",
      "Value": "우리가 장난 칠 기분이 아닌 것을 알자 고블린들은 변명하기 시작합니다. \"우리가 아니다! 우리는 아무도 죽이지 않았다! 이미 죽어있었다!\" 고블린들은 서투르게 자신들을 변호하려고 했고 그것은 사실 같았습니다. \"그가 말에서 떨어지고 목이 부러졌다! 말이 죽였다! 우리는 저 고기 안 먹었다!\"\n그들의 이야기를 듣고 우리는 고블린들을 경고와 함께 보내줬습니다. 하지만 그 전에 우리는 그들에게 털어간 물건들을 내놓으라고 했습니다. 물건에는 동전이 가득한 주머니도 있었지만 이런 곳에서는 쓸모가 없었습니다."
    },
    {
      "Key": "2924a488-ec32-4404-a834-7aa305ef5d8a",
      "Value": "말의 다리를 굽던 모닥불의 연기가 올라오고 있었습니다. 요리사는 보이지 않았지만 언덕에 찍혔던 발자국으로 보아 그것은 고블린의 캠프임에 틀림 없었습니다. 그들은 우리의 외침 소리를 듣고 시체에서 털었던 모든 것을 버리고 도망친 것이 분명했습니다. 시체에는 동전이 가득한 주머니도 있었지만 이런 곳에서는 쓸 모가 없었습니다. 고블린을 쫓지 않기로 하고 우리는 시체에 관심을 돌렸습니다."
    },
    {
      "Key": "918c7732-f9e5-4910-99e8-fa14ea54f727",
      "Value": "말의 다리를 굽던 모닥불의 연기가 올라오고 있었습니다. 동물에 대한 두려움보다는 배고픔이 더 컸나 봅니다.\n다른 고블린들은 시체의 옷을 뒤지고 물건을 챙기느라 바빴습니다. 한 고블린이 깃털 달린 베레모를 쓰고 돌아다녔고 다른 녀석은 벨벳 외투를 입었고 다른 두 녀석은 장화 한짝씩 신고는 시체의 웃옷을 덮어쓰고 있었습니다. 그 장면을 보고 우리는..."
    },
    {
      "Key": "21609b93-2090-4bc5-a6f8-289c59ec5eca",
      "Value": "말의 다리를 굽던 모닥불의 연기가 올라오고 있었습니다. 요리사도 보았지만 쫓기에는 너무 늦었습니다. 그들은 재빨리 달아나고 있었습니다. 그 중 하나는 깃털 달린 베레모를 쓰고 있었고 다른 녀석은 벨벳 외투를 입고 있었습니다. 또 다른 녀석은 자신에게는 쓸 모 없는 동전 주머니를 짤랑거렸습니다. 고블린을 쫓지 않기로 하고 우리는 시체에 관심을 돌렸습니다."
    }
  ]
}