{
  "$id": "1",
  "strings": [
    {
      "Key": "70cee091-3bed-4f73-9c3d-e752174a35de",
      "Value": "\"이 질병에 대해 우린 무엇을 알고있지?\""
    },
    {
      "Key": "2d531ba1-56d9-4dcc-a61c-b32b962200fd",
      "Value": "\"나 없이 이 일을 처리할 수는 없나?\""
    },
    {
      "Key": "edcdbf36-4005-48b9-94a1-2a869266cf8d",
      "Value": "\"이 질병의 치료에 진전이 좀 있나?\""
    },
    {
      "Key": "4f01e6a7-a21a-48f2-807f-9de5be8d12ff",
      "Value": "[조드를 따라갑니다]\"알겠다. 자 갑시다.\""
    },
    {
      "Key": "5171b79e-f2c9-4f63-87c8-056b90219925",
      "Value": "\"생체 해부? 정확히 무엇을 하려는 거지?\""
    },
    {
      "Key": "779334dd-8f51-41c5-a4bc-47dce12a1925",
      "Value": "\"왜 자원자를 기다린거지? 자네는 환자가 폭발하기를 기다리지 않고 아무 환자에게나 수술을 할 수 있었을텐데.\""
    },
    {
      "Key": "7ffca607-e434-4b28-b9e4-8c0c169dc161",
      "Value": "\"마침 우리에게는 생체 해부의 대가가 있다. 바솔로뮤 델가도에게 도움을 청합시다.\""
    },
    {
      "Key": "6a5a888f-ed8d-42dc-9bd5-371e1e84f7b6",
      "Value": "{n}조드의 눈은 충혈되고 그의 몸가짐은 맥이 빠져있습니다. 그의 얼굴의 주름은 더 깊어졌으며, 그의 드문 머리카락은 회색이 되어 있었습니다.{/n}\"재앙입니다, 전하. 전염병이 온 사방에 퍼지고 있습니다. 감염자는 처음에는 열이 나다가, 피와 함께 기침을 하고는 몇 시간 뒤에는...\"{n}이 클레릭은 그의 고개를 가로젓더니 얼굴을 찡그렸습니다.{/n}\"이것은 단지 문제의 절반일 뿐입니다. 그 뒤에, 감염된 사람의 몸은 마치 고치의 일종이 되어 그들을 찢고 괴물들이 나타납니다. 사람들이 계속 죽어가고 있지만 우리는 원인에 대한 조그만 단서조차도, 어떻게 처리해야 할지조차도 모릅니다!\""
    },
    {
      "Key": "20f1e96a-0a38-47c7-b9c7-d9eeece7d327",
      "Value": "\"트리스티안과 저는 일전에 감옥이었던 건물에 야전 병원을 차려놓았습니다. 그렇게 보지 말아주십시오. 선택할만한 더 나은 곳이 없었습니다! 솔직하게 말씀드리자면 저희가 이 곳을 찾은것조차 운이 좋은 것이었습니다. 긴 이야기를 짧게 말하자면, 생체 해부에 한 여성 환자가 자원하였습니다. 그 말인즉슨, 우리가 그녀의 살아있는 몸을 갈라 질병의 원인을 찾아볼 수 있다는 것입니다.\"{n}조드는 눈살을 찌푸렸습니다.{/n}\"수술이 끝나면. {g|Erastil}에라스틸{/g}이여 우릴 용서하소서. 우리는 운이 좋다면 그녀를 건강히 살려보낼 수 있을 것입니다. 그러나 전하께서 참석하시지 않는 다면 저희는 이를 행하고 싶지 않습니다. 그러니 시간을 내서 참석해 주셨으면 합니다.\""
    },
    {
      "Key": "f2b65a25-52f5-44c3-b2af-a5e3e70fe93a",
      "Value": "\"실은 일차적인 증상만을 알뿐, 많지 않습니다. 심지어 우리는 이것이 질병인지, 저주인지 아니면 마법적 기생충에 의한 것인지도 확신하지 못하고 있습니다. 당신의 도움이 있다면 더 많은 걸 알 수 있을 지 모릅니다.\""
    },
    {
      "Key": "8729594f-9cf6-4b77-8629-45551ca1c071",
      "Value": "\"전하, 우리는 놀이를 하는 것이 아닙니다. 남작령을 지키고 싶으십니까? 그렇다면 사람들을 보살펴야 합니다. 어떤 일을 생각하시던 간에 지금은 이보다 더 중요한 일은 당신께 없습니다.\""
    },
    {
      "Key": "6a3c511f-5cf9-4781-9b45-dcbf9c5f2248",
      "Value": "\"어떻게 표현하면 좋을까요...? 우리에겐 아무것도 없습니다! 우리는 아직까지도 단 한 명의 환자조차 구해내지 못하고 있습니다. 마치 눈이 멀어 벽에 부딪히는 고양이처럼 말입니다. 게다가 보여줄만한 것조차 없습니다!\""
    },
    {
      "Key": "acf80a90-a04b-4271-985b-7e49e9510a2e",
      "Value": "\"무엇이라구요...? 우리는 이 질병의 원인을 찾아낼 것입니다. 그게 바로 무엇입니다! 괴물들이 나타나기 시작하면, 감염된 신체는 조가조각 찢겨서 그 남은것으로부터는 어떤 것도 이 원인에 대해 알아낼 것을 찾는것이 불가능합니다. 그러나 우리는 스스로의 해부를 허락한 한 명의 용감한 여성을 찾았습니다. 지금의 곤경은 대단히 어려운 것입니다. 우리는 정확히 우리가 찾는 것조차 알지 못하며 신체 해부란 그 환자에게는 극도로 위험한 것입니다. 그러나 우리에게는 더 이상 다른 선택지가 남아있지 않습니다.\""
    },
    {
      "Key": "3f84758f-d54a-4893-aaff-d2b3d863a2f2",
      "Value": "\"그 입을 다무시오! 나는 성직자이지, 도살자가...아니란 말이오! 내 의무는 사람들을 구하고 편안케 하는 것이지...그런게...아니란...\"{n}조드는 침묵하더니 눈살을 찌푸리며 그의 머리를 가로저었습니다.{/n}"
    },
    {
      "Key": "93c14d54-d97d-4d50-9c49-f6b77668a71b",
      "Value": "{n}조드는 마법사의 이름을 듣고는 눈살을 찌푸렸지만 이내 고개를 끄덕였습니다.{/n}\"좋습니다. 당신이 맞습니다. 그는 확실히...이상한 자이지만, 그의 지식까지 부정할 수는 없겠지요. 그는 우리에게 도움이 될 것입니다.\""
    },
    {
      "Key": "0635fc24-3f03-47e6-b1a7-2e81dc19b467",
      "Value": "\"한 가지가 더 있습니다.\"{n}조드는 닳아버린 편지 한 장을 당신에게 건냈습니다.{/n}\"케스턴, 그 머저리가 {g|WitchHuntKesten}이 서신{/g}을 보내왔습니다. 그는 이곳 저곳을 돌아다니면서 오직 이 한장의 편지만 보내왔습니다. 그럼, 한번 읽어보시기를. 매우 급한일인것 같습니다.\""
    }
  ]
}