{
  "$id": "1",
  "strings": [
    {
      "Key": "78902058-a443-4561-af7b-cf077f48ec72",
      "Value": "\"정말 지쳤소...어쩔때는 밧줄에 손을 뻗치고픈 기분이 들기도 한다오...하지만 그게 위엄있는 끝이겠소? 아니지. 그래 조금만 더 살아보자하곤 세상이 돌아가는 곳을 보는거요...\""
    },
    {
      "Key": "f1681e79-aff8-4602-8abe-ba6ea0224c09",
      "Value": "\"적어도 어딘가에는 너의 그 우울함을 달래줄 것이 있을거야, 최고로 명예로운 하림. 세상이 미지의 곳으로 굴러떨어지는 환상이 보인다고 해도 말야.\""
    },
    {
      "Key": "ddf4f25d-0ab1-47a6-abc0-89783c6404ff",
      "Value": "\"적어도 어딘가에는 너의 그 우울함을 달래줄 것이 있을거야, 최고로 명예로운 하림. 세상이 미지의 곳으로 굴러떨어지는 환상이 보인다고 해도 말야.\""
    }
  ]
}