{
  "$id": "1",
  "strings": [
    {
      "Key": "fcc2a096-fe93-4ca7-81b2-6aa01773bc97",
      "Value": "\"족장의 말을 듣지 않아 엄청나게 맞은 적이 있지. 지금처럼 뼈가 피부를 뚫어버렸어.\""
    },
    {
      "Key": "8927e6e5-a49c-4a3c-a418-72e3b9d9db8d",
      "Value": "\"눈알이 빠질 뻔했어. 새로운 눈을 사려면 비싸겠지? 아. 필요없어. 외눈 영웅이 더 멋있다고!\""
    },
    {
      "Key": "8eef4132-5229-4334-901e-f2e79dfb07d8",
      "Value": "\"그렇게 말할 때 얼마나 걱정되는지. 내가 상처를 봐줄게.\""
    },
    {
      "Key": "ec5d5064-28dc-4ac8-ab53-aea3ab7c8a45",
      "Value": "\"다 죽어가는 사람에게 너무 잘해주는 거 아닌가.\""
    },
    {
      "Key": "fa1bed6e-6ec7-4e17-87ca-388a9025181b",
      "Value": "\"흉터는 가치있는 훈장이야. 싸움에서 하나 생길 때마다 기뻐해야 한다고!\""
    },
    {
      "Key": "bcb510ad-9a97-4183-a4ec-508384a9a6d6",
      "Value": "\"네가 다친 곳을 왜 자랑하는 거야? 그런 모습을 볼 때마다 악몽을 꿀 거 같아.\""
    }
  ]
}