{
  "$id": "1",
  "strings": [
    {
      "Key": "e9968a45-885b-4d06-a921-f7572d21cd72",
      "Value": "\"트로볼트는 지금 어때?\""
    },
    {
      "Key": "47be1c11-15fa-4f63-80c1-b8df63af9601",
      "Value": "\"보바라는 단어는 무엇을 의미하지?\""
    },
    {
      "Key": "9c579b7e-a4c9-4da3-963f-5d4fac806fbc",
      "Value": "\"더 이상 사람들을 먹지 않아?\""
    },
    {
      "Key": "e8b00231-b7a8-44b0-b95f-b59c2423027a",
      "Value": "\"너 자신에 대해 말해봐.\""
    },
    {
      "Key": "ac5e189c-37d0-477f-9dfc-725daad9aa90",
      "Value": "\"너희 사람들에 대해 말해봐.\""
    },
    {
      "Key": "e720d654-4252-46ed-97bb-4ec5755fdd5a",
      "Value": "[공격] \"네 목숨을 구하는 것은 실수였다. 나는 트로볼트를 파괴할 것이다!\""
    },
    {
      "Key": "54fe5de7-8ece-43ba-9097-ce59f7cc4453",
      "Value": "[떠난다] \"이만 가봐야겠어.\""
    },
    {
      "Key": "ac387bc4-5ff2-4d40-9205-57dbae752bed",
      "Value": "\"넌 어느 나라에서 왔지?\""
    },
    {
      "Key": "0ed680a0-f014-4d83-9c76-034593c34daf",
      "Value": "\"자녀가 있나?\""
    },
    {
      "Key": "792e40e9-d357-47d3-809d-e8a360cb7d9a",
      "Value": "\"어떻게 왕이 된 거야?\""
    },
    {
      "Key": "5cb0c0ea-5e0d-45cd-bbaa-a5231111453d",
      "Value": "\"너 자신에 대해 말해줘서 고마워. 또 다른 질문을 하고 싶다.\""
    },
    {
      "Key": "cf2b4581-ec57-4708-ae6c-5aa9744090a8",
      "Value": "\"Trobold와 같은 정착촌은 드물어?\""
    },
    {
      "Key": "3e3d4ff7-556d-450d-8f50-f0a509efe76a",
      "Value": "\"뭐 때문에 그래?\""
    },
    {
      "Key": "3dc2d7cf-de66-4973-84c7-e6937cac6a03",
      "Value": "\"정말로 화재와 산이 트롤을 죽일 수 있는 유일한 방법이야?\""
    },
    {
      "Key": "fbc78b83-5e28-40ab-84f7-ef79543f1aa9",
      "Value": "\"트롤들은 어떤 신을 숭배하지?\""
    },
    {
      "Key": "a1c9a4e0-dcda-4349-a7cc-d4469ae6f4fc",
      "Value": "\"너의 사람들에 대해 이야기해주어 고맙다. 다른 것에 대해 물어보고 싶다.\""
    },
    {
      "Key": "4d0a1926-849e-4da0-9971-fa72e2fdb322",
      "Value": "\"나는 카르가드의 자손들을 던전에서 만났고 그들을 네게 보냈다. 그들을 보았어?\""
    },
    {
      "Key": "700085e2-b2f1-484a-9e04-e5afd4dd7203",
      "Value": "{n}나이든 트롤은 그의 왕국 문 근처에 서있습니다. 그는 존경심으로 당신을 쳐다봅니다... 아마 두려움일 것입니다.{/n} \" {d|c21 Hargulka Lives}안녕.{/d} {race}. \""
    },
    {
      "Key": "56288a14-4ff9-462d-b9b6-cf7fbf1052f5",
      "Value": "{n}이 질문은 나이든 트롤을 혼란스럽게 합니다. 그는 혼란스러워서 자신의 턱을 긁습니다.{/n} \"나에 대해서는 어때? 하굴카가 네 앞에 있다. 할 말이 있나?\""
    },
    {
      "Key": "68351f48-815e-49e0-aacc-62cb9c0e913b",
      "Value": "\"트롤에 대해 알고 싶어?\" {n}트롤은 고뇌로 이마를 찡그리고 자신의 앙상한 손가락으로 세기 시작합니다.{/n} \"우리는 강하다. 우리는 어디서나 산다. 우리는 보바를 먹는 것을 좋아한다. 우리는 발톱, 이빨, 철은 두려워하지 않는다. 단지 불과 산만 위험하다. 너에 대해 모두 말했다.\""
    },
    {
      "Key": "42b3e514-5005-493a-9d21-fc6484d77e04",
      "Value": "\"타툭이 떠난 후 불멸도 사라졌다. 많은 자들이 떠났다. 좋다. 먹을 입이 더 적어졌다. 트롤은 보바... 아니 인간처럼 도시와 왕국에 살지 않아.\""
    },
    {
      "Key": "e5604a72-e1f4-411c-89d8-9dcf64410820",
      "Value": "\"그것을 어떻게 부르는지... 네가 먹는 것 말이지. 사슴, 암소, 하플링, 돼지, 인간... 그것들은 고기지. 코볼트는 고기가 아니라 독이다. {Race}의 고기도 고기가 아니지. 하굴카가 금한다. 숲에 있는 동물들만 보바다. \""
    },
    {
      "Key": "8b005cb0-ffec-49b2-9f7e-9978f18d36f8",
      "Value": "{n}하굴카는 옆을 봅니다.{/n} \"우리는 하지 않는다 .하굴카가 금지한다! {g|Trobold} 트로볼트{/g}의 누군가가 보바가 아닌 것을 공격한다면 하굴카는 직접 그 녀석을 먹겠다. 굳게 약속한다!\" {n}그의 목소리는 볼확실한 톤입니다.{/n}"
    },
    {
      "Key": "6278fed7-cc30-4424-8eaf-82cbbcd1b136",
      "Value": "\"물어봐.\""
    },
    {
      "Key": "52fc8340-9df6-4bdf-bbd4-8fa9a59fb1d5",
      "Value": "\"산의 서쪽에서 먼 곳이야. 여기에서 멀었고 나는 숲과 큰 신선한 물이 주위의 늪지대를을 거쳐왔다. 많은 것을 보았고 싸움도 많이 했고 많이 먹었다. 한때는 드래곤도 보았다. scrag와 싸우기도 했다. 트롤과 비슷하지만 물 속에서 산다. 거의 익사할 뻔했다. 언젠가는 숲에서 난 불로부터 도망쳐야 했다... 많은 일을 겪었다.\""
    },
    {
      "Key": "ecdfafe6-3dcc-4a65-b9dd-4f4de9236592",
      "Value": "{n}혼란스러워 하굴카의 미간이 좁아지고 불평을 합니다.{/n} \"하굴카는 남자다. 트롤 남자는 아이 가지지 못한다. 카르가드는 가능하지만 카르가드는 다른 녀석과 다르다. 남자는 아이를 기르고 보살핀다. 하굴카는 그런 녀석들을 본 적이 없다.\""
    },
    {
      "Key": "921c89a7-eb56-494c-8029-bcbca4951059",
      "Value": "\"다른 왕들과 다르다. 트롤은 혼자 살거나 작은 무리를 이룬다. 왕은 트롤들이 존경하고 복종하고 선물을 주는 존재다. 왕은 공격을 하려고 할 때 트롤들을 모을 수 있다. 하지만 트롤은 왕 주위에서 살지 않는다.\""
    },
    {
      "Key": "3d434dfc-637f-4cc6-b6c7-7a22c634f9fa",
      "Value": "\"여자가 아이를 낳을 준비가 되면 남자는 여자의 향기에 이끌리고 여자와 짝을 맺기 위해 싸울 준비를 한다. 여자는 강한 남자만을 고른다. 하굴카는 강하고 싸움에 이겨서 많은 아이를 가졌다. 하지만 남자가 약해지면 여자는 남자를 쫓아낸다. 남자는 배가 고파진다. 배가 고프면 아이조차 보바가 된다.\""
    },
    {
      "Key": "86d7acff-b657-4b8f-b7e1-5a6d7bb642f0",
      "Value": "\"타툭은 하굴카를 불멸의 존재로 만들었다. 하굴카는 작은 트롤 무리와 있었다. 타툭이 우리 함께 {g|Trobold}트로볼트{/g}를 지어 인간처럼 되자고 말했다. 타툭은 무서울 정도로 똑똑했다. \n언젠가 상인의 수레에서 그는 똑똑해지는 물약을 발견했다. 그것을 하굴카에게 주었다. 하굴카는 마셨고 머리가 생각으로 가득 차 포션이 닳을 때까지 타툭과 얘기하고, 얘기하고 얘기했다. 하굴카의 머리는 하루 종일 아팠다. 어떻게 하루 종일 그렇게 살 수 있지? 하굴카는 미쳐버릴 것이다!\""
    },
    {
      "Key": "35516e60-9649-4744-bacb-ff364fc27d43",
      "Value": "\"타툭은 이제 사라졌다. 불멸도 사라졌다. 많은 자들이 떠나 예전처럼 산다. 하지만 {g|Trobold}트로볼트{/g}는 남아있다. 아마도 우리는 그가 원했던 것처럼 하고 너처럼 되기를 원한 거 같다. 아니면 우리는 서로 싸우고 서로 쪼개졌을 것이다. 하굴카는 여전히 강하지만 늙었다. 늙은 트롤은 보바가 된다. 올해 혹은 내년 아니면 그 다음 해에도 늙은 하굴카는 먹히지 않을 거고 타툭이 옳을 것이다. 두고보자.\""
    },
    {
      "Key": "d4abbb16-ea25-4907-8667-95bddc031cb8",
      "Value": "\"{g|Trobold}트로볼트{/g}와 같은 다른 정착지는 없다. 트롤은 유목민이다. 남자는 혼자 살거나 작은 무리를 이룬다. 여자는 아이들이 자랄 때까지 함께 있다가 크면 내보낸다. 트로볼트는 타툭의 아이디어였다. 트롤은 그렇게 살지 않는다.\""
    },
    {
      "Key": "660a3f36-0cc2-4400-880d-bb888590153f",
      "Value": "\"늙은 현자로부터 하굴카는 동쪽의 먼 곳에서 트롤이 도마뱀 인간처럼 무리를 이루고 사는 땅이 있다고 들었다. 그 늙은이는 거짓말을 하지 않았지만 나는 믿기 어려웠다. 어디서 그런 많은 보바가 있어 먹일 수 있는 거냐? 왜 트롤은 서로 싸우지 않는 거냐?\""
    },
    {
      "Key": "662773cc-4626-483e-80a0-a0852d0ab0f1",
      "Value": "\"그는 마법사 트롤이다. 그들은 현명하다. 그들은 데몬과 이야기하기 때문에 모든 것을 안다. 그들은 자신의 위장을 찢어서 그것으로 미래를 본다. 그들은 희귀하다. 하굴카는 예전에 서쪽에서 한번 만나보았다.\""
    },
    {
      "Key": "ef3d16a7-4a0d-4a43-890f-f2cb57764270",
      "Value": "\"아니다. 대부분 트롤은 굶주림으로 죽는다. 우리는 많은 보르바를 먹는다. 보르바가 없다면 트롤은 약해지고 상처는 더 이상 아물지 않는다. 트롤이 굶주려 약해지면 곰도 그를 죽일 수 있다.\""
    },
    {
      "Key": "83b2fe8c-2130-4282-8907-98a34cdc7894",
      "Value": "\"우리도 숨쉬지 않고는 살지 못한다. 트롤이 물에 빠지거나 목에 졸리면 살지 못한다. 그리고...\" {n}늙은 트롤의 목소리가 조용해지고 그는 당신 쪽으로 몸을 기울여 고개를 숙입니다.{/n} \"죽음의 유령도 있다. 그들은 상처를 내지 않고 너를 만져 생명을 빼앗아간다. 너는 살아있지만약하고 병들게 된다. 누군가 죽었지만 시체에는 상처가 없었다. 하지만 그들은 얼음처럼 차가웠고 털은 회색으로 변했다.\""
    },
    {
      "Key": "befda342-b1d7-425e-a57f-48c562201b16",
      "Value": "\"트롤 신은은 폭풍과 불의 신인 Urxehl이다. 그는 트롤을 만들었고 상처가 아무는 힘을 주었고 숲의 동물과 오우거들을 사냥하고 먹는 힘을 주었...\" {n}트롤은 갑자기 기침을 해서 설득력을 잃었고 그는 시선을 돌립니다.{/n}"
    },
    {
      "Key": "02b09262-8d8a-4f01-a4d2-bcd6020b7886",
      "Value": "\"가장 지혜로운 트롤에게 Urxehl은 마법을 만들고 미래를 예언 할 수있는 힘을 준다. 그는 인간에게 불의 꿈을 주고 집에 불을 놓을 수 있다! 트롤 신은 가장 강하다!\""
    },
    {
      "Key": "7a6c2892-816f-4485-9775-4fecff3efd1c",
      "Value": "\"물어봐 .하굴카는 알고 있는 것을 말해주겠다.\""
    },
    {
      "Key": "e4936c5f-f982-4b4c-bc4a-85018e4b0dd7",
      "Value": "\"하굴카는 너를 이해하지 못한다. 너는 미쳤어! 하지만 하굴카는 {g|Trobold} 트로볼트{/g}를 위해 싸운다!\""
    },
    {
      "Key": "9d5f568c-ddc3-48df-9cbe-919a9bdda442",
      "Value": "\"그래 카르가와 아르가드는 하굴카에게 갔다. 그들의 분노가 컸다. 그들이 말했는데 그들이 너를 다시 붙잡으면...\" {n}하굴카는 모호한 몸짓을 합니다. 불안한 웃음과 함께 그는 계속합니다.{/n} \"걱정 마! 내가 그들에게 말했는데 네가 그들을 잡으면 너는...\" {n}뒤 따르는 제스처는 아주 강조되지만 더욱 모호합니다.{/n}"
    },
    {
      "Key": "dd260c80-9fee-4534-841b-37eda500eb77",
      "Value": "\"이제 그들은 이해하고 분노를 한다. 그들은 심지어 너에게 이걸 달라고 부탁했다. 그들은... 동굴에서 이것을 발견했다. 하굴카가 맡았다.\""
    },
    {
      "Key": "d13ced76-77b0-4e85-92b0-6a06f1bec92e",
      "Value": "\"정말? 그러려면 용기가 있어야 해. 하하!\" {n}레곤가르는 웃습니다.{/n}"
    },
    {
      "Key": "f29d4794-3d9d-415a-af89-eeb719e9fbbc",
      "Value": "{n}트리스티안이 얼굴을 찡그립니다.{/n} \"나는 이 이름을 안다... 그것은 강력한 데몬이야. {g|Sarenrae}서렌레이{/g} 그로부터 우리를 보호하길!\""
    }
  ]
}