{
  "$id": "1",
  "strings": [
    {
      "Key": "e3685f8e-01b4-4e6b-b4c9-deaf97188455",
      "Value": "\"넌 어느 나라에서 왔지?\""
    },
    {
      "Key": "76404123-bfb1-4ca0-b875-ed7db0c8ddb3",
      "Value": "\"무슨 일이지?\""
    },
    {
      "Key": "48410a37-5848-4a79-95ed-706cc1eaca7a",
      "Value": "\"너의 잃어버린 보석을 찾아보도록 해볼께. 공격 당한곳은 어디지?\""
    },
    {
      "Key": "ac01447c-72c1-4066-b3b4-75ec2c56db62",
      "Value": "\"이만 가봐야겠어.\""
    },
    {
      "Key": "46b5e0aa-4746-4da6-9124-8764a12f515d",
      "Value": "\"그 숲 괴물에 대해 묘사해봐.\""
    },
    {
      "Key": "722bcf91-be84-4a1b-aca2-f986f5094a7b",
      "Value": "[고블린에게서 가져온 진주 목걸이를 보여줍니다] \"이게 자네 건가?\""
    },
    {
      "Key": "81837e3f-94e4-44ba-9cd6-fe2be5a43c1d",
      "Value": "\"여기 받아. 다음에는 조심하라고.\""
    },
    {
      "Key": "5560ca82-ecbc-45c5-a90b-fafb36e16cc0",
      "Value": "\"자 여기, 통행세는 이 돈으로 내. 가보인 에레데르 진주는 잘 보관하도록 하고..\""
    },
    {
      "Key": "7330d51f-3f82-4991-97b9-584bbb234566",
      "Value": "\"네가 돌아간다는 조건으로 이 가보를 주겠어. 너의 오빠가 데려가 줄 거고 도시는 안전해. 힘든 시기지만 나는 질병을 막고 사람들을 보호하기 위해 최선을 다하고 있어.\""
    },
    {
      "Key": "71fe9310-7292-45ab-9482-6d1acdf06d7b",
      "Value": "\"내가 이 진주를 발견했으니 이제는 내 거야.\""
    },
    {
      "Key": "e61f19ff-a990-4ccb-af69-95f2c6ff1c7b",
      "Value": "\"잠깐, 다른 걸 물어보고 싶은게 있어.\""
    },
    {
      "Key": "b974234d-5c5d-4ad4-a074-1aa360fbae6c",
      "Value": "\"갈트에 가는데 귀중한 가보를 가져가려 했다는 말이야?\""
    },
    {
      "Key": "7eb6ceb6-dc26-4e92-9d10-734fb32796ee",
      "Value": "\"혼자 여행하고 있는건가?\""
    },
    {
      "Key": "4239421c-256f-4888-a83d-5d29ebeb9e2e",
      "Value": "\"다른걸 묻고 싶은게 있어.\""
    },
    {
      "Key": "86567983-8640-47d4-832d-cba1a37006e1",
      "Value": "\"진주에 대해서 말인데...\""
    },
    {
      "Key": "d1c1ba81-1392-40ab-b972-411bd212b681",
      "Value": "[공격] \"이 곳에서 도망칠 수 있다고 생각한건가? 네 시체라도 이 땅에서 썩게 해주마!\""
    },
    {
      "Key": "3f413cff-53f6-42c4-aa56-78ededf692d1",
      "Value": "\"너의 마음을 바꿀 수 없는 것 같군. 자. 진주를 가져가.\""
    },
    {
      "Key": "c5683bae-90ba-43fb-8e3b-0560c383505e",
      "Value": "\"안녕히.\""
    },
    {
      "Key": "d52170ea-2b77-403b-bdfb-42244155273d",
      "Value": "\"행운을 빈다!\""
    },
    {
      "Key": "68ea256c-b4ff-4520-a300-359907d9850c",
      "Value": "{n}당신 앞에는 싸구려 드레스와 먼지 묻은 회색 망토를 입은 한 헝클어진 여자가 서있습니다. 그녀는 얼굴을 가리고 걷잡을 수 없이 흐느껴 울고 있습니다.{/n} \"재앙이야... 이건 정말 재앙이야!\""
    },
    {
      "Key": "a968c58d-e628-455c-9709-52e6049313e0",
      "Value": "{n}여자는 망토 자락으로 눈물을 닦으며 흐느낍니다.{/n}"
    },
    {
      "Key": "36a2aeb8-dd20-45e0-837e-fd5ee0de1444",
      "Value": "\"먼 곳에서요.\" {n}여자는 한숨을 쉬었습니다.{/n} \"저는 {g|Galt}갈트{/g}에 있는 사촌에게 찾아가겠다고 약속했었죠. 하지만 이젠... \""
    },
    {
      "Key": "f1e9dbdd-3297-4ff9-bb2b-ace79a4fe988",
      "Value": "{n}여자는 여전히 눈물을 흘리며 고개를 듭니다. 그녀가 당신을 알아보고는, 눈이 커지며 몸을 떨기 시작합니다.{/n} \"{mf|영주님|영주님|전하|전하}! 당신과 만난 건 신의 섭리입니다! 당신만이 저를 도울 수 있어요!\" {n}그녀는 뺨을 닦고 다시 훌쩍입니다.{/n} \"저는 숲의 괴물에게 강도를 당했습니다! 그 괴물이 저의 가장 귀중한 가보인 증조 할머니의 진주 목걸이를 가져갔어요!\""
    },
    {
      "Key": "23c1e505-71f9-496b-9e61-fd9dc9f3757a",
      "Value": "\"저는 다리에서 도적들에게 통행세를 지불하려고 했어요. 그건 저희 가문의 가보라서 정말 귀중한 보물이에요! 제 고조 할아버지가 엘더에서 가져온 진주에요! 저는 {g|Galt}갈트{/g}로 무사히 갈 수 있을 거라 생각했지만 사악한 짐승에게 습격을 당했어요... 저는 무서워서 제 소지품을 버리고 도망쳤습니다. 정신을 차렸을 때는 너무 늦어버리고 말았죠. 이제 어떻게 하죠? 되돌아가기엔 너무 무서워요!\""
    },
    {
      "Key": "751e47c7-b212-4b51-ab79-aa865611b8aa",
      "Value": "{n}여자가 찡그립니다.{/n} \"그 괴물은 녹색 피부를 가졌어요... 짧고 넙적한 얼굴에 눈은 빨갛고... 갑자기 어디선가 튀어나와 저에게 단도를 들이밀면서 인간 언어로 소리를 질렀어요. 돈을 내놓으라고..\""
    },
    {
      "Key": "ba118f5d-4450-4e02-aea2-fd11703cbd03",
      "Value": "{n}그 생물의 묘사는 의심의 여지 없이 고블린입니다. 최근 많은 고블린들이 당신의 영지에 숨어들었습니다.{/n}"
    },
    {
      "Key": "6a2c932f-1aa2-4aa0-8e08-ae83c5f0a392",
      "Value": "{n}어떤 종류의 생물인지 짐작이 가지 않지만, 작은 짐승이라는 사실은 환영할 만한 소식입니다. 그런 작은 괴물은 위험하지 않을 것입니다.{/n}"
    },
    {
      "Key": "b45a0859-15c4-4256-9e13-3db67a38d971",
      "Value": "\"오 정말 감사합니다! 그 괴물은 길을 따라 있는 큰 바위 옆에서 저를 공격했어요. 북동쪽을 따라 조금만 가시면 됩니다. 여기서 멀지 않아요. 하지만 부디 조심하세요, {mf|영주님|영주님|전하|전하}!\""
    },
    {
      "Key": "a7dc26b0-6666-43a3-b9ba-72c974738b59",
      "Value": "{n}여자는 가슴에 손을 올립니다.{/n} \"{g|Erastil}에라스틸{/g}이 축복했습니다! 당신이 제 진주를 찾아주셨습니다!\""
    },
    {
      "Key": "6cdf829d-f33f-41a6-94d5-c12ab2e10968",
      "Value": "{n}여자는 몸을 똑바로 세우며 당신을 똑바로 봅니다.{/n} \"{mf|영주님|영주님|전하|전하} 제 가보를 찾아주시겠습니까?\""
    },
    {
      "Key": "0bc39f1b-a7d5-44d8-84c0-04fa271711f4",
      "Value": "{n}여자는 진주를 섬세하게 받고는 부드럽게 미소 지으며 살펴봅니다.{/n} \"도적은 이제 다리에서 사라졌으니 통행료를 지불할 필요가 없어요. 운이 좋으면 우리 가족의 기억을 간직할 수 있을 꺼에에요\" {n}그녀는 당신에게 시선을 돌립니다.{/n} \"감사합니다 {mf|영주님|영주님|전하|전하}! {g|Erastil}에라스틸{/g}이 당신께 영원히 힘과 건강을 주기를!\""
    },
    {
      "Key": "984f06e7-84a4-4a87-a9a9-5ed8b0ed8675",
      "Value": "{n}그 여자는 잠시 동안 말문이 막혔습니다.{/n} \"당신은... 성자이십니다! {g|Erastil}에라스틸{/g}이 당신을 지켜주실겁니다!\""
    },
    {
      "Key": "8ad70a92-eeac-4faa-bdc7-5cc21235dba1",
      "Value": "{n}여자는 당신을 자세히 살핍니다.{/n} \"아시다시피... 사람들은 {mf|영주님|영주님|전하|전하}에 대해 온갖 소문을 퍼뜨리지만, 저는 당신이 선한 마음을 가지셨다는 걸 알고 있습니다. 고통스러운 백성을 불쌍히 여기는 마음씨 말이에요! {g|Galt}갈트{/g}에는 저를 위한 곳이 없습니다. 여기가 바로 제 집인걸요! 다시 한번 감사드립니다. 그리고 안녕히 가세요. 저는 도시로 돌아가겠어요. 저는 당신의 진정한 모습을 사람들에게 알리겠습니다!\""
    },
    {
      "Key": "d928bf33-6fc3-44a7-8c6d-d4a97517505a",
      "Value": "\"...하지만...!\" {n}여자의 얼굴이 붉어지고 눈물이 흘러 나옵니다.{/n} \"땅이 갈라져서 왜 당신 같은 자를 삼키지 않는지 몰라! 당신은 그래도 싸!\" {n}그녀는 걸어 흐느껴 울며 걸어나갑니다.{/n}"
    },
    {
      "Key": "9a084751-98bc-4662-906e-dd26d9155d08",
      "Value": "{n}여자의 얼굴이 붉어지고 시선을 아래로 내립니다.{/n} \"{mf|영주님|영주님|전하|전하}, 용서해주십시오.\" {n}그녀의 속삭임은 간신히 들립니다.{/n} \"고백하기 어렵지만... 저는 이 땅을 피해 도망가고 있었습니다. 제 마을에 살던 두 남자가 마법의 질병으로 죽었거든요. {g|Erastil}에라스틸{/g}께서 저를 살리시길 바라며...\""
    },
    {
      "Key": "edd9c97a-054d-4bc2-9ab5-8d126cc45a67",
      "Value": "\"맞습니다. 어머니는 작년에 돌아가셨고 제 오빠는 도시로 이사갔어요... 적어도 그곳에선 질병으로부터 안전해야 할 텐데..\""
    },
    {
      "Key": "b18a3a66-716f-46bf-8382-b90f436758cf",
      "Value": "\"네, {mf|영주님|영주님|전하|전하}?\""
    },
    {
      "Key": "d223cd98-e34c-4ec8-b258-1abd491fca6b",
      "Value": "{n}여자는 천천히 진주를 손가락으로 밀어 넣습니다.{/n} \"이건 너무 아름다워요... 이 진주와 헤어져야 한다니 너무 슬퍼요. 아마도 목걸이를 끊어서 진주 한알씩 쓰는 게 가장 좋을 것 같아요...\" {n}그녀는 한숨을 쉬며 억지로 미소를 짓습니다.{/n} \"하지만 잘 이겨내겠습니다, {mf|영주님|영주님|전하|전하}. 도와주셔서 감사드립니다. 당신의 도움을 결코 잊지 않겠습니다!\""
    },
    {
      "Key": "884cea3b-ce03-4626-8034-d4645d8ed29c",
      "Value": "{n}여자는 외투 자락을 만지작거리고 시선을 피하며 주저합니다.{/n} \"그러면 그 물건은 가져가세요.\" {n}그녀의 중얼거림은 간신히 들립니다.{/n} \"제 생명이 저에겐 더 중요해요.\" {n}그녀는 고개를 숙이고는 돌아섭니다.{/n}"
    },
    {
      "Key": "9e1c0df4-a24a-4562-8eda-971ebbfdcb2b",
      "Value": "{n}여자는 당신을 염려하는 눈빛으로 바라봅니다.{/n} \"이게 뭐죠?\""
    },
    {
      "Key": "a25f6d6b-c1da-49fd-8331-abb1ffcb9803",
      "Value": "\"그냥 도둑질만 당하고 너를 살려서 보냈다고? 운이 정말 좋구나.\""
    },
    {
      "Key": "2b8f13d2-7e4a-4ec3-8a23-2b53babe3fd3",
      "Value": "\"흥! 고블린이 무서워?! 그냥 녀석을 걷어차주지 그랬어. 그걸로도 놈은 끝장났을 걸!\""
    },
    {
      "Key": "b777d299-b5e2-45c6-bec7-f722dbeb7819",
      "Value": "\"흥! 그런 꼬맹이가 무서워?! 그냥 녀석을 걷어차주지 그랬어. 그걸로도 놈은 끝장났을 걸!\""
    },
    {
      "Key": "82597573-4db9-44af-8e46-b3e800178176",
      "Value": "{n}트리스티안은 그의 거룩한 상징을 움켜쥐고 땅을 바라봅니다.{/n} \"질병... 이 질병이 도처에 퍼졌군...\""
    },
    {
      "Key": "1a2a5773-9831-4dfc-80b0-2c507db39429",
      "Value": "\"네 징징거리는 소리가 날 짜증나게 하고있어.\""
    },
    {
      "Key": "f62ff9d4-d7a1-4305-aad5-f385a3adb46f",
      "Value": "{n}그녀는 제이탈을 겁에 질린 시선으로 바라보고는, 눈물을 진정시키려 하거나 최소한 조용히 울려고 노력합니다.{/n}"
    },
    {
      "Key": "2d790727-20c9-4b4b-8fa0-d7f242b3795e",
      "Value": "{n}그 여인은 공포에 떨며 헐떡거립니다.{/n} \"신이시여! 제 눈 앞에 있는 짐승이 아까 본 그 짐승인가요! 자비를 베푸소서!\""
    },
    {
      "Key": "ffbed992-0f84-4ca8-a3d0-d9bf2f7441c2",
      "Value": "\"이상한 무언가가 있다. 잘 생각해 봐야 한다.\""
    }
  ]
}