{
  "$id": "1",
  "strings": [
    {
      "Key": "faf5e5df-0534-4632-80f3-b55dca30c657",
      "Value": "\"너 누구야?\""
    },
    {
      "Key": "4b5907f0-34c0-439f-b950-6cab89e8d871",
      "Value": "\"무슨 일이야?\""
    },
    {
      "Key": "4b5bbf21-9819-4260-bb95-46de3bcebdd9",
      "Value": "\"나는 너를 도왔어. 보상은 뭐지?\""
    },
    {
      "Key": "9d27e2d8-212f-43f4-99fa-eb17a6fd4095",
      "Value": "\"잠깐. 너를 도울게.\""
    },
    {
      "Key": "11f2da44-6261-460a-9d3f-95059499af17",
      "Value": "\"나는 가야겠어.\""
    },
    {
      "Key": "a46165ce-2da5-4514-9f42-f63ca2c6bc46",
      "Value": "\"나한테 돈을 준다면 너를 구해주지. \""
    },
    {
      "Key": "21e40e21-b835-4ccb-bb5e-d0d7389f98dd",
      "Value": "\"기다려. 돌아올게.\""
    },
    {
      "Key": "58c265f3-f4c1-41fc-9933-24e83bd58df1",
      "Value": "[거짓말합니다] \"으아아악!! 드래곤이다!!! 모두 숨어!!!!\""
    },
    {
      "Key": "e9f4996a-8bae-4143-9167-aece23eb10be",
      "Value": "[돌을 던집니다] \"맞았다!\""
    },
    {
      "Key": "3995bb7e-dd44-4938-9247-01bc8301d72b",
      "Value": "[탑을 무너뜨립니다] \"왜 내가 너를 도와야 하지? 네가 떨어지는 꼴을 보겠어!\""
    },
    {
      "Key": "79c0185a-2f17-4c85-9e4d-7acd2434a1b4",
      "Value": "\"뛰어! 내가 너를 잡을 거야!\""
    },
    {
      "Key": "c1428fe3-1263-47ea-8346-9fb7e425f489",
      "Value": "\"하하 정말 멋지군! 나는 모든 것을 그대로 두고 그런 아름다움을 망치고 싶지 않아!\""
    },
    {
      "Key": "0a49d144-f503-4fcd-ba0c-bee7942f116f",
      "Value": "\"잠깐. 생각 좀 하고.\""
    },
    {
      "Key": "3aa9be6e-b4a1-4c06-bfe5-27ca78d5dfd2",
      "Value": "\"너 자신에 대해 말해봐.\""
    },
    {
      "Key": "dc068d92-b037-4c95-ad0f-e577f4b7aa90",
      "Value": "\"정확히 여기서 무슨 일이 있었던 거야?\""
    },
    {
      "Key": "c9256816-d0f3-43cf-8ec7-96337b399f3b",
      "Value": "\"나는 너에게 모든 것을 생각하고 정답을 말할 기회를 줄 거야. 내 돈은 어디에 있어?\""
    },
    {
      "Key": "5cb1b579-be9a-4ed0-a716-c6b73721e090",
      "Value": "\"이런 짓을 한 페이는 어디에 있지?\""
    },
    {
      "Key": "1412eecf-5ba3-41da-ab56-a0aac0238b3e",
      "Value": "\"이만 가봐야겠어.\""
    },
    {
      "Key": "e4fda6d4-d0c8-4948-885c-c176bfcd3cf9",
      "Value": "\"그래서 그들은 이 탑을 뭐라 불렀어, 탐라스?\""
    },
    {
      "Key": "a4c7f022-caa3-49ea-9971-10b82d666544",
      "Value": "{n}뚱뚱한 중년의 남자가 삐걱 거리는 탑 꼭대기에서 균형을 유지하기 위해 안간힘을 다하고 있습니다. 그는 겁에 질렸고, 그의 얼굴에서 너무 많은 땀이 흘러내려 셔츠까지 흠뻑 젖어 버렸습니다.{/n} \"맙소사. 내 목이 부러지기 전에 나를 내려주십시오!\""
    },
    {
      "Key": "358187a4-0adb-4f0d-88b0-9065e58520e7",
      "Value": "\"나는 염료 상인 탐라스입니다! 저를 내려가게 도와 주시고 나면 제 사정을 기꺼이 말하겠습니다!\""
    },
    {
      "Key": "2cbc861c-af46-4faf-ae3e-d2ff02fc4d30",
      "Value": "\"망할 페이가 장난을 쳐서 이렇게 되었습니다! 숲 속에서 뛰쳐나와 내 말과 짐에 마법을 부리고, 내 마부를 죽이고, 내 염료를 훔치고는, 나를 여기로 올려놓았어요...\""
    },
    {
      "Key": "311b998a-93ad-402e-a0ae-03be8c9a214c",
      "Value": "\"가랜드는 너무 커졌고, 그는 겁에 질렸었어요. 그리고 아빔은 더 이상 그를 감당할 수 없었죠... 그는 가랜드를 너무나 사랑했어요.\" {n}상인은 잠시 침묵을 지켰으며 그의 얼굴은 고통스러워 보입니다.{/n} \"아빔, 오 아빔. 우리는 많은 것을 함께했었는데...\""
    },
    {
      "Key": "ae3c1ab1-8fc6-43cf-ad34-2d645efbc42a",
      "Value": "\"신이시여, 감사합니다. 난 살았어! 당신도 감사합니다! 불쌍한 아빔도 운이 좋았더라면...\" {n}상인은 소형 수레 아래에 있는 피웅덩이를 쳐다 봅니다.{/n}"
    },
    {
      "Key": "9ab7a554-5a2d-401c-8dc0-737912b928ea",
      "Value": "{n}갑자기 당신은 가지가 움직이는 소리와 덤불 속의 소리가 커지는 것을 듣습니다.{/n}"
    },
    {
      "Key": "824cdb40-62ca-457c-b121-254c94085047",
      "Value": "\"내가 지불하겠습니다. 내가 가진 모든 것을 주겠어요. 그냥 내려 주세요!\""
    },
    {
      "Key": "dc617684-3f00-4730-a499-ebc2aed11e02",
      "Value": "\"{g|Abadar}아바다르{/g}시여 감사합니다. 마침내!\""
    },
    {
      "Key": "6d88fa26-d22b-448f-9ae7-4b23047762b9",
      "Value": "\"뭐하는 거죠? 그러지 말아요! 으악!\""
    },
    {
      "Key": "fca96097-9316-4e90-9204-ab0e00de53c9",
      "Value": "{n}염료 상인은 비명을 지르고 깜짝 놀란 채 손으로 머리를 감쌉니다. 잠시 후 그는 자신이 속았다는 것을 깨닫고 필사적으로 균형을 되찾으려고 노력합니다.{/n}"
    },
    {
      "Key": "7152403c-bd93-428b-9877-46cc5f789ffd",
      "Value": "\"이러기에요?\""
    },
    {
      "Key": "6f6a3e38-ea86-4d53-b4cf-a7aee8bb60d8",
      "Value": "{n}돌은 똑바로 날아 염료 상인 어깨를 때립니다. 비명을 지르면서 남자는 균형을 잃고 넘어지기 시작합니다.{/n}"
    },
    {
      "Key": "dc3afb18-3e4e-4317-9c30-ec51c079730e",
      "Value": "{n}염료상인은 나쁘게 던진 돌을 피하고 탑의 정상에서 그의 균형을 지킵니다. 그의 눈은 공포와 함께 넓어집니다.{/n} \"미쳤어? 그게 당신이 할 수 있는 최선이야?!\""
    },
    {
      "Key": "a96d467f-3753-454a-ae49-071ed59ae1b6",
      "Value": "\"세상에. 빨리 생각해!\""
    },
    {
      "Key": "42488070-3e19-4bfe-b5d8-b1f294195597",
      "Value": "{n}... 그리고 그는 어설프게 땅에 떨어집니다. 어깨를 문지르며 움찔거리는 상인은 일어섭니다.{/n}"
    },
    {
      "Key": "a3c11041-0fbc-4e4d-91dc-69f8268762b2",
      "Value": "\"가지 말아요. 제발 여기에 나를 내버려 두지 마세요!\""
    },
    {
      "Key": "ddec764e-17a8-4cac-8e13-f78f2316697f",
      "Value": "{n}소름 끼치게 창백한 얼굴에 공포심이 어려 염료 상인은 조용하게 일어서서 그의 비뚤어진 어깨를 빤히 쳐다 보았습니다... 그의 쇄골이 부러진 것 같습니다.{/n}"
    },
    {
      "Key": "500a4e8a-7f8c-4926-85ec-83ef5977f6ff",
      "Value": "\"좀 더 조심스럽게 도와주시지... 하긴, 내 처지에 무슨! 신께서 보셨 듯 나는 불쌍한 아빔보단 운이 좋습니다...\" {n}상인은 소형 수레 아래에 있는 피웅덩이를 쳐다 봅니다.{/n}"
    },
    {
      "Key": "cfd4c5dc-efb7-46b9-a714-6cce45453d03",
      "Value": "\"좋아요. 나는 탐라스입니다. {g|Galt}갈트{/g}에서 왔고 염료를 판매하며 삽니다. 나는 도시에서 염료를 사서 지역의 마을로 여행하며 염료를 팔지요. 농민들은 도시로 여행 할 필요가 없으며 나는 가족을 부양하니 모두가 이익입니다.\""
    },
    {
      "Key": "159600c6-dd2e-4245-aef0-13aa88d4747b",
      "Value": "\"나는 이웃 마을로 물건을 싣고 가던 중이었습니다. 이 길 주변에서 일어나는 소문들을 들었지만, 나는 바보 같은 말들이라 치부했었죠. 마부 아빔과 내가 마을까지 반절도 채 가기 전에 페이 한 무리가 숲에서 뛰쳐나오더니, 깔깔대면서 우리를 둘러쌌습니다... 그리고... 우리에겐 가망이 없었습니다.\""
    },
    {
      "Key": "bc1b62ad-d205-486b-8ff7-e64a15e2e88c",
      "Value": "\"그들은 수레를 뒤적거리기 시작했습니다. 그러더니... 나는 그것 거의 믿을수 없었어요, 그들은 이 터무니없는 탑을 짓기 시작했고, 그것을 뭐라고 부르는지에 대해 논쟁했습니다. 그러나 그걸 만드는 동안, 한 상자가 떨어지면서 부서져 열렸고... 그들을 염료에 매료되었습니다. 하지만... 그들은 캔버스를 찾을 수 없었죠. 그래서 그들은 우리 불쌍한 말 가랜드를 칠하기로 결정했어요. 그들은 내 말을 마법으로 거대하게 만들더니, 자기 방식대로 색칠하기 시작했습니다...\""
    },
    {
      "Key": "142f0b64-c177-4bc3-b8f5-4ee723cb9649",
      "Value": "\"요약하자면, 아빔은 자유를 되찾자마자 페이를 쫓아내려 했습니다. 그 순간 가랜드가 도망갔어요. 페이는 아빔을 죽일 준비가 되어있지만, 대장으로 보이는 것이 동료들에게 '장난'을 제안했습니다... 내가 깨닫기도 전에, 그들은 탑 꼭대기에 나를 올려두었고, 나는 그들을 막을 수 없었죠. 그리고 그들은 나머지 상자와 함께 불쌍한 아빔을 수레에 가두었습다... 그리고는 수레를 축소시켰어요...\" {n}탐라스는 침을 삼켰습니다.{/n} \"...아빔만 빼고.\""
    },
    {
      "Key": "3b1afc5b-3cdc-4387-8c8f-78b3061d6b28",
      "Value": "{n}탐라스는 머뭇거리며 웃습니다.{/n} \"보시다시피 모든 물품이 수레와 함꼐 축소되었습니다... 하지만 수레에 걸린 마법을 풀도록 도와준다면, 즉시 후한 보답을 드리겠습니다..\""
    },
    {
      "Key": "6ac76803-ea08-4716-aaa7-f3cfc5640013",
      "Value": "\"나에게 자비를 베풀어 주세요. 나는 이 끔찍한 운명에 나를 버려 둘 수 없어요! 제발 나를 도와줘요!\""
    },
    {
      "Key": "148aae86-2a01-4cd8-b36a-d9bc5e408745",
      "Value": "\"고맙습니다! 당신이 아니라면 내게 일어날 수 있는 일을 상상하기도 싫군요. 내 감사의 표시로 이것을 받아주세요.\""
    },
    {
      "Key": "3e512a99-7054-4ec9-84c2-b0c78f94e064",
      "Value": "{n}염료 상인이 움찔합니다.{/n} \"고독한 묵상의 사원.\""
    },
    {
      "Key": "4fc0ffc2-e81c-4072-a09b-5370b4e41e56",
      "Value": "\"게다가, 페이가 떠난 후에 이 반지가 내 주머니에 나타났습니다... 당신이 이것을 마땅히 받아야 한다고 생각합니다.\""
    },
    {
      "Key": "87feaa04-8e00-47d2-91ad-e22a818049e1",
      "Value": "{n}녹 녹은 턱이 떨어지고 큰 건축물을 당황하는 눈빛으로 봅니다. 잠시 후 그는 손가락으로 가리키고 바닥을 치며 폭소를 터뜨립니다.{/n}"
    },
    {
      "Key": "26e92016-c895-42cb-8a54-e743413ed723",
      "Value": "{n}... 당신은 성공합니다. 노력해서 당신은 최대한 조심스레 땅에 상인을 놓았습니다.{/n}"
    },
    {
      "Key": "eacff487-64c7-4fcd-8dc8-f87d9aa5c48d",
      "Value": "{n}...행상인이 너무 무겁다는 것을 증명하듯, 당신은 그와 함께 땅에 쓰러집니다. 어색한 착륙에도 불구하고 탐라스는 안전하고 건강한 것처럼 보입니다. 안도의 한숨과 함께 일어나 그의 옷을 털고 당신을 돌아봅니다.{/n}"
    },
    {
      "Key": "013908e1-e82a-4115-9ca0-241c7b8734c4",
      "Value": "{n}공중에서 구르면서 상인는 착지하면서 팔꿈치가 깨집니다.{/n}"
    },
    {
      "Key": "b3d321a4-259e-4382-9787-41c5407d26c0",
      "Value": "{n}탑이 흔들리고 붕괴하기 시작합니다. 상자와 배럴은 땅에 떨어지면서 내용물이 산산조각 나고 여기저기 튑니다. 외침과 함께 상인도 또한 떨어집니다...{/n}"
    }
  ]
}