{
  "$id": "1",
  "strings": [
    {
      "Key": "a5f17b8c-bec9-48c5-b040-45839726b402",
      "Value": "\"백화로부터 노움들을 구하려는 네 열망에서 고귀함을 느꼈어. 네가 정말 존경스러워.\""
    },
    {
      "Key": "89620617-282c-4ee7-b640-bca33f3e0ad0",
      "Value": "\"에헴. 에헴. 흠... 나를 부끄럽게 하는군. 어린 아가씨. 사실 나는 열망으로부터 한시도 벗어난 적이 없어. 말한 김에 백화를 해결하는 방법을 찾아봐야겠군!\""
    }
  ]
}