{
  "$id": "1",
  "strings": [
    {
      "Key": "0b84379e-edef-43d0-b392-afbaa07fb8b3",
      "Value": "\"알아낸 것을 더 얘기해 봐.\""
    },
    {
      "Key": "a26f16d5-1b53-48f6-b9bc-21dc357f52f9",
      "Value": "\"그는 나에게 당신을 없애달라고 부탁했어.\""
    },
    {
      "Key": "f2249b02-a285-4e92-9501-1dcc4e7649f8",
      "Value": "\"그는 나에게 당신을 없애달라고 부탁했어. 나는 돕겠다고 거짓말했어.\""
    },
    {
      "Key": "012edad5-76d5-44b2-96ba-3fa6fc15e16e",
      "Value": "\"그는 나에게 당신을 없애달라고 부탁했어. 나는 그를 쫓아내었지.\""
    },
    {
      "Key": "a9887253-bff3-48ae-a198-b444ff6febd9",
      "Value": "\"그는 나에게 당신을 없애달라고 부탁했어. 하지만 그는 도망갔어.\""
    },
    {
      "Key": "6bc81fa6-1a3a-4dfa-96a8-99f3d4873d18",
      "Value": "\"다르벤은 위험하고 교활한 상대야. 당신은 수년 동안 그를 쫓아 왔지만 여전히 그를 잡아 내지 못했지. 그를 과소 평가해서는 안돼.\""
    },
    {
      "Key": "acaeb0a2-5f2b-40bc-96f6-9893e2ec00b3",
      "Value": "\"그는 교활하게 말했어. 나는 그를 붙잡을 기회가 없었어.\""
    },
    {
      "Key": "a2c329d3-f492-4457-b114-c8ba6238bcd1",
      "Value": "\"말조심 해 린시아. 당신이 누구와 이야기하는지 기억하라고.\""
    },
    {
      "Key": "c584a91d-be0f-4ea3-bc68-6fa4b036b80b",
      "Value": "\" {mf|남작|여남작|왕|여왕}? 여기에서 당신을 만나게 되어 정말 기쁘군.\" {n}{d|린시아}린시아{/d}의 목소리는 언제나 처럼 감정이 없습니다.{/n} \"수소문을 하고 있어. 곧 다르벤을 만날 테지. 하지만 나는 어떻게 네가 이 장소를 찾았는지 알고 싶어.\""
    },
    {
      "Key": "f2adaced-e6fe-4eb8-8b15-390f92982b8a",
      "Value": "\" {mf|남작|여남작|왕|여왕}? 어떻게 여기에 왔지? 누가 이 장소에 대해 말했어? 어서 대답해!\""
    },
    {
      "Key": "c6e72528-ca62-4d10-b2ba-6080ad679cf6",
      "Value": "{n}린시아 어깨를 으쓱합니다.{/n} \"우리는 수도의 사람들을 심문했지만 아무도 단서가 없다는 것을 증명했어. 이제 조사를 이웃 마을로 옮길 거야. 다르벤을 무슨 수를 써서라도 찾을 테야. 하루 일주일 또는 일년이 걸리더라도. 그는 도망가지 못해.\""
    },
    {
      "Key": "84c5a055-670d-46b5-be19-08a8549decbe",
      "Value": "\"하지만 내 질문에는 결코 대답하지 않았어. 어떻게 여기에 왔지?\""
    },
    {
      "Key": "1c8ebf70-5ce2-4b7d-975f-13ba4c4d7a1a",
      "Value": "\"뭐?!\" {n}린시아의 손이 검을 향하고 칼자루에 붙는다.{/n} \"어떻게 된거야? 언제? 지금 그는 어디 있어?\""
    },
    {
      "Key": "794fd414-6f19-452b-a83e-590d0d33de88",
      "Value": "{n}린시아는 심호흡하고 그녀의 자기를 통제합니다.{/n} \"그건 사실이야. 너에게 내 무모한 말을 한 나를 용서하길.\""
    },
    {
      "Key": "9cc48943-cf27-4cdb-85d0-f9762fcf60f2",
      "Value": "\"나는 기만하기가 쉽지 않아. {mf|남작|여남작|왕|여왕}.\" {n}린시아는 작은 눈으로 당신을 뚫어지게 쳐다봅니다.{/n} \"나는 너를 믿지 않아. 진실을 말해라.\""
    },
    {
      "Key": "521c69cd-fb31-4a8f-9161-233cd0538676",
      "Value": "\"이번엔 아니야. {g|Order of the Rack}형벌 기사단{/g}은 내 질문에 대한 직접적인 대답을 요구해. 그리고 나는 그것을 어떻게든 얻을 것이고. \""
    },
    {
      "Key": "6c800933-d240-4685-8b08-5cfdff4b58e3",
      "Value": "{n}린시아는 칼을 움켜잡습니다.{/n} \"아니. 내 질문을 그렇게 쉽게 피하지는 못해. {g|Hellknights}헬나이트{/g}! 전투준비!\""
    },
    {
      "Key": "38bf0dcd-f283-4069-8823-84f09c753993",
      "Value": "\"잘했어, 친구! 그 누구도 린시아의 경계를 산만하게 만들 수는 없을 거라 생각했었는데. 이제 이 년을 끝장내는 것만 남았어.\""
    },
    {
      "Key": "5e18d289-9e65-4259-8baa-cfa3549086ad",
      "Value": "\"너는 범죄자를 처형하고 그가 대화에 참여하지 않도록 해야 했어! 그것은 이 땅의 통치자로서의 의무였어! 아니면 뭔가 숨기는 것이 있나? 그냥 내가 직접 널 처리해 주지. {g|Hellknights}헬나이트{/g}여! 전투준비!\""
    },
    {
      "Key": "d47b7d93-3c0a-4632-a26f-cbc372b39437",
      "Value": "\"그에게 도움을 약속하는 거짓말을 하고 그 사람을 풀어 줬어? 기회가 있을 때 그를 죽이지 않은 이유는 무엇이지? 당신이 진정으로 법의 편에 서 있으면 지금 다르벤은 죽었을 테지!\""
    },
    {
      "Key": "726a823e-e93c-473d-bce0-c010b3c65cba",
      "Value": "\"어중간하게 일을 처리했군! 법은 범죄자들을 쫓지 말고 처벌해야 한다! 나는 당신이 정말로 어느 편인지 의심하기 시작했어.\""
    },
    {
      "Key": "b8578175-f7b1-4852-8f5c-912e0fc8b76a",
      "Value": "{n}린시아의 눈에는 간신히 숨겨진 경멸이 반짝입니다.{/n} \"그래서 그는 도망 쳤군. 그런 후진국의 통치자가 하는 일이 뻔하지. 형편없군.\""
    },
    {
      "Key": "bbaa08f5-9d1d-4a62-95e1-f233f3bef15b",
      "Value": "\"그래서 허접스러운 속임수에 빠졌나? 유아조차도 쉽게 당신을 속일 수 있겠군.\""
    },
    {
      "Key": "49bfdf08-850a-45af-9420-44145f1f248f",
      "Value": "\"나는 내가 누구에게 말하고 있는지 완벽하게 잘 기억하고 있어. 나는 단 한 명의 범인을 잡지 못한 통치자에게 말하고 있지. 아니면 불가능하지는 않지만 꺼리는 것이 아닌가? 곧 발견 할 것이다. {g|Hellknights}Hellknights{/g}! 전투준비!\""
    },
    {
      "Key": "3a759557-5e6a-4184-a8f1-8f7de694f2a8",
      "Value": "\"이 반역자! 전투를 준비하라 {g|Hellknights}헬나이트{/g}여! 다르벤은 살려 두고 나머지는 모두 죽여라!\""
    },
    {
      "Key": "dc56982a-7367-4268-ab17-da27ee51d886",
      "Value": "\"정말로 이 사람과 이야기해야 하나? {g|Order of the Rack}형벌 기사단{/g}에게 해줄 가장 친절한 말은 묘비명뿐일 거야. \""
    },
    {
      "Key": "a5d0ea19-2eb3-47e7-8bb2-6535b2d6dd3d",
      "Value": "{n}린지는 린시아로부터 몸을 돌립니다.{/n} \"책을 태우는 나쁜 녀석!\""
    },
    {
      "Key": "74670096-d6cd-4015-a19d-732513ee411b",
      "Value": "\"너무 열정적이었지만 결과는 적군.\""
    },
    {
      "Key": "aa3bf718-605a-4f72-ad66-972a216adc81",
      "Value": "\"나는 너에게서 나 자신의 최악을 본다. Hellknight 린시아. 그 영혼을 잃은 고귀한 열정.\""
    },
    {
      "Key": "c2b1667d-0de6-4ca4-b26a-2d4f4976fee7",
      "Value": "\"왜 그녀가 너에게 그런 말을 하는 거야? 그녀가 너보다 지위가 높아?\" {n}녹녹은 당신과 린시아를 비교하는 것처럼 둘을 번갈아 봅니다.{/n}"
    }
  ]
}