{
  "$id": "1",
  "strings": [
    {
      "Key": "2f594c60-0d71-483c-b57a-f200eb9e2647",
      "Value": ""
    },
    {
      "Key": "fa6d4b0f-128d-4729-83c8-6e2516b70690",
      "Value": ""
    },
    {
      "Key": "7ff9fdc2-9c7c-4eb2-b015-af1f6b68b668",
      "Value": ""
    },
    {
      "Key": "deb704bd-30a7-42cc-8c9d-9d1be3841258",
      "Value": ""
    },
    {
      "Key": "0184f75a-97b4-455c-9534-17b7016001f8",
      "Value": ""
    },
    {
      "Key": "9b973c0b-aeb3-4aea-9345-c7d0f80149aa",
      "Value": ""
    },
    {
      "Key": "6e0695eb-544e-4c9a-a928-9260bcc0627e",
      "Value": ""
    }
  ]
}