{
  "$id": "1",
  "strings": [
    {
      "Key": "e3c46a99-d684-4ffe-949a-11164b070888",
      "Value": "[그 패거리들을 더 자세히 살펴본다]"
    },
    {
      "Key": "2bfa3cbc-9f26-418e-8d65-b148b45b89c2",
      "Value": "\"제 의견을 원하신다면, 대장님, 저들의 말을 끝까지 들어봐야 할 것 같은데요.\""
    },
    {
      "Key": "b7fcd48a-1291-4770-a796-933707b2ddb0",
      "Value": "[무기를 뽑는다] \"우리는 너 같은 도적놈도 아니고, 너희 부류와는 거래도 안 해!\""
    },
    {
      "Key": "4e020e50-1645-48a6-9db3-6cb69232082e",
      "Value": "\"확실히 말해봐, 어떤 사람인지 괴물인지가 너희 패거리들 지글지글 튀겨버렸는데, 우리보고 도와달라고?\""
    },
    {
      "Key": "af62eece-0375-4432-9ca7-f001d6686ef2",
      "Value": "[당신의 동료들을 본다]"
    },
    {
      "Key": "ed5265f9-c2c2-4860-90e0-574e05adaf23",
      "Value": "\"왜 우리가 이 하찮은 놈들과 약탈물을 나눠야 하죠? 다 죽이고, 그 다음에 용도 마저 처리하죠.\""
    },
    {
      "Key": "93855df2-fb46-4791-a206-b8e00d74b6fa",
      "Value": "\"다른 상황이었으면 이런 깡패들의 말은 안 듣겠지만, 용은 너무 위험해요. 우리 땅을 지키기 위해서라도 저들과 협력해야 돼요.\""
    },
    {
      "Key": "80ed4d53-05ec-4dc3-9001-09d4a9038ffe",
      "Value": "\"어떤 이해관계가 걸려도 원칙을 버릴 수는 없죠. 도적들과 거래는 없어요.\""
    },
    {
      "Key": "15d61092-32f3-42e9-a06d-22eb8a7029c7",
      "Value": "\"우호적인 제의는 절대 거절해선 안 돼요. 누가 제안했든지요.\""
    },
    {
      "Key": "9ca07d22-bd0b-469f-8b88-c64cb4348c21",
      "Value": "[아무 말도 않는다]"
    },
    {
      "Key": "74d24ae1-2733-4367-9f42-bbd02cfc4a3f",
      "Value": "\"난 도적들이 제 발로 다가와선, 말 그대로 칼로 대접해달라고 요구해대는 게 좋아.\""
    },
    {
      "Key": "ff9ec7b0-0d55-445e-9e2e-e11da40a4c14",
      "Value": "\"우리는 싸울 필요가 없어요. 어쨌든, 얀이 우리에게 와서 솔직히 얘기했어요. 그가 남작령에서 자기 사람들을 데리고 자기 길을 가도록 하시죠.\""
    },
    {
      "Key": "112c7f42-282b-4102-8c23-8e14024281b1",
      "Value": "{n}단단히 무장한 큰 무리의 깡패들이 대놓고 당신에게 다가옵니다. 앞서 나온 사람이 으스대며 걸어옵니다. 그는 키가 큰 남자인데, 얼굴의 오른쪽 절반은 흉터와 복잡한 문신으로 덮여 있습니다.{/n} \"반 단장 – 아니 반 남작이려나! 당신이 조만간 여기에 나타날 것 같은 느낌이 들었지. 이 순간을 손꼽아 기다려왔다. 창백한 얀이라고 불러주시오. 나는 자유를 사랑하는 여행자들로 이루어진 이 명예로운 집단의 우두머리라네, 하하.\""
    },
    {
      "Key": "9d5e2eec-75be-4ebe-be5d-3e710d4240f4",
      "Value": "\"내 남작령은 참 놀라운 땅이군. 도적들까지도 놀랄 만큼 예의 바르고 말솜씨가 좋은데.\" {n}메이가르는 완전히 태연해 보입니다.{/n}"
    },
    {
      "Key": "8c9dcff7-5bce-4838-bd1b-8a5ad88c0c1b",
      "Value": "\"남작령은 보통 그곳의 지배자에게 걸맞는 법이지.\" {n}도둑은 활짝 웃다가 조소합니다.{/n} \"나는 브레보이나 피탁스에서 온 저 우쭐대는 귀족들과는 대화하지 않아. 하지만 반링 호스트의 영광은 익히 들었으니, 예외를 두려고 해. 당신에게 사업 제안이 있어. 내 정보와 부하들을 빌려줄 테니, 그 대가로 노획물을 나누는 거야... 그리고 당신네 법의 여신은 이 순간을 못 본 체해야겠지.\""
    },
    {
      "Key": "4da5ef46-5a94-4e54-85ca-773b32b8b157",
      "Value": "{n}그 패거리들은 훌륭하게 무장하고 있는 것 같습니다. 그러나, 산적들은 분명 막 싸움을 끝냈습니다. 대부분은 긁히고 상처를 입었으며, 그들의 옷은 찢어졌습니다 – 더 흥미롭게도, 몇몇 사람에게 불이나 전기로 인한 화상이 남아있습니다.{/n}"
    },
    {
      "Key": "bbacedec-2873-42f6-9c57-6e7eabdec693",
      "Value": "{n}산적들은 무장도 잘 되어 있고 장비도 잘 갖추어져 있지만, 그냥 보기만 해서는 그 이상을 알 수 없습니다.{/n}"
    },
    {
      "Key": "6142bfe4-c0f4-40b6-af24-56196a71ee17",
      "Value": "\"아스모데우스시여, 무슨 말을 하든 욕인 줄 알고 달려드는 저런 선술집 쓰레기들과는 드잡이 좀 안 할 수는 없는 건가?!\""
    },
    {
      "Key": "646df65e-4c3f-48e1-b62b-1215baec39ff",
      "Value": "\"장군, 평범한 상황이었다면 자네의 불복종을 책망했을거야. 하지만 지금 당장은 그러지 않아도 될 것 같군. 공격 준비!\""
    },
    {
      "Key": "a809647b-2172-4796-a725-c27808bd5988",
      "Value": "\"그거 참 유감이군. 좋아, 저들이 스스로 말하는 것처럼 싸움에 능한지 보자!\""
    },
    {
      "Key": "3575a51c-bfd2-48af-b847-7516f9adf246",
      "Value": "{n}메이가르가 부드럽게 웃습니다.{/n} \"장군, 너무 한 번에 다 처리하려고 하지 말게. 남은 우리들을 위해 몇 조각쯤 남겨 달라고!\""
    },
    {
      "Key": "6694f1fd-5786-49ff-ac86-9aa236d37dff",
      "Value": "{n}메이가르는 얼굴을 찡그리지만 고개를 끄덕입니다.{/n} \"그래서 무슨 말을 하고 싶나?\""
    },
    {
      "Key": "df9e0aaa-4665-46cc-9a76-6f812793b8aa",
      "Value": "\"눈썰미가 좋으십니다, 장군. 저들이 이런 협정의 잠재적인 이익을 보는건지 모르겠군, 아니면 과거에 불탄 내 자존심을 모른체 하는건가?\""
    },
    {
      "Key": "8104ca46-d89f-426d-b8ed-15ace715d909",
      "Value": "\"내 모든 이야기를 당신에게 들려주지. 얼마 전, 소수의 현지인들이 운 좋게 일생일대의 광경을 목격했어. – 황무지 위에서 싸우는 용 두 마리. 그 중 하나는 전설적인 일수리악으로 보였어. 저 늙은 독사는 오랫동안 그녀의 둥지를 떠나지 않았지! 물론 그녀는 그 전투에서 이겼고, 그녀의 상대는 가까스로 탈출했어. 부상당했고, 동쪽으로 힘겹게 움직여서, 어떻게든 레베니스 바위산맥을 넘어, 마침내 이곳에 당도했지! 그 녀석은 며칠째 사이클롭스 폐허 한가운데 앉아 있는데, 떠날 준비가 안 된 모양이더군.\""
    },
    {
      "Key": "b8a50715-1f93-4914-9e3b-2fa82156d0a5",
      "Value": "\"반 남작, 이건 시급한 문제야. 당신은 자기 남작령에 피 흘리는 용을 데리고 있는 거라고. 부상당했지만 여전히 가장 치명적이지. 그는 켄타우로스 몇몇을 죽였어. 우린 그걸 직접 두 눈으로 목격했지. 머지않아 너희 마을 사람들이 그놈 앞을 지나가게 될 것이고, 그럼 그땐 피바다가 될 거야. 우린 싸워야 할 때 싸울 준비가 됐지만, 내 부하놈들은 그 괴물의 상대가 되기 어렵지. 당신과 당신의 지금 일행도 놈을 잡긴 어려울 거야. 하지만 우리가 힘을 합친다면, 그 괴물을 쓰러뜨릴 수 있을지도 몰라 – 그리고 그 괴물이 폐허에서 가져간 보물들과 유물들을 나눠가질 수도 있어. 약속하지, 그 후에 우리는 당신의 땅을 떠나 멀리멀리 떨어진 어딘가에서 우리의 일을 할거야.\""
    },
    {
      "Key": "bce6453e-dc01-4f73-a52b-ad8b09442b8f",
      "Value": "{n}산적이 자신의 말을 끝냈을 때부터, 메이가르의 분위기는 점점 어두워집니다. 의심의 여지도 없습니다. 그는 공격을 명령할 준비를 하고 있고, 산적들을 이 자리에서 제압할 참입니다.{/n}"
    },
    {
      "Key": "bcd45365-fcfa-4316-9791-e4f7f171aa6a",
      "Value": "{n}케팔은 리더의 얼굴을 가까이에서 지켜보고는, 가까이 다가갑니다. 의심의 여지 없이 쓴소리를 준비 중이겠지만, 산적들 앞에서 논쟁하는 것은 꼴불견이 될 겁니다. 날카로운 언동은 조치가 취해질 때까지 보유될 것입니다.{/n}"
    },
    {
      "Key": "e0c7d001-6222-401d-bc3f-9053d7616953",
      "Value": "{n}케팔이 두 손을 비비기 시작합니다. 의심할 여지없는 전투 준비입니다.{/n}"
    },
    {
      "Key": "1f1086c2-434a-4c26-8814-1d9d4d5d431d",
      "Value": "\"내 말을 듣기 싫거든 자네 장군의 말을 듣게, 남작.\" {n}마법사가 부드럽게 말합니다.{/n}"
    },
    {
      "Key": "ad01b0cf-e272-4531-a11f-bdf25d8b011c",
      "Value": "\"반 단장은 인생의 대부분을 도적과 살인자들과 싸우며 보냈지. 나는 반 남작은 잘못 점지된 동업으로 통치를 시작하길 원치 않아. 용서하게, 창백한 얀 경. 네 예의에 감사하여, 네 과부에게는 연금을 주지. 만약 네가 부인을 뒀다면 말야!\""
    },
    {
      "Key": "c36837ca-f006-47f0-bdd3-a18db0f5787d",
      "Value": "{n}메이가르는 케팔을 바라보다가, 당신을 바라보다가, 다시 케팔에게 눈을 돌립니다.{/n} \"연합 전선이라, 허어! 이런 건 싫지만, 당신의 충고에 귀 기울이는 데 익숙해졌고, 이젠 당신을 의심하지 않소.\" {n}그는 산적에게 고개를 돌립니다.{/n} \"내 약속하지, 창백한 얀 경. 우리는 함께 용을 죽일 것이고, 당신은 노획물의 반을 가지고 떠나도 좋다.\""
    },
    {
      "Key": "93dff829-31f0-46a7-aa7d-33483dc3fe15",
      "Value": "{n}산적이 경례를 합니다.{/n} \"짐승은 남서쪽에 있어. 우리는 근처에서 당신들을 기다리도록 하지. 와서 재미 좀 보라구!\""
    },
    {
      "Key": "fd63e5eb-f36c-4f49-bbf5-2bc33d96589f",
      "Value": "{n}긴장된 침묵이 공중에 감돕니다. 메이가르는 좀 더 생각하는건지, 아니면 당신과 케팔의 반응을 기다리는건지 아무 말도 하지 않습니다.{/n}"
    },
    {
      "Key": "74798770-67f5-43a2-80fc-d9ceb3da7539",
      "Value": "{n}메이가르는 다정한 거짓 미소를 짓습니다.{/n} \"창백한 얀 경, 준비된 연설은 아주 인상적이었네, 그러나 좀 늦은 감이 있어 유감이군. 그 용은... 이걸 어떻게 표현해야 하나? 더 이상은 문제가 아니야. 반면에 내 땅에 있는 당신 패거리들은...\" {n}메이가르는 말을 잠시 멈춥니다. 마치 대꾸하고 싶은 사람을 위해 여지를 주려는 듯 보입니다 .{/n}"
    },
    {
      "Key": "f71643d1-49f2-4a6f-af22-199bd0b76272",
      "Value": "{n}메이가르는 얼굴을 찡그립니다.{/n} \"그래서 뭐, 다른 사람의 땅에서도 강도짓을 하게 놔두자는 건가?\""
    },
    {
      "Key": "65d0ebd2-b258-45c5-a940-9601b64321fb",
      "Value": "\"자네 국경 너머에서 무슨 일이 일어나든 무슨 상관인가? 자기 신하들을 잘 돌보고, 단순한 영웅놀이로 사서 위험을 감수하지 말게.\""
    },
    {
      "Key": "ad436ef1-0796-4311-8878-2d91e6cdfaa1",
      "Value": "\"놀랍군. 당신과 장군이 연합 전선을 제안하다니! 좋아, 당신 충고에 귀를 기울이지. 들었나, 창백한 얀 경? 네 왁자지껄한 산적들을 데리고 이 땅에서 나가라. 내 남작령 안에서 너를 다시 만난다면, 그땐 대화의 시간은 없을 것이다!\""
    },
    {
      "Key": "5c2c6bf6-74a2-4510-8d68-26be1d845ce2",
      "Value": "{n}산적은 음울하게 경례를 합니다.{/n} \"좋은 하루 되시길, 남작!\""
    }
  ]
}