{
  "$id": "1",
  "strings": [
    {
      "Key": "de0ac2c6-7de2-479a-9d46-29e0eccba2a3",
      "Value": "\"이 상인의 세금을 면제하라.\""
    },
    {
      "Key": "1735a7a1-715b-4fbe-b397-ed73030d93c4",
      "Value": "\"그에게 내 땅에서 법은 모두에게 공평하게 적용된다고 말하라.\""
    },
    {
      "Key": "a334793f-abb7-4cf9-80b5-e218269d5c74",
      "Value": "{g|Loyalty5_3}[선택 시 효과]{/g} [5000 골드 및 40 BP 획득] \"이 타락한 상인은 거만함의 대가를 치를 것이다. 체포하고 처형하라.\""
    },
    {
      "Key": "6f66eaaa-8f92-4639-baf4-0f6d01baf01e",
      "Value": "\"그대의 조언을 믿는다.\""
    },
    {
      "Key": "0f4c3639-93aa-4694-91b9-befd3eaaaabf",
      "Value": "\"{name}, 지역 상인이 세금을 완화해 주기를 희망하고 있는데, 이는 당연히 {mf|남작령|남작령|왕국|왕국}의 법에 위배됩니다. 이 서비스... 에 대한 보답... 으로 그는 도시의 무역 공동체에서 당신을 위해 좋은 말을 할 것을 약속했습니다.\""
    },
    {
      "Key": "eeaac375-d784-4c78-b5fc-fc474651656e",
      "Value": "\"{mf|영주님|영주님|전하|전하}, 기이한 소식이 있습니다. 지역 상인이 영주님을 매수하고자 하고 있습니다. 그는 자신의 새 소금 생산 공장에 세금을 완화해 줄 것을 원하고 있습니다. 그 대가로 그가 {mf|남작령의|남작령의|왕국의|왕국의} 무역 공동체에서 당신의 '홍보 대사' 역할을 하겠다고 약속하더군요.\""
    },
    {
      "Key": "1dc251d4-51e7-45a8-903a-822fd278d428",
      "Value": "\"{name}, 한 지역 상인이 당신에게 사업적 거래를 제안했다. 그는 그의 사업체 중 한 곳에서 세금을 면제받고 싶어 하더군. 이건 확실히 위법이다. 하지만 그 대가로 그는 상류 상인 공동체에서 너를 위해 좋은 말을 해줄 것을 약속했다.\""
    },
    {
      "Key": "d4c41693-f673-44c7-80e8-968595d9ec0a",
      "Value": "\"이 거래는 당신의 선견지명을 증명합니다, {mf|영주님|영주님|전하|전하}. {mf|남작령|남작령|왕국|왕국}의 행복... 그리고 당신의 국고... 모두 백성들이 필요하지요.\""
    },
    {
      "Key": "0959a4b7-6351-4527-9aef-6ceefe71603b",
      "Value": "\"당신은 앞으로 더 많은 이런 제안을 거절하셔야 합니다. 하지만 결국 사람들은 {g|Stolen Lands}도둑맞은 땅이{/g} 영원히 변했다는 것을 알게 되겠지요. 앞으로도, 모든 이들은 법 앞에 평등할 겁니다.\""
    },
    {
      "Key": "ab1e1fb5-b44a-4274-9fc2-f7645dd5e07b",
      "Value": "\"그게 다야? 너의 관대함에 감사할거라고 생각한거야? 뭘 하든 그는 원한을 품겠지. 그를 제거했어야 했어.\""
    },
    {
      "Key": "990f8e65-7520-4032-bb61-52d090dbe7e9",
      "Value": "\"나는 그의 죽음이 얼마나 고통스러웠는지 그의 동료들이 알고 있다고 확신한다. 미래에 그들이 사업을 준비하며 실패했을 때 어떤 결말을 맞이하는지 기억하기를 바란다.\""
    },
    {
      "Key": "607945e1-1f61-41f1-8995-b5756bb38a25",
      "Value": "{n}트리스티안의 목소리는 매우 부드럽습니다.{/n} \"그런 제안이 당신을 분노하게 할 수도 있다는 것을 알고 있습니다. 하지만 이해하려고 노력하셔야 합니다. 탐욕은 부유한 이와 빈곤한 이 모두에게 판단력을 흐리게 만듭니다. 우리는 이 사람들에게 시대가 변했음을 가르쳐야 합니다. 법은 더 이상 부자들을 섬기지 않습니다. 그의 제안은 거절하되, 그를 처벌하는 것은 삼가셔야 합니다.\""
    },
    {
      "Key": "55d9be2a-1d24-4f85-8c71-6b609465c76b",
      "Value": "\"물론, 이 멍청이는 단지 상징일 뿐입니다. 이 사람 자체는 중요하지 않지요. 하지만 {mf|남작령|남작령|왕국|왕국}의 모든 영향력 있는 자들은 당신의 결정을 기다리며 숨을 죽이고 있습니다. 그들은 우리와 거래할 수 있다는 것을 알게 되거나 혹은 우리를 위험하다고 여기겠지요. 제가 당신이었다면, 무조건 신의 바른 뜻을 부르짖는 광신도처럼 보이고 싶지도 않을 테고, 꽉 막힌 고지식한 사람처럼 보이고 싶지도 않을 겁니다. 그저 이 작은 요청을 받아들이고, 이 욕심 많은 친구는 끝내십시오.\""
    },
    {
      "Key": "0e97bb70-75f0-4974-aaca-abe000622cab",
      "Value": "\"그가 당신에게 왔다는 건 좋은 것이다. 리더가 누구인지 알고 있다는 뜻이지. 다만 당신에게 구걸이 아닌 당신을 사려고 들어서 좋지 않은 것이다. 이것은 무례한 행동이지. 이런 불손한 벌레는 반드시 벌을 받아야 한다. 무리는 그의 눈에서 두려움을 볼 필요가 있고, 당신의 선의는 절대 매수할 수 없는 것이라는 것을 영원히 기억해야 할 것이다.\""
    }
  ]
}