{
  "$id": "1",
  "strings": [
    {
      "Key": "73501019-c98a-4d5d-9412-346ca3818bd3",
      "Value": "\"레곤가르, 이 기술 어쩌고 하는 놈들 말이야... 전부 잡아다 죽이려고는 해봤어?\""
    },
    {
      "Key": "8617072a-b775-4fc8-b406-f53320377af8",
      "Value": "\"하, 거참 대단한 계획이네! 우린 둘 뿐이고 그놈들은 수천이 넘어. 우리 앞에 한 줄로 서서 목을 긋게 해 준다 해도, 우리가 늙어 죽을 때까지 그 짓을 해야 할 걸!\""
    }
  ]
}