{
  "$id": "1",
  "strings": [
    {
      "Key": "4126f6ca-421c-4449-8f51-0cd51612f05f",
      "Value": "\"당장 멈추십시오, 둘 다! 입닥치고 서로 떨어지세요!\""
    },
    {
      "Key": "4c55f11f-b711-4c25-8fb4-c28d14775a3a",
      "Value": "\"레곤가르, 그렇게 쳐맞고 싶은겁니까! 그런 자리라면 - 오늘 밤이라도 마련해 줄 수 있는데요!\""
    },
    {
      "Key": "e3771395-f7d7-4119-adfc-6de1a69a21d7",
      "Value": "[끼어들지 않는다]"
    },
    {
      "Key": "03c6a991-401a-402d-8ee7-c287a4e7dcfb",
      "Value": "\"레곤가르, 당장 멈추세요! 발레리를 내버려 두라고요\""
    },
    {
      "Key": "df6e977f-c3c8-4f4f-a650-acb889897d0a",
      "Value": "\"발레리. 미안합니다. 레곤가르가 가끔 지나치게 행동하곤 하지요.\""
    },
    {
      "Key": "a1369550-cccc-4285-bbe3-f2b224460ded",
      "Value": "\"레곤가르, 왜 그러는겁니까? 도대체 무슨 생각이에요?\""
    },
    {
      "Key": "379c4736-8703-4d98-bc88-77c9a64b1d7e",
      "Value": "\"이 일은 끝난 걸로 합시다.\""
    },
    {
      "Key": "dd222a5e-b3d2-44b2-b6b6-20dacefd9d3c",
      "Value": "\"레곤가르, 다른 동료들에게 그런 식으로 행동하면 안됩니다! 발레리에게 사과하세요.\""
    },
    {
      "Key": "3ecfd008-a055-49ae-bec3-5e481f665947",
      "Value": "\"한 번만 더 그런 짓을 하면, 다음 한달 동안.... 디저트를 안 줄겁니다.\""
    },
    {
      "Key": "31ffa664-58a9-4d5c-a6df-4580d7fafe06",
      "Value": "\"분명.\""
    },
    {
      "Key": "932bc179-4f56-4849-a7df-2c3d93b652a8",
      "Value": "\"발레리, 손을 치우세요.\""
    },
    {
      "Key": "df58fd6c-8c34-44d3-8f93-cd0c3680a237",
      "Value": "\"맞을 짓을 했지요.\""
    },
    {
      "Key": "57f866a1-c76f-4285-afa4-2380b1af3ac5",
      "Value": "\"레곤가르, 도대체 무슨 생각입니까? 일부러 도발한 겁니까, 그런 거예요?!\""
    },
    {
      "Key": "1349e82e-ebc4-420f-a65c-329d843d1ca6",
      "Value": "\"발레리, 진정하십시오. 그런 짓은 오늘 밤을 위해 아껴두세요!\""
    },
    {
      "Key": "538c0f7e-0306-4422-b0fb-cbe503f2eac6",
      "Value": "\"당신이 공격 받는데 내가 어떻게 보고만 있겠습니까?!\""
    },
    {
      "Key": "423a5ccb-084c-43d7-bfab-ed005120c90f",
      "Value": "\"알겠습니다. 하지만 당신을 보살피고 싶은 마음은 어쩔 수가 없군요.\""
    },
    {
      "Key": "52297478-e2af-4a0c-9676-545bbc95c0c5",
      "Value": "\"고맙단 말 한마디 정돈 할 수 있지 않습니까!\""
    },
    {
      "Key": "b4d30008-daf2-4a29-b7bf-fb7a5c239cfd",
      "Value": "\"발레리, 레곤가르는 신경 쓰지 마십시오. 그게 바로 그가 원하는 겁니다.\""
    },
    {
      "Key": "5c654ad1-6111-49c5-bb82-e0ab9c570876",
      "Value": "\"적들은 더욱더 강력해지고 있어요. 지금은 어떻게든 해내고 있지만, 이젠 영지의 방어 병력에 대해 좀 더 진지하게 고민해 봐야 할 때입니다. .\""
    },
    {
      "Key": "7d9d04b3-233e-4a90-a16c-463b0545d6f1",
      "Value": "\"뭐야, 발레리, 트롤한테 잡아먹힐까봐 무서운거야? 그러면 아예 칼을 잡지 말았어야지! 너도 알다시피 전장은 위험한 곳이라고, - 겁쟁이를 위한 곳은 절대 아니지!\""
    },
    {
      "Key": "746eb31a-047e-4a3e-b230-a3b5746670b3",
      "Value": "\"당신한테 얘기한게 아닙니다. 그리고 나중을 위해서 말하건데, 말조심하세요.\""
    },
    {
      "Key": "63a09cc7-f749-4101-9347-7494724b376e",
      "Value": "\"안그러면 어쩔건데? 울기라도 하려고? 잘난 집안에서 태어난 여자애가 트롤을 무서워한다면, {g|Stolen Lands}도둑맞은 땅{/g}에서 떠나야하지 않겠어! {g|Shelyn}셸린{/g}의 신전에 눌러앉아 자수나 해야지!\""
    },
    {
      "Key": "8ae0752e-b48c-4f65-8eb9-73106295e693",
      "Value": "{n}발레리는 주먹을 꽉 쥡니다.{/n} \"한 마디만 더하면...\""
    },
    {
      "Key": "fdfd67d2-e818-49e5-b6a5-12300ffb5b76",
      "Value": "{n}발레리의 얼굴이 붉으락 푸르락합니다.{/n} \"제 귀를 의심케 하는군요! 부끄러운 줄 아세요! 당신 취향은 혼자만 간직하세요!\" {n}발레리는 분개하며 자리를 떠납니다.{/n}"
    },
    {
      "Key": "a94f0afc-fc08-497f-987b-8fe13e6e04ad",
      "Value": "\"한마디만 하면 - 뭐 어쩔려고? 엄마 아빠한테 이르려고? 그럴 배짱이나...\""
    },
    {
      "Key": "260328c6-330d-401d-afc2-9321dac14a1a",
      "Value": "{n}발레리는 귀가 멍멍할 정도로 레곤가르의 따귀를 때립니다. 발레리는 무기를 꺼낼 자세를 취하지만, 하프-오크는 싸우려고 달려지 않고, 그저 화가난 체 피가 섞인 침을 바닥에 뱉습니다 발레리는 경멸을 섞어 비웃으며 자리를 떠납니다. {/n}"
    },
    {
      "Key": "204346ab-b704-4b82-b335-b7a81d38cc00",
      "Value": "\"알았어, 알았다고.. 별 말 하지도 않았구만.\""
    },
    {
      "Key": "351f17ec-a1f6-40d0-b418-0ef761e91d9c",
      "Value": "\"하 하 하... 얼굴 빨개진 것 좀 봐!\" {n}하프 오크는 껄껄거리며 웃습니다.{/n} \"그럼, 오늘밤, 하는거지?\""
    },
    {
      "Key": "caab16d5-0197-4b13-9bb7-f710856b29d7",
      "Value": "{n}당신 동료들은 서로를 분노에 차서 노려보고는, 자리를 떠납니다.{/n}"
    },
    {
      "Key": "7ba577ac-90ca-45b1-bc84-2c44f42a6610",
      "Value": "\"괜찮습니다. 저... 망나니의 말에 전혀 신경쓰지 않아요. 그저 전투 중에 저런 짓을 하지만 말았으면 좋겠네요.\""
    },
    {
      "Key": "2e3e05a4-78e5-45f5-907e-b7d74802c398",
      "Value": "{n}하프-오크는 얼굴을 지푸리며 돌아섭니다.{/n} \"모르겠어. 그냥 저질러버린 것 같아. 그냥 멍청이인거지... 피를 보기 전에 말려줘서 고마워.\""
    },
    {
      "Key": "ae88138c-a7ac-4612-9ba6-bff9c23bf11a",
      "Value": "{n}레곤가르와 발레리는 거리를 유지하며 서로에게서 눈을 돌립니다..{/n}"
    },
    {
      "Key": "55e564e0-53ad-4162-ba33-8eae89455bfa",
      "Value": "{n}하프-오크는 당신을 우울하게 바라봤다, 발레리를 봤다가, 다시 당신을 보더니 - 말 없이 자리를 떠납니다.{/n}"
    },
    {
      "Key": "657c1316-c08b-4479-871e-a6578f8b2cf7",
      "Value": "{n}레곤가르는 공포에 질린 척 머리를 쥐어뜯습니다.{/n} \"오 안돼, 그것만은! 그럼 난 끝장이야!\""
    },
    {
      "Key": "e9d3f77e-c104-4ece-9d01-7e7cb91a630b",
      "Value": "\"기다려지는구만!\""
    },
    {
      "Key": "674be5f0-6e56-457b-b657-d37055ad6cc2",
      "Value": "\"용서하십시오. 앞으론 더 절제하도록고 노력하겠습니다.\""
    },
    {
      "Key": "21229a01-f1f1-47a5-a5f9-8bb8859f0d9f",
      "Value": "{n}대답 대신 하프-오크는 화난 듯 코웃음을 칩니다.{/n}"
    },
    {
      "Key": "559ffaf2-30db-4f36-95b2-ff723585c8e3",
      "Value": "{n}하프-오크는 얼굴을 지푸리며 돌아섭니다.{/n} \"모르겠어. 그냥 저질러버린 것 같아. 그냥 멍청이인거지... 네가 날 어떻게 참아주는지 모르겠군.\""
    },
    {
      "Key": "81f1f569-f3a7-47a5-a104-09f4a45ea574",
      "Value": "{n}발레리는 눈에서 불을 쏘아대듯 당신을 노려봅니다.{/n} \"당신 도움 없이도 충분히 해결할 수 있어요!\""
    },
    {
      "Key": "e3743e30-0df7-4af2-ac69-1f72c84d3629",
      "Value": "{n}발레리의 얼굴이 분노로 창백해집니다.{/n} \"말하기 전에 생각 좀 해!\""
    },
    {
      "Key": "9f5f6de4-872b-44ca-80cf-7f50640cbecc",
      "Value": "\"하 하 하... 얼굴 빨개진 것 좀 봐!\" {n}하프 오크는 껄껄거리며 웃습니다.{/n} \"발레리는 침대 위에서도 끔찍하게 지루할꺼야, 그렇겠지, {name}?\""
    },
    {
      "Key": "6848f82f-80b5-4625-8c64-94341c924696",
      "Value": "{n}발레리는 화가나서 손짓하곤 자리를 떠납니다.{/n}"
    },
    {
      "Key": "bc9152b2-22c2-4f4a-81ca-eedc40b6cf23",
      "Value": "{n}폭발 직전이던 발레리가, 갑자기 숨을 내쉬더니, 당신에게 고마운 표정을 짓습니다.{/n} \"진심이에요? 그.. 그것 참 친절하군요.\""
    },
    {
      "Key": "2920cf79-bc38-4cbb-b753-c426ddbeccdb",
      "Value": "{n}발레리는 얼굴에 구멍을 뚫을 듯이 당신을 노려보더니, 한숨을 내쉽니다.{/n} \"미안해요. 당신이 맞아요, 내가 과민하게 반응했군요.\" {n}발레리는 쉼호흡을 합니다.{/n} \"좀 진정해야 겠어요.\""
    },
    {
      "Key": "7251adb6-b650-45cc-9849-c5f24d24ffc8",
      "Value": "{n}레곤가르는 심각한 눈길로 발레리를 바라봅니다.{/n}"
    },
    {
      "Key": "9d15fa31-4d08-4059-95c3-59f75b1969bc",
      "Value": "{n}발레리는 당신을 향해 부드럽게 미소짓습니다.{/n} \"언제나 그의 도발에 넘어가곤 한다니까요. 제 시간에 말려줘서 감사합니다.\""
    },
    {
      "Key": "da178798-ee3d-4200-b6c9-3b57a5c1c3d0",
      "Value": "{n}발레리는 하프-오크에게 오만한 눈빛을 보내더니, 흩어졌던 머리를 정돈합니다.{/n}"
    }
  ]
}