{
  "$id": "1",
  "strings": [
    {
      "Key": "7b8dd7e8-89db-454e-9752-0303c24232b9",
      "Value": "\"그냥 악몽일 뿐입니다. 걱정하지 마시죠.\""
    },
    {
      "Key": "11af0157-f662-4ad2-bfa2-6e51dd971337",
      "Value": "\"이건 마법으로 인한 악몽일 수도 있어요. 좋지 않네요.\""
    },
    {
      "Key": "afb7fdf6-8355-4a26-a711-088a487d490d",
      "Value": "\"나는 당신의 마음을 바꾸려고 하진 않을 겁니다. 당신이 일을 끝내기로 결정했다면 그렇게 하세요.\""
    },
    {
      "Key": "3986adc1-0540-42d9-84be-ccc4c673ee66",
      "Value": "\"내가 하는 모든 일은 당신과 반홀드를 위한 일이예요. 다른 방법도 있을지 모르지만 남작령의 이득을 등한시한다고 뭐라하진 마시죠."
    },
    {
      "Key": "8c6a6066-7346-4267-954a-ce9095c81bf2",
      "Value": "\" '조금' 실망한다고요? 이걸 지금 고백이랍시고 하는건가요?\""
    },
    {
      "Key": "d9f90bc0-042e-4713-8025-59342d811947",
      "Value": "\"당신 말고는 아무도 필요 없어요.\""
    },
    {
      "Key": "4f989c4c-9d66-44ea-96fd-e2ca751e99b3",
      "Value": "\"미안해요, 하지만 일이 잘 풀리지 않을 것 같아요. 지금 말해둬야 할 것 같네요.\""
    },
    {
      "Key": "07c1b83e-d126-4ef5-8c32-eee996f7aed6",
      "Value": "\"좋아요. 용서할게요.\""
    },
    {
      "Key": "5187aee9-8027-45f7-a5e9-12f03f4b2f37",
      "Value": "\"다시는 그러지 마세요. 솔직히 말해서 저는 딱히 우리 관계를 지속하거나 하고 싶지 않아요.\""
    },
    {
      "Key": "852866f3-d4a3-4f7a-90a7-9201a717b30f",
      "Value": "{n}당신은 거친 손이 조심스럽게 어깨를 흔들고 다른 손이 이마를 만지는 것을 느끼며 천천히 깨어납니다. 어렵게 눈을 뜨니 경각심을 품은 메이가르가 몸을 기대고 있는 것이 보입니다. 그는 또한 밤새 거의 잠을 자지 못한 것 같습니다.{/n} \"{name}! 괜찮아? 네가 잠결에 비명을 질렀는데, 내가 깨우지 못할까봐 걱정되더군. 악몽이지, 응?\""
    },
    {
      "Key": "28c42af7-df08-4cf9-b8ab-1078f0adf160",
      "Value": "{n}메이가르의 얼굴이 암울해집니다.{/n} \"나도 어두운 꿈을 꿨어. 그리고 잠에서 깨니까, 내가 잠든 동안 까마귀가 내 눈을 쪼아먹으려 애라도 쓴 것처럼 눈이 아프더군. 우리가 스스로에게 무슨 짓을 한거지?! 오늘이야말로 그 무덤에서 해답을 얻길 바라자고.\""
    },
    {
      "Key": "df50bc24-7999-44ba-8c2b-e84c51d08e5a",
      "Value": "\"어쨌든, 시간이 좀 있으니 얘기를 나누고 싶군. 지금이 가장 좋은 때는 아니겠만, 저 던전 안에서 무엇이 기다리고 있을지 누가 알겠어... 그리고 나는 일을 마무리 짓지 않고 떠나는걸 좋아하지 않지. 우리가 반홀드에서 평화롭게 산책이나 하고 있었던 때가 바로 얼마 전이라는게, 그리고 그 사이에 얼마나 많은게 변했는지 정말 놀라워! 더 나쁜 건, 이 비참한 땅만 나빴던 게 아니었다는거야.\""
    },
    {
      "Key": "c3e7ee66-1fa7-48d1-b2de-dcf7e3b7848b",
      "Value": "{n}그는 한숨을 내쉬고 나서 우울한 표정을 털어냅니다.{/n} \"우리가 반홀드를 거닐던 이후 거의 이야기를 나누지 않았지. 얼마전에 그런 일이 있었다니 믿을 수가 없어. 우리 일상이 케런의 사교도들이나 켄타우로스, 사악한 전설과 고대의 위협으로 가득 차기 전의 일이었지.\""
    },
    {
      "Key": "9087dbb9-8e4b-4279-adb8-2029a71e8c44",
      "Value": "\"한편으로 네겐 위험한 상황에 스스로를 어떻게 처신하는지 보여줄 기회가 몇 번 있었지, 반홀드의 운명이 위태로울 때 말이야. 그리고 난 그것이 별로 탐탁치 않았어 . 사실, 내가 너에 대해 어떻게 느끼는지는 전혀 변하지 않았어. 그러나 통치자로서 나는 내 마음이 원하는 것만 가지고 아내를 선택할 권리가 없지. 그리고 나는 너를 크게 존중하고 싶으니 정부의 자리도 권하지 않을 거야. 그래서... 날 용서해줘. 반홀드에서 그 얘기를 시작하게 되어 유감이고, 결국 그렇게 되어버린 것도 미안해.\""
    },
    {
      "Key": "abb103e7-404f-4888-b363-0bd5855ee9c8",
      "Value": "{n}메이가르는 한참 동안 당신을 노려보다가 한숨을 내쉽니다.{/n} \"케팔은 자기 머리를 쥐어짜면서 내가 반대 의견을 듣는 법을 배워야 한다고 나를 구박하고는 했지. 그리고 그가 맞을지도 몰라. 난 바보에, 철없고, 끔찍한 남작에, 동시에 행복을 거의 놓쳐버린 사람이야.\""
    },
    {
      "Key": "071149ed-78e1-40cd-939e-0d43824b1d55",
      "Value": "{n}메이가르는 씁쓸하게 고개를 젓습니다.{/n} \"나는 네 의도를 의심하지 않아. 하지만 결단에 대한 우리의 관점은 너무 달라서 싸울 거리조차 되지 않지. 반홀드의 문제들이 점점 심해지고 있으니 널 원망하지 않아. 그러니 어서 가자. 함께 힘을 합쳐서 이 사악을 상대하자 – 옛정을 생각해서!\""
    },
    {
      "Key": "6e8f8be4-4243-4b50-8661-01952623dad9",
      "Value": "\"좋아.\" {n}메이가르는 묵직하고 진지하게 고개를 끄덕인다.{/n} \"이제 가지, 장군. 이 땅을 구할 사람은 우리 말고는 아무도 없어.\""
    },
    {
      "Key": "12f55d96-49ed-44a6-a1e5-b3d45b532429",
      "Value": "{n}그는 당신의 손을 잡습니다.{/n} \"가자, {name}. 모두를 구하고 지하감옥에 숨어있는 고대의 악을 부숴버리고 나면, 우리에게 필요한 시간을 가질 수 있을 테니!\""
    },
    {
      "Key": "bf6630c7-da50-4a66-8c86-2ac97fffc58d",
      "Value": "\"지금의 최적의 때가 아니란 건 알지만, 다시는 이럴 시간이 안 올지도 몰라! {name}, 넌 지금 날 어떻게 생각하지? 우리에 대해서, 그러니까. 왜냐하면, 만약 내가 부드러운 밤과 행복한 포옹에 대한 환상을 품은 채로 어두운 던전에서 미지의 악과 싸우러 간다면? 그러고 나서 어떻게 이기고, 그제야 그게 다 환상일 뿐이라는 걸 알아버리면? 그렇게 되면 내가 좀 실망할 텐데.\""
    },
    {
      "Key": "9ccce413-2ddd-4711-8777-3aa5b365cca2",
      "Value": "\"그럼 이건 어떨까?\" {n} 메이가르는 거친 전사의 손으로 당신의 뺨을 어루만지며 당신에게 기대 열정적으로 키스합니다.{/n} \"항상 말보다 행동이 낫더군.\""
    },
    {
      "Key": "e18365d6-a2a5-42b5-af06-78944fd41665",
      "Value": "{n}메이가르의 얼굴이 잠깐 굳지만, 곧 추스르고 태연하게 말합니다.{/n} \"원하는 대로. 이제 우리 책무를 마주할 때가 됐군, 안 그래? 고대의 비밀을 밝혀내고, 우리의 평화로운 땅을 악의 세력으로부터 구해내는 것 말이지.\""
    },
    {
      "Key": "0a720728-9ecf-4f7d-a6e6-c3d595f098de",
      "Value": "\"어둠 속으로 뛰어드는 서사시를 위한 멋진 말들!\" {n}메이가르는 미소를 짓고는, 당신 쪽으로 몸을 기울이며 빠르지만 열정적인 키스를 합니다.{/n}"
    }
  ]
}