{
  "$id": "1",
  "strings": [
    {
      "Key": "c02e8749-3237-48b8-8f16-3983763aee27",
      "Value": "\"안녕. 왜 여기에 온거야?\""
    },
    {
      "Key": "68ae1d3f-617a-44bb-8f7a-65aabab49525",
      "Value": "\"꺼져라, 나이리사. 얘기할 것은 없다.\""
    },
    {
      "Key": "40e859a6-d94f-4602-b5fa-932f517e10d9",
      "Value": "\"나를 사랑한다고 말하려는 건가?\""
    },
    {
      "Key": "6eaec577-8e29-4c61-a666-727ec4290352",
      "Value": "\"그만. 넌 나의 적이다. 너의 감정에 대해서는 신경쓰지 않는다.\""
    },
    {
      "Key": "a0e6c8e4-c5f9-46b8-804b-9793ee57347b",
      "Value": "\"만약 내가 너를 위해 왕국을 희생할 준비가 되었다면? 가져가, 왕국은 네 거야. 밀알을 잔에 떨어뜨려.\""
    },
    {
      "Key": "ebe0eaf7-f2e9-45cb-aa85-b3391d2fe415",
      "Value": "\"모든게 이런 식으로 흘러가서 유감이야. 넌 나에게 소중하지만, 네가 나의 왕국을 파괴하도록 내버려둘 수는 없어.\""
    },
    {
      "Key": "c7644727-8d36-40f4-a135-94485d5b506b",
      "Value": "\"네가 내 꿈에 들어왔으니. 이제 내가 너의 꿈에 들어갈 차례다,\" {n}나이리사가 인사 대신으로 말합니다. 당신은 폭풍이 일기 전 짧은 고요함의 순간과 같이 주변의 공기가 떨리는 걸 느낍니다.{/n}"
    },
    {
      "Key": "f358b6ca-4693-404d-8bac-b1cb6732ed53",
      "Value": "\"작별을 하러 왔다. 우리가 다시 만난다면, 숙명의 적으로써 전장에서 마주치겠지.\""
    },
    {
      "Key": "dc7542b8-65cd-4f44-a7f3-2442e5bf4fa7",
      "Value": "\"슬프구나, 용감한 영혼의 운명이란...\" {n}님프는 노래하는 듯한 목소리로 말합니다.{/n} \"벗어날 수 없는 길이 있으며, 말하지 않는 편이 가장 좋은 말이 있다. 나는 작별을 건내러 왔다. 그래서 지금 하는거지. 다음 번에 만났을 때의 결과는 죽음 뿐이다.\""
    },
    {
      "Key": "e95354e1-68bc-4e4b-b619-0862db059f99",
      "Value": "\"나는 사랑할 수 없다.\" {n}나이리사가 차갑고 단조로운 음조로 말합니다.{/n} \"나의 정수는 나로부터 찢겨져 나가 잃어버렸다. 하지만 너와 이야기를 나눌 때, 네가 생각할 수도 없는 위협에 맞설 때, 내 영혼에 난 구멍에서 피가 흘러, 그 어느 때보다도 아프구나.\""
    },
    {
      "Key": "00917bc3-6c3d-488e-91d3-7fa8172ee660",
      "Value": "\"우리의 첫 만남을 기억하니? 저주를 풀기 위해 몇 천년을 낭비하기 전인 순진한 님프 모습으로 변장했었지. 친절하게 다가가면 속이기도 더 쉬워지는 법이야. 하지만 그게 나 자신을 궁지로 몰아 넣은 것 같구나. 너의 말이 내게 고통을 안겨주었어. 양심의 가책이 가시가 되어 내 살을 파고 들었지. 내가 누구였는지 너가 다시 떠올리게 해주었어... 다시는 돌아갈 수 없지만. 이제 끝이 다가오니까, 난... 초조해져. 너를 마지막 제물로 바치는 것이 이렇게 고민이 될 줄이야.\""
    },
    {
      "Key": "0bfd36c1-5d11-4100-a1a4-8da8387a2702",
      "Value": "{n}그 말은 님프를 놀라게 한 것 같습니다. 그러나 그녀의 놀라움은 경멸이 섞여 있습니다.{/n} \"그렇게 말하는 건가..... 글쎄, 그렇게 나를 기쁘게 하고 싶다면, 공작이 시작한 일을 끝내고 네 나라를 파괴하도록 내버려 둬. 하지만 넌 날 놀라게 했어, 정말로. 그렇게 쉽게 물러날 줄은 몰랐어. 내 잃어버린 영혼을 두고 울었던 게 잘못된 것처럼 보일 정도인데. 너 자신을 나약하고 안쓰럽게 만든다면, 그 부드러움과 무조건적인 자기희생이 다 무슨 소용이지?\""
    },
    {
      "Key": "88bca6f6-6f8d-4e46-acac-a532852a3c21",
      "Value": "\"알고 있어. 아주 오래 전에, {g|Eldest}원로{/g}가 짐승들을 보내 내 왕국을 초토화시켰을 때도 나는 절대 굴복하지 않았지. 그 점에서는 너와 난 비슷하구나... 이래서 너를... 음, 아무것도 아니야. 잘 있어라. 다음에 만나게 된다면 꽤 상황이 다를 거야. 아마 피 튀기는 격렬한 싸움이 되겠지. \""
    },
    {
      "Key": "60cddb3c-56d7-4602-884a-4f3f0e7aaf60",
      "Value": "\"오, 네게서 다른 대답을 들을 수는 없을까? 넌 그렇게 할 수 있어.\""
    },
    {
      "Key": "320c0a40-6312-45a4-8b33-d8ce0cabe425",
      "Value": "{n}허공에서 우레소리가 들리는 것 같습니다. 님프는 몸을 돌렸지만, 홱 고개를 돌려 쳐다보며 말합니다.{/n} \"내가 왜 너와 그 우스꽝스러운 꼬마 바드가 내 꿈에 침입한 걸 바로 눈치 못챘는지 알아?\n꿈에 네가 나온건 처음이 아니였기 때문이야, {name}.\"\n{n}그 말과 함께, 님프의 실루엣은 허공으로 사라집니다.{/n}"
    },
    {
      "Key": "5a1ade48-14dc-4e7b-b739-de6ee057121c",
      "Value": "{n}나이리사는 당신에게 잔혹한 웃음을 보냅니다.{/n} \"고마워, 내 사냥개야. 이제야 그 모든 의심과 고통, 쇠약을 없애버린 기분이야. 작별이다!\""
    }
  ]
}