{
  "$id": "1",
  "strings": [
    {
      "Key": "1983f2ec-45d5-49e7-b012-216577a466ba",
      "Value": "\"그녀를 끝내죠 다르벤!\""
    },
    {
      "Key": "bd33975d-b718-48c6-8c70-93e34448186e",
      "Value": "\"당신을 도울 거예요 린시아!\""
    },
    {
      "Key": "ca4cbfb0-6259-442e-9f47-58da5c69df01",
      "Value": "\"나는 이 문제에 개입하고 싶지 않습니다.\""
    },
    {
      "Key": "daa9bf5e-6437-4d97-91ec-cae50564fcdb",
      "Value": "\"린시아! 이 범죄자를 함께 처치하죠!\""
    },
    {
      "Key": "0deb0de9-10d2-4cf0-b03f-e4edaf57a7b8",
      "Value": "\"금을 좀 벌어야지 응? 그녀를 끝내자구요!\""
    },
    {
      "Key": "a77299a4-2874-4620-b0f1-e8243437335c",
      "Value": "\"어이, 기다렸다고! 솔직히 말해 {d|Darven}나는{/d} 니가 늦는줄 알았어. 더 이상 쇼를 연기 할 수는 없잖아.\""
    },
    {
      "Key": "1f7f3195-573c-46e0-be62-5f910847f27a",
      "Value": "\"결국 나타나기로 결심했군! {d|린시아}나는{/d} 지원이 필요해!\""
    },
    {
      "Key": "892712ee-94c3-448e-ad51-29fc810b6e5b",
      "Value": "\"범죄자가 반역자를 소환하여 도움을 청했군. 놀랍지도 않다.\" {n}{d|린시아}린시아{/d}의 입술은 굳게 다물어집니다.{/n} \"그러면 나는 둘 다 죽여야 할 것이다. 나중을 위해 시간을 절약해야겠지.\""
    },
    {
      "Key": "801cd728-7b47-4539-8699-15ba6d3fecbd",
      "Value": "\"그럼 이 값진 정보 조각을 우리와 함께 나누기 위해 여기까지 오셨나?\""
    },
    {
      "Key": "baffa995-6edb-4384-8423-b9ace6c5d559",
      "Value": "\"나는 오랫동안 이 순간을 기다리고 있었다!\" {n}다르벤의 미소가 늑대처럼 보입니다.{/n}"
    },
    {
      "Key": "6a5b0c08-5726-47a1-b22d-971be0f1f980",
      "Value": "\"겁쟁이! 너희 둘 모두 겁쟁이로군! {g|Hellknights}헬나이트{/g}들이여, 돌격하라!\""
    },
    {
      "Key": "17ad548c-57c8-4b4e-860f-f788846e06f5",
      "Value": "\"오 정말로? 당신의 의무에 마침내 자극받았나?\" {n}린시아는 놀라움으로 그녀의 눈썹을 올립니다.{/n}"
    },
    {
      "Key": "29bcd84d-5a58-4ad7-8840-93c2dc31abbe",
      "Value": "\"마지막 순간에 결국 배반하는군. 배신하지 않았으면 박수를 보냈을 텐데.\" {n}다르벤은 땅에 침을 뱉습니다.{/n} \"하지만 나를 그렇게 쉽게 잡지 못할 걸. 용병은 위치로! 돈값을 할 시간이다!\""
    },
    {
      "Key": "c3aa9100-bd2c-464e-a8b7-1af2b521d72c",
      "Value": "\"마지막 순간에 결국 배반하는군. 배신하지 않았으면 박수를 보냈을 텐데.\" {n}다르벤은 땅에 침을 뱉습니다.{/n} \"하지만 우린 계약을 했죠, {mf|남작|여남작|왕|여왕}? 약속을 지켜야 한다는 교훈을 드리죠. {g|Mammon}마몬{/g}! 그대를 소환하나니!\""
    },
    {
      "Key": "ef8575ff-d974-42b4-a1eb-939ed662304c",
      "Value": "\"재수 없이 꼬였군요. 그렇지 않으면...\" {n}{d|darven}다르벤{/d}은 씨익 웃습니다.{/n} \"...돈을 벌고 싶지 않으신가요.\""
    },
    {
      "Key": "3bca4cf0-79a3-4136-9f15-784d302d8447",
      "Value": "\"이것은 비겁함인가 배신인가? 너의 정직에 의지해서는 안되겠군. {g|Hellknights}Hellknights{/g} 돌격하라!\""
    },
    {
      "Key": "cf65d9c5-0c6b-4efe-bc60-3ac40c347671",
      "Value": "\"죽인다고?\" {n}린시아는 웃습니다.{/n} \"그래. 우리가 죽일 거야. 운이 좋다면.\""
    },
    {
      "Key": "4b2ce156-1ca3-495c-b382-07f95e2ff90d",
      "Value": "\"나는 죽을 준비가 되어있습니다.\" {n}다르벤은 땅에 침을 뱉습니다.{/n} \"당신은 나를 쉽게 물리 칠 수 없을 것입니다. 용병은 위치로! 금을 위해 일할 시간입니다!\""
    },
    {
      "Key": "868acfb6-6a3b-4856-8e64-3fd98180d9cb",
      "Value": "\"나는 죽을 준비가 되어있습니다. 당신은요?\" {n}다르벤은 땅에 침을 뱉습니다.{/n} \"하지만 우리는 계약을 했지요 {mf|남작|여남작|왕|여왕}? 약속을 지켜야 한다는 교훈을 드리죠. {g|Mammon}마몬{/g}! 그대를 소환하나니!\""
    }
  ]
}