{
  "$id": "1",
  "strings": [
    {
      "Key": "d7d9a3a8-6966-4a7b-8024-04b501319d56",
      "Value": "\"미쳤어. 늦기 전에 그만 해!\""
    },
    {
      "Key": "d0225124-df79-48ac-b4a3-daa4b150f410",
      "Value": "\"너는 네가 하는 일을 이해하지 못하는군.\""
    },
    {
      "Key": "4d57ff77-2465-41eb-b492-a1183b11118c",
      "Value": "\"나는 너를 막을거야.\""
    },
    {
      "Key": "654c704f-b34e-43d9-a0df-4a39e8087e06",
      "Value": "\"좋아. 나는 가겠어. 네가 맞는지 보자.\""
    },
    {
      "Key": "516219a4-e681-4fa2-87e6-c586feec55cf",
      "Value": "\"또 다른 매복인가? 내가 당신의 사냥개가 아니라 어리석은 닭으로 여기는 것처럼 보이는군.\""
    },
    {
      "Key": "8439aae2-e169-4fe5-abd1-bb72c84a43cc",
      "Value": "\"꿈도 꾸지 마라. 나는 장단에 춤추지 않을 것이다.\""
    },
    {
      "Key": "4172d65c-7932-46e7-bfe4-b588ba2337f5",
      "Value": "\"당신의 이야기를 알았습니다. 나이리사. 불행히도 내가 모르는 것은 당신이 저주를 극복하는 것을 돕는 방법입니다...\""
    },
    {
      "Key": "533ed92e-0c41-4b39-9dec-24f79e3f0d07",
      "Value": "\"티끌 하나 더... 그리고 또 하나... 결실 하나를 얻는 데 백 년이 걸렸다. 그리고 다른 하나는 일주일이 걸렸다. 첫 왕국은 삼 대에 걸쳐 피를 흘렸고, 전쟁으로 불태워졌다. 두 번째... 잘 선택된 두 단어와 한 번의 작은 배신...\""
    },
    {
      "Key": "fb5c3575-bfc7-4615-b321-78f1c02a6407",
      "Value": "{n}잔을 움켜 쥐며 님프의 얼굴이 갑자기 일그러졌습니다.{/n} \"이것은 결코 끝나지 않을 것이다! 결코!\" {n}그녀는 당신을 이상한 눈빛으로 쳐다보고 꿈결 같은 미소를 지으더니 고개를 떨구고 한동안 침묵했습니다. {/n} \"이 잔이 보여? 이름은 사죄라고 하지. 그 안에 있는 수사슴 군주는 왕이 되어 나를 여왕으로 삼으려는 미친 꿈을 꾸었지. 아르막은 야만인의 제국을 꿈꿨고. 다음은 누가 떨어질까? {g|pitax}피탁스{/g}와 공작새 왕? 아니면 당신?\""
    },
    {
      "Key": "e4fb1e30-2e68-4feb-a173-236ca0035027",
      "Value": "{n}나이리사의 시선은 차갑고 매섭습니다.{/n} \"이게 뭐야. 꿈이야? 아니면 누군가 나와 실제로 게임하는 거야?!\""
    },
    {
      "Key": "60080c2d-d246-4d6f-97fd-0b772b10e6e7",
      "Value": "{n}겉으로 보기에 진짜인 나이리사는 꿈보다 의식이 있습니다 - 호기심과 긍정적인 눈길로 당신을 쳐다 봅니다.{/n} \"그래... 이건 꿈이구나. 하지만 너는 현실에서 들어온 거고. 내가 일반적으로 사용하는 방법을 연상케 하는군. 천 년 동안 아무도 그렇게 가까이 오지 않았어... 그리고 이제 다시는 그렇게 놔두지 않을 거야.\""
    },
    {
      "Key": "4863011c-4990-4606-a4ee-2ccbf206befa",
      "Value": "\"하지만 너... 점점 더 네가 좋아진다. 사냥개야. 어쩌면 나는 그 어리석은 공작이 더 이상 필요하지 않을 지도. 네가 원하면 놈을 찢어 발길 수 있게 해주마. 범죄의 증거인 놈의 날개를 꺾을 도구가 어디에 있는지 알아. {g|pitax}피탁스{/g} 동맹 중 하나에게 숨겼지...하지만 내게 그것을 숨길 수는 없었다. 이 이름을 기억해라. {g|Whiterose Abbey}백장미 수도원{/g}. 바로 그곳에서 이로베티가 과거에 나를 종종 만났고 이로베티에게 대항할 너의 무기를 발견 할 곳이기도 하지.\""
    },
    {
      "Key": "bfaa0a2d-6918-45d3-9b74-c6dd56f78893",
      "Value": "\"너는 언제나 거절 할 수 있다. 그러면 공작은 너를 쪼아 죽이고 너의 왕국을 얻게 될 것이다. 그리고 나는 사과를 위해서 또 다른 티끌을 얻을 것이다.\""
    },
    {
      "Key": "16f02765-259c-4b2a-9324-56f48f337341",
      "Value": "\"내 용감하고 용감한 사냥개여... 우리는 잘 지낼 것이다.\""
    },
    {
      "Key": "771c5c3b-9fba-4e5c-b281-a4549eb7d6de",
      "Value": "\"너무 까다롭구나. 나는 네가 혼자 갈 것을 요구하는 것이 아니다. 바란다면 네 바보 같은 종들을 데려가라.\""
    },
    {
      "Key": "1595d1ce-e1d0-4e05-b3b7-5d246c32baf9",
      "Value": "\"나는 최근에 이상한 꿈을 꾸었다... 저주에 걸리기 전... 결코 이뤄지지 않은 만남의...\""
    },
    {
      "Key": "1a58bc79-1fad-40d3-905e-4e072468ccaf",
      "Value": "{n}나이리사의 시선은 차갑고 매섭습니다.{/n} \"이게 뭐야. 꿈이야? 아니면 누군가 나와 실제로 게임하는 거야?! 닿을 수 없는 곳에서 화살처럼 꿰뚫는 목소리로 누군가 구원해주겠다며 나를 괴롭히는 거 같아.\""
    }
  ]
}