{
  "$id": "1",
  "strings": [
    {
      "Key": "0061654c-72ca-4871-99c0-d4863f1797f6",
      "Value": "\"음. 사냥하러 갈 사람 있어? 아니면 오늘도 다이어트해야 하나?\""
    },
    {
      "Key": "5bf198f0-9f0e-45f9-a8cf-f6e713d86b69",
      "Value": "\"오늘 식사 담당이 누굴까. 하하하... 고기 먹고 싶다...\""
    },
    {
      "Key": "21fb0a67-4037-47c9-89d6-ff8c594a686a",
      "Value": "\"하하. 야생 멧돼지라도 구워주지 그래?\""
    },
    {
      "Key": "e7febad5-fa68-41b0-9200-8a007b7f74cf",
      "Value": "\"세상에 이미 충분한 죽음과 고통이 있다고 생각하지 않아? 뱃속을 채우기 위해 살생을 벌이겠다고?\""
    },
    {
      "Key": "b3dffdc9-c746-472d-9140-c4b7b7e40ecb",
      "Value": "\"하하하. 재밌네. 그래도 네가 틀렸다는 뜻은 아니야. {name}. 이 음식들은 내 목구멍에 달라 붙어.\""
    },
    {
      "Key": "eb4389b6-44f1-4ccb-b39a-050f1064698a",
      "Value": "\"투정부리지 마. 레곤가르. 그렇게 맛이 나쁜 것도 아니야. 어렸을 때 먹던 거보다는 낫잖아...\""
    }
  ]
}