{
  "$id": "1",
  "strings": [
    {
      "Key": "cf1127ff-1351-4408-bfda-22aa2dd2fdd1",
      "Value": "\"여기서 말입니까?\""
    },
    {
      "Key": "5683f05a-ee8b-45c4-8b5c-0e37dcac463c",
      "Value": "\"나도 당신을 원해요!\""
    },
    {
      "Key": "1df6c539-d902-4e87-8fa3-d8758310a237",
      "Value": "\"잠깐만요. 먼저 할 일이 있습니다.\""
    },
    {
      "Key": "9e6bc3f7-96eb-4950-be3d-9b07defc1422",
      "Value": "{n}당신이 수도에 들어서자, 레곤가르가 당신을 가까이 끌어당기고선 속삭입니다,{/n} \"널 원해. 지금 당장 - 안그러면 지금 죽을 것 같아.\""
    },
    {
      "Key": "e2571495-ab55-47c4-b998-966ea9ba5863",
      "Value": "\"하 하. 그거 멋지겠네. 네 백성들은 무슨 일이 일어난건지도 모르겠지.\""
    },
    {
      "Key": "b306262e-0204-47d4-a8e8-0fef85fde2d0",
      "Value": "{n}당신 팔을 부드럽게 잡더니, 레곤가르는 당신과 뛰다시피 궁으로 들어갑니다.{/n}"
    },
    {
      "Key": "7700064d-3673-4c87-8e1d-8214452cad99",
      "Value": "\"이 일이 더 중요해. 진짜야 - 말대답 하지말고! 세상에서 가장 중요한 일이란 말이야.\""
    }
  ]
}