{
  "$id": "1",
  "strings": [
    {
      "Key": "a802e8ad-1323-4321-8178-206a33a3cca4",
      "Value": "\"대담한 계획이고 마음에 들어. 수사슴 군주에게 빚을 치룰 시간이야!\""
    },
    {
      "Key": "8fed45a3-7b80-4528-8c6e-4f29a2ecfbd5",
      "Value": "\"왜 수사슴 군주에 반기를 들기로 결심했어?\""
    },
    {
      "Key": "3091d222-dc5d-47ec-b753-bd21a0d7da23",
      "Value": "[공격] \"너는 수사슴 군주의 나머지 부하들과 같은 운명을 맞이할 것이다.\""
    },
    {
      "Key": "94cbc98a-39a9-4720-b01e-57d4cdfc6d6e",
      "Value": "\"직접 공격은 최선의 선택이 아닐 수도 있다. 요새에 들어가는 다른 방법을 찾아 보겠어. 싸우는 소리가 들릴 때 합류해.\""
    },
    {
      "Key": "3f15a702-25a9-4f86-90b1-471535159161",
      "Value": "\"계획이 뭐야?\""
    },
    {
      "Key": "5770a523-eff8-44f1-85ee-d7423aaf1a1c",
      "Value": "\"마음이 바뀌었다. 직접 공격으로 계획을 변경하자.\""
    },
    {
      "Key": "a21832ca-2c4d-4d67-926a-65cd8299adce",
      "Value": "\"내가 둘러 보는 동안 여기서 기다려.\""
    },
    {
      "Key": "44fc80ad-d1e2-42fa-b7ee-9e4dcca212de",
      "Value": "\"놀랍군.\" {n}{d|Kressle Good}크레슬{/d}이 당신에게 경례합니다. 진중한 어조지만 약간 뚱한 기색이 엿보입니다.{/n} \"수사슴 군주를 만나러 가는 길인데, 그리 좋은 소식을 전하러 가는 건 아니라서. 같이 가는 게 어때? 싸울 때 도와준다면 고맙겠어.\""
    },
    {
      "Key": "ccf0c1fd-56ec-4c12-bcf7-946074571b07",
      "Value": "\"생각이란 걸 좀 했지. 드디어 말이야.\" {n}크레슬은 씁쓸하게 말합니다.{/n} \"나는 {g|Restov}레스토프{/g}에서 자랐어. 그들의 위선은 숨 막혔지. {g|Swordlords}알도리{/g}는 자기네들이 용감하고 고귀한 수호자인 것처럼 굴지만 그들은 {g|House Surtova}서토바 가문{/g}에게 짖기만 하는 겁쟁이들이였어. 수사슴 군주는... 그는 달랐어. 강하고 위협적인데 마치 해안을 덮치는 거대한 파도 같았어.\""
    },
    {
      "Key": "56d9e3c7-b7c3-4b53-a75e-4b9bdc1c8606",
      "Value": "\"그는 여기에 새로운 왕국을 건설하겠다고 말했고 그의 깃발 아래서 싸울 수 있는 용감한 사람은 새로운 삶을 보장받았었어. 하지만 지금은? 그는 단지 요새에 처박혀 술이나 마시고 침실에서 실제로 존재하는지도 모르는 여왕이니 뭐니 하는 것과 놀아나고 있어.\""
    },
    {
      "Key": "11667a05-1f16-4bb4-b0eb-28b97aeaffa1",
      "Value": "\"나는 그 사람을 믿었어. 그의 명에 따라 스베틀라나를 거의 죽일 뻔했지. 내게 친절한 유일한 사람이었는데. 하지만 내가 틀렸어. 내 손으로 그 잘못을 바로잡고 싶어. 나는 수사슴 군주로부터 이 땅을 자유롭게 할 거야!\""
    },
    {
      "Key": "7a17cc4a-f16f-430e-87b7-b6945db712ee",
      "Value": "\"계획은 무슨? 싸움은 싸움일 뿐이야! 그들은 묻지도 않고 나를 요새 안으로 들여보낼 거야. 우리가 들어가면 수사슴 군주를 불러서 '고귀한' 야망을 실현할 때라고 말해주자.\""
    },
    {
      "Key": "744e9d7b-9678-4060-a980-3d1372435510",
      "Value": "{n}크레슬은 당신에게 자신의 무기로 경례를 합니다.{/n} \"가자. {g|Stolen Lands}도둑맞은 땅{/g}의 운명이 이 전투에 달렸어!\""
    },
    {
      "Key": "5b236060-d83c-4db4-bbba-ffd7c9cbc852",
      "Value": "{n}크레슬은 땅에 있는 작은 돌을 찹니다.{/n} \"좋아. 오래 걸리지 마!\""
    },
    {
      "Key": "f85e8c41-01bf-479f-8bcb-392d396de05b",
      "Value": "\"산책은 잘했어? 요새로 갈까?\""
    }
  ]
}