{
  "$id": "1",
  "strings": [
    {
      "Key": "ad605480-1003-4881-b838-0810466c714c",
      "Value": "\"네 연민은 필요 없어.\""
    },
    {
      "Key": "9dde81d3-9779-4162-b1f4-34d6d275fd74",
      "Value": "\"자신을 속이지 마라. 나는 너보다 더 오래 살 것이다.\""
    },
    {
      "Key": "af5b68c2-2024-41ae-9ce3-37592965f2db",
      "Value": "\"너를 도울 수 없어 후회되는군... 네 몸 말고 네 정신 말이다.\""
    },
    {
      "Key": "515e38de-3047-4d5f-b675-5d80ee05a52f",
      "Value": "\"흠.\""
    },
    {
      "Key": "8ddc94cc-2227-416f-b864-f858f59280f9",
      "Value": "\"아무도 네 힘에 의문을 제기하지 않아. 왜 항상 그렇게 공격적으로 행동해?\""
    },
    {
      "Key": "b0f16f18-4280-4e93-95f4-fedab5e65240",
      "Value": "\"너는 똑똑해. 그러니 쉬는 게 낫다는 거 알지. 아니면 너를 내일 꿰어버릴 테야. 하하!\""
    },
    {
      "Key": "861adb55-5ef2-4842-9acb-4bcda8de67e1",
      "Value": "\"인정하라고. 고통의 즐거움이 그리웠지?\""
    }
  ]
}