{
  "$id": "1",
  "strings": [
    {
      "Key": "6bfebdf8-efab-4944-b0b8-8b3aaad601f3",
      "Value": "\"여기서 뭐하고 있어?\""
    },
    {
      "Key": "0e19cdda-edb2-41a2-8aa8-f8d009186feb",
      "Value": "\"너 나한테 화난 거야?\""
    },
    {
      "Key": "f287dbe7-2e48-492e-9221-3b697a5780e2",
      "Value": "\"너는 사람들을 먹지 않아?\""
    },
    {
      "Key": "6fc557c0-43ca-4338-a3bc-f1bd0dbcac81",
      "Value": "\"너 자신에 대해 말해봐.\""
    },
    {
      "Key": "75fda2a6-faa4-4155-8c32-12d83196c845",
      "Value": "\"너는 인간이 아니고 앞으로도 그러지 않을 거야! 너는 역겨운 괴물일 뿐이야.\""
    },
    {
      "Key": "bcee5237-95c6-496c-a8e3-2bd8d1c434e4",
      "Value": "[떠난다] \"안녕. 재즌.\""
    },
    {
      "Key": "1434dc15-40f1-41f9-802e-e5d00e3c09a9",
      "Value": "[공격] \"괴물은 항상 괴물이야. 나는 너 같은 종에게서 내 땅을 구할 거야!\""
    },
    {
      "Key": "8dcb5e1f-f96c-4232-99b4-0f5ef8270a28",
      "Value": "{n}{g|Trobold} 트로볼트{/g}의 파괴된 성문에서 당신은 혼자 걷고 있는 재즌을 만납니다. 당신을 보자 그는 손을 흔들었습니다.{/n} \"안녕. 보바. 왜 여기 왔어?\""
    },
    {
      "Key": "3fb87acb-4192-4f35-b0ac-f50cb0b2902e",
      "Value": "{n}재즌이 머리를 흔듭니다.{/n} \"보바가 트롤을 죽였지만 전쟁을 시작한 것은 보바가 아니었다. 하굴카는 전쟁을 원했고 그가 원하는 것을 얻었다. {g|Trobold} 트로볼트{/g}는 왕 때문에 망했다.\""
    },
    {
      "Key": "95362e87-cb90-40bf-88e9-7d6dc6be5641",
      "Value": "\"재즌은 여기에 산다. {g|Trobold} 트로볼트{/g} 더 이상은 존재하지 않지만 돌벽은 여전히 있다. 땅도 넓고 숲에 음식이 가득하다. 생각할 시간이 충분하다.\""
    },
    {
      "Key": "f4bc6ed4-bdbe-43dd-b495-911440966be8",
      "Value": "\"아니. 재즌은 결심한 대로 행동한다. 마을 사람들은 공격하지 않는다. 사슴, 멧돼지 같은 숲의 보바만 먹는다. 재즌은 털을 씻고 송곳니를 닦는다. {g|Trobold} 트로볼트{/g}는 더 이상 존재하지 않지만 재즌은 여전히 재즌이다.\""
    },
    {
      "Key": "005f2b3e-bdaf-461a-97ec-40ee9955a055",
      "Value": "\"나는 재즌. 이전에는 다른 이름 있었다. 다른 트롤처럼 사냥 가고 보바 먹었다. 그런데 타툭 와서 트롤에게 말을 걸었다. 인간이 어떻게 사는지 설명했다. 재즌은 타툭처럼 똑똑하지 않지만 재즌은 보았다... 인간이 잘 사는 것을. 재즌은 인간 먹는 것 그만두고 털도 씻고 송곳니도 닦았다. 다른 트롤들은 재즌이 미쳤다고 했다. 이제 다른 트롤들은 없다. 재즌만이 남았다.\""
    },
    {
      "Key": "07548e0b-c7ca-4412-b787-7ee764fed21b",
      "Value": "{n}재즌은 이를 갈고 포효합니다. 잠시 동안 그는 당신에게 달려들 것 같지만 그는 대신에 주먹으로 근처의 바위를 쳤고 파편이 날라갑니다.{/n} \"그렇게 말하지 마! 보바! 재즌은 재즌이 되기 위해 모든 것 줬다! 재즌 돌아가지 않는다!\""
    },
    {
      "Key": "870c1ce8-dbea-48f2-b2b4-fadf1238cac1",
      "Value": "\"재즌이 괴물이라고? 아니다. 보바. 너가 괴물이다.\""
    }
  ]
}