{
  "$id": "1",
  "strings": [
    {
      "Key": "8ea02901-40d3-422e-a0cd-c8b8341baa69",
      "Value": "\"넌 누구냐, 그리고 왜 옥타비아와 레곤가르를 찾는거야?\""
    },
    {
      "Key": "f1e6a11a-3ea9-4cbf-bbd1-8386a3b98ae2",
      "Value": "\"거짓말 하지 마라. 넌 기술 연맹의 첩자야!\""
    },
    {
      "Key": "091d7d8f-6635-425e-8eba-3e72e96d7442",
      "Value": "\"이 곳은 얘기하기 좋은 장소는 아닌 것 같군. 좀 더 편안한 장소로 옮기는 게 좋겠어. 이를테면, 고문실이 적당하겠는데.\""
    },
    {
      "Key": "08a794f8-4f3f-4803-9f08-8c251565d58a",
      "Value": "\"옥타비아, 이 말을 믿나?\""
    },
    {
      "Key": "e53816f8-d70a-4819-b9da-f373930cde65",
      "Value": "\"레곤가르, 이 말을 믿나?\""
    },
    {
      "Key": "79957017-7f0d-437e-bf83-9b677ffbb97f",
      "Value": "\"얘기해봐, 케렉, 자누시가 어디 있는지 알고 있나?\""
    },
    {
      "Key": "0bcbd412-2d18-464e-8552-b703b34a2092",
      "Value": "[케렉에게 금화 100개를 준다] \"여기 있다, 가져가. 다섯 왕의 산맥에 가는 데 충분할 거다.\""
    },
    {
      "Key": "3c2c6d49-59ef-4419-a12d-be876f07e1fe",
      "Value": "\"케렉, 넌 돌아갈 수 없어. 여기에 머물러라 - 우린 언제나 숙련된 구두 수선공이 필요했어.\""
    },
    {
      "Key": "ffc73b3e-95d3-4388-bb12-9daf7f9084ba",
      "Value": "\"정보는 고마웠다. 이제 내 도시에서 나가라. \""
    },
    {
      "Key": "508aa9fe-c990-4c7d-a794-e3ad1ab990f1",
      "Value": "[케렉을 죽인다] \"좋아. 첩자들을 처리하는 간단한 방법이 있지...\""
    },
    {
      "Key": "2df2a193-50b3-4a5e-8e65-0a7f2a63558d",
      "Value": "{n}회색 외투를 입은 별볼일 없게 생긴 드워프가 자리에 앉아 맥주를 홀짝입니다. 당신과 옥타비아, 레곤가르가 나타나자 그는 잔을 엎지르며 동요하는 모습을 보입니다. {/n}"
    },
    {
      "Key": "08a63cc3-5303-4c92-8592-8b022bea014d",
      "Value": "\"어흥!\""
    },
    {
      "Key": "ee6907f4-61e9-4415-9952-02205ed5d4e6",
      "Value": "\"우리에 대해 케묻고 다녔지? 그래서 직접 와줬다고. 우리에게 뭘 원하는 가야, 응?\""
    },
    {
      "Key": "4238c25a-cd08-45df-b825-377288103714",
      "Value": "\"난... 실수 하신 거겠죠! 난 당신이 누군지 전혀 모릅니다!\""
    },
    {
      "Key": "cae5469b-5834-4957-8389-7cc351447e05",
      "Value": "\"제발 고문실만은! 모든 걸 말하겠습니다!\""
    },
    {
      "Key": "c556bd3e-777b-4c39-9588-f60a215050c9",
      "Value": "\"아니요, 아닙니다. 전 한낱 구두 수선공일 뿐입니다...\""
    },
    {
      "Key": "8c00dc2e-691a-4871-b943-43f6816c8c21",
      "Value": "{n}레곤가르는 탁자의 다리가 부러질 만큼 세게 주먹으로 탁자를 내리칩니다.{/n} \"헛소리집어쳐, 넌 죽은 목숨이야! 말해, 아니면 손가락부터 잘라주마!\""
    },
    {
      "Key": "27547b0d-d965-489d-974f-e6077863d865",
      "Value": "\"안돼!.. 제발, 손가락만은! 모두 다 말하겠습니다!\""
    },
    {
      "Key": "bb8aad52-144f-4f6f-bf37-0bbafba313eb",
      "Value": "\"오, {g|Abadar}아바다르{/g}이시여, 제가 뭘 그리 잘못했길레 이런 시련을 겪어야 하는 겁니까. 알겠습니다, 좋아요, {g|Technic League}기술 연맹{/g}이 날 보냈다는 건 인정하겠습니다.! 모두 다 말하겠습니다, 때리지만 말아주세요!\""
    },
    {
      "Key": "d04ba647-5fec-4e46-9f17-93bbed6701b3",
      "Value": "\"내 이름은 케렉입니다, 마에스트로 자누시의 미천한 종입지요...\" {n}그 이름을 듣자 떠오른 옥타비아와 레곤가르의 표정을 보자 드워프는 창백해져서는 의자 깊숙히 움츠려듭니다. {/n} \"당신들... 자누시 님을 알고있죠?\""
    },
    {
      "Key": "de421055-eee2-4f08-8521-34b81e49e0a3",
      "Value": "\"그렇다고 할수 있겠지..왜 그가 널 보낸거지?\""
    },
    {
      "Key": "8904c965-0f2f-48ed-9214-bcb1341e927f",
      "Value": "\"난 그의 노예였습니다. 오랫동안 마에스트로를 충성스럽게 섬겼지요, 그리고 마침내 저에게 자유를 줬습니다. 그는 내게 다섯 왕의 산맥에 가고도 남을 만큼의 많은 돈을 약속했습니다. 단 하나의 간단한 일만을 요구했지요 - 수도에 살고 있는 옥타비아라는 이름의 하프엘프와 레곤가르라는 이름의 하프오크를 찾아내는 일이었습니다. 그가 왜 날 보냈는지는 모르겠지만 - 전 첩자가 아닙니다, 그저 미천한 구두 수선공일 뿐이라고요!\""
    },
    {
      "Key": "4505b112-f89c-4dce-8adf-1bb0ca24974c",
      "Value": "\"이 더러운 놈이 거짓말을 한다고 생각해. 구두 수선공이라, 물론 그러시겠지! {g|Technic League}기술 연맹{/g} 에 항상 첩자가 모자른 건 모두가 다 아는 사실이야 - 물론 구두 수선공을 보낼 수도 있고, 요리사를 보낼 수도, 또는 물 긷는 사람을 보낼 수도 있겠지. 이렇게 하는 게 좋겠어: 먼저 이 놈 수염을 붙잡고 성문부터 궁전까지 끌고 다니다 돌아오는거야 - 끝날 때 쯤이면 뭔가 더 영리한 변명을 생각해 내겠지!\""
    },
    {
      "Key": "f25bd88a-7300-483f-83ad-ff3a9f1d69fb",
      "Value": "\"이상하긴 하지만, 그래요. 그는 속이는 사람이기 보다는 속는 사람에 속하는 부류같아요. 본래의 목적을 알려주지 않고 아무것도 모르는 사람을 써먹는 건 매우 자누시 다운 행동이에요. 이 사람이 첩자같지는 않군요 - 내 생각에 그는 미끼인 것 같아요.\""
    },
    {
      "Key": "86132231-32eb-4c46-9440-a4e6bab3dca2",
      "Value": "\"알았어요! 시키는 대로 할께요! 오, 마에스트로께서 날 죽일꺼야... {g|Abadar}아바다르{/g}이시여, 제가 뭘 그리 잘못했습니까... 지도를 주세요 - 그가 어디에 있는지 보여드리지요!\""
    },
    {
      "Key": "f2897926-e6e8-4495-873a-809235c266f5",
      "Value": "{n}옥타비아와 레곤가르가 서로 눈빛을 교환합니다{/n} \"아무래도 함정 같은데.\""
    },
    {
      "Key": "24d74020-037f-422b-9fe5-88da67619222",
      "Value": "\"당연히 함정이지! 그 누구도 아닌 마에스트로잖아!\""
    },
    {
      "Key": "14926e41-252f-4728-a534-5f12af3319db",
      "Value": "{n}모두가 드워프의 시신을 보자 술집의 분위기가 싸늘해집니다. 잠시 후 모든 손님들이 동시에 시선을 거두고 당신이 움직이는 모습을 보지 않으려고 어색하게 대화를 이어나갑니다.{/n}"
    },
    {
      "Key": "42127a21-922c-4c9c-a2ca-3dd5d1b85587",
      "Value": "\"물론입니다! 지금 당장 떠나지요! 절 다시 볼일은 없을겁니다. 터럭 한 자락도 말입니다.\" {n}드워프는 급하게 술집 밖으로 뛰어나갑니다.{/n}"
    },
    {
      "Key": "b0ec7d43-93dd-4f20-b102-1699db2a6bb5",
      "Value": "\"감사합니다, {mf|영주님|영주님|전하|전하}! 마에스트로에게 그랬던 것처럼 충성스럽고 진실되게 당신을 섬기겠습니다! 새 신발이 필요하시지 않으신지요? 여행을 하시다 보면 신발이 잔득 필요하시겠지요.. 용서하십시오, 쓸때없이 말이 많군요. — 아시다시피 긴장이 덜 풀려서요... {g|Abadar}아바다르{/g}께서 당신을 보우하시길!\" {n}드워프는 황급히 술집에서 나갑니다.{/n}"
    },
    {
      "Key": "f2869d2a-73d4-4638-9ea7-52e8824e764e",
      "Value": "\"오, {mf|영주님|영주님|전하|전하}! 진심으로 감사드립니다! 죽을 때까지 {g|Abadar}아바다르{/g}에게 당신의 무병장수를 빌겠습니다!\" {n}드워프는 황급히 술집에서 나갑니다.{/n}"
    },
    {
      "Key": "29bc2f85-369b-4ea4-862e-cec61bfee3d4",
      "Value": "\"음, 이제 자누시가 어디 있는지 알았어. 당연히 그도 우리가 올거라는 걸 알고.... 하지만 우리는 그가 알고 있다는 걸 알고 있지, 그 점이 우리에게 큰 이점을 가져다 줄꺼야!\""
    },
    {
      "Key": "79cb6023-1464-4dee-926f-eb0b57fa5182",
      "Value": "\"하지만 그도 우리가 그가 안다는 걸 안다는 사실을 알지 않을까?\" {n}레곤가르는 과장된 진지함으로 얼굴을 찌푸립니다 .{/n}"
    },
    {
      "Key": "9ddaf576-8bb2-43c4-ab33-10f1e7db0311",
      "Value": "{n}웃으면서, 옥타비아는 레곤가르의 코를 꼬집습니다. 심각한 표정을 유지하지 못하게 되자, 그는 쓰러지며 그녀와 함께 웃음을 터트립니다.{/n}"
    }
  ]
}