{
  "$id": "1",
  "strings": [
    {
      "Key": "d9c203f8-7269-46f8-bad4-33aca9d99141",
      "Value": "... 라마슈투 성소에 이르는 초록 포털로 향합니다."
    },
    {
      "Key": "be02a6fc-b2a4-4da9-91c8-f960abbd8f28",
      "Value": "... 반홀드로 이어지는 푸른 포털로 향합니다."
    },
    {
      "Key": "4650f99d-3b00-4f74-8583-4e2bcdcf730e",
      "Value": "... 올렉의 교역소로 이어지는 빛나는 포털로 향합니다."
    },
    {
      "Key": "607d02f0-0851-4204-b763-dbd66ca7bd76",
      "Value": "... 트로볼드의 중심으로 이어지는 자줏빛 포털로 향합니다."
    },
    {
      "Key": "6a9662ed-1447-4897-b212-bc693c2b4bea",
      "Value": "... 피탁스의 심장부에 있는 이로베티의 궁전으로 이어지는 은색 포털로 향합니다."
    },
    {
      "Key": "6d5922f9-1616-45be-ac95-7752a385db04",
      "Value": "... 로스틀랜드 국경 지대로 이어지는 붉은 포털로 향합니다."
    },
    {
      "Key": "a773a62e-325e-410f-afcd-ffeab1248aa2",
      "Value": "... 수도로 돌아가는 황금 포털로 향합니다."
    },
    {
      "Key": "2fa24881-93de-4de8-bbee-f077275cfe39",
      "Value": "... 영원히 피는 꽃의 요람으로 연결되는 하얀 포털로 향합니다."
    },
    {
      "Key": "a93b375f-426a-4db0-8cfd-898b1bc6ce9e",
      "Value": "... 태초 세계의 포털에서 멀리 떨어집니다."
    },
    {
      "Key": "efc7f16a-6c00-46d7-8226-bbc117136242",
      "Value": "... 슬픔의 폭포로 향하는 하얗고 검은 포털로 향합니다."
    },
    {
      "Key": "5d0bb833-d5ea-4364-9cf7-39fa57ea2b42",
      "Value": "{g|First World} 태초 세계{/g}에 의해 절반정도 \"삼켜진\" 왕국을 여행하는 것은 위험하고 예측할 수 없는 일이지만, 우리의 {mf||여}주인공에게는 선택의 여지가 많지 않았습니다. 그는 자신의 영토를 (또는 그들에게 남겨진 땅이라도!) 어서 구해야 했습니다. 일분일초가 중요한 순간에, {name}에게 유일하게 남은 선택은 위험하고 믿을 수 없는 무언가를 시도하는것 뿐이었습니다 — 결국 태초 세계의 마법 포탈을 통과하기로 결정했죠."
    },
    {
      "Key": "4042e92a-ae0a-408a-a98d-33f79247b568",
      "Value": "용기를 끌어낸 {name}. 그는 대담한 발걸음을 옮겼습니다."
    },
    {
      "Key": "6409b39f-5694-4311-9cf2-62e56780b2f8",
      "Value": "슬프게도 악의적인 {g|LanternKing}등불왕{/g}의 저주는 우리 지도자의 어깨에 커다란 짐이 되었습니다. 그리고, 아직 서있기조차도 힘들더라도, {name}은(는) 의무를 포기하지 않을 것입니다!"
    },
    {
      "Key": "224b608e-e02f-429c-be10-e175b0be1de5",
      "Value": "몇 명의 적을 물리 쳤을 때 우리의 지도자는 에너지의 급증을 느꼈습니다. 저주가 점점 약해졌습니다! 우리가 더 많은 동맹국들이 곤경에서 벗어날 수 있도록 도울 수 있다면, 아마도 저주를 완전히 없앨 수 있을 것입니다!"
    },
    {
      "Key": "b20cf050-947b-43b2-8447-ee233fa5acd4",
      "Value": "마지막 단계는 우리 지도자가 {g|LanternKing}등불왕{/g}의 저주를 떨쳐내지 못하게 하는 것이었습니다. 마지막으로 잃어버린 왕국의 조각을 찾아 되돌리는 것. 이것이 우리의 영웅을 전진하게 한 원인입니다!"
    },
    {
      "Key": "69334011-9b94-4dae-80e8-e074465ca500",
      "Value": "친숙한 감각이 {mf|왕|여왕}의 발걸음이 유용하게 열린 포털로 들어갔을 때 느껴집니다. {g|First World} 태초 세계{/g}의 이상한 비전이 우리 영웅을 둘러쌌습니다. 그 순간 그는 사라지고 목적지에 도달하고 우리의 현실에 등장했습니다!"
    },
    {
      "Key": "a6451be4-aa69-4bd8-b32d-175970ce8db5",
      "Value": "수도로의 여행은 평온한 것이 었습니다. {g|First World} 태초 세계{/g}를 여행할 때 이정도면 평온한 것이었습니다! 다행히도 다른 세계의 괴물과의 만남을 피하거나 또 다른 현실에서 배신으로 길을 잃는 것은 피했고 {name}은 적당한 포털을 발견하여 곧 수도 입구에 서있을 것입니다!"
    }
  ]
}