{
  "$id": "1",
  "strings": [
    {
      "Key": "ba414757-1231-425f-9b4a-b2784e7bab37",
      "Value": "\"그의 동기는 신경 쓰지 않아. 트리스티안이 우리를 배신했어. 나는 잊지 않을 거야.\""
    },
    {
      "Key": "641b42e9-21b0-4628-abbb-385d75a07f88",
      "Value": "\"네가 화낼 만도 해. 그런 반역자에게 용서는 사치야.\""
    },
    {
      "Key": "aa759d89-51a9-4f7c-9fd1-54b955711dcc",
      "Value": "\"그가 자랑하던 원칙들이 이제 그에게는 무의미하지.\""
    },
    {
      "Key": "1445b663-50d5-498b-9e98-a3df4d3401ca",
      "Value": "\"그는 어려운 길을 걸었어. 운명이 너나 나를 이렇게 이끌었다면 노력으로 바꿀 수도 있을 거야.\""
    },
    {
      "Key": "89b147a7-4ab6-4e22-b898-6ea53b643b3d",
      "Value": "\"쳇! 배신자 녀석. 우리 종족은 저녁을 먹기 전에 세번은 배신하지.\""
    },
    {
      "Key": "bfaea503-be48-4b75-97c1-a04312ddd72c",
      "Value": "\"그가 우리를 배신한 건 분명해. 처음에 그를 믿었다니. 우리는 바보야.\""
    },
    {
      "Key": "568000d1-82f8-4b9e-aada-6dd3abe1e08f",
      "Value": "\"그가 우리를 배신한 건 분명해. 처음에 그를 믿었다니. 우리는 바보야.\""
    }
  ]
}