{
  "$id": "1",
  "strings": [
    {
      "Key": "db727c7a-6951-4a48-8023-b9de8503fade",
      "Value": "\"너의 이야기를 듣고 싶다.\""
    },
    {
      "Key": "d42f6d0d-7128-45b6-b3e5-b1361e18671e",
      "Value": "\"네 신에 대해 말해봐.\""
    },
    {
      "Key": "8bc7fd78-28e5-4d1e-a6ab-7aa0de020108",
      "Value": "\"왜 나를 따라왔지?\""
    },
    {
      "Key": "f53ef8f9-b043-4eaa-9bd2-c1281ffa12e3",
      "Value": "\"너와 트리스티안은 친하지 않은 것 같다.\""
    },
    {
      "Key": "fbbac3d6-662f-412a-af70-ac39f0fce1a4",
      "Value": "\"나는 더 이상 네 도움이 필요 없다.\""
    },
    {
      "Key": "2f108399-638e-4fe7-9738-ebb7617f7522",
      "Value": "\"대화해줘서 고마워. 그럼 안녕히.\""
    },
    {
      "Key": "fd5e8d83-a9f9-4ef9-a49e-b9f6c24c4881",
      "Value": "\"누구를 왜 죽였지?\""
    },
    {
      "Key": "378d292a-b326-48c2-b992-df77192ad96a",
      "Value": "\"어떻게 죽었지? 그리고 그 후에 무슨 일이 일어난거야?\""
    },
    {
      "Key": "4a9969b5-de5a-4745-ad67-8249a670136f",
      "Value": "\"네 살인죄에 대한 형벌은 추방이 전부인가?\""
    },
    {
      "Key": "a13f129a-fbea-419f-a8a2-4523ba0240f2",
      "Value": "\"언데드로 산다는 건 어떤 느낌이지?\""
    },
    {
      "Key": "e96e4ff3-2f4e-4950-890d-9934c19bc0c6",
      "Value": "\"추방당하기 전에 너는 누구였지?\""
    },
    {
      "Key": "9c02167e-0c57-4925-a50d-ef6dffa19a40",
      "Value": "\"너의 여흥과 즐거움을 위해 무고한 엘프들을 죽였다고? 혐오스럽군!\""
    },
    {
      "Key": "5fb18cba-7321-494c-89b2-39f244f04c74",
      "Value": "\"나는 네 과거에 대해 따지지 않을거야.\""
    },
    {
      "Key": "4dfcd008-4729-49bb-8a6c-b4890dc8d206",
      "Value": "\"결국 우리 모두는 자신을 위해 산다. 다른 사람들의 삶은 우리 자신보다 중요하지 않다.\""
    },
    {
      "Key": "eabb5723-b7d5-452a-a0fe-924fb6a290cf",
      "Value": "\"치유 주문, 기도, 물약은 네게 어떤 영향을 미치지?\""
    },
    {
      "Key": "0a884070-d903-43d5-86b6-ba3768a1fa0f",
      "Value": "\"넌 잘 필요도 없는거지?\""
    },
    {
      "Key": "40bf42fe-5f70-458d-86b9-cf6c7abc2abd",
      "Value": "\"흠. 그렇다면 육체의 쾌락은 느끼나?\""
    },
    {
      "Key": "72517718-fc2f-4f8e-a10d-e7c1e5dd5bc8",
      "Value": "\"더 이상 산 자가 아니라서 후회되나?\""
    },
    {
      "Key": "fc4dbc20-ea9b-462c-aeec-49310ceb6798",
      "Value": "\"우르가쏘아는 그녀의 추종자에게 무엇을 요구하지?\""
    },
    {
      "Key": "637bf744-28a4-4c94-a5ce-205bc65f72e8",
      "Value": "\"우르가쏘아 숭배는 왜 골라리온에서 금지되는 거지?\""
    },
    {
      "Key": "23a47bbb-6be9-4e72-9a71-624e1d91d018",
      "Value": "\"네 출생지에 대해 말해봐.\""
    },
    {
      "Key": "0b79fbab-f22f-4f1e-8d47-3f780a45f029",
      "Value": "\"너는 강력해졌다. 그게 전부다. 엘프일지라도 평범한 필멸자의 삶보다 훨씬 낫다.\""
    },
    {
      "Key": "336a2518-63a0-4b7a-9cd6-9f0bd1a4b6f0",
      "Value": "\"즐거움으로 가득 찬 밝은 삶은 영원히 죽지 않는 것보다 낫다.\""
    },
    {
      "Key": "cb31c9ec-020f-47ac-8178-4bc335fe2fae",
      "Value": "\"너 자신을 위해서만 사는 삶은 목적이 없다. 그러면 사나 죽으나 똑같이 무의미하다.\""
    },
    {
      "Key": "0e4d97a0-a601-4064-a916-a6af6e2cd3c4",
      "Value": "\"하지만 왜 이 암살자들이 너를 따라 다니는 거야?\""
    },
    {
      "Key": "8276dd0d-3ddf-457b-8c23-0eb696c37a84",
      "Value": "\"너는 내 동료이니 내가 보호해주겠다.\""
    },
    {
      "Key": "3b4aec86-22ff-4cef-be76-5247ccf173c5",
      "Value": "\"네 개인적인 싸움에 나를 끌어들이지 마.\""
    },
    {
      "Key": "59ff2123-fea0-463d-a00b-c88aa1d5406f",
      "Value": "\"지금은 이 정도면 충분하다.\""
    },
    {
      "Key": "6ca46664-bdd7-4497-ba5d-94d6601a16aa",
      "Value": "\"고맙다. 나는 이것에 대해 더 이상 질문하지 않겠다.\""
    },
    {
      "Key": "3618b7a6-eaad-473d-b300-053f43db235d",
      "Value": "\"과거에 대해서는 이만하면 충분하다.\""
    },
    {
      "Key": "bc837b56-6377-4e7d-844a-40aaa7ab2251",
      "Value": "\"우르가쏘아에 대해 무엇을 알지?\""
    },
    {
      "Key": "4d33a679-6bf8-4112-8507-6cb1858b4248",
      "Value": "\"네가 저지른 죄에 마땅한 벌을 받았기를 바란다!\""
    },
    {
      "Key": "f85c39cf-0fdb-4dbb-ba10-5b46bc15ebb8",
      "Value": "\"추구할 가치가 있는 목표이지만 암살은 자제하는 것이 낫다. 법에 어긋나지 않으면서 죽음을 준비하는 많은 방법이 있다.\""
    },
    {
      "Key": "b33855c5-1486-4382-a049-68a90799eede",
      "Value": "\"우르가쏘아는 다른 신들과 불화가 많은가?\""
    },
    {
      "Key": "4d020b73-f599-4c42-97e2-ad73ec3ea4af",
      "Value": "\"그래. 떠나.\""
    },
    {
      "Key": "9765ba0f-24a9-4076-8cf4-918746c13890",
      "Value": "\"아니. 나는 네가 어떻게 반응하는지 보고 싶었다.\""
    },
    {
      "Key": "7e936005-11c3-4366-8c37-e41e5c25c226",
      "Value": "\"쿄닌에 가족이 있어? 누구라도 너한테 소중한 사람이나?\""
    },
    {
      "Key": "c734d1b4-4d7b-42cb-9ece-e0cf9e06734b",
      "Value": "\"그때의 경험이... 너를 변하게 한것같아.\""
    },
    {
      "Key": "34d6b63f-7365-42c6-98e9-1c55dc99b598",
      "Value": "\"아니. 언데드는 삶과 아무런 관계가 없다. 그것은 사악한 악취가진동하고 역겨울 뿐이야.\""
    },
    {
      "Key": "383dcf63-246d-4816-92e0-aaea3072bdfd",
      "Value": "\"모르겠군. 하지만 너의 그 힘에는 흥미가 간다.\""
    },
    {
      "Key": "43a3c1df-13eb-42ae-88ab-10651d1d6ed7",
      "Value": "\"너를 이해한다. 언데드는 치명적인 아름다움이 있어. 힘의 아름다움. 모든 생명체를 지배하는 법칙을 무시할 수 있는 아름다움.\""
    },
    {
      "Key": "8de50ce8-c83a-40ae-b387-198fbd5b6a52",
      "Value": "\"타네카와 에네오의 이야기에 관해서...\""
    },
    {
      "Key": "229d363b-b191-4212-b7d3-78ab11ffaf05",
      "Value": "\"두루마리를 연구했나? 의식에 대해 무엇을 말할 수 있지?\""
    },
    {
      "Key": "2ac2bd61-30ee-4c84-aea4-ace14d8cd12f",
      "Value": "\"그 엘프 여자가 언데드로 되기 전에 그녀가 '노텔라라'처럼 보였다고 했었지. 그건 누구지?\""
    },
    {
      "Key": "d3223694-edda-4a9e-8943-14927100b1d7",
      "Value": "\"에네오에 대해 나에게 무엇을 말해 줄 수 있지?\""
    },
    {
      "Key": "acf3b5b3-468b-4910-975d-052c046cf9b8",
      "Value": "\"다른 것에 대해 얘기해 보자.\""
    },
    {
      "Key": "4d42c3b5-deac-469f-af2e-1588b247ecfe",
      "Value": "\"엘프 야영지에서 일어난 일에 관해 이야기하고 싶다.\""
    },
    {
      "Key": "ce27655e-a73c-40fd-8ae9-8b69f6680acf",
      "Value": "\"지금은 그 정도면 충분하다.\""
    },
    {
      "Key": "cba59696-74e6-49cb-98a9-b034507726fc",
      "Value": "\"에네오의 예에서 영감을 받은 것은 잘못되었다. 그는 광신자였고 그것이 그를 죽음으로 이끌었다. 기쁨이 넘치는 평온한 삶을 원하는 것이 더 합리적으로 들린다.\""
    },
    {
      "Key": "bd87c5d4-e4e0-4876-b467-dc3997cdaa8a",
      "Value": "\"나는 에네오의 광신이나 무의미한 변덕에 관심이 없다. 다른 방법이 있을 것이다.\""
    },
    {
      "Key": "a0875d1e-4888-4754-908d-50763a2b81c1",
      "Value": "\"에네오는 목표를 가지고 있었고 고집을 가지고 빠져들었다. 그는 존경받을 자격이 있다.\""
    },
    {
      "Key": "eeac611c-be6a-4b81-8bcb-d90dfa4eedd7",
      "Value": "\"우르가쏘아의 시험을 통과했는데 무엇을 기대할 수 있지?\""
    },
    {
      "Key": "6d8df2a9-a579-4c73-9873-56af70d390d3",
      "Value": "\"우르가쏘아의 심문관이 된다는 것은 무엇을 의미지?\""
    },
    {
      "Key": "950a24dd-a953-4c7c-aaed-33a7be8222f6",
      "Value": "\"맞아. 나는 다른 나라에서 태어났지만 항상 엘프의 고향에 대해 알고 싶었어.\""
    },
    {
      "Key": "be715952-610f-4db5-bb61-6eba68738106",
      "Value": "\"나 또한 쿄닌 출신이지만, 우리의 고향을 어떻게 생각하는지 듣고 싶다.\""
    },
    {
      "Key": "8c84d2c2-384f-43d8-b59c-b634f66dcdb8",
      "Value": "\"나는 오랫동안 거기에 머물지 않아서 소식을 듣고 싶다.\""
    },
    {
      "Key": "701f0ef3-bf3b-4a85-8ebb-5ee1efc02590",
      "Value": "\"모든 것이 우리에 달려있다. 삶에 지친 엘프들은 이전에도 즐거운 삶을 살지는 못했을 것이다.\""
    },
    {
      "Key": "8149bb40-3dec-4297-a72f-514ab2ed7da1",
      "Value": "\"영혼의 젊음을 영원히 유지하는 것은 불가능하다. 나이에 상관 없이 고통과 소란에 지칠 것이기 때문에.\""
    },
    {
      "Key": "966e8789-cd53-40d7-b59d-a88ad58c5abf",
      "Value": "\"그럴지도. 그러나 오래 사는 우리가 단명하는 아름다운 것들보다 훨씬 낫다.\""
    },
    {
      "Key": "03883ae7-8aec-4aaa-9b73-9964ad51f22d",
      "Value": "\"네가 의미하는 것을 이해한다. 나는 정신의 명료함과 개방적인 마음을 잃을까 두렵다.\""
    },
    {
      "Key": "35992c31-e5b4-40df-8f96-2e8d1084a4be",
      "Value": "{n}제이탈은 고개를 끄덕이며 인사합니다.{/n} \"말해봐.\""
    },
    {
      "Key": "52e8c0f9-506f-4446-ae61-9cb054a1b4d9",
      "Value": "\"이야기라...\" {n}제이탈은 어깨를 으쓱합니다.{/n} \"이야기는 지루하고 시간 낭비일 뿐이야. 나는 살인을 했지. 그리고 {g|Kyonin}쿄닌{/g}에서 추방당했어. 그리고 죽었지. 그리고 {g|Urgathoa}우르가쏘아{/g}의 선물을 받고 다시 돌아왔어. 이게 내 '이야기'야. \""
    },
    {
      "Key": "41c1c266-a5d7-4de1-8203-59e7370d473c",
      "Value": "\"가족. 네 명.\" {n}제이탈의 목소리는 마치 사소한 것을 말하는 것처럼 평온하고 평범합니다.{/n} \"그러나 '왜'가 더 흥미로운 질문이지.\""
    },
    {
      "Key": "b7e8e283-696b-4026-8592-b85d87ab460a",
      "Value": "\"수백년의 인생을 즐기지 못했다면 천년의 삶이 무슨 소용이겠어?\" {n}엘프의 목소리는 평소와 다르게 격렬합니다.{/n} \"사람들은 엘프가 영원히 젊을 거라 생각하지만 우리의 젊음은 껍데기일 뿐이야. 그 아래에는 무엇이 있겠어? 시간의 풍파와 지친 반복 뿐만이 있어. 시간의 풍파를 계속 겪으면 같은 음식에 질리듯 이전의 기쁨은 멈추게 되지.\""
    },
    {
      "Key": "4314f7ab-2ba0-4bb1-be72-e533828abffc",
      "Value": "\"우리가?\" {n}제이탈은 소매에서 보이지 않는 먼지를 쓸어냅니다.{/n} \"그는 다른 열정적인 바보와 다르지 않다. 그는 나를 믿음으로 구속하기 위해 노력했다. 나는 그를 구속할 수 있는 몇 가지 재미있는 방법을 알고 있지.\""
    },
    {
      "Key": "1880e23a-5ddb-4697-9cea-94fb3948dae4",
      "Value": "\"그게 나에게 개인적으로 어떤 의미인지가 궁금한거야? 아니면 언데드의 강점과 제한이 궁금한거야?\""
    },
    {
      "Key": "d7971e1c-e153-416a-99a3-52c3e62ae94f",
      "Value": "{n}그림자가 제이탈의 얼굴 위에 드리웁니다.{/n} \"대답하지 않을 수가 없군...\" {n}그녀는 오랫동안 아무것도 말하지 않습니다.{/n} \"두 가지 소망이 나를 삶으로 이끌었지. 삶을 즐기는 것과 완벽을 이루는 것. 죽지 않는 삶은 나를 완벽에 가까워지게 했어. 나는 시간에서 분리되어 불변하는 존재야. 세상의 혼돈이나 영혼의 순환 조차도 나에겐 영향을 미치지 못해. 하지만 모든 결과에는 대가가 존재하지. 나에게 기쁨을 주던 것들이 이제 나에겐 아무 의미가 없어. 뭐가 더 낫다고 말할 수 있겠어? \""
    },
    {
      "Key": "cd41054a-7ada-4c39-8f78-4737fd10ea66",
      "Value": "\"나는 이 운명을 피할 방법을 오랫동안 찾았었어. 무감각해져서 세상으로부터 문을 닫아버린 늙은 엘프들보다 진정으로 삶을 맛 본 내가 더 나은 운명을 취할 자격이 있다고 생각하지 않아? 결국 {g|Urgathoa}우르가쏘아{/g}의 고대 문헌에서 한 가지 방법을 알아냈지. 내 동족의 피가 필요한 의식. 그 사소한 희생이면 모든 날이 나만을 위해 만들어진 휴일인 것처럼 느껴지게 할 수 있었지. 그 의식은 내 육신뿐 아니라 정신과 영혼에도 큰 힘을 주었어. 내 정신은 내가 느끼는 모든 감각에 소용돌이쳤지. 포도주 한 모금마다, 비단의 감촉을 느낄 때마다... 아 내가 얼마나 바랬던 것들인지.\""
    },
    {
      "Key": "a2f2887c-bffe-4f8c-9b0f-8a0dcfc3afcf",
      "Value": "\"... 내 사촌이 의식에 사용된 첫 번째 제물이였어. 그녀의 죽음을 불행한 사고로 넘기는 것은 아주 간단했지만 마법이 오랫동안 지속되지는 않았지. 나는 또다른 제물을 찾고 내 흔적을 숨겨야 했어. 세 번째 죽음 이후에 우리 가족이 의심하기 시작했고, 네 번째가 되었을 때 내가 했던 모든 것들이 밝혀졌지. 애석하게도 말이야. 그것만 아니었다면 내 불사의 삶은 여전히 타오르는 기쁨으로 넘쳐 흘렀을거야. 내겐 쓸모없는 친척이 수십명은 있었으니까.\""
    },
    {
      "Key": "b5ef99fd-ae44-4322-a6e2-db490f1f2d18",
      "Value": "\"나는 동의한다.\" {n}엘프는 자신있게 끄덕입니다.{/n} \"그러나 많은 사람들이 그것을 받아들일 용기가 없다. 세상은 겁쟁이로 가득해.\""
    },
    {
      "Key": "928f68ea-5f33-44b8-80f4-cd7654b8e4c1",
      "Value": "\"좋아. 내 현재의 모습으로 판단하도록 해. 그리고 우리가 서로 얻을 수 있는 이점에 대해서도.\""
    },
    {
      "Key": "53490053-87cd-4ec8-a59f-0fb94fa2eefc",
      "Value": "\"그래. 그랬지.\" {n}제이탈은 어깨를 으쓱합니다.{/n} \"내 행위에 대해 얼마든지 거창한 말을 써서 묘사해도 상관 없어. '혐오스럽다'는 말이 네 마음에 든다면야. '합리적이다'라거나 '솔직하다'는 말도 괜찮을 것 같고.\""
    },
    {
      "Key": "6b87b318-3a92-4730-9b00-9147a1bf8f30",
      "Value": "\"이상하게 들릴지 모르지만 {g|Urgathoa}우르가쏘아{/g}나 그 신앙에 대해서는 보통 사람들보다도 모르는 편이야. 그녀의 심문관이 된 것은... 예상하지 못한 일이지. 하지만 내가 아는 선에서 최대한 답해주겠어.\""
    },
    {
      "Key": "5483ecb5-3a3f-4d6f-910c-0872854be365",
      "Value": "\"쓸데없는 호기심으로 물어본게 아니길 바래. {g|Kyonin}쿄닌{/g}은 엘프들의 고향이야. 다른 종족들도 적당한 범위 내에서는 방문 할 수 있지. 대개는 {g|Greengold}그린골드{/g}까지지만. 우리 여왕의 변덕 덕분에 그곳은 혼혈과 단명종들의 거주지가 되었지. 나는 가끔씩 야생 짐승 전시회를 보려고 거기에 가기도 했었어. 이런 우스꽝스러운 모습 외에도 쿄닌은 웅장함과 고대적 영광의 슬픈 잔재가 섞여있는 장소지.\""
    },
    {
      "Key": "efc4dc4b-2938-4b78-aead-51ba11ef896e",
      "Value": "\"호기심. 믿을 수 있는 동료의 필요성이랄까. 알다시피 여신께서 나에게서 무엇을 찾고있는지 이해해야만 해. {g|Urgathoa}우르가쏘아{/g}는 내게 그녀의 생각을 말해주지 않고 나에게 심문관의 힘을 주었어. 나는 그녀의 대답을 기다리고 있어. 어떤 힌트나 흔적, 아니면 단서같은 것들 말이야. 그리고 우리의 만남은 단순한 우연이 아닐지도 몰라. 게다가...\" {n}제이탈은 움찔합니다.{/n} \"{g|Kyonin}쿄닌{/g}의 암살자가 여전히 나를 쫓고 있는 것 같아. 그들은 알도리의 보호 하에 있는 나를 어떻게 하지는 못하겠지만 말이야. 너와 같은 믿음직한 동료가 있으니 공격하지 않을 것 같거든.\""
    },
    {
      "Key": "3c42fa8f-470b-4405-8eee-9d9f5a461b26",
      "Value": "\"나도 몰라. 여왕이 보냈을리는 없어. 나는 무법자가 되었지만 내가 받은 처벌은 추방이었고, 보통 엘프들은 판결을 뒤집고 또다른 처벌을 내리지는 않거든. 나를 공격한 녀석들은 위협과 피에 대해 울부짖었어. 아마 광신자 조무래기나 원한이 있는 녀석이겠지. \""
    },
    {
      "Key": "96500a07-32b8-4e45-b051-ae0c827ffcfe",
      "Value": "\"합리적인 접근법이로군. 똑똑한걸.\""
    },
    {
      "Key": "7f483049-c4e3-47f9-a74a-f0a1f07124a0",
      "Value": "\"나는 정보만을 제공하지. 판단은 네 몫이다.\""
    },
    {
      "Key": "9c46982d-98de-47a6-b95c-daa3e731409a",
      "Value": "\"원하는대로. 대화는 시간 낭비일 뿐이야.\""
    },
    {
      "Key": "024c5401-4441-4a86-92ba-6118b7e6a2a7",
      "Value": "\"분명히 아니지.\""
    },
    {
      "Key": "1e5a5ab1-b4a5-410c-9e0a-15b2411dcd47",
      "Value": "\"원하는대로.\""
    },
    {
      "Key": "20cf6968-35e1-42a0-8615-a611c32b7ee9",
      "Value": "\"의로운 분노라? 정말 지루하군. 하지만 그렇게 걱정된다면야, 그래 난 법정에 출두했어. 추방으로 정당한 죗값을 받은 셈이지.\""
    },
    {
      "Key": "2bfcc1d8-d4e5-4159-9230-e94c33c0ffd2",
      "Value": "\"{g|Kyonin}쿄닌{/g}이 {g|River Kingdoms}강의 왕국들{/g}보다 달성하기 더 어려운 곳이야. \" {n}제이탈은 움찔합니다.{/n} \"하지만 네가 옳다. 나는 과거로부터 교훈을 얻었고 앞으로 더 조심해야지.\""
    },
    {
      "Key": "1f5b6fb2-096c-46d3-bc3d-8984d59c4d27",
      "Value": "\"엘프에게 있어서.\" {n}제이탈은 지적하듯 말합니다.{/n} \"망명은 심각한 처벌이야. 세상에 {g|Kyonin}쿄닌{/g}이 두 개는 아니니까. 놈들의 위선을 경멸하는 나 조차도 그건 인정할 수밖에 없지.\""
    },
    {
      "Key": "d386a340-57de-4073-9f87-68d39265dd10",
      "Value": "\"재밌는 사실 하나 알려줄까. 나는 부유한 가문에서 자랐고, {g|Kyonin}쿄닌{/g}의 수도 아이어다라 법원에서 높은 직위에 있었어. 죄가 밝혀졌을 때는, 내가 수백 년 동안 형을 집행한 그 자리에서 재판을 받았지. 참 아이러니하지, 안 그래?"
    },
    {
      "Key": "930e2195-576a-4117-9f90-5faa1cf643bd",
      "Value": "{n}제이탈은 찡그립니다.{/n} \"나는... 죽음이 기억나질 않아. 나는 추방형에 큰 충격을 받았고, 약한 모습을 보였었다는걸 인정하지. 나는 절망에 빠져서, 위험이나 안전같은 건 신경쓰지도 않고 정처 없이 떠돌았어. 그리고... 그 후에는... 황량한 바위산과, 내가 누워 있던 돌 바닥, 내 육체뿐 아니라 영혼까지 관통하던 경련이 기억나. 그리고 나는 깨어났어. 차가움과 고요함 — 내 몸엔 힘이 가득했지만, 한편으로는 기이한 내면의 침묵에 사로잡히게 되었지.\""
    },
    {
      "Key": "53f68fce-1035-44e6-a981-fbec69354247",
      "Value": "\"내 옆에는 발바닥 뼈 모양의 핏자국이 남아있었어. 여신의 상징이었지. 근처에는 거대한 낫이 놓여있었고. 그 때가 처음이자 마지막으로 {g|Urgathoa}우르가쏘아{/g}의 목소리를 들은 순간이였어. 여신께선 단 두 마디만 말하셨지. \"기뻐하라 인퀴지터여.\" 그게 전부야. 그 이후로 여신은 내게 아무 말도 하지 않았고, 내 기도에도 응답하지 않았어.\""
    },
    {
      "Key": "70dfc675-0ff6-45b8-a111-e0865487b563",
      "Value": "\"이 새로운... 상태를 내가 어떻게 이해하려 했는지 굳이 지루하게 설명하진 않을게. 어쨌든 나는 곧 새로운 힘을 시험할 기회가 생겼어. 한 무리의 내 일족들이 숲을 지나서 나를 쫓고있었거든. 그것들은 무례한 놈들이었고, 그에 맞는 대가를 치루게 해줬어. 하지만 나는 놈들의 끈질긴 추적을 피할 방법을 생각해야했지. 수명이 짧은 자들 중에서도 강력한 보호자가 있다면 도움을 받을 수 있겠지, 그러니 {g|Swordlords}소드로드{/g}가 적절해 보이더군. 그게 다야.\""
    },
    {
      "Key": "9108eee9-efc6-4147-b99b-39ba6f939a87",
      "Value": "\"오늘날의 우아한 거주지 옆에는 고대 유적과 분수대가 있어. 엘프들은 작은 무리를 지어서 외딴 곳에서 사는 것을 좋아하지. 그 중에서도 가장 활기차고 야심있는 자들은 수도 아이어다라에 살아. 엘프의 일상은 백 살 된 아기들은 가치 있는 목표를 이루려고 노력하고, 천년 묵은 늙은 냉소주의자들은 할 수 있는 한은 즐겁게 지내려고 하지. 그게 전부야. 이런 암울한 상황조차 단명종들의 땅에서 볼 수 있는 그 어떤 것들보다 흥미롭다는건 말할 가치조차 없지.\""
    },
    {
      "Key": "e8eae955-ebe7-4c58-bb8a-db3a4698bf5b",
      "Value": "\"물론 끔찍한 영향을 미치지. 네 치료사들은 전투에서는 내게서 떨어져 줬으면 좋겠어. 언데드는 음의 에너지를 통해 '치료'되니까. 그리고 나 혼자서도 그건 잘 할 수 있어.\""
    },
    {
      "Key": "6cc73463-53ba-4e4a-bcf7-8b70aa5738f5",
      "Value": "\"나는 그런 성가신 욕구로부터 해방되었지. 하지만 밤 동안 날 즐겁게 하려고 다른 일거리를 만들어주려 하지는 않았으면 좋겠군. 나는 그 시간동안 명상하고 여신에게 기도하며 지내니까.\""
    },
    {
      "Key": "0be4ad96-d4b9-4516-bd4b-58e5bf113180",
      "Value": "\"눈치도 생각도 없는 질문이네. 그런 쾌락은 이제 나에게는 음식이나 와인처럼 무의미해. 한다고 해도 느껴지는건 없지.\" {n}제이탈은 불편한 눈치입니다.{/n}"
    },
    {
      "Key": "724fd527-a561-4c94-9a40-f549f9691c7e",
      "Value": "\"그래.\" {n}제이탈은 지루하다는 듯이 하품합니다.{/n}"
    },
    {
      "Key": "5229af68-405f-4bdb-bf5d-382b412d7439",
      "Value": "\"그럴지도. 하지만 선택의 여지가 없지. 나는 여신의 뜻을 따르는 수밖에 없어.\""
    },
    {
      "Key": "c19da6ce-5e32-446c-b93f-40d6bb3ee45f",
      "Value": "\"나는 양쪽 다 갖고 싶군. 하지만 내게 주어진 힘에 만족해야겠지.\""
    },
    {
      "Key": "7ffa8564-b3dd-4d2c-91a0-b7ea6cb81bae",
      "Value": "\"{g|Urgathoa}우르가쏘아{/g}는 아니다. 그러나 {g|Pharasma}파라즈마{/g} 여전히 그녀에게 명령을 내리려 하고 {g|Sarenrae}서렌레이{/g}는 그녀를 치유하려 한다.\" {n}제이탈은 부조리를 비웃습니다.{/n}"
    },
    {
      "Key": "4206f858-f39b-41c3-b0c9-e9b8460c151b",
      "Value": "\"물론. {g|Urgathoa}우르가쏘아{/g}는 한때 삶을 누리는 평범한 필멸자 여성이었다. 그녀의 열정은 너무나 강렬해서 {g|Pharasma}파라즈마{/g}와 죽음의 법칙에 반기를 들었다. 그녀는 죽고 난 후 무덤의 여인의 손길을 벗어나 여신이 된 첫번째 언데드가 되었다. 자신을 추종하는 자들을 보호하며 그녀는 낡아빠진 도덕이나 법은 눈길도 주지 않았다.\""
    },
    {
      "Key": "b3c164a6-0a52-4249-ac1e-16ee294388fc",
      "Value": "\"{g|Golarion}골라리온{/g}은 소심한 겁쟁이들이 넘쳐난다. 누군가는 {g|Urgathoa}우르가쏘아{/g}가 선사한 자유를 두려워한다. 또 누군가는{g|Pharasma}파라즈마{/g}의 분노를 두려워한다.\""
    },
    {
      "Key": "18e22cf4-88db-48c1-8eb7-a388bcdede9a",
      "Value": "\"즐기는 것이다. 요리를 맛보고 연인의 애무를 느끼고 적의 고통을 느끼는 것. 훌륭한 종교적 의무이지 않은가?\""
    },
    {
      "Key": "cfebe3df-93e4-4288-a96f-2785fffbd2c2",
      "Value": "\"멍청하군. 이게 최종 결정인가?\""
    },
    {
      "Key": "79bbb80f-6180-428e-b8d2-e1557f09419e",
      "Value": "\"안타깝지 않냐고?\" {n}제이탈은 차갑게 웃습니다.{/n} \"전혀 그렇지 않다.\""
    },
    {
      "Key": "e3fd2b6d-332c-43dc-a529-aa8050056745",
      "Value": "\"재밌었어? 감사할 필요는 없어. 삶이란 그러라고 있는거 아니겠어?\""
    },
    {
      "Key": "48fdb85f-62e1-44d0-9b91-462696827262",
      "Value": "\"내가 희생하기 주저하는 사람을 말하는 건가? 아마 내 딸일 것 같군. 그 때 쓸데없이 들인 노력을 후회할거야. 그 애는 꽤 잘 지내고 있거든. 잘 훈련받은 개나 좋은 관리를 받는 말처럼 말이야.\""
    },
    {
      "Key": "d75f35fe-b820-4c78-8915-cd86f5caf9b9",
      "Value": "\"그래. 사실이야. 정말 이상한 일이야. 이제 더이상 누가 나를 죽였던건지 생각이 들지 않아. 나는 복수를 원해야 하지만, 그렇지가 않아. 몇번이고 자꾸만 그 어린 엘프에게 내린 내 선물의 힘이 그녀를 죽음에서 되살렸던 순간만 기억이 나. 그건..정말 흥분되던 순간이었어.\""
    },
    {
      "Key": "9cf448d1-ffb0-4d20-a6d6-9f5b4cef2a43",
      "Value": "\"내 생애 두 번째로, 나를 굽어살피는 우르가쏘아의 존재와 그분이 주신 선물의 강력함을 실감했다. 나는 감히 신의 권능이라 하겠어! 세월의 흐름은 누구에게도 축복이라 할 수 없잖아? 나는 쉼없이 흐르는 세월의 강에서 다른 이의 아름다움을 건져다가 영원의 별에 못 박을 수 있어. 아름다움을 이 세상에 영원히 보전하는 거야.\""
    },
    {
      "Key": "3f7bb5ba-0e13-4c3e-8e7d-86fc6e23907f",
      "Value": "\"그것은 내게도 호기심을 일으킨다. 그것은 마치 내 안에 두 힘이 싸우는 것과 같다. 한 쪽이 내 한계와 능력을 이해하려는 이성이라면 다른 쪽은 내면 깊이 잠들어있다... 처음에는 웃음이었다가 나의 힘을 무자비하게 즐기도록 해준다. 어느 쪽이 이길지는 시간이 알려주겠지.\""
    },
    {
      "Key": "44badbab-3e41-415f-80ee-8ac20dec5b02",
      "Value": "\"누구나 편견을 가질 권리가 있다.\" {n}제이탈은 어깨를 으쓱합니다.{/n} \"그들이 너의 영지에 간섭하지 않는다면 그걸로 됐지 않은가?\""
    },
    {
      "Key": "bece4216-2fd3-4598-ad0d-c46c1582fed7",
      "Value": "\"나는... 너의 통찰력에 놀랐다. 너의 말을 곰곰이 생각해 보겠어. 아마 나에게 길을 보여줄 수도 있겠지.\""
    },
    {
      "Key": "117550c1-d619-4cd1-8193-aefc899ffdd3",
      "Value": "\"그녀는... 나를 감동시켰다. 무슨 얘기를 하고 싶지?\""
    },
    {
      "Key": "d3866de1-953a-4d2c-9d8a-b34e69669ee3",
      "Value": "\"원하는대로.\""
    },
    {
      "Key": "4cdcebd7-2d57-478a-90b7-071dd0fad7a3",
      "Value": "\"내가 한 말을 비웃을 지도 모르지만... 그것은 위대한 힘을 주고 새로운 삶을 살 기회를 준다... 간단히 말하면 너의 영혼을 네 혈족의 몸에 주입하는 것이다. 기분이 썩 나쁘지는 않다. 붉은 머리의 사촌이나 귀여운 보조개를 가진 조카를 고를 수도 있지...\" {n}제이탈은 웃으며 농담을 하고 있다는 것을 밝힙니다... 아마도요.{/n} \"하지만 내 모든 친척들은 {g|Kyonin}쿄닌{/g}에 있고 나는 거기에 가는 것이 금지되어 있다. 내가 정말 그랬을지라도... {g|Urgathoa}우르가쏘아{/g}가 몸을 바꾸는 것을 좋아할지는 의문이다. 의식에 대해서는 이만 이야기 하자. 그것은 무의미하다. \""
    },
    {
      "Key": "979e59dd-a8c9-443b-b9eb-2f0ed9b0e21c",
      "Value": "\"물론... 재미있는 경험이었다.\""
    },
    {
      "Key": "4266aeee-83e4-46da-8f91-4a5c2e29a68e",
      "Value": "\"잡종이 나를 놀라게 했다는 것을 인정해야겠군. 그는 존경을 받을 자격이 있다. 하지만 이상하지 않은가? 그는 교리라는 이름의 감옥에 갇혀 살다 죽었다고 해도 맞을 것이다. 하지만 그는 내가 되고 싶어하는 추종자가 되어 믿음의 벽이 없다고 믿었다. 새로운 쾌락을 위한 무한한 추구는 삶의 본질이라고 생각했지만... 그것이 전부는 아닌가?\""
    },
    {
      "Key": "357ffde7-607f-4061-8a48-f01097e68294",
      "Value": "\"아아 그 아이는 내 딸이야. 전에 말했나? 겉모습만 닮았을 뿐이라고. 노텔은 언데드가 되었다면 그 엘프 여자처럼 겁을 먹지는 않았을 거야. 나는 그녀를 강하게, 차분하게, 분별력있게 키웠고, 행동하기전에 신중하게 상황을 판단하도록 가르쳤어. 그 아이는 즉시 죽음을 택하는 것보다 모든 가능성을 신중히 생각했을꺼야.\""
    },
    {
      "Key": "7e05cc29-04aa-4a67-b40e-a58d3af0bb2c",
      "Value": "\"그렇겠지.\""
    },
    {
      "Key": "d7b6daf8-b707-4262-8fdb-4b37ceb681c5",
      "Value": "\"어쩌면... 네가 맞을 거야. 왜 잡종의 이야기가 나를 감동시켰는지 모르겠군. 그만 떠올리고 다른 즐거운 것을 찾아야겠어.\""
    },
    {
      "Key": "e0dd7cf8-43a3-4748-a17d-9e44d2eb5b27",
      "Value": "\"우리가 자신의 길을 선택할 수 있는 건가? 나는 모르겠다. 이것을 주제로 묵상해야겠군.\""
    },
    {
      "Key": "a145efc5-abaa-4fa9-9380-f7d86dd0e0d0",
      "Value": "\"고무적이고 결단력있는 목표를 가졌다면 내 인생이 어떻게 될지 상상한다. 너무 많은 잡념이 떠오른다. 새로움이 없는 삶이 두려워 죽을 뻔한 적이 있었다. 그 다음에는 어떤 생각이 들까? 생각조차 들지 않아.\""
    },
    {
      "Key": "de7412a0-c912-4f4f-80bf-6f795d66d2c8",
      "Value": "\"우선 새로운 {d|Jaethal Reborn} 몸 {/d}이 나를 기다리고 있다. 의식을 준비하는 데는 많은 시간이 걸릴 것이지만... 되살아난다면 하루에 세 번 해야 할 목록을 만들 것이다. 최소 10년은 무엇이든 시도하며 살 것 같아. 그리고는 삶을 즐기는 것을 그만두고 새로운 몸을 갖기 위해 아이 하나를 가져야 하겠지. 여럿 보다는 나을 거야. 잘생긴 남편을 골라야 미래의 몸이 예쁘겠지. 못생긴 얼굴로 몇백년을 살고 싶지는 않아.\""
    },
    {
      "Key": "746632dd-20d6-4798-919d-722eae64d870",
      "Value": "\"여신님은 나를 축복하여 나를 강하게 만들었다. 그래서 {d|Jaethal Kills Daughter}희생{/d}을 원하는 것이겠지. 그녀의 영역에서 나를 기다리고 있다. 내 임무를 수행하면서 언젠가는 모두가 우러러 보는 전령의 칭호를 받을 거야. 하지만 걱정마. 나는 {g|Stolen Lands}도둑맞은 땅{/g}에서 너의 임무가 끝날 때까지 남아있을 거야. 모든 일에서 너를 도와 기쁘다.\""
    },
    {
      "Key": "d8f3770b-10eb-4990-8718-45cc978c3654",
      "Value": "\"어떤 여신이 우리를 기다리는지 궁금하겠지. {g|Urgathoa}우르가쏘아{/g}의 영토로 언젠가 나는 가게 되어있다. 나는 언젠가 선택된 자들 중에서도 선택된 전령이 될 것이다. 그 때까지 살아있기를 기대해야겠지. 우르가쏘아는 내게 축복을 내려주었고 그녀의 힘이 내 안에 살아 숨쉰다. 그녀가 나를 부를 때까지 나는 너의 임무를 수행할 거야.\""
    },
    {
      "Key": "41b2cdba-0423-4a87-9f8d-0769380c7ae9",
      "Value": "\"이 질문은 생각보다 복잡하군. 신문관은 가장 믿음이 뛰어난 수호자다. 여신의 손과 발이라 할 수 있지. 그 칭호를 부여받고 힘을 얻은 후로 나는 {g|Urgathoa}우르가쏘아{/g}가 내 임무를 말해주리라 기대했지만 그런 일은 일어나지 않았다. 여신은 아직도 조용하다. 내가 할 수 있는 추측은 그녀의 임무를 내가 찾아야 한다는 것이다. 그래서 나는 항상 유념하며 계시를 기다린다.\""
    },
    {
      "Key": "8eee14bc-f7d4-4b9d-8b34-d23e229923b8",
      "Value": "\"안녕!\" {n}Jaethal이 미묘하게 바뀐 것 같은 기분이 듭니다. {/n} \"우리의 운명이 바뀐다면 그건 놀라운 변화야. 어제 나는 길을 잃어 내 힘을 이해하지 못했다. 나는 여신의 목소리를 듣지 못했고 나의 목적도 몰랐지. 오늘 나는 승리했다. 의심의 여지 없이 과거의 짐을 덜어버리고 내 앞에 놓여진 미래를 향해 걸어갈 거야. 다 네 덕분이야.\""
    },
    {
      "Key": "09d63da5-8e6d-4b85-83cc-cc7476280803",
      "Value": "\"너는 {g|Kyonin}쿄닌{/g} 출신이 아닌가 보군. 그렇지?\""
    },
    {
      "Key": "dc905a42-4156-4d63-bcfe-3cbee6dfcdcd",
      "Value": "{n}제이탈은 코웃음칩니다.{/n} \"소식이라! 오늘날 {g|Kyonin}쿄닌{/g}은 수백년 동의 영광과 폐허가 섞인 으스스한 곳이지.\""
    },
    {
      "Key": "a4a88f32-905c-4f63-b9a8-e4d9a88a3655",
      "Value": "\"내 이야기가 무신론자의 이야기처럼 들릴까 걱정되는군. {g|Kyonin}쿄닌{/g}을 꼭 들려봐! 좋은 쪽으로든 나쁜 쪽으로든 엘프가 된다는 의미를 이해하게 될 거니까.\""
    },
    {
      "Key": "6062b43e-caa1-4f32-9e0c-979d5f3ed305",
      "Value": "\"너에게 대답을 해주고 싶은데... {g|Kyonin}쿄닌{/g}에 가보지 못한 평범한 사람처럼 이야기를 하고 싶었는데 그게 안돼. \""
    },
    {
      "Key": "3c3a223a-c4d0-44be-b4d2-469b242d2d10",
      "Value": "\"내가 어떤 말을 할지 너는 이해하게 될 거야.\""
    },
    {
      "Key": "a99ef52e-d406-4b51-b2c0-f31311ea1736",
      "Value": "\"정말이야. 하지만 성취하려고 노력하지도 않고 가진 것에 만족하는 시시한 인생이란! 그래서 내가 그렇게 한 이유야.\""
    },
    {
      "Key": "7139a6f5-d8e1-4939-aa46-13ee98e0fbc6",
      "Value": "\"불가능은 변화를 두려워하는 사람들을 위한 단어야.\" {n}제이탈은 단호하게 말합니다. 그리고는 계속합니다.{/n} \"하지만 이야기 하나 해주지...\""
    },
    {
      "Key": "e900a856-91bf-40fe-a34a-fc380c1dc4ec",
      "Value": "\"너의 긍정적인 모습이 마음에 들어. 하지만 나는 실용주의자이고 내 일족의 환상에 사로잡히고 싶지 않아. 우리는 결국 영혼도 늙게 되어있으니. 하지만...\""
    },
    {
      "Key": "6faed1ca-2c5d-4ea2-81bb-0aaef8ef9141",
      "Value": "\"왜 묻는 것이지? 너도 창백한 여군주에게 기도를 올리지 않나. 나에겐 몹시 흡족한 광경이지. 우르가쏘아의 선물을 받아들일 만큼 배짱 있는 지도자를 둔 나라는 많지 않아!\""
    }
  ]
}