{
  "$id": "1",
  "strings": [
    {
      "Key": "9b474a5e-8454-43e0-8497-c33a4200a04f",
      "Value": "\"타투치오와 코볼트에 대해 더 얘기해줘. 그리고 놈들 감옥에 갇힌 것도.\""
    },
    {
      "Key": "03c52731-5590-428c-b4c7-18fb01fd86d5",
      "Value": "\"수사슴 군주와의 전투 그리고 남작위가 날 기다리고 있어. 너처럼 유능한 인재가 도와준다면 결코 잊지 않을 거야. 제이탈.\""
    },
    {
      "Key": "1543beb8-6336-4eff-9f4a-4b0a1fa6ed1e",
      "Value": "\"발레리. 나의 동료들 가운데서 너를 만나 기쁘다.\""
    },
    {
      "Key": "d90e235d-62ec-48ba-99f0-f7102dd032a8",
      "Value": "\"하림. 어디로 가야할지 고민하고 있다면 나를 따라오도록 해.\""
    },
    {
      "Key": "4826f25e-3fe5-471d-a9a6-84a27d216d70",
      "Value": "\"린지. 내가 지금 타투치오보다 더 적합한 지도자라는 것을 깨달아야 해. 그리고 내가 더 괜찮은 책의 주인공이야. 나와 함께 하고 싶지 않아?\""
    },
    {
      "Key": "fee60fbf-e06b-4f8b-9eae-02a682e5aa01",
      "Value": "\"나는 가야 해. 다시는 만나지 말자!\""
    },
    {
      "Key": "6cdb5865-ac37-4d9c-936e-3e04a519f29e",
      "Value": "\"여행을 계속 할 시간이다.\""
    },
    {
      "Key": "91c1fa42-c99f-4d3e-98c4-234b03e7c5e7",
      "Value": "\"부당하게 갇힌 사람들이다.\""
    },
    {
      "Key": "96c1e2ee-a61d-4adb-9a30-0f5b7241f49b",
      "Value": "\"나는 감옥과 간수가 싫어!\""
    },
    {
      "Key": "6d2e37ab-816b-4652-ac2b-ce97d808a9a3",
      "Value": "\"우연일 뿐이다.\""
    },
    {
      "Key": "39411d56-977f-43f4-b16f-9b67056e7fff",
      "Value": "\"나는 귀중한 자원을 낭비하지 않는다. 왜 내가 나를 위해서 일할 수 있는 사람들을 감옥에서 썩히겠어?\""
    },
    {
      "Key": "7b1dc271-1fa7-4b5f-8e54-cad75314e687",
      "Value": "\"내가 남작이 되면 모두 내 동료로 만들 거야!\""
    },
    {
      "Key": "5f77d1ef-13f3-4c59-805a-9faefe58b38e",
      "Value": "{n}당신이 싸우느라 바쁠 동안 누군가 코볼트의 감옥에서 벗어나려고 시도했고 결국 성공했습니다!{/n}"
    },
    {
      "Key": "506b269c-40c9-4d68-95b1-cbceab46382d",
      "Value": "{n}최근 코볼트 감옥에서 빠져나온 누군가가 당신의 관심을 끕니다.{/n}"
    },
    {
      "Key": "3ced3fea-2cc5-42c6-9b5e-a99a2735797f",
      "Value": "\"만세! 자유다!\""
    },
    {
      "Key": "c5667304-aa9e-4148-ae5c-d9ec42ddb64b",
      "Value": "\"이 던전을 떠나야 할지 모르겠군. 비록 자유는 잃었지만 이곳에서 평화를 느꼈거든.\""
    },
    {
      "Key": "fa5390a1-4b2a-43e7-8e0f-7dff2f86f7ac",
      "Value": "\"최근 있었던 일들이 영광스럽게 기억되지는 못할 것 같군요.\""
    },
    {
      "Key": "7f965dad-09e5-4dd5-9201-cb4d30396095",
      "Value": "{n}제이탈은 코볼트 감옥에서 있었던 일을 모두 털어내듯 자신의 옷을 곧게 폅니다.{/n} \"나가서 잊어버리자.\""
    },
    {
      "Key": "72cd9049-67e2-4e00-882e-dd4aaa19ad64",
      "Value": "\"내 책의 일부는 그 악당을 위해 쓸 거야. 코볼트가 더 부지런하다고 말하다니. 우리의 도움도 필요로 하지 않고 말이야. 게다가 우리를 속여 대장에게 팔아먹다니. 이건 옳지 않아. 나는 책의 제목을 이렇게 쓸 거야. 타투치오 - 비열한 위선자. 아니면 땅딸보 사기꾼은 어때?\""
    },
    {
      "Key": "249a9d5b-57ab-44d8-a80e-3f6320ef2f5b",
      "Value": "\"오만과 허영심은 타투치오의 원동력이네. 그래서 마찬가지로 오만하고 허영심 가득한 종들을 찾은게야. 코볼트들은 그가 떠들어대는 영광 따위에 쉽게 넘어간걸세.\""
    },
    {
      "Key": "3e016988-c756-47a7-9d9c-2e3b35d509ce",
      "Value": "\"얘기할 게 없어. 그 노움은 유물을 찾을 하인이 필요했지. 말도 못하고 부지런하고 머릿수는 많은 것들 말이야.\" {n}제이탈은 경멸하듯 찡그립니다.{/n} \"그는 헛소리와 속임수로 코볼트들을 구워 삶았어. 역겨운 광대 놈.\""
    },
    {
      "Key": "b7ad7cb4-1195-42bf-84ae-1c63ba80924e",
      "Value": "\"사기꾼 녀석이군. 타투치오는 {g|pitax}피탁스{/g}를 위해 염탐꾼 노릇을 하고 우리를 속이고 유물을 찾으려 했어. 그는 단순한 생물체를 이용해서 그들에게 코볼트 족장을 위한 사냥 트로피를 만든 거야.\""
    },
    {
      "Key": "04b17369-fe10-478c-bc5b-6a257d01f484",
      "Value": "\"내 검은 당신의 처분에 달려 있습니다. 비열한 사기꾼 타투치오를 섬기는 것보다 더 큰 영광을 누리게 해주십시오!\""
    },
    {
      "Key": "36bc22d8-27b3-497b-974b-fb310cfe3f26",
      "Value": "\"산적 왕이라는 놈과의 전투는 재밌을거야. 너를 따라가지. 지금은.\""
    },
    {
      "Key": "5b57b34c-5f4c-46b5-b7f0-3f619957b2b4",
      "Value": "\"그러라지. 만물과 만인의 끝은 같으며 이 길이 다른 것보다 나쁘지는 않으니.\""
    },
    {
      "Key": "e12836dc-e2b5-4e6b-b225-24ce873108cb",
      "Value": "\"오! 영감이 가득해! 어딘가에서 곧 멈추겠지? 나는 던전에서 일어났던 모험담을 모두 써야 해! 용과의 전투를 추가할까? 괜찮아. 시적인 허용일 뿐이라구.\""
    },
    {
      "Key": "d82039bf-be81-4246-903b-240fc097ec53",
      "Value": "\"던전은 내 힘을 빼앗아갔고 더러운 코볼트에게서 얻은 상처가 아직 낫지 않았어. 올렉과 스베틀라나에게 가서 치료를 하고 나서 합류하겠어.\""
    },
    {
      "Key": "0132a028-154f-4b2c-985a-893b08a43b91",
      "Value": "\"내 힘을 회복해야 해. 다음에 너에게 돌아가겠어.\""
    },
    {
      "Key": "90ee09c4-865f-46d5-b27c-245ace4f80bb",
      "Value": "\"던전에 새어나오는 부드러운 빛을 보았을 때 나는 {g|Groetus}그로투스{/g}와 가까워짐을 느꼈어. 지금은 상처로 고통과 피로만 느껴져. 너를 쫓기 전에 치료를 해야겠어. 곧 다시 만나자고.\""
    },
    {
      "Key": "502e1751-4263-4245-a100-7656b5a0fb10",
      "Value": "\"만세! 물론이지! 그저 코볼트가 내 노트에 구멍을 뚫어 놓은 것 같아서. 내 몸에도 몇개 뚫었지만. 하지만 내 노트가 더 걱정이야. 나는 올렉에게 가서 노트를 정리하고 내 상처도 돌봐야겠어. 하지만 다음에 너를 반드시 찾을 거야!\""
    },
    {
      "Key": "48aae0c5-3201-4d2a-976e-fc0df9a6fc0e",
      "Value": "\"절대 안 돼요! 이 기회를 놓칠 순 없단 말이에요! 이 모험과 위업, 미래에 {mf||여}남작이 될 자의 불타는 눈빛... 내 눈으로 직접 봐야 한다고요! 이제 막 써내려 가려했는데. 진짜 조용히 할게요. 저는 신경 쓰지 않으셔도 돼요. 있는 줄도 모르게 잘할게요!\""
    },
    {
      "Key": "176df62b-307e-459a-8749-5cf45f6b8df5",
      "Value": "\"잠시 동안 {g|Oleg's Trading Post}올렉의 교역소{/g}의 침대에서 쉬고 일하러 갈게! 책은 대단할 거야!\""
    },
    {
      "Key": "58be69e8-2efc-4b31-9b28-555e492fb34a",
      "Value": "\"어째 제가 볼 때마다 붙잡히고 갇힌 사람들을 풀어주는군요. 이건 우연인가요? 아니면 항상 그러시나요?\""
    },
    {
      "Key": "bd3861b2-0f6b-43a7-8b32-fe3faccfce53",
      "Value": "\"누군가 부당하게 감옥에 갖혔는지 어떻게 알아? 나라면 감옥을 모두 부수고 죄수들을 풀어줬을 거야. 해가 될만한 녀석은 그 때 가름이 나겠지!\""
    },
    {
      "Key": "51c171d8-7da3-4f66-899d-2fd918cb1fdb",
      "Value": "\"저도요! 나쁜놈들!\""
    },
    {
      "Key": "8895a24f-1de1-48f2-b1af-6ce270766c9b",
      "Value": "\"정말요? 그럼, 참 재수가 좋은 우연이네요!\""
    },
    {
      "Key": "13902696-d6fa-4a8c-a340-5c028b8c3feb",
      "Value": "\"그럼 우린 그냥 쓸모있어서 구해준 건가요? 알았어요...\""
    },
    {
      "Key": "465fc713-1cf9-4f65-ba3b-db77322b2f5a",
      "Value": "\"끔찍하네요! 농담이길 바랄게요!\""
    }
  ]
}