{
  "$id": "1",
  "strings": [
    {
      "Key": "45199beb-ca4c-47b1-8854-b5d3fcf916f4",
      "Value": "\"옥타비아가 맞아, 레그. 기억안나? 너도 스스로 자유를 되찾은 건 아니지 않나? 이 사람들은 우리 도움이 필요해.\""
    },
    {
      "Key": "339023cb-a9e9-47bb-90f5-2f7785cd7a16",
      "Value": "\"레곤가르가 맞아, 옥타비아. 이 사람들의 죽음은 자누시 탓이지, 우리 때문이 아냐! 우리가 그를 놓치면 그가 얼마나 더 많은 사람들의 영혼을 파괴하겠어?\""
    },
    {
      "Key": "4db6fd06-3cbb-4336-974d-61754527e56b",
      "Value": "\"뭘 기다리고 있어? 그가 달아나잖아!\""
    },
    {
      "Key": "ab01b1d8-ad7a-4b46-80ff-cc15e9ad59dd",
      "Value": "\"우린 그를 잡으러 갈꺼야! 단지 이 불쌍한 사람들 먼저 풀어주자는 거지...\""
    },
    {
      "Key": "0f538d58-41ea-4658-9c95-e97403946c44",
      "Value": "\"아니, 아니야! 이 사람들은 잊어버려! 저 악당이 도망치는게 안보여?\""
    },
    {
      "Key": "6fe0b54b-7f77-4eb6-8038-7fe97c8a1e81",
      "Value": "\"레그, 이 사람들을 나두고 갈 순 없어! 우리도 노예였잖아!\""
    },
    {
      "Key": "7cf44d52-d5b2-4049-a3f3-7997a68c9ae8",
      "Value": "\"우린 스스로 자유를 되찾았지! 옥타비아, 우린 이 사람들에게 빚진거 하나도 없어!\""
    },
    {
      "Key": "3b5ea007-8a17-4e4d-8217-ddf43617bf1c",
      "Value": "\"하지만 야누쉬가... 젠장, 좋아. 저 자식이 알아서 {g|Numeria}누메리아{/g}로 돌아가게 내버려 두자. {g|Calistria}칼리스트리아{/g}께서 장님이 아니고서야 언젠가 죗값을 치르겠지. 잡담은 이만하고, 이 멍청이들을 불에서 끄집어내!\""
    },
    {
      "Key": "a80b7c35-f930-4d0b-85fc-36320fb33f64",
      "Value": "\"사랑해!\" {n}레곤가르를 재빨리 껴안고 나서, 옥타비아는 쇠사슬에 묶인 노예를 도우러 갑니다.{/n}"
    },
    {
      "Key": "333bb027-eaff-46ca-bb3e-b07c688f39fe",
      "Value": "\"하지만 이 사람들은...\" {n}옥타비아가 쇠사슬에 묶인 노예들을 쳐다봅니다, 그리고 달아나고 있는 자누시 쪽으로 눈길을 돌립니다. {/n} \"...좋아. 우릴 용서하세요 — 우리가 해줄 수 있는 일은 아무것도 없군요. 하지만 당신들 복수는 꼭 해드릴게요, 반드시!\""
    },
    {
      "Key": "5eddbc7b-aa47-43c0-a096-7549cf734962",
      "Value": "{n}레곤가르는 옥타비아의 손을 꼭 잡습니다.{/n} \"우린 복수하고 말꺼야, 내 사랑 - 그들, 우리, 그리고 모든 걸 위해서! 서두르자, 너무 늦기전에!\""
    },
    {
      "Key": "c8c04b8e-e1e7-49cc-bde1-65270b09370d",
      "Value": "\"정신 차리십시오! 당신 눈 앞에서 사람들이 산 채로 불타고 있습니다. 어떻게 이들을 죽도록 내버려 둘 수 있다는 말입니까?!\""
    },
    {
      "Key": "4ce9922b-eba2-47da-871a-a6740ec815f3",
      "Value": "\"모든 사람들을 구할 수는 없어— 그리고 저 개자식을 내버려둬서도 안되고. 쫓아가자!\""
    },
    {
      "Key": "1e8bf1b1-dcd0-42bc-bd46-d3791293a58a",
      "Value": "\"내가 예언가는 아니지만, 예측 한번 해보지. 죄수들은 불타고, 마에스트로는 도망가고, 당신들은 여전히 말싸움이나 하고 있을거야. 잡담 그만하고 결정하자고 - 어떤 결정이든지 말이야!\""
    },
    {
      "Key": "818fc96f-05e0-4e4c-8a90-be95e130a66a",
      "Value": "\"말-말좀 그만해라! 찔러라, 찔러라, 저자식을 찔러라!\""
    }
  ]
}