{
  "$id": "1",
  "strings": [
    {
      "Key": "395b93d2-41e0-4500-bfca-6140d4820c3f",
      "Value": "\"주변을 확인해라. 누군가 우리를 노릴 수도 있다.\""
    },
    {
      "Key": "f433f0e2-c432-48a3-a837-c01437aeb874",
      "Value": "\"항상 경계를 늦추지 않는군! 그런데 말이지, 정신이 똑바로 박힌 자가 무적의 에쿤과 그에 못지 않게 무서운 친구들을 쫓을 것 같나?\""
    },
    {
      "Key": "5f8324bb-84c6-41e6-bad4-a9f0091e1a7a",
      "Value": "“세상은 정말 구경거리가 많은 것 같아. 모든 게 고향과는 다르네. 같은 하늘 마저도 달라보여!\""
    },
    {
      "Key": "e6afaca7-ae0a-4d41-8eb3-ce7ef3c75014",
      "Value": "\"그저 세상이 아름다운가 봐. 이런 벽지마저도!\""
    }
  ]
}