{
  "$id": "1",
  "strings": [
    {
      "Key": "0e90b4ce-6216-4765-8887-e5fb0e5063d0",
      "Value": "\"왜 소드로드들이 반홀드에 관심을 가지는 것이지?\""
    },
    {
      "Key": "5bc42616-17a9-4d5f-bd40-dbfe32cb1c8d",
      "Value": "\"우리가 반홀드에 대해 아는 것은 무엇인가?\""
    },
    {
      "Key": "5c583cd8-3ed0-4a4d-bd52-1418336d463c",
      "Value": "\"왜 내가 모든 것을 제쳐두고 소드로드들을 돕기 위해 서둘러야 하나? 이 질문이 알도리 여사에게 더 잘 전달될 것이라 생각한다. 서신을 준비해서 바로 보내도록 해. 마치 나를 하인처럼 여기는 레스토프의 건방진 자들이 나에게 뭘 하라고 말하도록 그냥 두지 않을 것이다.\""
    },
    {
      "Key": "c1e36225-c8ea-4c04-9e44-8aba96abe0b9",
      "Value": "\"반홀드는 멀지 않다. 같은 일이 우리에게 일어나기 전에 무슨일이 생긴 건지 알아보도록 하자.\""
    },
    {
      "Key": "ac33eb90-36eb-4ffe-93b5-b160a0a1383d",
      "Value": "\"반홀드에 무슨일이 생긴거라고 생각하나?\""
    },
    {
      "Key": "65e191f8-2457-4d15-b9a7-51cf2638a57d",
      "Value": "\"반이 단순히 레스토프와의 거래를 그만하고자 한 것은 아니겠습니까?\""
    },
    {
      "Key": "ba81152e-4e23-4162-bb75-c72e94849776",
      "Value": "\"나리, 자만디 알도리님으로부터 급한 소식입니다! 소드로드께서는 흔치 않은 문제에 도움을 요청하고 있습니다. {g|JamandiVarnholdTrouble}그녀의 편지{/g}입니다. 시간을 내어 읽어주십시오.\""
    },
    {
      "Key": "fa358e07-0270-4a56-9c19-79ab6ef93c6c",
      "Value": "\"안녕하십니까, 전하. 자만디 알도리로부터의 {g|JamandiVarnholdTrouble}급한 전갈{/g}입니다. {g|Swordlords}소드로드{/g}들이 '또 다시' 그들의 백성을 다스기엔 부족하다는 사실을 증명하는 것 같습니다. 여기 자만디의 전갈입니다. 직접 보시지요.\""
    },
    {
      "Key": "eb650d79-dfaf-4e67-9a01-52913623ec2b",
      "Value": "\"좋은 소식과 나쁜 소식이 있어. 좋은 소식은, {g|Restov}레스토프{/g}의 소드로드 알도리 자만디는 우리를 나름 예우하지. 그녀는 직접 당신에게 {g|JamandiVarnholdTrouble}이 작고 예쁜 편지{/g}를 썼어. 나쁜 소식? 그녀는 우리에게 우리가그러한 인식에 걸맞는 지를 증명하기를 원하는군.\""
    },
    {
      "Key": "cbf082d5-5904-4f05-a7c2-da36b9de314d",
      "Value": "\"그녀는 얼마전에 {g|Varnhold}반홀드{/g}로부터 그녀에게 보고하는 것이 중단되었다고 썼습니다. 소드로드들이 후원하는 {d|Varn}메이가르 반{/d}이 세운 이웃하는 남작령 말이죠. 그러나 서신만이 오는 것이 중단된 게 아니라 반홀드로부터의 교역 마차, 배달부, 모든 교통들이 중단되었습니다. 마치 남작령이 사라진 것처럼 말입니다.\""
    },
    {
      "Key": "467267f9-a9cc-48fa-b99b-bd525d3f9a63",
      "Value": "\"자만디 알도리는 당신이 메이가르와 좋은 관계를 가지고 있다는 것을 알고 이 문제에 대한 당신의 도움을 기대합니다. 그녀는 당신에게 요청하기를 {g|Varnhold}반홀드{/g}로 가서 왜 침묵하고 있는지를 알아내라고 합니다.\""
    },
    {
      "Key": "29a3068a-0ef9-4987-930c-c27f0f1db46f",
      "Value": "\"자만디 알도리는 조금이라도 신뢰할 수 있다고 증명된 자들과만 동맹을 맺습니다. {g|Varnhold}반홀드{/g}가 {g|River Kingdoms}강의 왕국들{/g} 중 동쪽 끝의 전초기지와 가장 가까운 곳이 라는 걸 고려하면, 그곳은 그녀가 {g|Dunsward}던스워드{/g}와 그 주변 지역을 감시하는 데도 유용합니다.\""
    },
    {
      "Key": "9fb0140e-fe28-4af1-95ac-eb24740ae454",
      "Value": "\"외교적 문제 해결에 있어 당신의 결심에 감사드립니다. 그런데, 제 의견을 드리자면, 좀 더 당신의 표현을 완화하는 것이 좋지 않을까 합니다. 저는 서신을 바로 {g|Restov}레스토프{/g}로 보내겠습니다.\""
    },
    {
      "Key": "70b2889d-85a3-4be2-bcbc-57615119cbd7",
      "Value": "\"이 남작령은 당신의 남작령과 매우 유사합니다. 그곳 또한 용병이었던 {d|Varn}메이가르 반{/d}에 의해 설립되었습니다. 그도 그의 직위를 당신이 했던 것과 동일한 행위를 통해 얻었습니다.\""
    },
    {
      "Key": "b682fa72-3ce2-4238-87ea-f5a3d36da83f",
      "Value": "\"그렇다면 이제 일행을 모아 {g|Varnhold}반홀드{/g}로 향할 때입니다, 전하.\""
    },
    {
      "Key": "ebc3a856-8dee-48da-98cb-f40b757e8df0",
      "Value": "\"{d|Varn}메이가르 반{/d}은 그의 가문의 셋째 또는 넷째 아들이기 때문에, 그는 그의 아버지의 상속권을 주장할 수 없었습니다. 그는 자신만의 정착지를 세우고 부와 번영을 그 방식으로 얻기를 희망하는 것 같습니다.\""
    },
    {
      "Key": "dd930a13-1afb-400a-a998-7bf86456601f",
      "Value": "\"흐으음...폭동? 반란? 만약 그런 경우라면, 피난민들이 있었어야 할 것입니다. 그곳에서 무슨 일이 벌어졌건, 갑작스러운 일이었을 것입니다. 아마도 도적떼의 공격이나, 야만인들, 전염병...무슨 일이었건 간에, {g|Varnhold}반홀드{/g}의 밖에서 어느 누구도 무슨 일이 있었는지를 알지 못하는 것 같습니다.\""
    },
    {
      "Key": "5ac54445-2088-4991-be8f-97f70f6f1c5b",
      "Value": "\"알도리의 편지에 따르면, 이 침묵은 자발적인 것이 아닌 것으로 보입니다. 그렇지 않았다면 적어도 누군가 이웃 국가에 가서 무슨 일이 있었는지를 이야기했어야 합니다.\""
    },
    {
      "Key": "a767dd3d-2943-4c82-831b-4950d52b1a78",
      "Value": "\"당신은 이 무례한 {g|Swordlords}소드로드{/g}들과 어떻게 대화할지를 아는군! 내가 가서 네 편지에 몇 줄을 추가해 두지.\""
    },
    {
      "Key": "ca272084-50b1-4c54-8391-41a6d0feb38a",
      "Value": "\"{mf|남작|여남작}, 어떻게 감히?! 당신은 레이디 자만디에게 많은 것을 빚 졌는데, 이렇게 그녀를 모욕하는 것으로 답하다니? 좋소, 내가 좀더 유한 표현으로 당신을 위해, 편지를 작성하겠소, 당신은 {g|Varnhold}반홀드{/g}로 가서 그 수수께끼를 해결하시오!\""
    },
    {
      "Key": "50f2f9c7-d0c1-43b5-a7b0-4cee012c9523",
      "Value": "\"알도리 경께서는 당신이 황무지에서 정착지를 쌓아올린 용감한 {d|Varn}메이가르 반{/d}이 이끄는 남작령인 {g|Varnhold}반홀드{/g}로 단번에 향하기를 요청하셨습니다. 최근까지 그는 열성적으로...그리고 자주...{g|Swordlords}소드로드{/g}들께 그의 많은 성공들을 전달하고 있었습니다, 그런데 갑작스레 그 편지들이 끊겼습니다. 당신이 예상하시듯이, 이는 다소 중요한 사건입니다!\""
    },
    {
      "Key": "c1af8cd6-e9f1-41eb-8b71-55d020a49d26",
      "Value": "\"그 짜증나는 {d|Varn}메이가르 반{/d}을 기억하십니까, 당신을 귀찮게 하는 것을 멈추지 못하던 이 말입니다? 아무래도 그는 이제 알도리의 목줄에 지쳐버려서, {g|Swordlords}소드로드{/g}의 편지에 답장하는 것을 멈춘 모양입니다. 그러나 반 그 혼자라면 별로 걱정할 거리가 아니겠지요. 편지에 따르면, 그 정착지 자체가 사라져 버렸다고 합니다!\""
    }
  ]
}