{
  "$id": "1",
  "strings": [
    {
      "Key": "ad0dcdc7-9c49-4224-9830-a5b76e337863",
      "Value": "\"코볼트와의 타협은 어떻게 이루어지고 있어?\""
    },
    {
      "Key": "f0f1a4cd-e420-4492-b52c-13799335665a",
      "Value": "\"나는 아직도 너에게 일어난 일을 이해하고 싶어. 그래서 너는 다시 돌아와 코볼트로 변한 거야? 타투치오?\""
    },
    {
      "Key": "a9a0c40e-d7b0-4703-80d0-15a1fb72bdf3",
      "Value": "\"너는 이제 코볼트에 대해 많이 알아야 해. 너의 종족에 대해 말해줘.\""
    },
    {
      "Key": "d381e1ed-ea9d-4135-9d87-914fd47fec9e",
      "Value": "\"나는 던전을 방문하고 싶다.\""
    },
    {
      "Key": "a0dde89f-0417-4b4d-960f-d9c821487a71",
      "Value": "\"이만 가봐야겠어.\""
    },
    {
      "Key": "b1b697f8-3193-43da-9ece-58c6911f9900",
      "Value": "\"네가... 음... 용의 친척이라고 말하기에는 조금 작지 않아?\""
    },
    {
      "Key": "6b5a576e-ead8-49b8-ae78-70b55053e53e",
      "Value": "\"드래곤이라고? 너희는 같은 뿌리를 가졌다고?\""
    },
    {
      "Key": "c759b530-310e-433b-b536-8800f0399d7a",
      "Value": "\"너는 어떤 신을 숭배하지?\""
    },
    {
      "Key": "65af53d1-8e27-4f86-9854-1686e510d2f3",
      "Value": "\"코볼트는 어디서든 생존할 수 있는 것 같다.\""
    },
    {
      "Key": "c8c17bdf-16b3-4615-8d80-719e6841f307",
      "Value": "\"너희는 정말 호전적이구나. 시카모어에서 마이트와도 동맹을 유지할 수 없었어. 코볼트는 누구와도 평화로운가?\""
    },
    {
      "Key": "8adf91ac-1e2a-4d7f-9e89-e5d751f9061d",
      "Value": "\"다른 것에 대해 얘기해 보지.\""
    },
    {
      "Key": "4677b294-551a-46d5-a0cb-5a83104086a0",
      "Value": "\"거기에 뭔가 가치있는 것이 있을 수도 있었어!\""
    },
    {
      "Key": "fcc67429-c8dd-4718-a7d9-a32ee247cf16",
      "Value": "\"네가 옳은 일을했다. 이미 저질러진 일이야.\""
    },
    {
      "Key": "b80a8dc9-d752-4e3a-a6ea-8ed04516e9c9",
      "Value": "\"그래서 너희 백성들은 아직 너를 쫓아내지 않았어?\""
    },
    {
      "Key": "749e2164-cdbe-4856-a8c2-68ab52c0619d",
      "Value": "\"내 다른 부하들에게 사고가 발생하지 않았으면 좋겠어. 공격이나 약탈의 소식을 듣지 않으면 좋겠어...\""
    },
    {
      "Key": "6e21d4fc-e965-4f68-ada5-be66597d10d4",
      "Value": "[공격] \"너희 해충 같은 녀석들이 질렸어!\""
    },
    {
      "Key": "5a529094-0688-4eb9-a00b-ca84e989590a",
      "Value": "\"너희 부족은 수트스케일 부족과 거래하나?\""
    },
    {
      "Key": "1f81463a-2368-4d17-ac75-b342b4a82159",
      "Value": "{n}당신이 다가오는 것을 타툭이 지켜봅니다. 말 두개골 투구 속에서 당신을 보는 그의 차가운 눈이 보입니다. {/n} \"좋아. 드디어 왔구나.\" {n}타툭은 천천히 그리고 의도적으로 말합니다.{/n} \"어떻게... 내가... 도와줄까?\""
    },
    {
      "Key": "18e69e2c-33a3-488f-baf9-def158dcba89",
      "Value": "\"응?\""
    },
    {
      "Key": "a0bdb750-9641-4eca-9964-6fd1bc5c7cc8",
      "Value": "{n}타툭은 머리를 돌려 당신을 지켜봅니다.{/n} \"대단하다. 이제는 코볼트의 장소가 있다. 왕국이 있다. 조용하고 어둡다. 숲에는 동물도 많고 누구도 코볼트 괴롭히지 않는다.\""
    },
    {
      "Key": "11d9d762-34b5-4e1e-b35b-c59a96005def",
      "Value": "\"오래된 던전은 사라졌다. 우리는 예전 것을 무너뜨리고 새로운 터널을 팠다. 이제 코볼트 동굴 생겼다. 터널 넓혔다. 덫도 놨다.\""
    },
    {
      "Key": "b4fb74ef-fd03-4db7-8a06-9e30f833b8a5",
      "Value": "\"드래곤의 친척에 대해 알고 싶은 게 있어?\""
    },
    {
      "Key": "1ee65868-f6d4-4ace-9a3e-11fb813fe9a2",
      "Value": "\"약탈자? 여기.\" {n}타툭은 턱짓으로 가까운 코볼트를 카리킵니다.{/n} \"그는 너 만큼이나 호기심이 많다. 오래된 던전에스 트롤 물건 많이 얻었다. 그에게 물어봐. 그는 거래한다.\""
    },
    {
      "Key": "7b91c6ab-e9c1-4063-879d-d40245393d71",
      "Value": "{n}타툭은 머리를 숙입니다.{/n} \"우리는 새로운 시작하고 싶다. 더 이상 죽음을 원하지 않는다. 코볼트도 인간도 죽지 마.\""
    },
    {
      "Key": "ba348912-f665-45d4-9d64-9ca398bfd351",
      "Value": "\"그래. {name}. 많은 전설이 우리가 만들어진 기억을 간직하고 있다. 내가 말해 줄께. 아주 오래 전 압수와 티아매트만이 있었어. 그들은 신과 우주의 조상이었지. 그들은 많은 여신들을 창조했지만 최고는 영원히 불타는 심장을 가진 파괴신 다하크였어. 다른 신들은 창조를 하고 싶었지만 다하크는 파괴만을 원했지. 그의 자식도 그의 분노를 피할 수 없었다.\""
    },
    {
      "Key": "ca7c2c2c-c3f5-48ec-90de-76c170d5cb01",
      "Value": "\"수많은 드래곤이 다하크의 분노에 의해 희생자가 되었어. 너무나 많은 죽음이 있었고 압수 자신의 아들이 내는 광기를 멈추기로 결정했다. 두 드래곤이 충돌했을 때 세계는 그들의 발 밑에서 떨었어. 하늘은 그들의 날개짓으로 끓어올랐다. 초기의 세계는 창조신 압수와 파괴신 다하크의 싸움 같은 것을 처음 경험했다. 마침내 다하크가 그의 아버지의 힘을 능가하자 압수는 전투에서 도망쳤고 그의 자손들을 폐허에 버려두었다. 그는 살아남지 못했다.\""
    },
    {
      "Key": "b3d46a90-0120-4200-8456-3494e4497eab",
      "Value": "\"다하크의 승리는 오래 가지 못했다. 그의 눈에서 분노의 베일이 벗겨졌을 때 그는 자신이 한 짓을 보게 되었다. 이상한 고통의 파괴신의 마음을 아프게 했다. 처음이자 마지막으로 그는 죽임 당한 드래곤의 시체 앞에서 눈물을 흘렸다. 무지갯빛으로 빛나는 눈물이 타버린 땅에 떨어졌을 때 다하크의 눈물은 코볼트가 되었고 그래서 코볼트의 피부도 그들이 태어난 눈물과 같은 색인 것이다.\""
    },
    {
      "Key": "23d9c75a-08a1-4d7a-aa33-78bf659c8b48",
      "Value": "\"그러나 우리의 친척은 엄청나게 많다! 세계 곳곳에 우리가 판 터널이 있다. 우리가 파지 못하는 산은 없다. 우리가 도달하지 못하는 곳은 없다!\""
    },
    {
      "Key": "617a5c0d-4828-4642-8954-58f14be5b758",
      "Value": "\"드래곤은 우리가 그들을 섬기게 허락했다. 코볼트만이 드래곤의 알을 보호하는 임무를 가진다! 네 마음대로 비웃어도 되지만 너는 반드시 알아야 한다. 우리는 위대한 조상과 같은 피가 흐른다.\""
    },
    {
      "Key": "345a3765-8331-4c82-a6b9-83181254ed4b",
      "Value": "\"각각의 부족은 신적 후원자를 섬긴다. 우리? 우리는 파괴신 드래곤의 아버지 코볼트의 선조인 다하크의 후손이다. 우리 부족은 다하크에게만 의식을 치룬다.\""
    },
    {
      "Key": "7e968be0-e4e5-4eae-b3b6-cce9f8b73604",
      "Value": "\"코볼트가 살아남지 못할 땅은 없다. 지상이 위험해지면 우리는 터널을 파고 내려간다. 누군가 우리를 쫓아오면 그들은 우리 덫에 사라질 것이다. 적이 덫을 지나가면 그들은 우리 살로 만든 독으로 죽는다!\""
    },
    {
      "Key": "710dfb11-219e-416e-a209-f75bcb40df62",
      "Value": "\"드래곤의 후손은 동맹이 필요하지 않다.\" {n}타툭이 당신의 눈치를 봅니다.{/n} \"우리가 다른 선택의 여지가 없다면 말이다.\""
    },
    {
      "Key": "da7032a8-31bc-432d-a558-48b23f7e37f4",
      "Value": "{n}타툭은 눈도 깜짝하지 않고 당신을 봅니다.{/n}"
    },
    {
      "Key": "19413319-f092-4338-be8e-6bbdafc312b4",
      "Value": "\"전복해? 왜 그랬을까? 나는 그들 집 줬다. 식민지 짓게 해줬다. 계획대로 되지 않았지만 효과는 있다. 코볼트는 어느 때보다 더 나에게 충성한다.\""
    },
    {
      "Key": "3a95922a-cabb-40ec-ba47-1a4f2c4c14f8",
      "Value": "\"코볼트는 친절을 기억한다.\" {n}타툭이 끼어듭니다.{/n} \"코볼트는 자비를 기억한다. 나는 너의 친구가 되기로 약속했다. 코볼트는 인간을 침략할 필요가 없다. 숲과 던전으로 우리는 충분한 공간이 있다.\""
    },
    {
      "Key": "f0129a66-e463-4bdb-bbdb-13e840f682d5",
      "Value": "\"트롤들과 동맹을 맺을 수 없었지만 너는 나에게 기회를 주었다. 모든 코볼트를 위한 기회를.\""
    },
    {
      "Key": "7edce019-c637-4b70-bfb6-800f7b01aa40",
      "Value": "{n}타툭은 화를 냅니다.{/n} \"안돼! 수트스케일 대장이 반역자가 된 내 껍질을 벗길 거라고 했어! 좋아. 이 녀석들이 너의 동맹이니 이제는 쫓아내겠어. 그들이 쓸모가 없어지면... 나에게 알려줘!\""
    }
  ]
}