{
  "$id": "1",
  "strings": [
    {
      "Key": "1413125e-d2cc-48dd-9dc7-85c52dc9425e",
      "Value": "\"넌 누구지?\""
    },
    {
      "Key": "a19233d2-53fd-48c8-8821-b8d0a84e4725",
      "Value": "\"파는 물건을 보여줘.\""
    },
    {
      "Key": "7fb21714-fa2a-45a6-a73d-c3cfa10a0550",
      "Value": "\"이제 가야 해.\""
    },
    {
      "Key": "f6097839-ed49-45c8-b0a3-ef3d1386705a",
      "Value": "[23골드를 지불합니다] \"여기서 숙박하고 싶다.\""
    },
    {
      "Key": "5efd67d4-ab22-43d6-b39e-7762ffd1fb0e",
      "Value": "{n}나이 든 야만인이 손을 흔들며 당신을 맞습니다.{/n} \"어서오게. 무언가를 팔거나 사고 싶은가?\""
    },
    {
      "Key": "c56060b0-24e1-4989-bd99-cfd73814589d",
      "Value": "\"이름은 더그다. 어렸을 때는 거친 전사였지만 그건 오래 전의 일이지. 몸도 예전 같지 않아.\" {n}야만인은 손을 들었는데 손가락이 두 개 밖에 남지 않았습니다.{/n} \"지금은 장비류와 도구 등을 팔고 가끔 교역을 하지.\""
    },
    {
      "Key": "d3f7eb0f-c87a-4236-8770-832e56567077",
      "Value": "{n}나이 든 야만인은 당신에게 친근하게 고개를 끄덕입니다.{/n}"
    }
  ]
}