{
  "$id": "1",
  "strings": [
    {
      "Key": "83a0feeb-7563-4eaa-9bbe-e7536a866aa8",
      "Value": "\"너 자신에 대해 말해줘.\""
    },
    {
      "Key": "8a9be6d6-f9c2-4bc1-ad49-9775fd492b77",
      "Value": "\"누메리아에서의 삶에 대해 말해줘.\""
    },
    {
      "Key": "cfafaeb9-d3bf-48cb-af7b-2dc4f89e42ed",
      "Value": "\"옥타비아와 무슨 관계지?\""
    },
    {
      "Key": "ec07cfdd-982a-4430-b9b0-47d75f5d8dff",
      "Value": "\"동료들이 마음에 들어?\""
    },
    {
      "Key": "5d3368bf-c7cf-4d50-b3a4-27af85b4e2e6",
      "Value": "\"나는 네가 더 이상 필요하지 않아. 가버려.\""
    },
    {
      "Key": "74da9940-1137-4b2d-b4c6-be7e737790b4",
      "Value": "\"떠나. 돌아오지 마라.\""
    },
    {
      "Key": "672cca90-aaef-4243-a3b6-205ba16328a6",
      "Value": "\"농담이야. 물론 네가 필요해.\""
    },
    {
      "Key": "5356bef5-674c-4cce-a7df-f79358a66a8d",
      "Value": "\"나는 가야 해.\""
    },
    {
      "Key": "64f401b2-3337-400d-8f84-ea601dba37b0",
      "Value": "\"왜 너는 그녀를 '나의 옥타비아'라고 부르지? 별로 좋아하지 않는 것 같은데.\""
    },
    {
      "Key": "543b3341-c3da-451a-b049-251cf402d666",
      "Value": "\"어린 시절을 기억해?\""
    },
    {
      "Key": "24e7a460-66f2-4c71-96cc-e67bcfeb437f",
      "Value": "\"너는 어떤 신을 숭배하지?\""
    },
    {
      "Key": "bedb4b98-8ba3-4694-8e7c-028629936f58",
      "Value": "\"사람들을 고통스럽게하는 걸 좋아하나?\""
    },
    {
      "Key": "5235528b-59ce-42da-a4e3-8301ee2c97df",
      "Value": "\"어떻게 칼과 마법을 동시에 능숙하게 사용하지?\""
    },
    {
      "Key": "51addf8c-4c8a-4e76-b3dc-0e2fb3713da5",
      "Value": "\"내가 보기에 넌 그냥 흉악범에 지나지 않는 것 같군.\""
    },
    {
      "Key": "be16553a-e861-451a-808b-7fc6b3340902",
      "Value": "\"적들을 그렇게 대하면 그들보다 네가 나을 것이 뭐가 있지?\""
    },
    {
      "Key": "fa739c87-a666-4b14-8ad3-9aaeba6b2715",
      "Value": "\"나는 다른 사람들의 고통을 즐기지!\""
    },
    {
      "Key": "95ed968d-1595-420d-9871-9c48a8bdcc11",
      "Value": "\"내 일행에 있는 한 너 자신을 통제해라. 나는 무의미한 잔학 행위를 싫어한다.\""
    },
    {
      "Key": "3b04f279-7e82-4942-98ef-00eec0459068",
      "Value": "\"아주 재미있군! 네가 맞아. 누군가 너의 길을 가로막으면 그들의 잘못이지!\""
    },
    {
      "Key": "0d6fd7ea-7378-4d79-bf26-0a9e872ece0f",
      "Value": "\"너와 옥타비아는 서로에게 충실한가?\""
    },
    {
      "Key": "b8f118ad-3a42-4e77-bb73-d130713b8f3f",
      "Value": "\"어디에서 마법의 힘을 얻었지?\""
    },
    {
      "Key": "6e6faf24-0ea8-40b2-bcf7-a5d57902055f",
      "Value": "\"어쩌다 노예가 되었지?\""
    },
    {
      "Key": "788d919e-04f5-4030-9cd6-5edf9f69abce",
      "Value": "\"왜 주인이 네게 마법을 가르쳐 줬어?\""
    },
    {
      "Key": "d520d470-646c-4e6f-99be-ed49246a85ab",
      "Value": "\"나는 할 수 없다. 나에게 사랑은 믿음 없이 불가능하다.\""
    },
    {
      "Key": "e37518ed-aca2-4cce-b8c9-850969b1352a",
      "Value": "\"초청인가? 그러면 가 보도록 할게!\""
    },
    {
      "Key": "8989819e-d255-4cc6-b7aa-2f817b1ed258",
      "Value": "\"판단하러 온 게 아니다. 그냥 궁금했을 뿐이야.\""
    },
    {
      "Key": "dabcfe8d-6976-41e6-83b4-55d44241faa7",
      "Value": "\"뭐? 너는 괜찮아!\""
    },
    {
      "Key": "b42dfbe4-0509-4890-8f9f-dc97eb18934e",
      "Value": "\"어떻게 만났지?\""
    },
    {
      "Key": "9fbd7dd8-ffbb-4fad-a034-e38c1cc1f60b",
      "Value": "\"권력을 가진 사람들을 좋아하지 않는 것 같다. 하지만 왜 나를 돕고 있지?\""
    },
    {
      "Key": "6b7a9457-3f71-4f8e-a9c1-90e3a107e489",
      "Value": "\"도망쳤을 때 무엇을 보았나?\""
    },
    {
      "Key": "9ede665d-0769-4f60-8fd3-5a85c1690a57",
      "Value": "\"옥타비아와 함께 도망치려고 시도는 했었나?\""
    },
    {
      "Key": "8b78d5f1-0bcc-476c-a725-b6cea8a06f49",
      "Value": "\"문신은 무엇을 의미하지?\""
    },
    {
      "Key": "7b392806-1a14-48cf-b0df-c379609c2825",
      "Value": "\"물어보기 싫지만 왜 너와 옥타비아는 채찍으로 맞아야만 했지?\""
    },
    {
      "Key": "73bb2182-0504-45cf-8a39-b2dbefbc731e",
      "Value": "\"듣기 싫어. 자랑하지 마.\""
    },
    {
      "Key": "0af9bc57-863f-48f3-b435-4d4a68d2af4f",
      "Value": "\"진심이야? 농담하지 마! 나도 너를 좋아한다면 어떡하려고?\""
    },
    {
      "Key": "25e79009-57f7-464c-9f24-954117ca2cf2",
      "Value": "\"마음대로 해. 하지만 나는 빼줘.\""
    },
    {
      "Key": "990a6301-9be4-4120-b968-babe15df4657",
      "Value": "\"나를 놀리는 거야? 실패했군. 아니면 초대인가? 그렇다면... 상관없지만.\""
    },
    {
      "Key": "083d94e1-467b-4eae-8f0a-7d992674e48b",
      "Value": "\"누메리아에서 노예 제도가 합법이야?\""
    },
    {
      "Key": "834c7a4e-3d02-44be-a8d8-be055d67de40",
      "Value": "\"야누쉬를 만나면 무엇을 할 것인가?\""
    },
    {
      "Key": "9c36f9f8-4be0-413a-ab70-065242cf0aff",
      "Value": "\"야누쉬가 도망가게 둔 게 옳은 일이라 생각해?\""
    },
    {
      "Key": "391c4ac6-8e9e-4dde-b3ca-882357c7ce8b",
      "Value": "\"야누쉬를 뒤쫓은 게 옳은 일이라 생각해?\""
    },
    {
      "Key": "d769ade5-be5f-4b2b-80ea-68994058957f",
      "Value": "\"네 부족을 만나지 못해 안타깝군.\""
    },
    {
      "Key": "74d6e13e-0d21-4abc-8568-dd6c0967f406",
      "Value": "\"네 부족을 만나지 못해 안타깝군.\""
    },
    {
      "Key": "6bc15adc-8c18-455a-a59b-452b33ad4602",
      "Value": "\"양심이 필요하다면 내가 어디 있는지 알겠지!\""
    },
    {
      "Key": "f167ef56-e400-4649-ba9f-a85162c1a239",
      "Value": "\"언제부터 사람들이 너를 위해 결정을 내리게 두었지?\""
    },
    {
      "Key": "9d8e90ac-a36b-46e0-8df9-65140c7ef8b8",
      "Value": "\"우리는 실수를 저질렀다. 저 괴물을 상처 없이 보내면 안돼.\""
    },
    {
      "Key": "7bce3a13-cd2e-40ad-9266-7928d0f27bed",
      "Value": "\"우리는 끔찍한 실수를 저질렀다. 많은 사람들이 복수의 희생자로 죽었어.\""
    },
    {
      "Key": "cce56cdc-7d7a-4d6a-8b08-698649867198",
      "Value": "\"너를 항상 도울 거야.\""
    },
    {
      "Key": "e080036d-524d-4486-8058-e1f0f8075257",
      "Value": "\"그가 도망가게 두어서는 안돼. 자비는 없어.\""
    },
    {
      "Key": "025c4a5e-f07e-40a1-b460-390cb673dcf9",
      "Value": "\"그 노인에 대한 복수를 삼가는 것이 좋다.\""
    },
    {
      "Key": "196e63be-35d6-4ac0-b70d-dd94a4d13f34",
      "Value": "\"적어도 너 자신과 화해한 것을 기쁘게 생각한다.\""
    },
    {
      "Key": "c3cf8b65-e6a5-4c3f-9a1c-bc7140fdc351",
      "Value": "\"적어도 부족의 마지막 구성원에 대한 복수를 해야 한다.\""
    },
    {
      "Key": "9c1c82d3-17bf-4a6a-996e-9394b762b43a",
      "Value": "\"그 노인을 살려둬서는 안되었어.\""
    },
    {
      "Key": "1b5947cd-3168-43ab-bcb6-172ba020c155",
      "Value": "\"네가 그렇게 말한다면. 나는 그 결정을 존중한다.\""
    },
    {
      "Key": "6ce8f114-19a3-4439-8f22-651533cc6d42",
      "Value": "\"부족에 한심한 노인이 하나 남았지만 너의 복수는 달성되었다.\""
    },
    {
      "Key": "3d7aba8e-a3b9-487c-b819-2bdbac41124e",
      "Value": "\"멍청이 몇을 태워버렸는데 왜? 튀겨질 때 소리가 우습더군!\""
    },
    {
      "Key": "c2500ac5-8773-4ca0-b92d-385e64bd745d",
      "Value": "\"너에게서 그녀를 훔쳐서 사과해야겠군.\""
    },
    {
      "Key": "37a88086-8628-4fb0-948b-517f1aa6ffaf",
      "Value": "\"미안.\""
    },
    {
      "Key": "f7b9e827-11a7-432e-a24b-0d2e34c3e859",
      "Value": "\"우린 여전히 친구야. 그렇지?\""
    },
    {
      "Key": "ff7bcd11-2fdf-4c9b-b543-605efd197d1b",
      "Value": "\"이해해 줘서 기쁘다.\""
    },
    {
      "Key": "bfe078b4-082d-4753-9703-7b59d9bb4593",
      "Value": "[팔을 레곤가르의 목에 두릅니다] \"함께... 시간을 보내지 않을래?\""
    },
    {
      "Key": "b336787d-8521-4e46-8be2-c20a4ffcc485",
      "Value": "\"당연하지!\""
    },
    {
      "Key": "651cf19b-4f69-47c6-8d18-d64425fdf9cb",
      "Value": "\"나는 너와 단 둘이 있고 싶어.\""
    },
    {
      "Key": "1247127b-1f56-4cbe-af50-a987217d04e9",
      "Value": "\"우리의 연애는 실수였다. 너와 함께할 수 없어.\""
    },
    {
      "Key": "f3c4ed40-5911-4a84-9664-bd320aa9d238",
      "Value": "\"아니. 미안. 나는 그렇게 말하지 말았어야 했어. 사랑해.\""
    },
    {
      "Key": "cc5979a8-3c11-4d0f-a689-0eb57f2df624",
      "Value": "\"그래. 그게 우리에게 더 좋을 거야.\""
    },
    {
      "Key": "0779ea4e-e5b7-45a6-ad69-bb7d937600b0",
      "Value": "\"우리 만남은 잘못되었어. 너와 옥타비아는 나 없이 더 잘맞아.\""
    },
    {
      "Key": "35ff8217-b51f-4681-8e98-71014ef95fc3",
      "Value": "\"아니. 미안. 나는 그렇게 말하지 말았어야 했어. 나는 너희 둘 모두 사랑해.\""
    },
    {
      "Key": "a8d19205-80ed-4666-b9a3-131f42d1ed27",
      "Value": "\"그래. 그게 우리 셋에게 더 좋을 거야.\""
    },
    {
      "Key": "21f7cbf6-ca98-4edb-9a69-adc8e9f1278a",
      "Value": "\"칼라나를 죽일 때 뭐라고 말했지?\""
    },
    {
      "Key": "80f1cda8-47ef-485a-a5cf-498b24781308",
      "Value": "\"원하는게 뭐야? 얘기? 좋아. 그보다 더 할만한 일은 없지.\""
    },
    {
      "Key": "21521d1f-cc9d-4855-b878-fcb4f15f4969",
      "Value": "\"노예로서의 내 삶 말이지? 노예 막사와 연맹의 빌어먹을 실험실 말고는 본 게 별로 없어.\""
    },
    {
      "Key": "1fc8993e-519e-4f47-aaa2-88968701db70",
      "Value": "\"뭘 알고 싶은거지? 나는 태어났고 살아있어. 아직 죽지 않았고. 그러면 된 거 아니야?\""
    },
    {
      "Key": "fb2a52a1-f292-47d4-b732-e20cb91d3579",
      "Value": "\"글쎄... 나의 옥타비아와 나 사이에 '관계'같은 건 없어. 그저 함께 살아갈 뿐이지.\""
    },
    {
      "Key": "ffe763ea-1514-4fed-8d28-e29bc0188dff",
      "Value": "\"대체 왜 그러는 거야? 모든게 괜찮은 것 같았는데... 좋아. 묻지 않고 가겠어. 물론 옥타비아와 함께. 너 없이도 잘 살 거야! 하지만 진심이야? 내 새로운 대장이 네 적이라면 봐주는 건 없어!\""
    },
    {
      "Key": "9e14ead3-8ca4-4f24-9ef2-4340b813c3b6",
      "Value": "\"안타깝군. 여기가 마음에 들었는데. 그래도 우린 다른 동료를 찾을 거야. 안녕!\""
    },
    {
      "Key": "12650ea4-7031-4e89-ac45-486aba423154",
      "Value": "\"오. 그런 농담은 하지마. 난 그런거 진심인 줄 안단말이야!\""
    },
    {
      "Key": "42f85dfd-de82-432c-b5eb-ae6c1fd1d38d",
      "Value": "\"안녕. 또 알고 싶은 게 있다면 부끄러워 하지 말고 물어봐. 내가 대답해 줄 때 당황하지도 말고! 하하!\""
    },
    {
      "Key": "1694bb28-031f-4eda-a3ff-144c4ca53aa6",
      "Value": "\"나의 옥타비아는 자유를 너무나 사랑해서 항상 자유를 잃을까봐 두려워해... 그녀는 정말 똑똑해. 내가 정말 그녀를 소유하려 한다고 생각해? 탈출을 도우려다 고문까지 당한 내가?!\""
    },
    {
      "Key": "4bb1c74b-c640-4b57-89e3-b6dfa8b26962",
      "Value": "\"그녀가 나의 옥타비아라는 말을 두려워했다면, '나의 신발'과 '나의 마음' 이 두 단어 사이의 차이를 이해하지 못했을 뿐이야. 하지만 언젠가는 이해하겠지. 조만간.\""
    },
    {
      "Key": "95ea3458-7428-427e-997b-696a9744295a",
      "Value": "\"하! 지금까지 신들에게 도움을 받아 본 적은 없어! 하지만 선택 하라고 한다면 당연히 {g|Calistria}칼리스트리아{/g}밖에 없지. 또 누굴 섬기겠어? 즐거움과 기쁨, 복수의 여신! 바로 이거야!\""
    },
    {
      "Key": "94c34a0e-12c0-41ab-8600-8c913fb4f7bb",
      "Value": "{n}레곤가르가 노려봅니다.{/n} \"멍청한 질문이군. 난 아주 어릴 때 팔려갔어. 그 이전의 기억은 나지 않아. 매캐한 연기와 냄새나는 가죽을 말 안장에 오르던 기억 뿐이지. 아마 {g|Numeria}누메리아{/g}의 켈리드 부족의 일원이었을 거야. 켈리드 부족은 많이 있어. 자급자족하며 살아가는 자들도 있지만 몇몇은 자존심을 버리고 {g|Technic League}기술 연맹{/g}을 섬기지. 자기 아이를 팔았다면 우리 부족은 그런 겁쟁이 중 하나였을 거야!\""
    },
    {
      "Key": "caeae89e-48bb-4cb9-ae03-3eaa0c4bc36f",
      "Value": "\"아버지의 손을 기억하고 있어. 거칠고 흉터진... 하얀 손. 녹색 피부는 어머니의 것이었을 거야. 하지만 별로 기억은 나지 않아. 다른 하프오크 아이와 놀았던 기억이 나는데 아마 형제였던 것 같아. 부모님은 내 형제는 내버려두고 나만 팔았어. 아버지는 형에게만 단도를 줬지. 나에게는 주지 않고... 기억하기 싫어. 젠장. 난 그런 부모 없어.\" {n}레곤가르는 얼굴을 찌푸리며 손사레를 칩니다.{/n}"
    },
    {
      "Key": "607b5459-0c8d-4007-b320-a8098ab9a650",
      "Value": "\"하하하. 흠... 간단해. 나는 타고났으니까!\" {n}하프오크는 만족스런 미소를 짓습니다.{/n}"
    },
    {
      "Key": "b16a1481-8fe4-4132-ab88-ddb0622d8f36",
      "Value": "\"쳇! 왜 내가 그들의 고통을 신경써야 하지? 나는 하고 싶은대로 해. 내가 누군가 혼내준다면 아마 내 앞길을 막아섰기 때문일거야. 하지만 그저 고통을 주기 위해서 누군가를 해한다면? 그건 {g|Technic League}기술 연맹{/g}의 변태들이나 할 법한 놀이지. 다시 생각해보면... 하하하. 흠... 기술연맹놈들은 예외로 하고 천천히 노릇노릇하게 볶아버리고 싶어.\""
    },
    {
      "Key": "b39fdfe1-7716-40ff-ab3e-10ce6f5ec6e9",
      "Value": "\"하지만 왜 묻는거지? 내 방법이... 끔찍한가?\" {n}움켜쥔 레곤가르는 주먹 주위에 불꽃이 윙윙거리며 튀었고 그는 자신의 농담에 폭소를 터뜨립니다.{/n}"
    },
    {
      "Key": "a83c8e8a-26a8-44a2-8280-913dbc342dc2",
      "Value": "\"그들은 그래도 싸. 하지만 내 앞길을 막지만 않으면 다치지는 않을 거야!\""
    },
    {
      "Key": "4c1a37c1-21a1-4d3f-a45b-964ea6105999",
      "Value": "\"말 한번 재밌게 하는군! 그럼 넌 뭔데? 난 네 동료잖아? 그럼 넌 공범인가? 아니면 우정의 힘으로 나를 교화하려는 거야? 하하하!\""
    },
    {
      "Key": "73909110-2710-4006-954f-b6e45581d3d2",
      "Value": "\"왜 내가 '더 나은' 사람이 되고 싶어한다고 생각하지? 무슨 소용이야? 나는 순수함 따위는 몰라. 내가 적들보다 도덕성이 뛰어나다고 증명할 필요는 없지. 나는 적들이 그저 땅에 쓰러져 썩어버렸으면 좋겠어. 그러면 나는 살아남아 와인을 마시고 그들의 무덤에 오줌을 누겠지!\""
    },
    {
      "Key": "bff13670-e85f-48b5-9346-05c73e4d1132",
      "Value": "\"좋아! 마음대로 해. 내 일에 신경끄면 너의 일에도 참견하지 않겠어. 동참하라고 말하지만 말아줘. 나는 와인, 고기, 멋진 남자와 예쁜 여자가 좋아. 이게 내 삶이야. 하지만 누군가를 고문하는 걸 즐거워하는 변태가 어디 있겠어?\""
    },
    {
      "Key": "fdecb028-10ef-4459-85e4-0f34630ef8f9",
      "Value": "\"네가 그렇게 말한다면! 네가 대장이니까. 앞으로는 유의미한 잔학행위를 하자고. 하하하! 나는 대장을 열받게 하지 않을게.\""
    },
    {
      "Key": "9315b1df-8220-4cf2-8a6a-bca1b1ae858a",
      "Value": "\"내 말이 그거야! 세상에는 칼만 들고 덤비는 멍청이들이 너무 많아! 가끔 바보들을 바라보며 마법을 시전할 때 이런 생각을 하지. '멍청이 같으니, 대체 왜 덤비는거야? 내 앞길만 안 막았어도 널 죽일 일은 없었을텐데!' 그리고 바로 쾅! 그 바보들은 죽고 나는 옷에 묻은 피나 닦겠지.\""
    },
    {
      "Key": "aab1b41e-3198-43b6-b7de-7f7ce67c8711",
      "Value": "\"마법의 힘이라니, 도대체 무슨 소리야? 이거?\" {n}레곤가르는 만족스런 미소를 지으며 손에 번개를 만들고 손가락을 튕기자 눈부신 불꽃을 내뿜습니다.{/n}"
    },
    {
      "Key": "54cd339f-8e72-4a7a-881b-9987724943e1",
      "Value": "\"선천적인 능력이야. 나를 낳아준 자들이 준 선물이지. 이 힘 때문에 나는 노예로 팔린 것 같아. 겁을 먹어서 나를 팔아버린 걸까? 망할 {g|Numeria}누메리아{/g} 녀석들. \""
    },
    {
      "Key": "954e9dd5-2d07-4956-8a08-bd35eb533f76",
      "Value": "\"{g|Technic League}기술 연맹{/g}은 내 피를 뽑아 실험을 했어. 나를 불에 태우고 얼음이나 전기로 나를 고문했지... 그리고는 내 피 속에 블루 드래곤의 피가 흐르고 있다나! 나쁘지 않지? 드래곤의 무서움을 보여주었어야 했는데!\" {n}레곤가르는 손바닥에 주먹을 치며 웃고는 그 위로 전기 불꽃이 솟아오릅니다.{/n}"
    },
    {
      "Key": "f56a507b-29d0-4ae0-bc6d-04a3dc57cd66",
      "Value": "\"모르겠어? 내 능력 때문에 나는 팔려간 거야! 나는 허드렛일 하는 노예가 아니라 살인 기계로 키워졌어. 내가 그들에게 돈을 쥐어줄 수 있으니까! 내가 그들에게 배운 마법으로 그 녀석들을 해치우지 않았는지 궁금하겠지. 하지만 {g|Technic League}기술 연맹{/g}은 위험을 미리 계산했어. \""
    },
    {
      "Key": "a2be4ea1-201f-42a3-9398-0db4e2dc67d2",
      "Value": "\"옥타비아는 실성한 척 해서 그들이 행동을 전혀 예측할 수가 없었어. 하지만 나는 배운 게 많지 않더라도 모든 노력을 다했지. 솔직히 가르칠 게 뭐가 있었겠어? 배우는 게 아니라 타고난 건데. 그래서 나는 검술 훈련을 더 많이 했어... 하지만 나는 최선을 다했다. 나는 배울 수 있는 건 모두 배웠어. 그들은 호랑이를 키운다고 생각했지만 목줄을 쥐고 있으니 괜찮다고 생각했겠지. 아니면 나를 비싼 값에 팔아서 문제도 해결할 수 있었고. 하지만 나는 결국 이겼고 자유를 얻었어. 그 녀석들을 모두 묻어버릴거야.\" {n}하프오크는 북서쪽 방향의 {g|Numeria}누메리아{/g}를 향해 음란한 손가락질을 합니다.{/n}"
    },
    {
      "Key": "5ec990c5-be10-4249-9f3e-a590516bd40f",
      "Value": "\"그게 내가 사랑이라고 부르는 거야. 그리고 질투와 의심은 개똥 같은 것이지!\""
    },
    {
      "Key": "3195bacb-e63e-419f-b4a8-5a14df2bc222",
      "Value": "{n}레곤가르 웃습니다.{/n} \"오! 너 얼굴이 붉어지니까 꽤 귀여운데!\""
    },
    {
      "Key": "b5cd3bb6-2cd1-484b-939d-9169a6548453",
      "Value": "\"네가 물어서 나는 대답해준거 뿐이야! 다른 사람의 삶에 끼어들 때 밤에 너를 위로할 무언가를 찾아도 놀라지 말라고! 하하하!\""
    },
    {
      "Key": "23b9a380-8397-44e0-af2b-60a15d2ee66c",
      "Value": "{n}레곤가르는 능글맞게 웃습니다.{/n} \"네 마음대로 살아. 네 침대에는 들어가지 않을 테니!\""
    },
    {
      "Key": "3d2ba89e-39c2-4e60-b2f6-9923acca8786",
      "Value": "\"내 부족이 나를 팔았어. 내가 꼬마 아이였을 때 말이지.\" {n}하프오크는 이를 악물고 땅바닥에 침을 뱉고는 장화로 밟습니다.{/n}"
    },
    {
      "Key": "f78335a2-8bf1-4040-9299-85fc0f3f3aff",
      "Value": "\"나는 노예 막사에서 자랐어. 나는 투견처럼 키워져서 팔렸지. 그들은 나를 굴복시키려 했지만... 소용없었지! 아무리 호랑이를 때려서 길들이려고 해도 더 화만 돋구는 것 뿐이니까!\" {n}하프오크는 가슴을 치며 으르렁 거립니다.{/n}"
    },
    {
      "Key": "5c2eb79a-376f-4854-8602-f518012788c7",
      "Value": "\"무슨 질문이 이래? 나는 {g|Galt}갈트{/g}의 혁명가가 아니라고! 궁전을 불태우고 부자들을 갈취하고 사람들에게 영향력을 행사하고... 나는 그런 건 상관하지 않아. 너는 점잖고 너희 일행도 괜찮아. 너는 수사슴 군주를 죽여 그의 땅을 빼앗아 칭호도 얻었어. 넌 진정한 승리자야! 이런 대장은 함께 할 가치가 있지. ...오, 잠깐. 알겠어! 내가 네 왕좌를 탐낼까봐 그래? 하하! 흠. 진정해! 나는 네 힘 따위 원치 않아!\""
    },
    {
      "Key": "cae6296a-c201-4122-bfe8-c8e45527d1e2",
      "Value": "\"너무 머리 굴리는데 애쓰지마. 누구나 가끔 바보같은 짓을 하지. 계속 네가 그런 식으로 나간다면 나의 옥타비아를 데리고 떠날 거야. 하지만 지금은 그렇지 않은 거 같으니 걱정 마!\""
    },
    {
      "Key": "a1e62bb8-deb6-4d82-bb22-eccd4633af21",
      "Value": "\"뭘 봤을까?! 도망쳤을 때 우리는 {g|Starfall}스타폴{/g}을 지나쳤어. 상인도 많고 시끄럽고 훔칠 것도 많은 도시였지. 하지만 쏘다닐 기회가 없었어. {g|Technic League}기술 연맹{/g} 녀석들의 본거지였으니까! 우리는 살아나가는 데에 더 집중해야 했지.\""
    },
    {
      "Key": "8d878e87-81b2-4021-b9f7-8007a73b79fe",
      "Value": "\"아. 한가지 더! 옥타비아와 나는 도망가려 했지만 우연히 {g|Numeria}누메리아{/g}의 괴물과 마주쳤어. 그 때를 절대 잊지 못할 거야! 철로 만들어진 거대한 거미라니! 불을 뿜고 광선을 쏘아댔지... 드래곤도 조각낼 수 있었을 거야! 우리의 계획도 물거품이 되었고 우리는 돌아가야만 했지.\""
    },
    {
      "Key": "5f813a74-5071-4395-920f-24ba90eef516",
      "Value": "\"어떨 것 같아? 당연히 시도해봤지! 창문에서 뛰어내리고 굴을 파고 경비원을 죽이거나 심지어 유혹하기도 했어. 그런 일도 있었지. 하하, 흠... 하지만 그 망할 녀석들은 언제나 우리를 도로 잡아 넣었어. 언제나. 항상. 내 등은 채찍질로 얻은 흉터로 가득하지. 우리가 상품성 있는 노예라서 다행이였어. 우리를 도로 잡는데 돈을 많이 쓰긴했지. 아무개라면 그저 죽였을 테지만 그들은 우리를 포획해서 손실을 만회하려 했어.\""
    },
    {
      "Key": "500bde71-c3e8-4694-bae2-7f6f9de1b3bf",
      "Value": "\"옥타비아가 아니었다면 그렇게 고집스럽게 살아남았을지 확신이 서지 않아. 결국 죽었겠지. 하지만 난 나의 옥타비아를 구해야만 했어. 그녀는... 나를 믿었고 우리는 꿈이 있었지. 내 등짝이 걸레조각이 되어 누워있을 때 그녀가 나에게 {g|River Kingdoms}강 왕국{/g}은 노예 제도가 없고 어디든 갈 수 있다고 속삭여주었어.\""
    },
    {
      "Key": "cf74d2b7-63d0-4bc3-8b18-48aaf179ee98",
      "Value": "\"그녀가 잔소리할지도 모르지만 나는 그게 모두 순 거짓말이라 생각했지. 그런데 전부 다 사실이더군. 노예도 법도 사슬도 없이 행복하게 살 수 있는 세상이었어!\""
    },
    {
      "Key": "0fdbf931-a033-4437-bae7-c8eba927338f",
      "Value": "\"어렸을 때, 우리는 자칭 대마법사 야누쉬의 견습생이 되었어. 그는 우리의 선생이었고 옥타비아에게 책을 읽고 마법을 외는 법을 알려주었지. 나는 마법이 타고났으니까. 내게는 재능을 통제하는 법을 알려줬지.\""
    },
    {
      "Key": "0ed5fe69-f14c-4058-a856-4527ee091137",
      "Value": "\"하지만 너는 나의 옥타비아에 대해 묻고 있었어. 우리는 평생 함께했지. 마법이나 생존 방법도 함께 터득했고... 나이가 들어감에 따라 사랑하는 법을 배웠어. 하나가 갇히면 절대 져버리지 않았을 거야. 혼자라면 포기하고 죽음에 굴복했을 것이고. 함께라면 전혀 달라! 여러번의 시행착오가 있었지만 결국 우리는 해냈지!\""
    },
    {
      "Key": "83c57fbd-2a07-4b90-88bc-1c6b78c01a69",
      "Value": "\"물어봐!\""
    },
    {
      "Key": "0850c9c5-cf61-43e4-9c9b-649c3010ca01",
      "Value": "\"말하지 마!\""
    },
    {
      "Key": "613d53ca-c8d2-42be-b925-8b9dbef15f1a",
      "Value": "\"난 노예로 자랐어. 그건 잘 기억하지. 많은 기억들은 사라졌어. 내가 기억하는 건 나의 옥타비아가 대부분이야. 우리는 지금 같은 성인이지만 그때 그녀는 나보다 두 배는 어렸다고. 하지만 용감하고 똑똑했지. 그리고 세상에서 제일 예쁘고.\""
    },
    {
      "Key": "53d29148-3a90-4064-bd2f-f168bec0a0aa",
      "Value": "\"오. 스승님... 다시 만날거야. 꼭 통과해야 할 시험이 하나 있거든...\""
    },
    {
      "Key": "ecc8c4c6-ff1c-4849-875c-1608877ee040",
      "Value": "\"오. 스승님... 그에게 복수하고 싶지만 이제는 너무 늦었어. 그 뱀같은 노인을 다시 잡기는 힘들겠지만, 아직까지 그 인간이 오줌을 지린 채 도망치는 모습이 생생해.\""
    },
    {
      "Key": "62cef631-440d-4327-836a-1d15a66ef3de",
      "Value": "\"내 생각엔 대단한 것 같은데! 네 동료들은 하나같이 미친 녀석들이고! 나도 귀족처럼 고귀하진 않지만! 하하! 하지만 옥타비아와 나는 너 같은 지도자는 꿈에도 생각해 본 적 없어. 우리는 용병단에 들어가 훔친 마차를 타고 숲 속을 달릴 거라 생각했지... 하지만 영주의 심복이 되리라고는 생각지도 못했어!\""
    },
    {
      "Key": "62d28b25-6160-4728-9e6d-8ac722bfbe42",
      "Value": "\"마법이 담겨있어. 내 힘을 통제하는 걸 도와줘. {g|Technic League}기술 연맹{/g}이 줬지. 내 몸 어딘가 부족이 남긴 징표가 있기를 바랬지만... 없었지. 그들은 귀찮은 것을 싫어했나 봐. 그놈들은 나랑 안 마주치는게 좋을거야! 만약 내 아버지를 다시 만난다면, 복수할테니까!\""
    },
    {
      "Key": "8ea908a1-15fb-4418-bd98-4131075d0904",
      "Value": "\"결국 이런 질문을 하는군! 정말 알고 싶어? 나는 상관 없지만 너는 밤에 잠도 못잘 걸?\""
    },
    {
      "Key": "64318bac-cc3a-4530-b0c7-0ffb47a86f72",
      "Value": "\"하하하. 흠... 설명하기 어렵군. 나는 {g|Zon-Kuthon} 존 쿠쏜{/g}과 같은 고통과 죽음의 신을 숭배하는 녀석들과 달라. 사실 그 반대지. 나에게 고통은 삶의 또다른 기쁨이야. 내가 살아있다는 증거잖아. 미친 소리 같지만 사실이지. 내가 전투에서 부상을 입는다면 그건 승전 연회에 뿌리는 매운 후추 같은 거라고. 그리고 사랑하는 여자가 내게 상처 입힌다면... 특별한 애무가 되지.\""
    },
    {
      "Key": "442010d9-d624-4a79-84cb-49eb166282bb",
      "Value": "\"오. 정말 앙증맞은 것 같으니!\" {n}레곤가르는 당신에게 장난스럽게 윙크합니다.{/n}"
    },
    {
      "Key": "463c1367-1d01-41d8-9119-dee75e31d39b",
      "Value": "\"때로는 지루해. 사실 너는 법과 규칙을 너무나 사랑하지. 긴장을 풀고 즐기는 적이 없으니! 하지만 통치자가 그런 것 아니겠어? 책임과 의무에 짓눌리다니... 그러니 내가 반란을 일으키리라는 걱정을 할 필요가 없지. 하하! 너는 나라를 책임지지만 나는 즐거운 모험을 책임지니까!\""
    },
    {
      "Key": "89e5b997-5b4d-4fa1-8c21-c946ba0673fe",
      "Value": "\"물론 너는 법과 규칙을 거들먹거리며 재미를 망치지... 하지만 괜찮아! 너는 남을 판단하지 않으니까. 행복하게 살자고! 하하!\""
    },
    {
      "Key": "88963780-bf86-4972-ae53-a33df6fcca09",
      "Value": "\"사실 너와 같은 동료를 예상하지 못했어! 권력을 가졌지만 즐길 줄도 아는 녀석이 있다니. 나라면 보고서 따위를 받았으면 지루해 죽었을 거야! 게다가 너는 우리는 지루하게 하지도 않으니까!\""
    },
    {
      "Key": "ec672636-84cf-4ad9-ba8c-1a7512d69ca1",
      "Value": "\"진정해. 농담이야!\" {n}하프오크는 당신의 모습을 음흉하게 보며 능글맞게 웃습니다.{/n}"
    },
    {
      "Key": "1b1ac656-18aa-4f3e-9d26-9d412106629f",
      "Value": "{n}하프오크가 당신에게 가까이 접근하고는 눈을 맞춥니다.{/n} \"농담이 아니라면 어떡하지?\""
    },
    {
      "Key": "5e15bf30-62ae-45c9-aa4b-8695db7b5d8d",
      "Value": "{n}잠시 후 그는 뒤로 물러나서 거짓 없이 웃습니다.{/n} \"농담이야! 아닐 수도 있지만. 다음에 얘기해. 다른 곳에서.\""
    },
    {
      "Key": "eb986e01-8328-41eb-84c0-d1cb929bdb17",
      "Value": "\"그런데 왜 그런 질문을? 우리의 놀이를 보고 싶어? 아니면... 함께 놀아볼까?\""
    },
    {
      "Key": "6e93717e-b897-46cc-91f0-da9ca277fe1d",
      "Value": "\"이상하게 들리지? 하지만 어쩌겠어? 네가 그렇게 물었으니 이런 대답이 나오지!\""
    },
    {
      "Key": "16aea415-9b05-4d74-a4e2-14d8e4b60bb9",
      "Value": "\"네가 맞아! 더 물어볼 것이 있다면 부끄러워 하지 말고 물어봐! 하하하!\""
    },
    {
      "Key": "58a679ee-e5e8-41b8-ba37-ab9a52189591",
      "Value": "\"농담은 제쳐두고 진심으로? 하하하. 음.\" {n}하프오크는 대놓고 음흉하게 당신을 훑습니다.{/n} \"흥미로운데... 잊지 않겠어!\""
    },
    {
      "Key": "75d650f7-1e81-40a9-b946-afc49de4bbb9",
      "Value": "\"때로는 맞지만 틀리기도 해. 불법이지만 심지어 {g|Starfall}스타폴{/g} 사람들의 3 분의 1이 노예 상태야. 수도에서 그런 일이 벌어진다고! 검은 군주의 영향력이 닿지 않은 곳에 그들은 법 대신 부족의 관습을 지켜. 야만족은 노예를 소유하지 않지만 노예 같은 부하를 소유하지. 그건 아주 큰 차이라고!\""
    },
    {
      "Key": "78be676c-40a0-40cf-b2cb-4ec3e4e79268",
      "Value": "\"그리고 그 모든 것의 꼭대기에는 {g|Technic League}기술 연맹{/g}이 있어. 법과 관습은 그 멍청이들에게 아무 의미가 없어. 그들은 원하는 무엇이든 가지려 드니까.\""
    },
    {
      "Key": "fe39220e-4a15-43a6-ad7d-755e52a5065f",
      "Value": "\"무슨 뜻이야? 어리석은 질문이야! 나는 그의 두개골을 깰 거야. 그게 전부다. 우리는 그 녀석과 잡담을 하러 가는 게 아니다!\""
    },
    {
      "Key": "4d33eb47-c209-42d6-b424-92ae554d78d5",
      "Value": "\"물론. 수치스럽다. 나는 벽 너머 그를 패 주는 꿈을 꾸었는데 그는 간신히 내 손을 벗어나더군! 너와 옥타비아가 옳았어. 그 멍청이들이 알아서 죽게 내버려두라고. 아마 그들 중 누군가 야누쉬를 죽였으면 좋겠다...\""
    },
    {
      "Key": "b52c3f6c-9007-47cf-b6b1-8e62de9db04c",
      "Value": "\"물론 그랬지. 우리 인생에서 최고의 날이었다! 그 순간을 얼마나 기대했는지! 그 녀석 얼굴에 공포가 드리우고 피를 토하고 서서히 죽는 모습이란... 그는 우리를 실망시키지 않았어! 하하!\""
    },
    {
      "Key": "9c2fbc57-5e2c-4661-9bd6-831986c2c9f1",
      "Value": "\"안돼. 나를 알았다면 그들을 죽였을 거야... 지금이라면 묻어버리고 작별했겠지. 그렇게 떠나는 거야.\""
    },
    {
      "Key": "6b3d61cd-4148-4aed-8e97-e5fbbdb8f6c1",
      "Value": "\"무슨 부족? 무슨 소리하는 거야? 나는 부족이 없다! 나는 고아지만 괜찮아!\""
    },
    {
      "Key": "f7c1dae3-b66d-45b2-bf77-00fd5b8a6753",
      "Value": "{n}레곤가르는 콧방귀를 뀌고는 짜증을 냅니다.{/n} \"불쾌한 질문을 잘도 하는군... 내 부족은 아이를 가축처럼 키웠다. 그들은 오크와 교미를 시켰어. 혈통을 강화한다는 의미를 생각해봐. 강한 아이는 두고 약한 아이는 죽이거나 나처럼 노예로 팔아버리지... 젠장 맞을 일이지. 나는 떠올리고 싶지 않다!\""
    },
    {
      "Key": "cf020acf-b4ba-4f3a-9149-ddd988cafd01",
      "Value": "\"태어났을 때 얻은 능력이다. 우리 어머니는 오크들 사이에서 영웅이라고 하더군. 적들을 으깨버리고 손에서 번개를 쏘았다고 해... 나를 혈통 좋은 강아지 팔듯 팔아버렸지만 최소한 그녀에게 고마워해야지.\""
    },
    {
      "Key": "8ea7e4f9-a43e-4b6d-829e-332c3da7501a",
      "Value": "\"마법이 걸려있어 내 힘을 통제하게 돕는다. {g|Technic League}기술 연맹{/g}에서 한 거야. 내몸 어딘가 부족이 남긴 징표가 있기를 바랬지만... 그런 행운은 없었다. 그들은 나를 팔아버리고 잊어버렸을 거야.\""
    },
    {
      "Key": "a9c4bba3-6a5b-49fa-898d-e8596860e20e",
      "Value": "\"오. 스승님... 그와 함께 바닥을 닦게 되어 얼마나 기쁜지!\""
    },
    {
      "Key": "58482c92-2324-4b7a-a80f-7c5175f524ae",
      "Value": "\"옥타비아는 내가 신경쓰는 여자야. 너도 그렇고. 괜찮아. 나는 여태까지 마음대로 살았으니까. 하하하!\""
    },
    {
      "Key": "cf91deae-d989-4521-88bd-3a234c5b5d3c",
      "Value": "\"그런데 옥타비아를 함께 도와줘서 고맙다. 그녀는 친절한 여자다. 우리가 결단을 내려야 했어!\""
    },
    {
      "Key": "ca79cf86-b0e9-4632-acc2-93f11f93f135",
      "Value": "\"뼈는 뼈다. 그들에게 복수하거나 평화롭게 살 수도 없다... 오직 묻을 수만 있다.\""
    },
    {
      "Key": "9f262d60-3c71-43bd-bfc0-e1abe22e2fa5",
      "Value": "\"말하고 싶지 않군. 떠올리기만 해도 역겨워!\""
    },
    {
      "Key": "bf150bb1-b1b7-415f-8928-6d87c32aac71",
      "Value": "\"하하! 솔직히 말하자면 없어도 잘살았다! 정말 중요한 결정을 내려야 할 때는... 너희 둘의 말을 들어봐야겠어.\""
    },
    {
      "Key": "accd2f28-04a3-476d-a958-bc87fd35d403",
      "Value": "\"농담이야. 농담. 하하! 사실 전부였어. 가끔 누구의 말도 듣지 않고 스스로 결정해야 하지. 가끔은 믿을 만한 친구의 말을 들어야 하고. 상황에 따라 달라!\""
    },
    {
      "Key": "8e4be073-3d43-49a5-95b8-cfbf48af80e1",
      "Value": "\"내버려둬! 세상에 괴물이 깔렸고 그를 죽인다해도 여전히 {g|Technic League}기술 연맹{/g}은 여전해! 우리가 아니더라도 그는 죽게 될 거야. 우리가 아니면 누구도 불에서 구해내지 못했을 거야.\""
    },
    {
      "Key": "2bbd25f2-5d60-413d-b180-9b19a0901fe2",
      "Value": "\"잊어버려. 우리가 사는 세상이 그렇다. 매일 수천 수백만의 사람이 죽어가. 야누쉬가 아니더라도 누군가 그들을 조만간 죽여버릴 거야.\""
    },
    {
      "Key": "c70f03ef-c65d-4238-ac75-b4caa0f39011",
      "Value": "\"그래. 너는 강한 녀석이야! 나보다 너를 더 믿어. 그래서 네가 대장이 된 거야!\""
    },
    {
      "Key": "03fce138-21da-46e0-a4db-e1ceb38d7b1d",
      "Value": "\"흠. 옥타비아에게 해명하기 어렵다. 하지만 우리를 이해하게 될 거야. 그래도 그건 그녀에게 고통이었어. 잠을 자면 그들이 나와 울음을 터뜨리는데... 하지만 언젠가 괜찮아질 거야. 그녀는 강하니까.\""
    },
    {
      "Key": "18d2d2ad-f11b-4651-9f1a-3e8c84a9401a",
      "Value": "\"머리라도 식히라고? 나는 생각도 하지 않았는데? 그 늙은 두꺼비를 내 손으로 죽이지 않아 얼마나 다행인지! 복수? 내 형제가 우리를 위해 복수를 해주었어. 나는 잊지 않을 거고 그는 살아남을 거야.\""
    },
    {
      "Key": "d874a5ba-0576-434e-9e34-d7c84f767924",
      "Value": "\"우리가 만났었나? 내 머리가 잘못되었나 보군. 두고봐. 언젠가 우리는 전쟁터에서 다시 만날 거다! 하하하!\""
    },
    {
      "Key": "7bed4842-daaf-46eb-84a3-79048e81c5a8",
      "Value": "\"뭐? 그 늙은 괴짜가? 흥. 그를 잊은 지는 한참 되었어! 복수하는 것은 쉽지!\""
    },
    {
      "Key": "53da075f-f043-4c82-921e-3b757eaafacf",
      "Value": "\"미안한 감정이 든다고? 그가 한 말 듣지 못했어? 나의 아버지는 나를 팔아치운 순간에도 멀뚱히 보고만 있었어! 아마 손자도 {g|Technic League}기술 연맹{/g}에 팔아버릴 테지! 그는 부족과 다름 없으니 복수 당해도 싸!\""
    },
    {
      "Key": "a6a05790-0b7f-45a1-93fd-90f6dc0d9a4d",
      "Value": "\"그래. 괜찮아. 너 같은 녀석들이 많을 거야.\""
    },
    {
      "Key": "239b9121-fd3e-441c-8afb-58a2e5d9872e",
      "Value": "\"글쎄. 그랬지. 하지만 복수가 뭐 그래? 미쳐버린 노인네에게 복수라니? 내 형제가 복수를 해주었다. 나는 잊지 않을 거고 그는 살아남을 거야.\""
    },
    {
      "Key": "26a04a7b-59d2-44e1-9a3a-187eb85e5bba",
      "Value": "\"너 피도 눈물도 없군! 나는 최소한 미안한 감정이라도 들었다. 하지만 약한 그들의 잘못이야!\""
    },
    {
      "Key": "23830f28-aadd-40f3-951c-ba8e888d73b5",
      "Value": "{n}레곤가르는 아픈 곳이라도 건드린 듯 찡그립니다.{/n} \"우리 사이에 무슨 일이 있었든 우리는 여전히 친구다.\""
    },
    {
      "Key": "b033290b-b27c-4fb1-9147-f568cd8448fe",
      "Value": "{n}하프오크가 머리를 흔들었습니다.{/n} \"아니. 사과할 필요 없다. 그저 일이 잘풀리지 않은 것 뿐이야. 나는 어떻게든 해결할 수 있다고 생각했는데... 그 순간 모든 게 수틀렸지!\""
    },
    {
      "Key": "031250a8-845d-4205-a122-3dbfb496c2ad",
      "Value": "\"그러니 사과하지 마. 그녀를 도와줘! 나는 어디든 갈 수 있어! 혼자서 자지 않아도 되고! 하하!\" {n}레곤가르는 도발적인 웃음을 짓습니다.{/n}"
    },
    {
      "Key": "c617569d-7902-46e8-a2db-df774682a459",
      "Value": "\"재밌는 사실 하나 알려줄까? 우리는 노예를 벗어났지만 자유를 얻지는 못했어. 네가 우리를 풀어준 후로 우리는 다툼이 생겼어. 그녀는 내가 통제를 한다고 생각하고 나를 밀어내려는 그녀를 보고 나는 화가 나지. 그리고 사이는 더 멀어지고... 나는 바보야.\""
    },
    {
      "Key": "9b3b8b84-c2a6-4d5d-b27e-5f30ffb15cec",
      "Value": "\"그래서? 그게 다야? 좋아. 알겠어.\""
    },
    {
      "Key": "1fe0971d-6785-4e8c-82dd-a9cb96c2d8a8",
      "Value": "\"그 섬세한 꽃이 우리가 공들인 3 분의 1을 네가 하도록 내버려 두지는 않을 것 같다.\""
    },
    {
      "Key": "b58ee53b-f4fb-4b48-aa93-27bd48f0941c",
      "Value": "\"그를 조심해. 그는 연약하니까. 나처럼 대한다면 다음 날에 죽을 수도 있어!\""
    },
    {
      "Key": "0c16a9f1-a765-45ff-8cfa-6647289a5f46",
      "Value": "\"사과할 필요 없어. 우리는 여전히 동료니까. 그게 영원할 거라고 생각하지 않았다.\""
    },
    {
      "Key": "8cf1773e-a83a-43da-8f49-d50d27d83771",
      "Value": "\"좋아. 잠자리로 싸우게 된다면 우리 우정이 무슨 소용이야?\""
    },
    {
      "Key": "6a399a3d-d8e7-40fa-9bed-50f607a7fca6",
      "Value": "\"내가 왜? 너와 옥타비아가 나의 전부일 거라 생각해? 하하하. 흠... 나와 있으면 즐기겠지만 그 녀석과 있으면 행복을 찾을 수 있어.\""
    },
    {
      "Key": "cf64481e-e3c3-4ce8-b02b-8dee4c9e9b90",
      "Value": "\"세상에는 두 부류의 사람이 있는데 하나는 죽어도 싼 녀석들이지. 너는 그 부류야. 그 사실은 바뀌지 않을 거야. 나머지 부류는 상관없어!\""
    },
    {
      "Key": "da978744-33b2-40cc-9a1c-43fb7ccd6673",
      "Value": "{n}레곤가르는 송곳니를 드러내며 미소짓습니다.{/n} \"대장. 언제 떠나지?\""
    },
    {
      "Key": "0dd460ee-ea1e-44f1-9e09-776e9d35ba3b",
      "Value": "\"왔군! 다른 임무를 떠날 준비가 됐어? 아니면 다른 침실을 찾는 여행인가? 하하.\""
    },
    {
      "Key": "49330840-43a8-4c54-89bc-e83bb022834c",
      "Value": "{n}레곤가르는 그의 발을 빤히 쳐다보며 입술을 지긋이 꺠뭅니다. 그난 올려다보며 억지로 웃습니다.{/n} \"오. 안녕.\""
    },
    {
      "Key": "07113c7a-7ff3-41bd-9828-8eba1da4d249",
      "Value": "\"안녕... 나의 {Name}. \""
    },
    {
      "Key": "16753316-c21d-445e-b797-3c0987db4d90",
      "Value": "{n}레곤가르는 당신의 뺨을 만지고 미소 짓습니다.{/n} \"내가 너한테 아니라고 말해도 될까?\""
    },
    {
      "Key": "bfe0d6f4-ba87-4a42-800a-0d6f5852fb2f",
      "Value": "{n}당신과 레곤가르는 서로를 꽉 껴안고 침실로 향합니다.{/n}"
    },
    {
      "Key": "74824e0c-a602-41a8-b179-31981bdfa3d1",
      "Value": "\"옥타비아를 부르자. 어때?\""
    },
    {
      "Key": "ea9176f7-ad2b-4b9d-94a2-0ef69f6994a0",
      "Value": "\"지금 그녀를 부를게. 너희 둘을 너무 사랑해!\""
    },
    {
      "Key": "9e9ac7b6-95eb-4c96-a9fa-9b5530b0501e",
      "Value": "{n}레곤가르는 입술을 깨뭅니다.{/n} \"자유는 자유를 위한 것이지... 하지만 확신해? 우리 괜찮은 거야?\""
    },
    {
      "Key": "45f3ee00-9b49-4c17-915c-c34022ce10d4",
      "Value": "\"글쎄... 좋아. 어쩌면 우리는 연인보다 친구로 남는 게 좋을 거야.\""
    },
    {
      "Key": "5ccec194-c3bb-40a0-a12b-a7474dfac945",
      "Value": "{n}레곤가르는 입술을 깨뭅니다.{/n} \"정말이야? 그 고통을 함께 겪고도?\""
    },
    {
      "Key": "db599f6c-cfe5-47ea-93fa-2f4795b5e09b",
      "Value": "\"글쎄... 우리의 맹세는 그저 말 뿐이었던 거야? 좋아. 어쩌면 우리는 연인보다 친구로 남는 게 좋을 거야. 나는 옥타비아를 부를게.\""
    },
    {
      "Key": "b08ce965-1171-448e-9b11-22a2cbb94b94",
      "Value": "\"뭐? 오. 저거? 칼리스트리아의 말이야! '내 심장으로 너를 찌르겠다.' 복수를 할 때 그렇게 말하자. 더 달콤하겠군!\""
    },
    {
      "Key": "4a33cb98-1e6f-4895-9eb2-aa268c6d7c85",
      "Value": "\"못들었어? 복수를 달성할 때 하는 우리 여신의 말이라고. '내 심장으로 너를 찌르겠다.' 얼마나 그녀에게 말하고 싶었는지!\""
    },
    {
      "Key": "cdb4cc3d-f1eb-489d-83fc-31ac6304db02",
      "Value": "\"너도 그녀를 섬기지? 좋아. 그녀는 삶에서 가장 중요한 것을 가르치지. 인생을 즐기는 방법을 말이야. 그리고 너에게 집적대지 못하게 하는 방법도!\""
    },
    {
      "Key": "2d917aa4-acdb-4820-b55a-0417ae37cf22",
      "Value": "\"세상에는 두 부류의 사람이 있는데 하나는 죽어도 싼 녀석들이지. 너도 그 부류야. 그 사실은 바뀌지 않을 거야. 두 번째 부류는 상관없다!\""
    }
  ]
}