{
  "$id": "1",
  "strings": [
    {
      "Key": "6aa1b33e-d42d-49e9-b4aa-11870655eafc",
      "Value": "\"나는 괜찮아. 조금 피곤할 뿐이야. 조금 더 자면 기분이 괜찮아질 거야.\""
    },
    {
      "Key": "a27ad923-2c40-4e7c-8773-62c783440061",
      "Value": "\"그런 식으로 나를 보지 마. 조금 무리한 것 뿐이야.\""
    },
    {
      "Key": "c80d7b59-39d8-4a21-9cce-3222e393d975",
      "Value": "\"너는 도움이 필요해. 발레리. 잘난 척 하지마. 네가 뻔히 아파보이는데!\""
    },
    {
      "Key": "c2ec7b55-7726-4321-a32c-3b159f6615a3",
      "Value": "\"장하다! 기침할 때마다 치료사에게 달려가는 남부 녀석들에게서는 볼 수 없는 정신이야.\""
    },
    {
      "Key": "48bdfd31-eb15-48ea-be98-056ca00ef04a",
      "Value": "\"자신에게 관대해져야 해. 발레리. 가끔은 용기보다 약함을 인정하는 것이 현명해.\""
    },
    {
      "Key": "c38ed027-6efb-4cb7-8b2a-16f76cfc78de",
      "Value": "\"정신력 하나는 강하구나. 인정하지.\""
    }
  ]
}