{
  "$id": "1",
  "strings": [
    {
      "Key": "a64428b1-3883-4001-9637-fe4757fbe1cc",
      "Value": "\"죽은 사람으로부터 정보를 추출하는 법을 배우고 싶은 사람? 동료를 이해할 수 있는 좋은 기회야...\""
    },
    {
      "Key": "0ee54db6-7475-48b0-a08f-11d141c024eb",
      "Value": "\"이봐. 너도 알다시피... 나는 너의 죽은 친구들을 부활시킬 수있어. 그러면 시체를 안옮겨도 되고 편하지...\""
    },
    {
      "Key": "ff3e62f3-bc73-4313-bc89-72c27775069e",
      "Value": "\"생각. 조차. 하지. 마라.\""
    },
    {
      "Key": "68385fc4-73cd-48a2-8fc2-4a5b21b81da8",
      "Value": "\"공허한 삶을 연장시키며 마침내 평온을 찾은 망자에게 숨을 불어넣는다... 정말 무식하군.\""
    },
    {
      "Key": "dde45b18-6861-4272-be2d-d889a63bcdb7",
      "Value": "\"경고하지. 제이탈. 그런 짓은 용납하지 않겠다. 무력을 써서라도 막을 테니.\""
    },
    {
      "Key": "1a881a5f-de99-4233-8df4-ae0a23f4258d",
      "Value": "\"내가 죽고 그녀가 나를 가지고 장난친다면 저 년을 뭉게주길 바라!\""
    }
  ]
}