{
  "$id": "1",
  "strings": [
    {
      "Key": "ca4b23ff-3692-4706-87ce-e08c910b6f26",
      "Value": "\"이로베티의 명령에 따라 피탁스의 음유시인들이 작곡을 한다는 소문 들었어? 미치지 않고서야! 엄청나게 정성을 들였다는군!\""
    },
    {
      "Key": "f05cb912-ab36-4881-887c-0627abaa029a",
      "Value": "\"왜 싸우지 않는 거야? 아니면 너 대신에 궁중 음유시인이 되어 볼까? 하하하! 이로베티 님. 네 낯짝에 한방 갈겨드릴게!\""
    },
    {
      "Key": "768f4e4b-dec2-4b16-9c5f-e761665753d6",
      "Value": "\"언제까지 읽을 거야?\""
    },
    {
      "Key": "0e37147b-b3a6-4195-85a4-225859d17687",
      "Value": "\"전면전을 피하면서 부작용이 가장 적은 방법으로 싸우는 것이 그의 특징이야.\""
    },
    {
      "Key": "a1c31cf7-44d3-4ca7-b5fd-be02c15bf205",
      "Value": "\"쓰게 내버려둬. 모두 쓰라고 해! 모두 쓰면 원고를 훔쳐 보자. 좋은 계획이지?\""
    }
  ]
}