{
  "$id": "1",
  "strings": [
    {
      "Key": "7a92fc05-04be-4de6-b11a-91de386a8bea",
      "Value": "\"물론. 알고 싶은게 뭐야?\""
    },
    {
      "Key": "bbc590a7-325a-4290-adc2-a71b99dcb779",
      "Value": "\"미안, 나는 얘기할 기분이 아니야.\""
    },
    {
      "Key": "49f73354-02a8-4069-9e91-fe4165187a76",
      "Value": "\"칼리케, 너를 위해서라면 더 많은 것도 희생할 수도 있어. 네가 말한 '영혼의 어둠'까지도.\""
    },
    {
      "Key": "f8f41460-ba3c-49f3-a700-4105e3483738",
      "Value": "\"적들에게 잔인하게 군다고 해서 그게 내가 동료한테까지도 잔인하게 대한다는 뜻은 아니잖아.\""
    },
    {
      "Key": "bf1e03db-862a-4bc9-b28f-26bca025e34f",
      "Value": "\"너는 쓸모가 많지만, 그게 다야. 내가 널 아끼는건 단지 사람들이 유용한 도구를 아끼는 것과 같을 뿐이야.\""
    },
    {
      "Key": "b06a82d0-0ce3-4d68-8f16-bbdf9d99ccd7",
      "Value": "\"칼리케, 너는 정말 소중해. 너에게 나쁜 일이 일어나게 둘 수 없어. 어떤 잔인한 악당과 맞서서라도 널 지킬게.\""
    },
    {
      "Key": "a9ca4d97-eff1-4e69-a110-e67c43a184a3",
      "Value": "\"물론 나는 너를 도와줄거야. 우리는 친구니까.\""
    },
    {
      "Key": "07aec83e-9ead-4fb6-81e5-18a302256c78",
      "Value": "\"나는 동료들에게 신의를 지키는 사람이야.\""
    },
    {
      "Key": "34237f09-b397-4fc7-8b63-e398e3426183",
      "Value": "\"어때, 네가 특별한 존재이기 때문이라면? 널 위해서라면 어떤 일이라도 할 수 있어, 칼리케.\""
    },
    {
      "Key": "126dcf4a-ce95-4be0-a6d1-8c3c18320f39",
      "Value": "{n}칼리케는 당신에게 조용히 다가옵니다. 그녀는 손을 들어 당신의 주의를 끌려다 잠시 망설입니다.{/n} \"{name}! 그렇게 중요한 건 아니지만, 너에게 묻고 싶은 게 있어...\""
    },
    {
      "Key": "1c48e26e-9bef-4054-b965-15ba3d852fe9",
      "Value": "\"별 건 아니고, 그냥 수다나 떨까 해서. 그래도 차근차근 얘기하는 게 낫겠지! 난 오랫동안 언니와 내가 아주 특별한 존재라고 생각해왔어. 옛날 이야기의 주인공들처럼 말이야. 가끔은 우리가 행복한 결말로 끝나는 동화의 주인공이 되는 상상도 하고, 어떤 때에는 당당히 불운에 맞서 싸우는 비극의 주인공이 되는 상상도 했지. 카디라에서 도망치며 많은 불행을 겪고 나니까, 오히려 이런 망상만 더 심해졌어. 청원을 들어주러 현실에 강림한 신의 사자를 만나보고 나면 누구라도 그렇겠지만 말이야!\""
    },
    {
      "Key": "03429f39-9349-4f60-957c-b3c58b6d7cb0",
      "Value": "\"하지만 그 때 너를 만났고...\" {n}칼리케는 어딘지 거북해 보입니다.{/n} \"이제는 위대한 사람이 된다는 게 어떤 의미인지 알겠어. 너는 세상을 바꾸고 있잖아. 아예 존재하지 않던 나라가, 오로지 너 덕분에 역사에 등장했지. 생각해 봐. 앞으로 10년이면 이렇게 말할 아이도 자라나 있을거야. '나는 {kingdomname} 사람이야!'라고. 미안, 내가 너무 횡설수설했구나. 하지만 난 정말 궁금해. 너는 대체 어떤 사람이니? 뭐가 이 모든 걸 이뤄내도록 만든거니?\""
    },
    {
      "Key": "f46dbaee-49de-443e-ac30-a2aad21db8d5",
      "Value": "\"네가 친절하고 명예를 중시하는 사람이라는 건 당연히 알지. 하지만 네가 나 같은 근본없는 떠돌이 티플링하테까지 그런 친절함을 보여주는 건 정말 놀라워. 나 뿐만 아니라 내가 아끼는 사람들 한테도 그랬고. 심지어는 우리 때문에 이렇게나 많은 문제에 시달렸는데도 말이야!\""
    },
    {
      "Key": "3e9ebcc5-da42-4c83-8a1c-2034d39cdeaa",
      "Value": "\"빛도, 어둠도 모두 너를 사로잡지 못했다는 게 놀라워. 내가 잘 못 본 건 아닐까? 네가 나와 내 친구들에게, 그 모든 골칫거리에도 불구하고 너무 친절히 대해 줘서 말이야...\""
    },
    {
      "Key": "7f43e606-797b-49b8-9b7d-a2a8ecc7ca84",
      "Value": "\"미안. 듣기 불편한 얘기일 수도 있겠지만, 내가 봤을 때 네 영혼은 어둠에 사로잡혀 있고, 네 행동도 잔인하기 짝이 없어. 그런데도 너는 나와 내 친구들에게는 친절하게 대해주잖아. 이유가 뭐야?\""
    },
    {
      "Key": "5f14fb62-cae6-4aad-95d9-bf8a6fcc63a4",
      "Value": "\"좋아.\" {n}칼리케는 온화하게 고개를 끄덕입니다.{/n} \"귀찮게 해서 미안해.\""
    },
    {
      "Key": "79d525bf-759b-46ce-b56b-96fc99e584d3",
      "Value": "{n}칼리케는 꿈꾸는 것 같은 슬픈 미소를 짓습니다.{/n} \"너는 정말 놀라워, {name}. 너에게 너무나 많은 빚을 졌고, 너 덕분에 많은 것을 목격하고 또 배울 수 있었어. 심지어 너와 사랑에 빠졌을 수도 있었겠지만... 나 때문에 카네라가 죽고, 단 것 중독자 아이들까지도 거의 잃어버릴 뻔한 기억이 너무나 뚜렷해. 내가 어디를 가든 죽음이 따라와서, 내가 아끼던 모든 걸 앗아가지. 미래는 감히 상상할 수도 없는데, 과거는 내게 너무나 선명해. 그리고 과거가 내게 말하지. 누구와도 관계를 맺지 말라고.\""
    },
    {
      "Key": "b15c3820-cae1-47d2-b9e2-e70c414cbb4a",
      "Value": "{n}칼리케의 얼굴에 웃음꽃이 핍니다.{/n} \"그 말을 들으니 너무 기뻐! 친구가 생기는 거야말로 진짜 행복이고, 특히 그게 너 같은 친구라면 더 그렇겠지. 시간 내줘서 고마워. 가끔은 이렇게 수다 떠는게 좋아!\""
    },
    {
      "Key": "8239e95d-386b-41e3-b427-48306a95f2bf",
      "Value": "\"물론이지. 이제 궁금하던 걸 알게 된 것 같아. 괴롭혀서 미안. 그리고 솔직하게 말해줘서 고마워!\""
    },
    {
      "Key": "3bbe6a3e-30e8-4130-ae73-eb5b44454b56",
      "Value": "\"친절하게 대해줘서 고마워.\" {n}칼리케는 무언가 더 말하려는 듯 입을 열지만 결국 말을 꺼내지 못하고 조용히 걸어나갑니다.{/n}"
    }
  ]
}