{
  "$id": "1",
  "strings": [
    {
      "Key": "6a252c5f-7363-48be-9ceb-4224fc2b8956",
      "Value": "\"앞에는 뭐가 있어?\""
    },
    {
      "Key": "31ecceb4-394f-4b55-ad26-26c8c10e6700",
      "Value": "\"샤먼 타툭 어디있는지 알아?\""
    },
    {
      "Key": "15d6be4a-6bf5-4ddd-8964-cb10ae8e2aa1",
      "Value": "\"이 부서진 통로에 어떻게 가야 하지?\""
    },
    {
      "Key": "946006f3-feaa-491c-ae54-eead61829e4a",
      "Value": "[공격] \"나는 더 이상 너의 동료가 아니다.\""
    },
    {
      "Key": "f1d90f44-a719-4052-ba9d-ebabf4a77ac4",
      "Value": "\"여기 네가 찾던 것이 있다.\""
    },
    {
      "Key": "6aad7d8a-652c-4c8a-bc3d-000bc4a3baf7",
      "Value": "\"나는 가야 해. 안녕히!\""
    },
    {
      "Key": "0dde435f-8233-4671-b4d3-1728d715675e",
      "Value": "\"그들이 지네라고 부른 이유가 있었어. 냄새 때문에!\""
    },
    {
      "Key": "f79aeaa5-6f08-483d-8579-8e80027b7657",
      "Value": "\"내가 남작이 되면 말장난에 반대하는 법을 제정할 거야... \""
    },
    {
      "Key": "c7190ffe-4cdc-4f26-9a83-b49a6d06d883",
      "Value": "[아무 말도 하지 않습니다]"
    },
    {
      "Key": "04c40a88-9adc-4b67-b9eb-8b0bc48134d7",
      "Value": "\"데이지. 이리와! 옳지!\"\n{n}문지기가 당신이 오는 것을 보자 얼굴이 밝아집니다. 그녀는 애완용 지네에게서 물러납니다.{/n} \"안녕. 동맹! 왔군. 여왕 브다가 너를 기다린다.\" {n}문지기는 안도의 한숨을 쉽니다.{/n} \"여왕은 작은 지네처럼 아름다워!\""
    },
    {
      "Key": "864ba7b2-d6f8-4ac7-9a5e-ef3b12b064ac",
      "Value": "\"오래된 시카모어 나무 구멍 지하에서 마이트와 우리 동물이 살았다. 몇몇 동물은 거칠다! 거기에 깊은 구멍은 위험하다! 위는 코볼트 통로지만 지금은 부서졌다. 코볼트 돌 떨어뜨려서 우리 다리 올렸다. 통로 없다. 슬프다! 가득한 궤짝 통로에 있다. 보물 많다. 지금은 다 잃어버렸다.\""
    },
    {
      "Key": "015b4e2c-ef7d-4868-a930-54402e3cb539",
      "Value": "\"보라색 피부의 샤먼? 모른다! 그는 우리 구멍으로 달려와 마법 썼다. 여왕 그 쫓는다. 여왕 그가 어디있는지 안다.\""
    },
    {
      "Key": "a7997edf-73bd-4f62-95d9-a7ff105fd80c",
      "Value": "\"다리 내리면 나쁘다! 코볼트가 다리로 도망친다.\" {n}문지기는 잠시 생각합니다.{/n} \"동맹은 거래한다, 맞지? 너 통로 원한다. 나 예쁜 투구 원한다. 너 아래 통로 깊숙히 가라. 거기 커다란 죽은 거미 있다. 우리 위대한 전사가 죽을 때까지 탔다. 그 곤충의 턱 가져오면 너에게 다리의 손잡이 준다. 너 상자에 보물 가져라. 난 거미로 투구 만든다. 신난다!\""
    },
    {
      "Key": "f5cde041-4809-4d7f-99b3-29a870c1d4fa",
      "Value": "\"좋아! 나 좋은 헬멧 만든다. 레버 가져가라. 용감한 동맹. 나 누구한테도 얘기 안 해. 너 보물 가져.\""
    },
    {
      "Key": "7b7462e4-07a1-4817-8210-7095168efe3f",
      "Value": "\"코볼트가 더 필요해. 데이지 코볼트 빨리 먹어서 배고프다... 안녕. 동맹!\""
    },
    {
      "Key": "4c6eed73-8240-415c-87bf-41a8898e1f54",
      "Value": "\"이 더러운 생물들의 머리에서 아름다움이라는 단어를 지우고 싶어.\""
    },
    {
      "Key": "67a82473-8498-4073-a9ce-fe08d8abd32b",
      "Value": "\"어휴 냄새! 지네 냄새가 아주 지네! 하하하!\""
    },
    {
      "Key": "ae396541-b284-4d20-a8d9-26bd1641a62e",
      "Value": "{n}레곤가르 웃습니다.{/n}"
    },
    {
      "Key": "a9171a19-f764-4ae3-b414-5f2a94b23016",
      "Value": "\"그럼 내가 아래로 내려가서 게릴라전을 벌이지. 하하!\""
    },
    {
      "Key": "f64c1530-d85d-48e3-909d-a2623f9a6a95",
      "Value": "{n}그의 농담이 무시당한 것을 안 레곤가르는 얼굴을 찡그리고 아무말을 하지 않습니다.{/n}"
    }
  ]
}