{
  "$id": "1",
  "strings": [
    {
      "Key": "8796af7a-57a4-439f-8456-2fdf22bc1a24",
      "Value": "\"마침내 쉬는구나! 이제 조용히 앉아서 읽을 수 있겠어!\""
    },
    {
      "Key": "6d6b48da-b778-4041-8e54-614636ce94b8",
      "Value": "\"읽지 마. 가서 물 떠와. 아니면 굶고 책을 읽던가.\""
    },
    {
      "Key": "1d906189-c488-46a2-b53d-327131a8862f",
      "Value": "\"책 말고 주빌로스트와 이야기하지 그래? 모닥불에 앉으면 대화하기 좋아.\""
    },
    {
      "Key": "d6828891-40fb-4853-8fdf-43e93b8eb700",
      "Value": "\"책 말고 주빌로스트와 이야기하지 그래? 모닥불에 앉으면 대화하기 좋아.\""
    }
  ]
}