{
  "$id": "1",
  "strings": [
    {
      "Key": "a7fc3fa2-4e43-4705-988d-f6d3e0cfdaf0",
      "Value": "\"흙이라도 먹으라는 거야? 웃기지마!\""
    },
    {
      "Key": "4d798f14-8005-4e2a-b84e-5b225f4d768e",
      "Value": "\"아무도 나를 쓰러뜨리지 못해. 나는 항상 생존하거든.\""
    },
    {
      "Key": "acd2ceeb-2883-4af4-8827-3b01788f9b8f",
      "Value": "\"네가 쓰러질까 너무 겁나. 다음에는 조금 더 조심하도록 해!\""
    },
    {
      "Key": "0d561fc6-b162-4363-bfe9-3b6f4f77a805",
      "Value": "\"그건 허영심일 뿐이야. 자존심을 버리고 받아들여야 해. 아미리.\""
    },
    {
      "Key": "5a46dc0c-cac8-4e84-acca-eccae23afd51",
      "Value": "\"네 강한 영혼에 감탄했어. 나도 그랬다면 좋겠군.\""
    },
    {
      "Key": "c1f77db3-4421-408c-ba54-4bcdfceb3ffd",
      "Value": "\"너는 전투에 사로잡혔어! 그렇게 달아오르는 게 말이 돼? 전투에서 네 표정을 보면 그려서 보여주고 싶을 정도야!\""
    },
    {
      "Key": "687242cb-ed98-4f4c-aace-d5111c26e757",
      "Value": "\"아미리는 진정한 영웅이지! 짐승처럼 힘도 세고! 너 죽으면 그 칼 가져도 돼?\""
    },
    {
      "Key": "fde57bc5-e646-499b-a891-123fc1bb4129",
      "Value": "\"너는 강한 전사이지만 그런 얘기를 해서 나를 슬프게 하지는 말아줘.\""
    },
    {
      "Key": "8eca9666-94bb-4190-ba41-500fe6e8c869",
      "Value": "\"너는 강한 전사이지만 그런 얘기를 해서 나를 슬프게 하지는 말아줘.\""
    }
  ]
}