{
  "$id": "1",
  "strings": [
    {
      "Key": "b947f665-56c0-4f0e-b4e7-5ea7d3f6b2ac",
      "Value": "그래서 우리의 용감한 영웅들은 어둡고 황량한 계곡으로 뛰어들어가 도망자를 쫓았습니다."
    },
    {
      "Key": "3017c072-b21e-4243-a05d-484153fa8866",
      "Value": "사교도를 기습하기 위해 지름길을 택하기로 결정한 후 그들은 돌 무더기를 기어올라가기 시작했습니다."
    },
    {
      "Key": "403e043f-8f26-46c3-a5f3-40799ec80516",
      "Value": "[캐릭터를 선택합니다] 도망자의 머리 위를 돌무더기로 덮쳐 겁을 줄까요?"
    },
    {
      "Key": "a9715d92-de08-4ba5-aedf-d0caf97fe845",
      "Value": "[캐릭터를 선택합니다] 또는 가장 날쎄고 민첩한 자를 위험한 경사에 내려보내 도망치는 길을 막을까요?"
    },
    {
      "Key": "9e01b4d2-2730-4b6c-9ebf-2a02da2304ad",
      "Value": "계속하기."
    },
    {
      "Key": "1a9a8beb-414a-47cd-8a96-328bebd36f97",
      "Value": "계속하기."
    },
    {
      "Key": "123afb8d-c5ee-4425-b761-f2e69d71dd5b",
      "Value": "[캐릭터를 선택합니다] 아니면 가장 힘이 센 동료가 돌과 바위를 옆으로 치우게 할까요?"
    },
    {
      "Key": "8a83c93d-b8dc-43ce-bf00-3e17864d7894",
      "Value": "[캐릭터를 선택합니다] 다른 동료가 사교도의 도망치는 방향을 몰래 듣도록 할까요?"
    },
    {
      "Key": "97a46a6f-e811-4ed8-9983-ef4734578bdd",
      "Value": "계속하기."
    },
    {
      "Key": "5554ead8-0355-49ec-8855-ee2ba344ca3c",
      "Value": "계속하기."
    },
    {
      "Key": "2b5dff41-d437-470f-b56d-ac8183125486",
      "Value": "닫기."
    },
    {
      "Key": "272a6f41-cbbf-4020-90ca-731753639bf5",
      "Value": "{g|Lamashtu}라마슈투{/g} 사교도들을 완전히 쓰러뜨린 것은 아닌 것 같습니다. 악당 몇이 어둠 속으로 도망쳐 바위 사이의 좁은 협곡으로 빠져 나갔습니다.\n생각할 틈도 없이, 우리의 용감한 {mf|남작|여남작}과 충성스러운 케스턴, 그리고 그들의 전우들은 도망치는 인물들을 쫓아 달렸습니다!"
    },
    {
      "Key": "df14abf4-c57c-4b10-a141-d5fee128149b",
      "Value": "검은 모습은 어둠 속에서 거의 보이지 않았습니다. 그 악당은 우리를 앞질렀습니다! 마지막 순간에 당신은 그들이 방향을 틀어 바위 뒤로 사라진 것을 보았습니다."
    },
    {
      "Key": "ff91d2e6-97eb-443a-b761-af83c0405b9a",
      "Value": "우리의 용감한 영웅들은 넓은 {g|Kamelands}케임랜드{/g} 고원의 가장자리에 도달했고, 당신 눈 앞에는 키가 큰 풀이 바다처럼 펼쳐져 있었습니다... 아름다운 광경이지만, 이 초록색 바다에서 적을 쫓아야 하나요? 그것은 불가능할 것입니다!"
    },
    {
      "Key": "5a957233-ea14-4fd5-9da1-3eaf966c64fa",
      "Value": "비에 몸이 젖고 지쳐버린 우리의 영웅들은 늪지 가장자리의 통나무집에 도착했습니다. 케스턴의 말에 따르면, 그곳은 혼자 살고있는 사냥꾼 덤라가 주인으로 있는 사냥꾼들의 숙소라고 합니다. 그녀는 화를 잘 내고 인내심이 없는 것으로 알려졌습니다.\n그곳은 마치 사교도들이 피난처를 찾을만한 장소처럼 보였습니다. 도망자는 감히 한밤중에 {g|Narlmarches} 날마치{/g}로 들어갈 생각을 하지 못한 것 같습니다.\n그래서 {mf|영주님은|영주님은|전하는|전하는} 문을 열어 안으로 들어갔고 차가운 밤 공기가 집 안으로 들어갑니다."
    },
    {
      "Key": "88b0e146-de67-4042-b351-f0d11d5218e6",
      "Value": "결국 우리 영웅들은 딱 제시간에 맞춰 정상에 도착했다는것을 깨달았습니다! 어둠 속에서 보이지 않던 이교도는 우리 바로 아래, 구불구불한 협곡 사이로 도망치고 있었습니다!\n사교도는 도망치는데 너무 집중하여, 자신의 추격자들이 바로 위에 자리잡고 있다는 것을 눈치채지 못했으며, {mf|남작|남작|전하|전하} 일행들에게 공격할 기회를 내준것 같습니다! 우리의 영웅들은 다음에 무엇을 할까요?"
    },
    {
      "Key": "3c162598-2269-483b-8e3b-0b690fd7c7ef",
      "Value": "비탈 아래로 구르는 돌들이 먼지 기둥을 일으켰고 큰 소리가 울려퍼졌습니다. 그 소리를 듣고 라마슈투도 도망을 쳤을 것입니다! 사교도는 더이상 도망가지 못해서 비틀거리면서 바위 사이로 걸어갔습니다."
    },
    {
      "Key": "f7aded02-591c-4f14-9348-d94947a7f6ed",
      "Value": "협곡에는 발소리와 칼이 부딪히는 소리, 암흑을 쫓는 소리로 가득했습니다. 서로에게 달려들거나 날카로운 바위 위에 넘어질 위험을 각오하고 우리의 영웅은 도망자를 쫓았습니다."
    },
    {
      "Key": "c04508cf-3719-447a-9a44-a706892ef2d4",
      "Value": "어둠 속에서 기어오르는 것은 어려운 일입니다. 단단한 돌을 잡으려고 할 때 바위가 갈라지는 소리를 들으면 농담이 아니라는 것을 알 것입니다!"
    },
    {
      "Key": "5f1a540c-0c0b-48b4-b8eb-b98c7a188d43",
      "Value": "우리의 영웅들은 몇 번이나 운이 없어 보였지만, 모두들 고집스럽게 올라갔고, 게다가 우리를 피해 도망친 사교도들이 고소해할 것을 생각하니, 힘이 솟았습니다. 잠시후, 우리는 정상에 도착했습니다!"
    },
    {
      "Key": "09379c3a-28cb-4b96-aa58-8969245af86e",
      "Value": "다시 생각해 보니 경사진 비탈길을 어둠 속에서 오르는 생각은 좋지 않았습니다... 그리고, 음, {mf|남작|여남작}의 명성을 지키기 위해 우리가 그 높이에서 어떻게 내려갔는지 설명하는 것은 미뤄두겠지만, 간단히 말해서 우리는 도착했습니다... 너덜너덜해지고 멍이 든 채로요.\n남은 선택의 여지가 없었습니다. 우리는 돌아가야 했고 귀중한 시간을 버렸습니다. 초라한 우리는 바위 사이 혹은 돌 고원 가장자리에서 사교도를 찾아야했습니다."
    },
    {
      "Key": "6f30df3e-b043-4943-bd4e-058b755c78c6",
      "Value": "햇빛의 부재와 그 위치에 익숙하지 않았어도 우리는 용기를 잃지 않았고 돌의 능선의 가장자리에 도달했습니다. 어떤 사람들은 이미 우리가 악당을 잡을 것이라고 응원하기 시작했습니다. . ."
    },
    {
      "Key": "82ee1079-13ab-4ea6-b20e-ffb4d13db564",
      "Value": "친근하지 않은 협곡을 어둠 속에서 뛰어 다니는 것은 말처럼 쉽지는 않았습니다! 우리는 도망자가 사라진 바위까지도 가지 못했고 먼저 간 일행의 두 명은 바위에서 굴러떨어졌습니다!\n영웅의 이야기에는 찢겨져서 불타버리는 페이지들이 있습니다... 아마 그들의 이야기가 아닐까요? 어찌 됐든 사교도를 마지막으로 보았던 곳에 도착했을 때 그는 사라졌습니다. 고원의 가장자리로 가야한다는 것을 제외하고는 우리의 적을 발견할 방법을 찾지 못할 것처럼 보였습니다."
    },
    {
      "Key": "ed2e0df2-cff8-400a-9297-524c932af6ce",
      "Value": "고개를 숙이고 희망을 잃은채, 우리는 돌들 사이로 작은 개울물이 흐르는 곳으로 내려갔습니다. 그리고 우리는 운이 좋았습니다! 그 악당은 키가 높은 풀 속으로 서둘러 도망치다가, 모두가 볼 수있는 흔적을 남겼습니다."
    },
    {
      "Key": "0f6e9d2a-319e-4a83-adff-ac8216a4ff28",
      "Value": "... 그러나 우리를 기다리고 있는 것은 불쾌한 것이었습니다! 사교도는 도망가지 않았고 능선 뒤에서 기다리고 있었습니다. 나는 어둠이 우리를 빨아들이기 전에 그가 손을 들어올려 무시무시한 주문을 외우는 것을 발견했습니다!"
    },
    {
      "Key": "5b988c6d-c594-4ac6-962a-2663242c90be",
      "Value": "방향 감각과 친구들의 모습을 잃고 나서 당신은 완전한 어둠 속에서 자신을 찾았습니다. 누구나 그렇게 생각했을 것입니다. 특히 어둠이 살아서 숨쉬고 굶주린 것 같을 때... 그것이 당신을 삼키고 눈 안에 기어들어가 당신을 영원히 눈 멀게 한다면 말입니다! 최소한 당신의 하인은 그렇게 느꼈을 것입니다. 그럼에도 그녀는 아마 일행에서 겁먹어 혼란에 빠지지 않고 침착함을 유지한 유일한 사람일 것입니다."
    },
    {
      "Key": "81a32a90-1ce0-4695-bab5-8c67dc80c787",
      "Value": "행동이 필요할 때 왜 주저합니까? 그 생각이 {name}의 머릿 속에서 떠나지 않았습니다. 경고 없이 그들은 어둠 속으로 뛰어 들었고 양 한마리와 부딪힌 듯 몸을 강타했고... 그 힘에 부딪혀 그들은 빛 속으로 비틀거리며 걸어갔습니다!\n그곳에 당신은 어둠이 그 지역을 덮지 않았음을 발견했습니다. 어두운 구름 바깥에서 당신은 사교도가 바위 사이로 도망치려는 것을 발견했습니다."
    },
    {
      "Key": "92557dde-bbe8-46cc-9acd-f46a032f8447",
      "Value": "어둠 속으로 뛰어들기로 결정한 후 당신은 중요한 한가지를 잊었습니다. 동료 말고도 주위를 둘러싼 것이 있었습니다! 우리가 들은 것은 돌이 부딪혀 퍽하는 소리가 {name}의 두개골에서 났고 툭하는 소리와 함께 그들이 땅으로 쓰러진 것이었습니다."
    },
    {
      "Key": "f71e3295-aafd-4111-ad73-e100b54dce2f",
      "Value": "눈을 감고 {name}은(는) 먼 곳에서 발소리가 점점 희미해지는 것을 들었지만, 그 희미한 소리로도 충분했습니다! 우리가 사교도가 도망치는 방향을 알았을 때, 우리는 그 소리를 나침반으로 삼아 그들을 따라갔고 어둠을 쉽게 벗어날 수 있었습니다!"
    },
    {
      "Key": "60961752-749f-4ca6-8baa-3c866e33fdb0",
      "Value": "{name}은(는) 충분히 노력했지만, 악당이 도망친 곳의 방향을 알아낼 수 없었습니다. 아아! 내가 아마도 조오오오금은 어두운 구름 속을 지배한 혼란과 소음을 거들었을지도 모른다고 인정해요. 그게 아니면, 왜 {name}이(가) 아직도 저를 그렇게 화난 눈빛으로 쳐다보겠어요?"
    },
    {
      "Key": "38505e56-adcc-442e-b462-7e723514cf92",
      "Value": "다른 자들이 어둠으로부터 자유로웠을 때 사교도는 이미 사라졌습니다. 어느 바위 사이로 그는 사라졌을까요?"
    },
    {
      "Key": "986f64bc-954a-4b98-a173-1a7538995f07",
      "Value": "우리의 용감한 영웅이 넓은 {g|Kamelands} 카멜 랜드{/g} 고원의 끝에 도달했고 당신 눈 앞에는 키가 큰 풀이 바다처럼 펼쳐져 있는 것이었습니다... 아름다운 광경이지만 이 초록색 바다에서 적을 쫓아야 하나요? 그것은 불가능할 것입니다!"
    },
    {
      "Key": "d134d207-b04d-4ee8-879d-da505b6cad46",
      "Value": "우리는 단 하나의 욕망에 이끌려 곧바로 출발했습니다. 감히 {mf|남작|여남작}의 처벌을 피해서 우리가 추격하게 만든 범인을 붙잡기 위해서 말입니다.\n우리는 가능한 신속하게 움직였습니다. 그러나 심지어 땅조차 우리와 싸우는 것처럼 보였습니다. 길은 진흙탕이었고 우리가 걸어갈 수록 우리의 발을 잡는 것 같았습니다. 심지어 바람이 심하게 불기 시작해서 우리의 망토를 매질했고 썩은내가 났습니다. 그것은 우리가 {g|Narlmarches}날마치{/g}로 향하고 있었는 얘기였습니다."
    },
    {
      "Key": "06279c7c-4b7e-45b8-9e5b-291ddda02a39",
      "Value": "고개를 숙이고 희망을 잃어서 우리는 돌 사이로 흐르는 작은 시내로 내려갔습니다. 그리고 우리는 운이 좋았습니다! 그 악당은 서둘러 키가 높은 풀 속으로 도망쳐서 모두가 볼 수있는 흔적을 남겼습니다."
    },
    {
      "Key": "681a7ac7-d67a-4886-8f6b-41fb06b04a2f",
      "Value": "몸은 다 젖고 지친채로, 우리의 영웅들은 늪지 가장자리의 집에 도착했습니다. 케스턴의 말에 따르면 혼자 사는 사냥꾼 덤라의 산장이라고 합니다. 그녀는 화를 잘 내고 인내심이 없는 것으로 알려졌습니다.\n그곳은 마치 사교도가 피난처를 찾을 장소인 것처럼 보였습니다. 도망자는 감히 한밤중에 {g|Narlmarches}날마치{/g}로 들어갈 생각을 하지 못한 것 같습니다.\n그래서 당신은 문을 열어 안으로 들어갔고 차가운 밤 공기가 집 안으로 들어갑니다."
    },
    {
      "Key": "c152c6d3-83f1-493c-ae33-ea270b0752fb",
      "Value": "{name}은(는) 마치 영혼처럼 어둠 속에서 나타났습니다! 도망자는 사교도가 달아나기 시작할 때 {name}에게 거의 반응할 시간이 없을거라고 생각했음이 명백했죠!"
    },
    {
      "Key": "6970f22b-27c5-4888-9aaf-986358e175fd",
      "Value": "거대한 바위는 {name}의 생각보다 무거웠습니다. 당신이 바위 하나를 애써 밀려고 할 때 도망자는 위에서 그 소리를 들어 당황해서 도망치기 시작했습니다!\n우리의 영웅들이 그것을 알기도 전에 악당은 어둠 속으로 사라졌습니다. 남은 유일한 일은 흔적을 따라가면서 돌 고원 가장자리로 향한 길을 따라가는 것이었습습니다."
    },
    {
      "Key": "8f441a9b-e9b1-4337-a759-80115b795534",
      "Value": "{mf|그|그녀}가 모래와 자갈이 섞인 언덕을 오르려고 하자마자, {name}은(는) 먼지 구름을 일으키며 볼품없이 미끄러져 내려가기 시작했습니다.\n마침내 {mf|그|그녀}가 바닥에 닿고 먼지가 가라앉았을 때, 도망자는 한참 전에 사라진 뒤였습니다. 유일한 희망은 도망자가 고원 끝자락에서 속도를 내지 못하는 틈에 우리가 따라잡는 것뿐이었습니다."
    },
    {
      "Key": "96142800-3688-4df2-a24d-393efbd2696d",
      "Value": "어둠은 도망자가 지나간 곳을 숨기지 못했습니다. 로브를 입은 형체는 오른쪽 다리를 끌며 심하게 절뚝거리고 있었습니다. 그럼에도 불구하고 사교도는 어둠 속에서 사라졌습니다. 우리는 평지가 시작되는 돌 고원 쪽으로 쫓기 시작했습니다."
    },
    {
      "Key": "d52b1617-ed4c-4957-92f7-d6ccf5f6e7b7",
      "Value": "필사적인 순간에 시간은 빠르게 흐릅니다! 우리 영웅은 무엇을 했을까요?"
    },
    {
      "Key": "8687b185-360b-40cc-9001-51cf9a2cb65f",
      "Value": "우리는 단 하나의 일념에 이끌려 즉시 출발했습니다. 감히 {mf|영주님|영주님|전하|전하}의 처벌을 피해, 우리에게 이런 달갑지 않은 추격하게 만든 범인을 붙잡기 위해서 말입니다.\n우리는 가능한 신속하게 움직였지만, 마치 땅조차 우리와 싸우는 것처럼 보였습니다. 길은 진흙탕이었고 우리가 걸어갈 수록 우리의 발을 잡는 것 같았습니다. 심지어 바람마저 심하게 불어오며 우리의 망토를 휘갈겼고, 공기는 악취로 가득차기 시작했습니다. 그것은 우리가 {g|Narlmarches}날마치{/g}로 향한다는 얘기였습니다다."
    },
    {
      "Key": "bdd990e0-816a-43fc-8c32-d91d37fe7316",
      "Value": "그러나 악당이 사라지기 전에 {name}은(는) 중요한 한가지 사실을 알아차렸습니다. 도망자가 오른 다리를 절고 있었습니다!"
    }
  ]
}