{
  "$id": "1",
  "strings": [
    {
      "Key": "ad356aac-39bf-472e-b0cf-8908eb2446bc",
      "Value": "[노인과 대화] \"누구세요?\""
    },
    {
      "Key": "67f0afb7-1b4e-45eb-8abe-e89c707b00a8",
      "Value": "[젊은 남자와 대화] \"그럼 넌 누구고, 여기서 뭐하고 있는 거야?\""
    },
    {
      "Key": "7a3f2e38-397f-486b-98de-81e508174d9f",
      "Value": "\"지역 조사를 마쳤고 발견한 것을 보고할 준비가 됐습니다.\""
    },
    {
      "Key": "411cb632-061b-46ff-a0dc-64baaa3dcdf1",
      "Value": "\"내가 가서 뭐가 있나 살펴볼게.\""
    },
    {
      "Key": "f3b803e1-f370-49a0-b40e-eed43cea204f",
      "Value": "\"그 지역을 탐사했지만 특별한 건 없었어요. 평범한 여관같습니다.\""
    },
    {
      "Key": "7b3da1f1-6073-4e63-8b13-13ab16027649",
      "Value": "{n}긴장이 가득한 침묵속에서 세 사람이 탁자에 앉아있습니다. 노부부와 젊은 남자입니다. 그들은 당신을 향해 몸을 홱 돌리고는, 당혹감을 숨기지 못합니다.{/n}"
    },
    {
      "Key": "ecf18e01-607a-4303-93d9-80dc554d8398",
      "Value": "\"안녕하시오! 혹시 방해가 됐습니까?\""
    },
    {
      "Key": "b5f0411b-de10-4b85-b64e-715429608818",
      "Value": "\"음... 아뇨, 아뇨, 전혀요! 환영합니다, 손님, 편히 앉으세요! 무엇을 도와드릴까요? 식사를 하시겠어요? 아니면 묵을 방이 필요하신가요?\""
    },
    {
      "Key": "dd2ca22e-5296-4732-b848-487fee0fc7f1",
      "Value": "\"육류는 주문하지 말게. 여기 고기가... 이상하다는 얘기를 들었거든.\""
    },
    {
      "Key": "335fdefe-466d-4509-9dc0-8ada5f0e3949",
      "Value": "\"죄송하지만 저희 가게에 육류 요리는 없습니다. 양배추 수프밖에 없지요. 그리고 빵도 있죠 – 그래도 신선한 빵입니다!\""
    },
    {
      "Key": "96cb030f-d017-4cdd-ab8d-a9fe7b030bf8",
      "Value": "\"정말 괜찮은거 맞소?\""
    },
    {
      "Key": "0a454f7b-dae4-4bfe-a7e9-7a1d18235f4e",
      "Value": "\"음, 주변을 둘러봤나? 뭔가 있던가?\""
    },
    {
      "Key": "91afd4d3-4ac6-421a-9278-d6b847266642",
      "Value": "\" 예, 예, 물론입니다! 전혀 걱정하지 않으셔도 돼요!\""
    },
    {
      "Key": "828d65f9-1484-4e4d-8fcf-18867705962e",
      "Value": "\"그럼 우리가 자네 여관을 좀 둘러봐도 되겠지? 그나저나, 내 소개가 늦었군. 메이가르 반 – 이 영토의 남작이지. 자네 여관의 손님들이 꽤나 험한 꼴을 당했다는 소문을 들었네. 물론 괜한 소문일거라 생각하네만.\""
    },
    {
      "Key": "5dbeb245-6824-424e-a8ce-bef011d9fe41",
      "Value": "{n}노인은 노부인을 쳐다보고, 그 다음엔 당신을, 그리고는 다시 메이가르에게 눈을 돌린다.{/n} \"어... 예, 예, 물론입니다! 부디 둘러보세요! 여기엔 아무 문제도 없답니다!\""
    },
    {
      "Key": "58e26eaf-f28d-4873-9776-a48593100200",
      "Value": "{n}메이가르가 몸을 돌려 당신을 보고는 슬쩍 윙크합니다.{/n} \"혹시 모르니까, 케팔과 나는 여기에서 사람들을 지켜보고 있겠네. 자네가 조사하고 오게. 그리고 궁금한 게 있다면, 우리 주인장께서 기꺼이 대답해 줄거라 의심치 않네.\""
    },
    {
      "Key": "594b1824-9066-4fea-b459-37c9346dfcbb",
      "Value": "\"저는 밋코, 밋코 브레이직이고, 이쪽은 제 아내 칼리나입니다. 우리는, 저, 브레보이에서 왔구요. 새로운 곳으로 가고 싶었고 이 여관을 열었습니다...\""
    },
    {
      "Key": "c077cf1b-eec8-4837-bcb8-c54431dc57f3",
      "Value": "\"저는 요르게쉬입니다. 레스토프의 평범한 상인이구요.. {g|Galt}갈트{/g}로 거래하러 가는 길입니다.. 여기에 몇번 왔었고, 아무 문제도 없었어요. 침대는 따뜻하고, 음식은 맛있고, 지붕에서는 물이 새지도 않았죠!\""
    },
    {
      "Key": "70b07122-6e9a-4ac0-a772-4fac34034c7e",
      "Value": "\"좋아! 내 사람들이 무엇을 찾아냈는지 들어봅시다.\""
    },
    {
      "Key": "a2742fb5-c51d-4715-9a94-5a4701f0f21b",
      "Value": "\"맞아요, 여기는 많은 사람들이 지나다니니까요. 정착민, 상인 ... 우리는 시내 옆에 여관을 세우면 꾸준히 손님을 모을 거라고 생각했지요!\""
    },
    {
      "Key": "28a628eb-251c-4aab-80d8-be9b6f2df169",
      "Value": "\"손님을 대접하는 태도가 나쁘다고요? 신에게 맹세하건대, 그건 모함입니다! 우리는... 음... 우리는 평판을 중요하게 생각한다고요!\""
    },
    {
      "Key": "39b5fafb-0d30-4d38-9bd8-4fc90f322e26",
      "Value": "\"눈을 떼지 마. 어떤 증거든 중요할 거야!\""
    },
    {
      "Key": "7d11db4c-a480-40f8-9374-f28a1f24dc4e",
      "Value": "{n}노인들은 불안한 듯 시선을 교환한다.{/n}"
    },
    {
      "Key": "401c2566-c069-4eb4-8bd9-efc9b680aca9",
      "Value": "\"정말이오? 그렇다면 좋소, 우리의 침입을 용서하시오, 주인장. 환대에 감사드리지. 우린 가야 하오.\""
    }
  ]
}