{
  "$id": "1",
  "strings": [
    {
      "Key": "255ee86f-435d-46f3-aafe-ccda161d25e0",
      "Value": "\"이해 할 수가 없어요...\""
    },
    {
      "Key": "3f70583a-801d-4cae-b018-388edaa3658a",
      "Value": "\"무슨 일이죠?\""
    },
    {
      "Key": "6f82b460-414a-4358-a9fe-896b0def00da",
      "Value": "\"당신이 먼저 말을 꺼내줘서 다행이에요. 사실 당신에게 지쳐가고 있었거든요.\""
    },
    {
      "Key": "8b492ab0-8f74-4550-840a-608ded83787e",
      "Value": "\"상관없어요. 함께라면, 어떤 어려움도 극복할 수 있을꺼에요!\""
    },
    {
      "Key": "516d08dc-4b3a-463e-8c0e-8fd53d132edd",
      "Value": "\"좋아요, 당신이 얘기한 대로 하도록 해요. 하지만 당신이 날 비탄에 빠뜨린다는걸 기억하세요.\""
    },
    {
      "Key": "631b48be-3ba5-443c-bf6d-c357a38ed010",
      "Value": "\"좋아요. 솔직히 말하면, 진작 그랬어야 했어요.\""
    },
    {
      "Key": "46deea81-f0a7-44b1-abe7-e5abbe1d7d53",
      "Value": "{n}트리스티안은 창백하고 수척해 보입니다. 눈 아래에는 그림자가 가득하고, 우울한 주름이 입가에 서려있습니다.{/n} \"{name}. 할 얘기가 있습니다.\""
    },
    {
      "Key": "762efe44-b502-423f-8fca-8f924499bde3",
      "Value": "\"최근에... 최근에 내가 쓸때없이 당신을 괴롭혔습니다. 그 모든 질문과 대화들... 내가 당신의 임무에서 정신을 산만하게했다는 것을 알고 있습니다. 그토록 당신의 관심을 요구하다니, 제가 이기적이었습니다. 다시는 그러지 않을 것이라 약속하지요. \""
    },
    {
      "Key": "eb633a17-6ed7-4c24-83e2-f7dea5cf715b",
      "Value": "{n}트리스티안은 그의 눈을 감고 돌아섰다.{/n} \"완벽해요. 서로를 더 잘 이해하게되어 기쁘군요.\""
    },
    {
      "Key": "86a70ab3-b7ad-4a7b-a2e0-9901599c1cae",
      "Value": "{n}트리스티안이 움찔합니다.{/n} \"제발, {name}, 그러지 마십시오. 당신은 여남작입니다. {g|Stolen Lands}도둑맞은 땅{/g}의 지배자이자, 수많은 사람들의 보호자란 말입니다. 내가 당신을 산만하게 해서는 안됩니다, 특히..., 특히 이웃 영지의 남작이 사라진 지금은 말입니다! 같은 위협이 당신에게도 닥칠 수 있습니다! 만약에... 그런 일이 일어나게 할 순 없습니다!\""
    },
    {
      "Key": "cacdcefe-4af0-4fe6-affa-35d71da9d379",
      "Value": "{n}젊은 이는 물러나 기도하기 위해 손을 모읍니다.{/n} \"당신을 위해 {g|Sarenrae}서렌레이{/g}께 기도하겠습니다.\""
    },
    {
      "Key": "10b62a26-9a39-4256-9ca5-dbb6309c41f8",
      "Value": "\"아니요! 제발, 스스로를 생각하세요, 당신에게 의지하는 모든이들도요! 수많은 운명이 한가닥의 실에 매달려 있습니다...\" {n}트리스티안은 한숨을 내쉽니다.{/n} \"그만. 이미 결정은 내렸습니다.\""
    },
    {
      "Key": "5ab5961e-b0c1-4fe3-965c-40904b5ff588",
      "Value": "{n}트리스티안은 고개를 숙이고 떠납니다.{/n} \"그저 당신을 돕기 위해서입니다, {name}. 그저.\""
    }
  ]
}