{
  "$id": "1",
  "strings": [
    {
      "Key": "a5c0c1bc-f050-46c0-bef1-b3b6faa7c321",
      "Value": "{g|Economy5_1}[선택 시 효과]{/g} \"이 '택스마스터'들에게 우리 백성들에 대한 탄압을 중단하라고 명령하라.\""
    },
    {
      "Key": "58c07098-8f05-46b5-b07d-80fb8e78f853",
      "Value": "{g|Economy5_2}[선택 시 효과]{/g} \"이 택스마스터들이 자기 일을 하게 내버려두라. 경비대에게 명령해 이들을 도우라.\""
    },
    {
      "Key": "f5668be7-bba8-40c4-b0d7-662f537b3edb",
      "Value": "{g|Economy5_3}[선택 시 효과]{/g} \"이 택스마스터들을 규탄하라... 말로만 말이다. 하지만 일은 계속 하게 하라. 다만 앞으로는 보다 조용하게 처리하도록.\""
    },
    {
      "Key": "674f077d-4b9d-41ba-ad91-c16e12c06cfa",
      "Value": "\"그대 뜻대로 하라.\""
    },
    {
      "Key": "24ee6a6d-3b55-421f-a1c3-ceb291f5e730",
      "Value": "\"{mf|영주님|영주님|전하|전하}, 세금 문제가 있습니다. 정확히 말씀드리면, 징세 문제입니다. 이 땅의 사람들이 세금을 내는 데 익숙하지가 않습니다. 어떤 사람들은 징수관에게 수익을 숨기고, 어떤 사람은 심지어 징수관에게 개까지 풀어놓기도 합니다!\""
    },
    {
      "Key": "8489783f-c3cc-488e-952b-c1a610a3fc8a",
      "Value": "\"{name}, 네 백성들은 정말이지 야만인들이야. 세상에, 어떻게 농민들이 세금을 내는 것을 싫어할 수가 있지! 숫사슴 군주 때가 더 좋다고 말하는 자들도 있어! 놈은 돈이 다 떨어지면 가장 가까운 마을에 있는 모든 사람들을 죽여버리고 시체에서 약탈을 해댔을 거야. 하지만 이젠 네가 다스리고, 매 달 세금을 걷지. 사람들에게 징세는 악몽으로 취급받는 거 같아!\""
    },
    {
      "Key": "a1d801e1-4772-4731-ab50-640146124738",
      "Value": "\"{mf|영주님|영주님|전하|전하}, 참으로 비열합니다! 세금 내는 걸 피하는 백성들이라니요. 하지만 더 나쁜 것은 백성들이 심지어 징수관을 공격하고 때리며 괴롭히기까지 한다는 겁니다! 게다가 이것 외에도 국고에서 돈을 훔쳐가기까지 하고 있습니다!\""
    },
    {
      "Key": "7c1fa554-17f6-4b5e-8362-a943e0c663fa",
      "Value": "\"택스마스터들에게 사람들을 그만 괴롭히라고 말해야 할 거 같습니다. 백성들이 당신이 그들 편이라고 생각하면, 세금을 내는 데 있어 거리낌이 없을 테니까요. 성공적인 통치의 열쇠는 이러나 저러나, 백성들의 호감을 사는 것입니다!\""
    },
    {
      "Key": "4cf9827a-952e-4b19-8052-7fd58afbc3f0",
      "Value": "\"무슨 생각 하시는 지 알 것 같네. 백성들의 사랑을 받는 대신, 빈털터리가 되겠다는 그 뜻을 말이야. 이 불쌍한 조세범들의 행복에서 우러나오는 갈채가 네 영혼을 따뜻하게 데우길 진심으로 빌지.\""
    },
    {
      "Key": "7ee268b3-e93e-4e7d-98eb-c840ae0ce94e",
      "Value": "\"알겠군. 단호한 접근, 철권통치라. 기분 나쁘게 듣지는 마. 그래도 {g|River Kingdoms}강의 왕국들{/g} 내에선 라즈미르가 너보다 더 미움받는 공포의 대상이니까. 넌 분명 바른 방향으로 가고 있어.\""
    },
    {
      "Key": "f043dfd7-e019-439f-8b26-2c5bf90d7531",
      "Value": "\"완벽하군요. 택스마스터들을 보호하기 위해 경비대에게 명령하겠습니다. 신하들의 노력을 신경 써주시는 모습이 참으로 보기 좋군요. 제 일에 대한 진가도 계속 알아봐주시길 빌겠습니다.\""
    },
    {
      "Key": "f614f102-80ad-402c-8f18-c4248ef19261",
      "Value": "\"위선적이라는 오명을 뒤집어쓰지 않길 바라. 백성들은 당신이 택스마스터들을 비판했다는 소식을 듣게 될 거야. 그리고 이 소식으로 백성들은 안심하겠지. 하지만, 조세범들은 아직도 밤마다 다녀가고 있어... 조용하고, 은밀하게 말이지.\""
    },
    {
      "Key": "4853fa0f-7ff9-43f1-afd5-4fa6c478249f",
      "Value": "\"이래서 점점 많은 사람들이 택스마스터에 들어가려 하는 걸세. 이들은 {g|Abadar}아바다르{/g}의 신자고, 모두들 사회에 자기가 진 빚을 갚아야 한다고 주장하고 다니지. 그리고 위협이나 무력을 사용하는 데도 전혀 거리낌이 없다네. 세금을 걷으려면 심지어 협박까지 하고 다닌다네. 이들은 자기 얼굴을 황금색 가면으로 가리고 다니네. 사람들이 그들을 혐오하고 무서워하기 때문일세.\""
    },
    {
      "Key": "7be5ccb5-7129-449a-8526-b54bc3290f3f",
      "Value": "\"세수가 증가했지만, 사람들이 불평을 시작하고 있습니다. 어떤 사람들은 탈세를 하기까지 할 정도인지라 좋은 현상은 아닙니다. 하지만 사람들을 때려서 돈을 걷으면 공개적으로 불신만 쌓을 뿐입니다. 택스마스터들에게 사람들을 그만 억압하라 명령해야 합니다.\""
    },
    {
      "Key": "0d9d5cce-1591-4aa4-b8b7-991af68a885e",
      "Value": "\"그렇지만 내 백성들은 그렇게 쉽게 피해가질 못할 거야. 다수의 사람들이 택스마스터, 즉 {g|Abadar}아바다르{/g}의 추종자 집단에 가입했어. 이들은 탈세를 중대한 사적 범죄행위로 받아들이는 모양이더군. 이  택스마스터들은 황금색 가면을 쓰고, 사람들로부터 돈을 빼앗아와... 금니까지 탈탈 털어서 말이지. 정말 문명화 된 방법이구만!\""
    },
    {
      "Key": "ea04a9b4-c165-4e60-9872-9d6e735114af",
      "Value": "\"그건 이 버려진 세상의 구석에 문명을 가져올 유일한 방법일 지도 몰라. 하지만, 자네가 이게 계속 되도록 놔두면 필히 폭군으로 불리게 될거야! 조심스럽게 행동하시길 추천해. 이 택스마스터들에게 이야기해. 그리고 그들이 너무 멀리 나갔다는 사실을 알게 해주는 거야. 하지만 그렇다고 그들을 해산시키지 마. 누군가는 세금을 걷어야 하고, 생색 안 나는 이 직업에 자원하는 사람은 많지 않을 테니까...\""
    },
    {
      "Key": "a692c779-ef95-4ec8-9bce-45230ba95bfa",
      "Value": "\"현장에서 붙잡히고 의무를 강제당한 것에 대해 불평하다니, 참으로 대담한 자들이로군요! 징수관 몇 명이 택스마스터에 합류했습니다. 이들은 {g|Abadar}아바다르{/g}의 신도로, 법을 신봉하고 모든 것의 납기일을 지키는 자들입니다. 이들은 납세를 모든 시민들의 신성한 의무로 생각합니다. 거부하는 자들은 무력의 힘으로 돈을 빼앗기게 되지요.\""
    },
    {
      "Key": "75cafa53-4904-4898-bfdf-04e796e73b11",
      "Value": "\"사람들이 강도당한 것으로 분개해 하고있습니다. 우리에게 이 택스마스터들을 멈춰달라고 하고 있습니다! 제가 조언해드리자면, 우리는 택스마스터들을 도와야 합니다. 이들의 일은 어렵고 위험하지만 우리 땅에 있어서 필수적이니까요!\""
    },
    {
      "Key": "0ed6d398-d162-4b8d-a9ac-327e0e898e70",
      "Value": "\"전 원래 종교적인 일에는 관심 없지만, 때때로 이 자들이 쓸만하다는 건 인정해야겠군요. 나라가 성장하면서, {g|Abadar}아바다르{/g}, 도시, 법과 무역의 신의 신자들이 늘어나고 있습니다. 이 신자들 사이에서 굉장히 유용한 단체가 있습니다.\""
    },
    {
      "Key": "5822e725-245a-4d15-9094-3e606dbc98f2",
      "Value": "\"그 자들은 스스로를 택스마스터라고 부릅니다. 이들은 징수관들이 모여 만들어진 단체로 사람들이 자신들을 나쁜 놈으로 만들고 심지어 폭행까지 하는 일에 지쳐버린 사람들 입니다. 모두 정직하게 자기 의무를 지키려 했을 뿐이고, 모두에게 동등하게 요구했는 데 말입니다! 이들은 황금 가면을 뒤집어쓰고, 탈세하려는 자들에게 복종하는 법을 가르치고 있습니다.\""
    },
    {
      "Key": "f108996c-85b1-487d-a35a-63acd430c418",
      "Value": "\"평민들이 택스마스터들의 잔혹함에 대해 불평하고 있습니다. 당신의 자비를 몰라보는 대중들이 신하들에게 불평하듯 말입니다! 택스마스터들은 진정한 애국자이며 가장 충성스런 백성들입니다. 이들에게 보상을 주거나, 아니면 최소한 말로써 격려를 해야 합니다. 아니면 더 나은 방법이 있습니다. 경비대를 동원해 이들을 돕게 하는 겁니다!\""
    }
  ]
}