{
  "$id": "1",
  "strings": [
    {
      "Key": "eddaa38a-ee79-4066-a682-0e7fbd5b93cf",
      "Value": "\"성급한 결정을 내리기 전에 우리 말을 들어. 제이탈은 어린 엘프들의 죽음에 책임이 없어. 우리와 그들 모두에게 덫을 놓은 건 파라즈마의 심문관인 에네오였다.\""
    },
    {
      "Key": "43757165-1d69-4552-918d-a7c1ed74242e",
      "Value": "\"네가 떠나길 바라. 더 이상 내 땅에 피를 흘릴 이유가 없어.\""
    },
    {
      "Key": "a4624d2a-926b-441e-8f57-2484710f903e",
      "Value": "[제이탈을 엘프에게 넘깁니다] \"이 범죄자를 데려가. 마음대로 해.\""
    },
    {
      "Key": "7a0f639c-1c31-4918-9665-ac3f4eb4ee5b",
      "Value": "[모든 수단을 동원하여 제이탈을 보호합니다] \"제이탈을 죽게 둘 수 없어.\""
    },
    {
      "Key": "1d920f7c-29b8-4306-a148-0742d720c315",
      "Value": "\"제이탈은 심문관에 의해 죽은 너의 동료 중 하나를 되살렸다. 그녀에게 물어봐.\""
    },
    {
      "Key": "984ff629-7d3c-42d5-a5af-7344195aef52",
      "Value": "{n}당신이 엘프에게 접근할 때 무거운 침묵이 따릅니다. 그들은 움직이지도 않고 무언가를 기다리듯 당신과 제이탈을 봅니다. 젊고 흑발의 엘프 여성이 무리 속에서 나와 고개를 끄덕여 인사합니다. 그녀가 보이자 제이탈의 눈에는 거의 감지할 수 없는 변화가 있습니다. 그들이 닮은 것을 쉽게 알아볼 수 있습니다.{/n}"
    },
    {
      "Key": "a1239391-226c-4d8a-b26d-3c3860c9e25b",
      "Value": "\"나의 {d|Nortellara}딸{/d}, 내가 가장 사랑하는 작품이자 내가 가장 아끼는 제자야.\" {n}제이탈의 목소리는 건조하고 그녀의 표정은 읽을 수 없습니다.{/n} \"내 머리를 취하려는 살인자들을 네가 이끌고 오다니 재밌구나.\""
    },
    {
      "Key": "5b0d15a7-e6fe-45ce-8114-18a5193e2738",
      "Value": "{n}엘프 군중 속에서 분노의 비웃음 소리가 들렸지만 그들의 지도자는 침착합니다. 소녀의 어두운 눈은 결단력으로 불타고 그녀의 뺨은 붉어집니다. 그녀의 조그마한 얼굴에 수많은 표정이 나타나는 것이 창백함과 거의 구분되지 않을 정도로 생기없는 그녀의 어머니의 얼굴과 대조됩니다.{/n} \"내가 가만히 있지 않으리라는 걸 알고 있었을 텐데. 나에게 항상 행동에 대한 책임을 가르치지 않았어?\""
    },
    {
      "Key": "51aec34d-e27d-467a-9d63-f33d92912fd2",
      "Value": "\"정신 차려라. 딸아. 항상 생각하며 도발에 빠져들지 말라고 가르쳤거늘. 내가 이 엘프들을 죽여봐야 쓸모 없다는 것을 너도 알지 않느냐.\""
    },
    {
      "Key": "c897743d-129a-4c1c-b5cb-f6066ab97115",
      "Value": "\"맞아. 이건 너에게 쓸모가 없었겠지. 하지만 쓸모가 있었다면 주저없이 죽였겠지. 그렇지 엄마? 나는 누구보다 당신을 잘 알아. 막는 자가 없다면 무자비하다는 것도 알지. \" {n}노텔라라는 잠시 멈추고는 엄격하게 말합니다.{/n} \"난 당신을 법정에서 추방죄를 내리도록 설득했어. 친구, 인맥, 설등 등 모든 걸 동원해서 처벌을 낮추었지.\""
    },
    {
      "Key": "aa450eb6-a543-4129-9813-adb51e0aeecc",
      "Value": "\"그건.... 실수였어. 그러지 않았다면 불행한 엘프들은 여전히 살아있었을 거야. 사랑으로 눈이 멀다니. 감정이 최악의 보좌관이라고 항상 가르쳤지만 이제서야 깨달았어. 너를 막는 건 내 의무야. 그리고 내 두 눈으로 볼 거야.\" {n}엘프는 당신에게 향합니다.{/n} \"미안하다. {name}. 너의 땅을 침입할 생각은 없었지만 다른 방법이 없었다. 저 살인자를 넘기면 우리는 순순히 물러나겠다.\""
    },
    {
      "Key": "14a2be83-79ff-4e27-a501-9ecd45985bc9",
      "Value": "{n}엘프 사이에서 중얼거리는 소리가 들립니다. 일부는 주저하는 것 같습니다.{/n} \"그의 말이 맞다. 우리는 침입자가 아니다. 정의라는 명목 하에도.\""
    },
    {
      "Key": "4490969b-d50a-4050-a007-a4c00260b263",
      "Value": "\"우리 아이들과 형제 자매가 죽었다. 저 살인자를 돌려보내라고? 그럴 수는 없다!\""
    },
    {
      "Key": "4b5b8065-7c63-44e7-9c2a-8dacda4e2c1e",
      "Value": "\"선택의 여지가 없군.\""
    },
    {
      "Key": "ac11d7f2-eb29-406f-a7b3-02656aa6b615",
      "Value": "\"이것이 내 섬김에 대한 봉사인가?!\""
    },
    {
      "Key": "bd5bba3b-3c48-4361-872e-f42fda147895",
      "Value": "\"유일하게 찾지 못한 것이 내 딸의 유해였다. 그런데 되살렸다고?! 이 녀석이 내 딸을 언데드로 만들었단 말이야? 사실이 아닐 거야.\""
    },
    {
      "Key": "f720ee32-dea6-43dd-b22d-7c445f142972",
      "Value": "\"고맙다. 현명한 결정이군.\""
    }
  ]
}