{
  "$id": "1",
  "strings": [
    {
      "Key": "b9c6df66-e197-4feb-b9ba-0f6f30d9ee5d",
      "Value": "\"당신이 마음 속으론 어머니를 용서했다는 걸 알게되어 기쁩니다.\""
    },
    {
      "Key": "38efb6f3-29ca-4d44-9a7c-340294968b30",
      "Value": "\"아무리 그래도, 그녀의 집을 태우지 말았어야 했습니다. 이제 그녀는 살 곳이 없지 않습니까.\""
    },
    {
      "Key": "bc01eda9-2dde-4aa9-bf6c-ee2511b9e33b",
      "Value": "\"후작부인은 너 같은 딸 둔 걸 행운으로 생각해야 해. 진짜, 그 여자는 네게 용서를 받을 자격도 없어!\""
    },
    {
      "Key": "cfa72aaa-6a6d-4402-85b4-010d3376863c",
      "Value": "\"나라면 결코 용서하지 않았을겁니다. 차라리 가족이 없이 살고 말지!\""
    },
    {
      "Key": "b5e12ecb-21ea-4b20-bcae-d859e309f45a",
      "Value": "\"당신이 불지르는 게 습관이 되지 않기를 바랄 뿐입니다.\""
    },
    {
      "Key": "2c1d9c50-f5c7-4a03-9045-d9ddacc9ba75",
      "Value": "\"당신이 한 일은 잔혹했지만, 옳은 일이었습니다. 어떤 다리는 분명 불태워야할 필요가 있습니다. 때때론 다리보다 더한 것도요.\""
    },
    {
      "Key": "f04e4238-eb45-4468-8264-7cbf4dca3e32",
      "Value": "{n}옥타비아는 나무 아래 서서, 다시 한번 고정핀에 세겨진 델라 피오르니의 문장을 바라봅니다. {/n} \"음, 이걸로 끝이네요. 더 이상 미스터리는 없어요. 이제 난 내가 누군지 아니까요.\""
    },
    {
      "Key": "3c574d37-7150-4518-96e5-12487d539b86",
      "Value": "{n}옥타비아는 고정핀을 시야에서 거둡니다.{/n} \"난 옥타비아에요. - 그냥 옥타비아. 가족 하나 없는 고아이고. 레그, 당신, 린지.... 우리 정신나간 팀이 내 진정한 가족이에요 - 다른 사람은 필요 없어요!\""
    },
    {
      "Key": "3cd91eee-58b5-42df-a16c-4b9a9806d30e",
      "Value": "{n}옥타비아는 옷에 고정핀을 부드럽게 꽂습니다.{/n} \"델라 피오르니 후작부인의 작위 계승자... 어린 시절 내내 '야 너'라고 불리던 사람에겐 아름다운 호칭이네요, 그렇지 않나요? 이제, 전하, 이제부턴 절 '예하'라고만 불러주세요....\""
    },
    {
      "Key": "42613e43-b367-4706-a9ea-fd5a7e46385e",
      "Value": "{n}옥타비아는 장난스럽게 웃습니다.{/n} \"과거가 없었다면 삶이 더 쉬었을텐데. 과거가 없다면 오직 미래만이 앞에 놓여 있을테니까요! 그러니, 앞장서세요. 무엇이 우릴 기다리던, 난 당신과 끝까지 함께 할꺼에요!\""
    },
    {
      "Key": "d6ea20d1-d091-438f-84d9-30df93ae9a54",
      "Value": "{n}옥타비아는 엄숙한 표정을 유지하려 노력하지만, 몇 초도 지나지 않아 웃음을 터트립니다.{/n} \"농담이에요, 당연히 농담이라구요. 진심으로, 전 그저 어머니가 날 배반한 게 아닌 걸 알 게 되어 기뻐요. 모든 게 다 그저 실수에 불과했어요 — 끔찍하고 멍청한 실수였지만, 되돌릴 수 없을 정도는 아니요. 이제 가족이 생겼어요 — 물론 우리 정신나간 팀은 별도로요. 당신과 레그, 린지 — 전 어디를 가나 당신들과 함께 할 거예요!\""
    },
    {
      "Key": "f0dc290f-3d3d-4b12-a460-57ae97547a3f",
      "Value": "\"음,각하, 다음은 뭐죠? 이제 델라 피오르니 대가문 몽땅을 당신의 충성스런 종복으로 두시게 됐네요. 당신의 계획이 무엇이든지, 끝까지 함께하겠어요!\""
    },
    {
      "Key": "8a0f03d4-a9f7-4609-bacc-47692ed264b9",
      "Value": "\"내가 정말 이런 짓을 할 수 있을지 몰랐지만... 그래도 이 증오를 내 남음 삶동안 짊어가지 않게되어 기뻐요. 내가 자누시를 내 삶에서 내보냈듯이 이 일도 떠나보내겠어요 - 그리고 절대 후회하지 않을꺼에요.\""
    },
    {
      "Key": "0ca11bd6-38ca-4296-b641-5cfea774964b",
      "Value": "\"당해도 싼 여자였어요! 그녀는 마을에 큰 집에서 사는동안 난 썩은 지푸라기에서 자고 꿀꿀이죽을 먹었지요. 목숨을 살려준 것만 해도 감사해야해요. 어쩌면 그 집에 내버려둬야 했을지도요! 그렇다면 적어도 자누시의 희생자가 되는 게 어떤 기분인지 느낄 수 있었을테니까요-산 체로 불태워 버렸던 사람들 말이에요!\""
    },
    {
      "Key": "d414c481-0003-4052-9d12-587acb9ea130",
      "Value": "\"그렇지 않을 수도 있겠죠. 그래서 뭐 어쨌다고요? 정의와는 다르게, 자비는 받을 자격이 없는 사람들을 위한 것이에요. 정의를 찾는 것만 신경썼다면, 난 그 불쌍한 영혼들을 구하기 위해 자누시가 도망치는 걸 내버려 두지 않았을꺼에요. 그러는 편이 나았을 거라 생각하나요?\""
    },
    {
      "Key": "eb4e96d9-84d0-4c4b-af51-12c7694e1aa3",
      "Value": "\"그럴지도요. 하지만 여전히 그녀는 나의 어머니에요. 그녀를 용서할 수 있을거라곤 생각지 못했지만, 어쨌든 난 용서했어요. 아마도 사랑했던 사람이라고 얘기할 사람이 내 인생에 너무 적어서 그녀를 내 인생에서 내다 버릴 수 없었던 것 같아요. 자누시는 죽어 마땅했지만 대의를 위해서 그가 도망치게 내버려뒀어요. 그런 일이 있었는데, 어떻게 내 친 어머니에게 자비를 배풀지 않을 수 있겠어요?\""
    },
    {
      "Key": "9d24cd5f-cb98-4c1a-bbf3-73afdcdfe9f7",
      "Value": "\"아니요, 절대 아니죠! 이번은 특별한 경우였어요. 도시 안에서 일어난 불은 특히나 위험하지요... 하지만 어떤 화재는 이유없이 일어나기 마련이랍니다.\" {n}옥타비아가 움씰합니다.{/n} \"어쩌면 조금 눈치없는 일있었을지도요, {g|Technic League}기술 연맹의{/g} 은신처에서 있었던 불을 생각하며요... 하지만 우린 올바른 일을 했어요 - 그때도 그렇고 지금도 마찬가지로요.\""
    },
    {
      "Key": "186eca39-d440-4718-8794-44d68e15406e",
      "Value": "\"바로 그거예요! 당신은 이해하죠. 때로는 잔인해져야 할 때도 있어요. {g|Technic League}Technic League's{/g} 은신처에서 있었던 일처럼. 불쌍한 영혼들의 비명이 여전히 귓가에 울리지만... 우리가 그 사람들을 구했다면, 야누쉬는 지금도 살아 숨 쉬고 있었을 거예요!!\""
    },
    {
      "Key": "9ab8641f-9b75-45b7-9356-75297bccbc83",
      "Value": "\"아마도 그럴지도요, 하지만...난 그녀를 살려주겠어요. 그녀가 한 짓에 대한 기억과 내가 죽을 때까지 용서하지 않는 다는 사실을 짊어지고 살도록 말이죠. 그녀에겐 충분한 처벌이 될꺼에요. 그리고 {g|Technic League}기술 연맹{/g}의 은신처에서 일을 떠올리니.. 필요 없이 사람을 죽게하고 싶지 않아요. 내 말은, 그때 올바른 결정을 내렸다는 건 분명해요, 그저..., 전 시체 무더기 위를 걸어가는 괴물로 변하는 게 두려워요...\""
    },
    {
      "Key": "47f0cc37-78d1-4beb-9edd-d6a0f1c3cda7",
      "Value": "{n}옥타비아는 키스로 말을 마무리합니다..{/n}"
    }
  ]
}