{
  "$id": "1",
  "strings": [
    {
      "Key": "70116074-2469-4595-8930-37bb05baafa9",
      "Value": "\"무슨 일이야?\""
    },
    {
      "Key": "dcc8b3c9-43f0-4b91-b177-0bdf7eccb290",
      "Value": "\"지금 장난치는 거야?\""
    },
    {
      "Key": "bb58291e-7fd4-4ea1-a726-ccb5b5434e46",
      "Value": "\"내 방에서 나가!\""
    },
    {
      "Key": "68ad5fb6-d696-4f9c-88cd-9ccf11d8e281",
      "Value": "{n}린지가 당신의 방으로 뛰쳐들어왔습니다. 그녀는 겁에 질려있습니다. 그녀의 얼굴은 그을음으로 얼룩졌고 손에 무기를 들고 있습니다.{/n} \"도와주세요!\""
    },
    {
      "Key": "2f88f3ef-0e4b-44f7-9c71-21887419db41",
      "Value": "\"저택이 공격받고 있어요! 우리가 도와줘야 해요!\""
    },
    {
      "Key": "16374bf6-1309-4519-8363-c6093948e050",
      "Value": "\"웬 악당이 침입해서 사람들을 죽이고 있어요! 전 간신히 도망쳤구요! 서둘러요! 경비원이 침입자를 물리치도록 도와야 해요. 안 그럼 우리도 하나둘씩 죽을 거예요!\""
    },
    {
      "Key": "e237c711-f9ed-4a03-bc98-ca4432804913",
      "Value": "{n}마치 린지의 말에 신빙성을 부여하려는 것처럼 복도에서 비명 소리가 울립니다.{/n}"
    },
    {
      "Key": "6dd87dad-54da-430e-9a64-0e1e053aecdc",
      "Value": "\"장난칠 시간 없어요! 저택이 공격받고 있다구요!\""
    },
    {
      "Key": "16534075-6402-4ff4-bf52-ebc96969f846",
      "Value": "\"여기에 있으면 안돼요! 저택이 공격받고 있다구요!\""
    }
  ]
}