{
  "$id": "1",
  "strings": [
    {
      "Key": "af053787-0bdd-4938-80e8-436d145cd6aa",
      "Value": "\"내가 고뇌한다고 방해하기 싫어하는 것은 아니겠지? 이리로 와서 삶의 덧없음과 밤의 속삭임, 위대한 신에 대해 얘기하자...\""
    },
    {
      "Key": "02f7da3e-d09e-4871-9562-8f81f017e4c0",
      "Value": "\"고뇌한다고? 관에 들어간 사람이 하는 거 말이야? 사양하겠어!\""
    },
    {
      "Key": "2f2ed25f-105a-4e4e-8c90-6f672e137ff3",
      "Value": "\"사실 우리는 서로의 의견을 듣지 않는 거 같아... 하지만 시도는 해 봐야 하지 않겠어?\""
    },
    {
      "Key": "0da9c161-00a8-4b48-bb47-effafe0a65f9",
      "Value": "\"네 우울함에 대한 재밌는 사실이 있는데 말이지. 사실 너와 함께 있어서 기뻐. 너를 이해해야 내 책에 제대로 묘사할 수 있으니까!\""
    }
  ]
}