{
  "$id": "1",
  "strings": [
    {
      "Key": "7ed03dee-6c34-488c-a013-85ef61191e30",
      "Value": "[부상당한 도마뱀 인간을 치료합니다] \"잠깐. 너를 도울 수있어.\""
    },
    {
      "Key": "5b6ca0fd-d316-4b2e-82dd-f44e7312ab83",
      "Value": "\"넌 누구지?\""
    },
    {
      "Key": "82771b8a-950c-48c3-8854-b67b4a89ff0e",
      "Value": "\"여기 무슨 일이 있었지?\""
    },
    {
      "Key": "4b525e05-3b0f-43a8-af57-689644d834c2",
      "Value": "\"나를 뭐라고 부른거지?\""
    },
    {
      "Key": "70939860-55c1-4d21-a8aa-2963f223e298",
      "Value": "[상처 입은 도마뱀 인간을 끝장냅니다] \"나는 너의 고통에 종지부를 찍을 것이다.\""
    },
    {
      "Key": "b1bfc28e-eb0a-4917-acee-425068f4536b",
      "Value": "[떠난다] \"이만 가봐야겠어.\""
    },
    {
      "Key": "0597818d-bfc9-48c8-a461-0d290b14e067",
      "Value": "{n}비리쉬는 일어섭니다.{/n} \"마른피부가 우리 부족을 구하다니. 이상한 일이군. 하지만 부족의 마지막이 아직 아닌걸까?. 아스샤스타하가 모든 것을 앗아갈 때가 아직 아닌걸까?\""
    },
    {
      "Key": "efa94838-77fb-47c6-aa40-076481121978",
      "Value": "{n}그가 당신을 보는 동안 도마뱀 인간의 상처가 아뭅니다.{/n} \"너 비리쉬 안 잡아가? 너... 마른 피부? 친구야?\""
    },
    {
      "Key": "23580b0d-c061-4526-98ea-e464d7b504f6",
      "Value": "{n}오두막의 바닥에 달걀 껍질 사이에 늙은 도마뱀 인간이 누워 상처를 압박하고 있습니다. 그가 간신히 고개를 들며 당신을 봅니다.{/n} \"마른피부? 아니. 나는 진실을 보았다... 아스샤스타하... 너를 기다렸다...\""
    },
    {
      "Key": "76286cad-e67d-404d-8a17-9aaaf6326010",
      "Value": "\"아스샤스타하... 죽음... 죽음은 많은 얼굴을 가지고 있다... 동물의 모습으로, 바람의 모습으로, 혹은 마른피부의 모습으로도 올 수 있다... 와서는 모든 것을 앗아간다...\""
    },
    {
      "Key": "a68ced0f-69ad-44af-8670-9e29f700fc5b",
      "Value": "\"긴꼬리부족의 비리쉬... 한 때 부족의 아버지였다... 지금은 알이 없으니 부족도 곧 없어질 것이다... 그러면 이제 누가 비리쉬가 되는 건가? 네가 말해봐라. 아스샤스타하...\""
    },
    {
      "Key": "e75a03db-736f-447d-8e76-66a111b5f853",
      "Value": "\"위대한 조상은 미쳐버렸다. 곧 기근이 와서 아이들 굶주릴 것이라 말했다. 우리는 매번 기근이 온 것처럼 알 먹어야 했다... 하지만 기근은 어디에 있나? 동물도 버섯도 사방에 넘쳐난다! 우리는 많은 아이들을 기를 수 있었다. 많은 전사 기를 수 있었다!\""
    },
    {
      "Key": "4a49869b-0573-47a8-826d-49863c46ab07",
      "Value": "\"비리쉬는 준비되었다... 비리쉬 지금 데려가라. 아스샤스타하... 모든 것을 앗아가라...\""
    },
    {
      "Key": "e4621f09-0bb8-4609-a3c3-6246968342a2",
      "Value": "\"비리쉬는 부족이 알을 못먹게 하려 했다. 위대한 조상은 화가 나서 비리쉬에게 마법을 걸었다. 그리곤 족장 베스켓이 비리쉬를 창으로 찔렀다... 결국 나는 굴복하고 긴꼬리가 자신들의 알을 먹는 것을 지켜볼 수밖에 없다...\""
    },
    {
      "Key": "6d3ecc75-266b-4d2c-b120-0dff9aea02ff",
      "Value": "\"이제는 남은 알도 없고 아이들도 남아 있지 않다. 새로운 전사는 어디서 얻어야 하나? 곧 비리쉬가 죽으면 부족도 죽는다...\""
    },
    {
      "Key": "1152d252-43b6-4013-91ff-44456b2fdd83",
      "Value": "{n}도마뱀 인간은 말없이 마루 바닥을 보다 당신을 쳐다봅니다.{/n}"
    },
    {
      "Key": "873cfc9d-e595-40ac-867a-fd8f276a098d",
      "Value": "{n}도마뱀 인은 여전히 약하지만 그의 생명은 아직 꺼지지 않았습니다.{/n} \"고마워. 마른 피부...\""
    },
    {
      "Key": "afe6f033-2ff7-42ab-b649-20f445e7e2ad",
      "Value": "\"긴꼬리 부족의 아버지, 비리쉬라고 한다. 우리에게 알이 없으면 아이들도 없다. 부족은 없어진다. 하지만 조상이 도우면 우리는 새로운 알을 낳을 수 있다. 새로운 아이도 얻는다!\""
    },
    {
      "Key": "123a515d-3c4c-4926-bddf-856d673f8505",
      "Value": "\"이젠 어떻게 해야하나? 계속 새로운 알을 낳아? 비리쉬는 모른다. 아마 조상이 돕는다면 부족은 살아남을 수 있다.\""
    },
    {
      "Key": "668e3be2-fb88-445a-9bae-bcc844ac3f46",
      "Value": "\"아스샤스타하. 난 네가 죽음이라 생각했다. 비리쉬는 여기 누워서 죽음을 기다리고 부족이 끝나기를 기다렸다... 비리쉬가 잘못 생각했다. 이제 부족은 살아갈 수 있을꺼다!\""
    }
  ]
}