{
  "$id": "1",
  "strings": [
    {
      "Key": "26000a62-d98b-4bd3-a81c-2c7d0ee36cbf",
      "Value": "{g|Military2_1}[선택 시 효과]{/g} \"제한 없이 신병을 모집하라. 누구든 의지가 있는 자는 군에 도움이 될 것이다.\""
    },
    {
      "Key": "d4193aa5-9bff-4364-9ae9-749cc50dc83f",
      "Value": "{g|Military2_2}[선택 시 효과]{/g} \"가장 강하고 뛰어난 자들을 모집하라. 진짜 사움꾼이 필요하다.\""
    },
    {
      "Key": "a5373366-ded6-432a-b6b9-7b4822711049",
      "Value": "{g|Military2_3}[선택 시 효과]{/g} \"야심이 있는 자들을 뽑아라. 영광과 높은 계급에 꿈을 가진 자만이 언제나 더 잘 싸우는 법이지.\""
    },
    {
      "Key": "d05036bc-7876-4983-a9a3-e6ae2faab63f",
      "Value": "\"알아서 결정하라.\""
    },
    {
      "Key": "86089f4e-6a8b-4e01-9779-55b71657aeb3",
      "Value": "{n}카실은 힘차게 몸을 숙이며, 서둘러 말합니다.{/n} \"명에 따라, 우리 군사들을 살펴보았습니다. 그 결과는... 실망스럽더군요, {mf|영주님|영주님|전하|전하}. 신병이 필요합니다. 빠르면 빠를 수록 좋지요.\""
    },
    {
      "Key": "8932307d-7c72-412a-979b-45d50124e6d7",
      "Value": "\"제한을 둬서 신병 모집의 기준을 높일 수 있습니다. 하지만 이 상황이라면 그 기준이 그리 높지는 않을 거 같긴 합니다만. 사실 저라면 누구든 지원하면 군에 들어올 수 있게 하겠습니다. 분명 백성들 중에서 충심 있고 조국을 수호할만한 자들이 많이 나오겠지요!\""
    },
    {
      "Key": "89a1806e-95cd-4821-af51-e6458c95a212",
      "Value": "{n}아미리는 불편해 보입니다.{/n} \"네가 날 부대장으로 만들었으니, 내가 말하는 걸 들어야 해. 병사가 더 필요해. 현재 있는 놈들은 약해빠진 겁쟁이들 뿐이야. 좋은 전투원이 충분하지 않으면 우리 이웃들이 언제든 우릴 뭉개버릴 거야!\""
    },
    {
      "Key": "dc83b5e7-cced-43f1-b474-0cb62899f4d1",
      "Value": "\"참고로 말하자면... 더 나은 전사들을 뽑아야 해. 생채기 가지고 이리저리 불평해대는 조금 자란 꼬맹이들을 데리고 다니긴 싫으니까! 오고 싶다고 다 받아주면 안 돼. 그렇지 않으면 병영이 호모새끼들로 가득 차버릴 거야. 그 호모새끼들을 데리고 뭘 할 수 있겠어? 강하고 배짱 좋은 놈들 아니면 의미가 없어.\""
    },
    {
      "Key": "51d89530-b08c-4575-994a-12b49fe9b0d6",
      "Value": "\"바쁜가? 아니라고? 그렇다면 할 말이 있다.\" {n}레곤가르는 싸울 준비를 하듯 어깨를 쭉 폅니다.{/n} \"숫사슴 군주가 네 손에 쓰러졌긴 하지만, 아직 다리 쭉 펴고 쉬긴 이르다. 이 땅을 걸어다니는 도적떼들이 아직 많다. 아직도 놈들은 이곳이 자기네 고향인 줄 알고있지. 놈들이 백성들을 죽이고 아무것도 남기지 않기 전에 더 많은 병사를 모으도록 해다오.\""
    },
    {
      "Key": "23295680-a7bb-4a02-b716-c797a85cc9d9",
      "Value": "{n}하프오크는 찡그리며 바라봅니다.{/n} \"어떤 놈이 필요한 지 아나? 덩치만 큰 머저리들은 안 돼. 힘을 원하는 전사가 필요하지. 놈들은 널 잘 섬길 거다. 혹시 누가 기어오르기라도 하면...\" {n}레곤가르는 음흉하게 미소짓습니다.{/n} \"내가 놈들을 나무에 매달아버리지.\""
    },
    {
      "Key": "384327b4-afc6-4f4a-851e-0a165aade32b",
      "Value": "\"멋지군요, {mf|영주님|영주님|전하|전하}! 즉시 신병을 모집하도록 하겠습니다.\""
    },
    {
      "Key": "d527aa11-d73d-4cf7-908b-2c53ee3aed31",
      "Value": "\"정말이야? 수도가 이미 호모새끼들로 가득한데, 그런 놈들을 더 원한다고?! 으웩!\" {n}아미리는 바닥에 침을 뱉고는 성이 난 채로 뒤돌아 사라집니다.{/n}"
    },
    {
      "Key": "fdef484d-e341-46bf-a651-fc9f488c62e7",
      "Value": "\"정말인가? 뭐, 대장은 너니까. 고기방패도 필요가 있겠지.\" {n}레곤가르는 무심하게 으쓱합니다.{/n}"
    },
    {
      "Key": "c25b7b34-cd20-45b1-9563-d43cd6426428",
      "Value": "\"바라시는 대로, {mf|영주님|영주님|전하|전하}.\""
    },
    {
      "Key": "dc85a6ff-94ca-4c87-82e8-38ca0224da85",
      "Value": "\"그래! 내가 말한 그대로구만! 내가 왜 널 따라왔는 지 모르겠네. 나 혼자서 다 할 수 있는데 말이야.\""
    },
    {
      "Key": "62b4154d-3493-4c5d-91d2-49d1080908b1",
      "Value": "{n}레곤가르는 자신의 이빨을 드러냅니다.{/n} \"멍청한 돌대가리들을 행군시키겠다고? 내가 이 머저리들이랑 뭘 하려고 한 거지?!\" {n}하프오크는 분노의 울음소리를 내더니 뒤돌아 사라집니다.{/n}"
    },
    {
      "Key": "27481182-a75a-4369-a137-012a28fb4202",
      "Value": "{n}카실은 찡그립니다.{/n} \"야망은 좋지요. 적절한 위치에서는 말입니다. 하지만 엄격한 규율과 계급으로 나뉘는 군이라는 곳은 아닙니다.\" {n}하프오크는 기침을 합니다.{/n} \"너무 무분별하게 이야기해서 죄송합니다.\""
    },
    {
      "Key": "c93f9353-a47d-48ff-91df-02096206598b",
      "Value": "\"흐음... 뭐, 놈들도 잘 할 수 있는 게 있겠지. 이해해. 한 번 지켜보지.\""
    },
    {
      "Key": "37f5df39-039a-4697-8b59-2ad782b64e82",
      "Value": "{n}레곤가르는 미소짓습니다.{/n} \"네 사고방식이 마음에 드는군. 이제 좀 바빠지겠어.\""
    },
    {
      "Key": "7f7350b8-63b1-4314-a988-f1ee5ebd2c5e",
      "Value": "\"원하시는 대로. 조국을 위해 봉사하고 싶은 자들은 누구든 군에 환영이라고 공고하겠습니다.\""
    },
    {
      "Key": "70b87dda-f99a-4b0b-ae98-e10d778a6b5d",
      "Value": "\"내가 뭐하러 성 밖에서 여기까지 기어들어 온 건지?! 좋아, 내 마음에 드는 놈들로 모집하겠어. 내 주먹 한 방 맞고 버티는 놈을 뽑지.\" {n}아미리는 손가락을 우두둑 거리며, 싸울 준비를 합니다.{/n}"
    },
    {
      "Key": "59ab5f3c-74ac-4a5b-b629-84f72000b29f",
      "Value": "\"좋군. {g|Abyss}어비스{/g} 로까지 제발로 걸어갈 수 있는 놈들로 고르지. 훈장만 준다면 말이야.\""
    }
  ]
}