{
  "$id": "1",
  "strings": [
    {
      "Key": "32ff4dbd-6ece-47dd-989e-a6e985ae434a",
      "Value": "\"언젠가 야외 식량에 관한 글을 쓸 거야. 이건 음식에 대한 모독이야.\""
    },
    {
      "Key": "c21a0e65-4f84-4ef5-8499-5f53c503b969",
      "Value": "\"누가 가서 고기를 구해준다면... 가장 먼저 쓴 책을 줄 거야! 그게 전부라고 할지라도! 제발 누가 고기 좀 가져와...\""
    },
    {
      "Key": "c080df1e-0c28-46d5-9338-32825ba2ed10",
      "Value": "\"모든 책은 결국 잊혀져 먼지에 뒤덮이겠지. 그게 책의 인생이야...\""
    },
    {
      "Key": "48382e76-1ba6-4fcb-b253-9e9ce15b0b5d",
      "Value": "\"어린애처럼 굴지마! 나도 줄 게 있다면 기꺼이 주고싶어...\""
    },
    {
      "Key": "0220cbf4-fc63-4f7d-8823-d245f0d2be28",
      "Value": "\"작가로서 나는 이런 멍청한 생각에 동의할 수 없어. 하지만 배고픈 여행자로서는...\""
    },
    {
      "Key": "2f63409d-e9d0-4788-8aa2-808b4f458160",
      "Value": "\"좋아. 그럼 내가 가지. 사냥 가서 사슴을 쏘아야지... 하하하! 진심이냐고? 오. 눈이 불타오르고 있네? 삐지지 말라고. 사슴을 구해줄 테니... 오늘 저녁 말고. 하하.\""
    }
  ]
}