{
  "$id": "1",
  "strings": [
    {
      "Key": "892a13c1-f0d3-4a8f-8783-a3ef5976e31d",
      "Value": "[공격] \"너에게 예절을 가르쳐 주마!\""
    },
    {
      "Key": "bdd9b31d-84de-4eaa-b9c1-2eafc1cb79b8",
      "Value": "\"너희들이 자신과 주변 사람들을 걱정하고 있다는 걸 잘 알고 있다. 하지만 잘 들어라. 내 옆에 충실하고 정직한 사람들이 없다면 나는 악의 괴롭힘으로부터 이 땅을 결코 구해낼 수 없다. 만약 너희들이 이 땅에 남겠다면, 난 맹세코 이 광기를 끝내기 위해 모든 힘을 다하겠다!\""
    },
    {
      "Key": "ffb0ffdf-35d3-441e-9e99-8b48915f9566",
      "Value": "\"내가 너희들을 위해 대신 결정을 내려줄 수는 없다. 난 이 영지의 통치자로서, 너와 네 가족들이 위험에 빠지지 않도록 내가 할 수 있는 모든 일을 하고있다. 지금은 어려운 시기이고, 우리는 질서를 회복하고 평화를 가져오기 위해 열심히 노력하고 있다. 하지만 이곳에 남을것인지는 오직 너 자신만이 결정할 수 있다. 나는 다른 이들의 마음을 지배할 수도 없을 뿐더러, 그들에게 명령을 하길 원치도 않는다.\""
    },
    {
      "Key": "a4347c7b-d5e2-4b97-af70-43d257035024",
      "Value": "\"그만! 도망가기를 원한다면 가라! 나의 백성 중에 겁쟁이는 적을 수록 좋다!\""
    },
    {
      "Key": "84458e19-f97d-439d-b849-0ab25ac91899",
      "Value": "\"그만 말대꾸 하고 내 말을 들어! 너를 설득하려 노력하고 있잖아!\""
    },
    {
      "Key": "c709e1dd-c42d-4eae-8887-caa7ca944515",
      "Value": "\"더 이상 말해 봐야 소용 없어. 알로브! 여기가 내 고향이야! 나는 여기서 태어났고 여기서 죽을꺼라구!\""
    },
    {
      "Key": "e58cd21e-d35c-464f-9161-5b39a59cd14f",
      "Value": "\"멍청아! 내 말이 바로 그거야. 네가 여기서 계속 머무른다면 제 명에 못 살아! 무슨 일이 일어나는지 모르겠어? 괴물, 고블린, 도적들이 사방에 판을 치고 있어! 게다가 이젠 뒤돌아보면, 이웃들 창자를 찢고 기어나오는 악마들까지 있다구!\""
    },
    {
      "Key": "15577076-f88e-440e-af07-255b1b7aaea1",
      "Value": "\"너는 말이 너무 많아. 가서 네 일이나 하고 {g|Erastil}에라스틸{/g}에게 기도하면서 집과 가족들 옆에 있어 주기나 해. 할일은 그게 전부라고. 우리는 더 심한 것도 봐왔어!\""
    },
    {
      "Key": "76d0c021-4209-483a-a6b5-4246ad6461cf",
      "Value": "\"그래. 결혼도 안했던 젊었을때 처럼 얘기하는군! 에릭. 이 친구야. 제니와 어린 자식들을 생각해 봐. 왠 짐승이 너희 집 문을 두드리면 어쩔셈인가? 너는 병사가 아니라 나무꾼이야. 도망칠 수 있을 때 남작령을 떠나야 해!\""
    },
    {
      "Key": "2727b18c-d55d-4404-9a26-c1dade076dbb",
      "Value": "\"난...에라스틸이시여 자비를 베풀길! 영주님 아니십니까!\""
    },
    {
      "Key": "aa7b33df-e8b6-4b10-98a1-a56a6fd6122c",
      "Value": "\"용, 용서하십시오, {mf|영주님|영주님|전하|전하}! 저희는 단지 농작물에 대해 얘기하고 있었습니다...\""
    },
    {
      "Key": "85df53d6-5b57-4356-a701-029eeb1fcb8d",
      "Value": "{n}두 사람은 당신 말을 경청하다가 서로를 멀뚱히 바라보고는 어색한 동작으로 고개를 숙입니다.{/n} \"저희는... 이해합니다, {mf|영주님|영주님|전하|전하}. 힘든 시기죠... 별의별 일이 다 있었고요. 중요한 일이 산더미처럼 있으실 텐데 멋모르는 무지렁이 떠드는 소리는 귀 담아 듣지 마십시오. 진실로 충성하는 백성들은 전하 편에 설 겁니다!\""
    },
    {
      "Key": "e24c66f4-36f3-4558-8a05-df450656f7e1",
      "Value": "\"아... {mf|영주님|영주님|전하|전하}... 당신께서 얼마나 열심히 일하는지 저희가 아는데, 우리가 어떻게 {mf|영주님|영주님|전하|전하} 곁을 떠날 수 있겠습니까?\""
    },
    {
      "Key": "af7aa584-0c20-488f-9d75-53f6e4c3b0ef",
      "Value": "{n}그 남자들은 당신을 말 없이 보고 있습니다.{/n}"
    },
    {
      "Key": "3950e929-18f6-402e-bbb2-d17d5dda138e",
      "Value": "\"제가 한말을 용서해주십시오. {mf|영주님|영주님|전하|전하}... 저는 단순한 사람입니다. {g|Erastil}에라스틸{/g}은 제게 용기를 주지 않았고, 그래서 저는 밖에서, 에라스틸에 대해서 아는 것을 지껄였던... 뭔지 아시지 않습니까... \""
    },
    {
      "Key": "2a202972-090a-4b77-a123-cd6a10a083ab",
      "Value": "\"가자. {mf||여}남작께서 일하시게 나가 드리자구. 우린 우리대로 할 일이 있잖아. 걱정하지 마십시오. {mf|영주님|영주님|전하|전하}! 다른 사람들은 몰라도 저희는 끝까지 {mf|영주님|영주님|전하|전하} 곁에 있을 겁니다!\""
    },
    {
      "Key": "d7c6bbad-db23-4d5f-a840-441f0812172e",
      "Value": "{n}남자들은 시선을 교환하고 잠시 후 당신에게 끄덕입니다. 그러나 그들의 얼굴은 불안하고 불확실합니다.{/n} \"물론입죠, 영주님.\""
    }
  ]
}