{
  "$id": "1",
  "strings": [
    {
      "Key": "17cb893d-c0ce-4b90-8920-e2feb542a5da",
      "Value": "\"칼에 흠이 다시 생겼네. 숫돌이 어디에 있더라.\""
    },
    {
      "Key": "7afc08c9-9e60-4e3d-bc5d-ea553816eac7",
      "Value": "\"그 끔찍한 소리는 싫어! 사실대로 말해. 발레리. 칼 가는 소리로 동료를 죽이려는 거지?\""
    },
    {
      "Key": "e54df55a-daf8-4269-93fc-25ac0c2c0e86",
      "Value": "\"그 끔찍한 소리는 싫어! 사실대로 말해. 발레리. 칼 가는 소리로 동료를 죽이려는 거지?\""
    }
  ]
}