{
  "$id": "1",
  "strings": [
    {
      "Key": "5cdd813f-9f6a-42cb-aebb-9e455574750e",
      "Value": "\"놈 종족의 잃어버린 불멸성을 되찾겠다는게 우습지 않소? 어떤것도 영원할 순 없소. 십년을 사는 것이나 일만년을 사는 것, 망각을 대면할 때 진정으로 차이가 있겠소? 태초 세계는 언젠가 끝을 맞이할 것이오...\""
    },
    {
      "Key": "2f5ae50e-ea51-47af-aaf0-a9490fa5b490",
      "Value": "\"난 세계의 종말에 대해선 모르지만, 니 잔소리는 확실히 끝이 없구만. 이게 널 어느정도 살아있는 귀재로 만드나 보군.\""
    }
  ]
}