{
  "$id": "1",
  "strings": [
    {
      "Key": "bac725f0-a6df-48c2-81f9-c916a6f01520",
      "Value": "\"이게 뭐지요, 트리스티안?\""
    },
    {
      "Key": "e3ea92c4-c09e-4a8a-851f-903bd854e48d",
      "Value": "\"지금은 안돼.\""
    },
    {
      "Key": "73192b63-0e54-43db-92a2-d88fcac61297",
      "Value": "\"당신이 마음에 들어요. 트리스티안. 서로에 대해 더 자세히 알았으면 좋겠어.\""
    },
    {
      "Key": "79ea0112-c50f-44b8-b4cc-cdbe6f100aa7",
      "Value": "\"그건 걱정하지 마. 우린 파트너니까. 그걸로 충분해\""
    },
    {
      "Key": "47140d2e-82d3-4674-bc86-737a2de098bd",
      "Value": "\"조금 바보인 모양이군.\""
    },
    {
      "Key": "cb428153-38eb-4fd1-ac6c-8ef6c0914d9e",
      "Value": "[트리스티안에게 키스한다] \"당신이 알아야 할 모든 걸 보여줄께요!\""
    },
    {
      "Key": "ca3f44a2-b855-4827-82b2-7ee6f266a231",
      "Value": "\" 혹시 알아요? 어쩌면 당신의 '무심함'이 내겐 매력적으로 느껴졌을지?\""
    },
    {
      "Key": "c563e9d9-5c6b-4b73-8c63-f40d5e4df431",
      "Value": "\"당신이 맞아요. 평소대로 행동하도록 해요.\""
    },
    {
      "Key": "e689dcdd-1074-406a-a351-366152acdade",
      "Value": "\"당신 자신의 모습일 때가 제일 좋아요. 당신도 나와 똑같이 느꼈으면 좋겠네요.\""
    },
    {
      "Key": "f51fc95e-a03b-4d12-b330-9c008ee80dd2",
      "Value": "\"미안해요..\""
    },
    {
      "Key": "631f641d-3a61-47a2-9a94-ebeaf0033095",
      "Value": "\"도대체 왜 그러는겁니까?!\""
    },
    {
      "Key": "50bd7702-cd96-43d3-abf3-cd643f83d4c5",
      "Value": "\"그 정도로로 날 싫어하나요?\""
    },
    {
      "Key": "33018427-0e0f-4347-9fea-e3024f516977",
      "Value": "{n}트리스티안이 머뭇거리며, 강렬히 당신을 바라봅니다.{/n} \"{name}, 잠시 시간 좀 내줄 수 있나요?\""
    },
    {
      "Key": "c790088e-1003-4776-a50c-20ee5973a14a",
      "Value": "{n}성직자는 말없이 고개를 끄덕이더니 고개를 돌립니다.{/n}"
    },
    {
      "Key": "e6d1707d-5260-4136-8900-6bcda0ae2015",
      "Value": "\"내가 횡설수설하더라도 이해해주셨으면 좋겠습니다. 이런 대화는 익숙하지가 않거든요. 당신이... 우리...사이에 대해서 말한 게 머리 속에서 떠나질 않습니다. 당신이 내게 뭔가를 더 원하는 것 같은데, 그게 뭔지 이해할 수 가 없거든요.\" {n}트리스티안은 조심스레 당신 표정을 살핍니다.{/n}"
    },
    {
      "Key": "7ea8f64f-8e86-4ad0-bdfa-42e10eb997b0",
      "Value": "{n}트리스티안은 눈썹을 들어올립니다.{/n} \"이럴 기분이 아닌 것 같군요. 대화는 이쯤 해둬야 할 것 같습니다.\""
    },
    {
      "Key": "0787e1ca-aac5-4532-b464-90a95ef7122c",
      "Value": "{n}트리스티안은 당신의 말을 잠시 고민하다더니, 어색하게 헛기침을 합니다.{/n} \"내가 지금까지 당신을 실망켰을까봐 걱정이군요, {name}. 난 필멸자의 감정에 대해선 거의 아는 바가 없습니다 - 내 인생을 {g|Sarenrae}서렌레이{/g}를 섬기는 데 헌신했으니까요. 내... 무심함이 당신을 밀어내는 건 원치 않습니다.\""
    },
    {
      "Key": "98485b4e-4b26-48b5-b3a8-c4f3bd802e73",
      "Value": "{n}트리스티안은 주저하며 끄덕입니다.{/n} \"좋습니다. 그저 우리 사이에 말하지 못한 것이 없었으면 해서 그랬을 뿐입니다.\""
    },
    {
      "Key": "466298bb-8a7e-454b-9055-e667ae09929d",
      "Value": "{n}트리스티안은 당신 눈을 바라보더니, 마치 무언가 고백할께 있는 것처럼 앞으로 몸을 기울입니다. 잠시 후, 그는 한숨을 쉬더니 물러섭니다.{/n} \"당신은 내게 소중합니다, {name}. 우리가 싸울지도 모른다고 생각하지 가슴이 아프군요.\""
    },
    {
      "Key": "733522b9-565c-4749-8fa8-392953bd62c0",
      "Value": "{n}당신은 몸을 기울이지만, 트리스티안은 당신을 밀어냅니다. 우울한 그림자가 그의 얼굴에 스쳐 지나갑니다.. {/n} \"부탁컨데, 다시는 그러지 말아주십시오.\""
    },
    {
      "Key": "364dbacd-df9d-4b43-9acb-06aca1efe30b",
      "Value": "{n}트리스티안은 혼란에 빠진 듯, 이맛살을 찌푸립니다.{/n} \"그것 참 이상하네요.\" {n}성직자는 고개를 기울이더니 미소 짓습니다.{/n} \"보통 사람들은 내 많은 지식에 감사하지 적은 경험을 고마워하지는 않거든요.\" {n}트리스티안은 미적거립니다.{/n} \"당신은 몇 번이고 날 놀라게 한다니까요.\""
    },
    {
      "Key": "2c94a7ee-818e-403b-83e7-2a5ae8a6f0e1",
      "Value": "{n}트리스티안은 당신에게 격려하는 미소를 짓습니다.{/n} \"오, 사과할 필요없어요! 그저...\" {n}성직자는 한숨을 내쉽니다.{/n} \"말했다시피 - 당신을 실망시킬까봐 걱정이었는데. 이미 그래버린 것 같군요.\""
    },
    {
      "Key": "7f1073b3-fd31-471a-8336-dff1b3b2739c",
      "Value": "{n}트리스티안은 고개를 젓습니다.{/n} \"그런게 아닙니다!! 그저... 그저... ... 이 일은 그냥 잊어버립시다. 나말고도 골치거리는 많은테니까.\" {n}성직자는 재빨리 자리를 떠납니다.{/n}"
    },
    {
      "Key": "587728e4-0b38-49d8-b3ef-f217cc9ff932",
      "Value": "{n}트리스티안은 우울하게 당신을 바라봅니다.{/n} \"나도 같은 질문을 하려고 했는데. 이 일은 그냥 잊어버립시다.\""
    },
    {
      "Key": "ed303ae2-3cdb-4271-a23a-0857c228fef3",
      "Value": "\"많은 시간을 허비하게 한 것 같군요. 다음에 얘기하도록 합시다..\""
    }
  ]
}