{
  "$id": "1",
  "strings": [
    {
      "Key": "76d75b94-1da5-411a-ba5f-b25351e1ecf9",
      "Value": "\"10초 준다. 사라져!\""
    },
    {
      "Key": "c9dd7c45-34da-4535-8c01-d2c6b069b1aa",
      "Value": "[공격] \"나는 너희를 찾고 있었어. 도둑들아!\""
    },
    {
      "Key": "58cae3e3-fc99-4f15-9248-a27ed69d0e95",
      "Value": "\"이 멍청이들이 어떻게 말들을 잃어버릴 수 있는거지? 상자를 직접 옮겨야 하나? 게다가 이 쇳덩이는 도대체 뭐야? 이게 우리한테 왜 필요한건데?\""
    },
    {
      "Key": "65f39a33-b8d5-48b9-acaa-c743bdc8c6be",
      "Value": "\"그 쇳덩이가 우리를 부자로 만들어 줄 거야. 멍청아! 그건 연금술사의 변환기야. 나는 {g|Ustalav}우스탈라브{/g}에서 그걸 봤어. 그걸 조립하고 작동하면 바위를 금덩이로 만든다고! 멍청이 서있지 말고 일해!\""
    },
    {
      "Key": "141345ab-f4bc-4951-8bc6-3091b76559b1",
      "Value": "\"정말이야? 좋아. 이걸 수레로 옮길 수 있는지 보자...\""
    },
    {
      "Key": "8c457d31-3cf7-4c91-8cc1-6ceb3e257737",
      "Value": "\"어..음..남작님!\""
    },
    {
      "Key": "a4cdb050-6c78-4615-aad6-26ace8204576",
      "Value": "\"수사슴 군주를 쓰러뜨린 쓰레기야! 군대도 없어!\""
    },
    {
      "Key": "d729b467-4246-4d47-bdb4-9d5e90e471ff",
      "Value": "\"남작님 화물에 손댄거였어?! 어쩔려구 그래. 멍청아?!\""
    },
    {
      "Key": "e97d0e04-308d-4ffb-88f8-a7a71c98475c",
      "Value": "\"도망쳐!\""
    },
    {
      "Key": "09d56b72-35af-49e1-b350-c5a0b160b11a",
      "Value": "\"운좋은 날이로군! 다들 저{mf|놈을|여자를} 잡아! 영주를 쓰러트리고 우리가 남작이 되는 거야!\""
    },
    {
      "Key": "b8d7f6f7-2b04-46af-8b3b-6f64d79748c8",
      "Value": "\"도적들이야!\" {n}린지가 도적들을 가리키며 속삭입니다.{/n} \"현행범으로 잡았어! 남의 물건을 가져가면 어떻게 되는지. 에헴. 본 때를 보여주자고!\""
    },
    {
      "Key": "47acb95f-9f51-4d28-a689-4eb06b615b38",
      "Value": "{n}주빌로스트는 뭔가 말하려다가 대신 손으로 얼굴을 가리며 머리를 절래절래 흔듭니다.{/n}"
    },
    {
      "Key": "db9b932e-7d50-4958-8778-965cc4e8691f",
      "Value": "\"남작에게 본 때를 보여줘라!\""
    },
    {
      "Key": "5e693d4a-c015-47cf-acbd-c3923b9951ae",
      "Value": "\"하! 웃기는군! 덤벼! 어떻게 나오나 보자!\""
    }
  ]
}