{
  "$id": "1",
  "strings": [
    {
      "Key": "93ee04a5-ab07-4745-9439-1bfb6642384f",
      "Value": "\"민둥 언덕마루의 포탈을 이용해서 태초 세계로 갈 수 있을까?\""
    },
    {
      "Key": "dc489a82-5a80-4d6e-9ff7-15b4bd7b59bc",
      "Value": "\"어찌됐든, 우리가 먼저 할 것은 공격을 막아내는 일이군.\""
    },
    {
      "Key": "45aaae2a-0916-4353-afb9-7fcd8bda4d62",
      "Value": "\"나이리사가 공격을 전두지휘하기 위해 나타날거라 생각하나?\""
    },
    {
      "Key": "7a2376ab-95e5-4cef-9116-4a42f7c9f05c",
      "Value": "\"이번 공격이 마지막일 거라 확신하나?\""
    },
    {
      "Key": "25541b1d-a453-4d94-abbd-515cf42573ad",
      "Value": "\"전하, 와일드 헌트를 물리쳤습니다! 당신의 빠르고 효과적인 판단은 공격자들에게 어떤 희망도 주지 않았습니다. 백성들이 고마움의 표시로 자그마한 선물을 보내왔습니다.\""
    },
    {
      "Key": "acea2fe3-7595-46f1-ace2-0e37f62ca827",
      "Value": "\"전하, 지속되는 전투 끝에, 와일드 헌트가 끝내 물러났습니다. 우리는 왕국을 보호하는데 성공했지만, 지불된 대가 또한 만만치 않습니다. 그래도, 우리 승리는 제게 희망을 보여줍니다.\""
    },
    {
      "Key": "18ccc901-3b2c-400a-859e-23ff802fb770",
      "Value": "\"전하, 와일드 헌트 무리가 당신의 왕국을 불과 칼로 파괴했습니다. 공격을 저지하기 위한 저희 노력은 결코 작은것이 아니었지만, 이 패배로 인해 매우 큰 손실을 겪게 되었습니다. 다음 번 공격은 얼마나 끔찍할지 상상하니 몸서리가 쳐지는군요.\""
    },
    {
      "Key": "41e8e272-a0d1-4378-bdc3-de8f45015373",
      "Value": "\"가까운 시일 내로 또 다른 공격이 기다리고 있습니다. 이번에는 나이리사가 가만히 있지 않을거란 느낌이 듭니다. 이제껏 왔던 것 중 가장 강한 공격일거라 예상됩니다. 견뎌낼 수 있으면 좋겠습니다!\""
    },
    {
      "Key": "a6c95304-f7e2-4d2e-a9a4-e2b17451035f",
      "Value": "\"이야기꾼에게 동의합니다. 지속적으로 민둥 언덕마루에 방문해온 결과, 태초 세계와 연결된 포탈이 거의 안정화된 것으로 보입니다. 다음 공격이 시작될 쯤이면 충분히 안정되어 영구히 골라리온과 태초 세계를 잇는 다리가 될겁니다. \""
    },
    {
      "Key": "f5b233dd-5dd4-41ca-ad2a-d327468fcfbc",
      "Value": "\"제가 보기엔, 우리가 이제 그녀의 공포를 끝낼 때가 된 것 같아요! 나이리사가 이 공격을 스스로 원한다면 — 오게 두세요! 하지만 그녀는 오지 않겠죠, 그렇지 않나요? 그녀는 우리에게서 도망치겠죠, 씁쓸하게 최후를 맞는 날까지 태초 세계에 숨기나 하면서요! 저는 여기서 그녀의 군대를 처리한 다음, 곧장 반격을 개시하는 게 좋을 것 같아요! – 다음 공격을 위해 힘을 모으기 전에요!\""
    },
    {
      "Key": "6eed18ff-ded3-4bf8-9508-faccc5325acd",
      "Value": "\"저도 동의합니다. 이제껏 모든 공격 뒤에 포탈이 닫혀왔지만, 이제는 태초 세계로 도달하는 안정적인 경로가 되었습니다. 태초 세계 어디에 있던지, 나이리사의 소굴로 곧장 이어질겁니다!\""
    },
    {
      "Key": "43a7d690-fb51-4a76-9dfc-6248e284e426",
      "Value": "{n}트리스티안의 표정에서 결의가 보입니다.{/n} \"당신의 계획에 동의합니다. 저희는 제가 관여한 포탈을 통해 들어가서, 제가 시작을 도운 전쟁을 끝낼겁니다.\""
    },
    {
      "Key": "84120e5e-3096-4c31-80af-18e4d799693d",
      "Value": "{n}이야기꾼이 엄숙히 동의합니다.{/n} \"힘든 싸움이 될겁니다. 적들을 과소평가하셔서는 안됩니다 — 나이리사같이 간악한 자라면 특히 그렇죠.\""
    },
    {
      "Key": "4fb2f55e-c6d1-463b-9bf8-f1e474535040",
      "Value": "\"그러진 않을 거예요. 그건 그녀 방식이 아니니까요. 그녀는 다음에 쓸 음흉한 속임수를 계획하면서 거리를 두고 지켜보는걸 선호해요. 하지만 그녀도 이젠 우리를 제대로 무서워할걸요!\""
    },
    {
      "Key": "3be652f4-7143-4499-9571-2739e2b5734f",
      "Value": "\"페이의 문제를 처리하는 동안, 당신은 아무것도 확신할 수 없었을 겁니다. 하지만, 제 추론은 예측보다는 사실에 더 기반을 두고 있습니다. 태초 세계로의 포탈이 이만큼이나 안정되었던 적은 지금껏 없었습니다...\""
    },
    {
      "Key": "67a1ebfe-5edf-421c-a42e-e4abab9049a9",
      "Value": "\"나이리사도 더 이상 걱정할 필요가 없겠죠! 그녀도 완전 제정신이 아닐테니까요!\""
    }
  ]
}