{
  "$id": "1",
  "strings": [
    {
      "Key": "daa2a567-625f-4aea-a8e0-ae1c848fdf7d",
      "Value": "\"{name}은 널 믿지. 난 아냐. 널 지켜보겠어.\""
    },
    {
      "Key": "28fa4e3c-7d19-48eb-9955-759bf98d55dc",
      "Value": "\"믿음이라? {Name}이나 나나, 서로 이해관계가 성립하니 같이 다니는 것뿐이야. 날 지켜보는 거야 네 할 탓이지만, 내가 정말로 네 뒤를 노려야 할 때가 오면… 너무 늦기 전에 네가 알아챌 수나 있을까.\""
    }
  ]
}