{
  "$id": "1",
  "strings": [
    {
      "Key": "9ce79b9f-a49e-49ac-bdb6-ec9feb0e8180",
      "Value": "\"좋다. 이 악몽이 어서 끝났으면 좋겠군.\""
    },
    {
      "Key": "e2e42db4-fd53-4a7a-b263-faccf79d5cfe",
      "Value": "\"왜 그렇게 생각하는 거지? 전에 와 봤어?\""
    },
    {
      "Key": "c6a5b019-cc3c-4269-9cf5-84e807b44a78",
      "Value": "\"무슨 상관이야? 겁을 먹은 거야?\""
    },
    {
      "Key": "b5d8f872-a822-4395-bdd4-5d9cdd7f2eb7",
      "Value": "\"대화는 그만. 어서 가야 해.\""
    },
    {
      "Key": "0df090fc-6688-4b26-a9d0-51029b752a4e",
      "Value": "\"이 무덤에 들어온 후로 이상하게 행동하는데. 왜 그래?\""
    },
    {
      "Key": "8c804e06-5e7c-45be-92c5-db52ef985daf",
      "Value": "\"나와 함께 있어달라고 하더니 이제 와서 왜 이상하게 구는 거야?\""
    },
    {
      "Key": "690990bf-2056-4f9d-ab82-6e5649de4055",
      "Value": "\"나에게 말하지 않은 것 있어?\""
    },
    {
      "Key": "bc81a7aa-d73c-4ee9-9aea-7d818b016756",
      "Value": "\"준비 됐어? 곧 우리 앞에 있는 것이 끝일지도 몰라.\""
    },
    {
      "Key": "d4e033f0-9d70-49d5-89bc-a7639652e026",
      "Value": "\"가자.\""
    },
    {
      "Key": "a89fd5e1-bac7-40fd-babc-fb956d88fb12",
      "Value": "\"우리를 기다리는 것이 무엇이든 우리는 맞설 거야. 마지막 말을 준비할 시간은 없어.\""
    },
    {
      "Key": "34c48009-c676-4041-a448-e90807e19ee9",
      "Value": "\"너에게 할 마지막 말? 너는 나의 친구였어. 네 도움은 항상 고맙다. 할 수 있다면 너를 내 옆에 두었을 거야.\""
    },
    {
      "Key": "5faeff4c-2f55-49f9-9aac-b0033091ba70",
      "Value": "\"함께 있을 시간이 없어서 아쉬웠고 행운을 빈다.\""
    },
    {
      "Key": "db4861a6-2ccc-4728-9036-3ea4455e2672",
      "Value": "\"마지막 인사를 준비하려면 끌이나 망치 따위가 필요하나? 너에게 줄 시간도 없어.\""
    },
    {
      "Key": "5aaa9ac4-7388-4a9a-8f27-602115403a32",
      "Value": "\"트리스티안. 그만. 정신 차리고 집중해.\""
    },
    {
      "Key": "f1843264-a5d4-4e0b-9115-406f62bff036",
      "Value": "{n}무언가 들으려는 듯 트리스티안의 목소리는 줄어듭니다.{/n} \"무덤의 심장부야. 보다카이가 가까이 있다.\""
    },
    {
      "Key": "9372180c-7336-4e43-9a59-20ed7086d999",
      "Value": "\"이제 이것을 끝낼 차례야.\" {n}트리스티안은 말합니다.{/n} \"영원히.\""
    },
    {
      "Key": "289bd206-768c-48be-8cda-97e23d3fd0e9",
      "Value": " \"뭐라고요? 물론 안 와봤죠. 하지만 {g|Sarenrae}서렌레이{/g}를 따르는 모든 사람들처럼...\" {n}트리스티안은 고통스러운 듯 몸을 떨고 있습니다.{/n} \"...썩고 부패한 악취가 진동합니다. 악의 존재를 이곳에서 느낄 수 있어요.\""
    },
    {
      "Key": "44213a3b-0c0b-4800-9a73-7b93d857545e",
      "Value": "{n}트리스티안은 머리를 가로저었습니다.{/n} \"아니. {name}. 약간은 두려워. 하지만 이 문 뒤의 존재 때문에 그런 건 아니야.\""
    },
    {
      "Key": "91374696-2de3-41f7-87d4-ae2bbbb475da",
      "Value": "{n}트리스티안은 머리를 흔듭니다.{/n} \"그건 중요하지 않습니다. {name}. 이 장소는... 의심과 공포를 먹고 살죠.\" {n}트리스티안은 고개를 들어 스스로 진정시키려는 듯 당신을 봅니다.{/n} \"우리가 만약 다시 만나지 못한다면... 나에게 해 줄 마지막 말이라도 있나요?\""
    },
    {
      "Key": "900033f4-3c1d-4d57-a892-0c66c760a56a",
      "Value": "{n}트리스티안은 소리 없이 끄덕이고는 아무 말도 하지 않습니다.{/n}"
    },
    {
      "Key": "41ca1971-23ff-4752-bde4-44f06e2adae4",
      "Value": "\"잘 알겠어.\" {n}트리스티안은 약하게 웃습니다.{/n} \"우리 모두 비밀이 있고 짊어져야 할 비밀이 있어. 그것을 함께 안다고 해도 가벼워지지는 않지. 그러니 비밀을 나누는 것은 네 결정이야.\""
    },
    {
      "Key": "75c678cc-5d0a-4d06-bc10-baf800dd1e49",
      "Value": "{n}트리스티안은 잠시 말이 없다 끄덕입니다.{/n} \"그래. 준비 됐어. 그것이 끝을 의미할지라도.\""
    },
    {
      "Key": "0266e1c6-53bf-41e4-b64b-3ac23567cbf7",
      "Value": "\"보다카이가 이 땅을 지배했었고 그가 유물을 가졌다면 더 쉽게 자신의 땅을 찾을 수도 있어.\" {n}트리스티안의 목소리가 차분해집니다.{/n} \"나는 되살아날 수 없을 수도 있어. 하지만 그 전에 내가 너에게 어떤 사람이었는지 알았으면 해.\" {n}트리스티안은 조용히 당신을 보았지만 당신은 마치 죽은 사람에게 말하듯 상실감을 느낍니다.{/n} \"내가 너에게 중요한 사람이었을까.\""
    },
    {
      "Key": "5c713249-0c26-4896-b09e-eb97456a0b38",
      "Value": "{n}트리스티안은 미소를 짓지만 슬픔이 깃들었습니다.{/n} \"당신을 만난 이후로, 당신과 같은 영웅과 함께 서게 되어 축복받았다고 생각했어요.\" {n}트리스티안은 멈추더니 그의 얼굴은 괴로움이 나타납니다.{/n} \"하지만 이 축복은 신의 은혜가 아니라 당신의 힘이었습니다...\" {n}트리스티안은 멈추더니 가볍게 고개를 끄덕입니다.{/n} \"그러니 서로 믿음을 가지고 이 곳에서 악을 정화합시다.\""
    },
    {
      "Key": "62f0065c-3675-4e40-bf78-d7167053c091",
      "Value": "{n}트리스티안은 잠시 침묵합니다.{/n} \"우리는 각자 길이 있고 잠시 길이 갈릴 수도 있어. 하지만 다시 만나는 것은 시간 문제이지.\" {n}그는 끄덕입니다.{/n} \"고마워. 나는 준비가 되었어...\""
    },
    {
      "Key": "016fb313-4ce6-448e-8818-05c178f3e9da",
      "Value": "{n}트리스티안은 슬프게 고개를 끄덕입니다.{/n} \"솔직하게 말해주어 고마워. 마음 속 말을 자유롭게 말하는 사람은 많지 않아. 그래서 더욱 고통을 받지. 너의 힘을 잘 아니 나는 다가올 시련에 준비가 되었어.\""
    }
  ]
}