{
  "$id": "1",
  "strings": [
    {
      "Key": "5dc2dae1-90e3-4f12-ac86-626df8d0b2ef",
      "Value": "\"{name}! 모두 사라졌습니다! 수도 주변에 있던 모든 우상들이 파괴되었어요... 그 우상들은 일종의 방어벽이자, 봉인이었습니다. 그 우상들이 있던 자리에 이상한 차원문이 열리더니, 안에서 무언가가 튀어나오고 있습니다...\" {n}조드는 사시나무 떨듯 떨더니, 간신히 마지막 말을 내뱉는다.{/n} \"... 혐오체입니다! 괴물들이 돌아다니며 사람들을 죽이고 작은 마을을 파괴하고 있습니다. 마법사 몇 명이 마법대신에게 그 우상들을 제자리로 돌려놓으라는 요구를 해오고 있습니다. 이들은 우상이 그 괴물들을 막아줄 거라 생각하는 모양입니다.\""
    },
    {
      "Key": "ed8dd691-6062-4dd1-8c4e-8990b9f740f3",
      "Value": "{n}하림은 슬프지만 침착한 얼굴로 당신을 바라본다. 그는 손으로 수염을 만지지 않고있다.{/n} \"...우상들을 파괴한 곳에서 차원문이 열렸네. 더럽고 비정상적인 괴물들이 거기서 튀어나오고 있어. 나조차도 그 놈들이 여기 있어선 안 될거라는 걸 알겠더군.\""
    },
    {
      "Key": "980d1f33-ca02-4e1a-97a0-3bc020680dda",
      "Value": "{n}산나의 손가락은 쉼없이 움직이고, 마치 보이지 않는 누군가의 목을 쥐어짜는 듯 하다.{/n} \"당신이 없애라고 한 우상의 빈 자리에서 차원문이 열렸어요. 거기서 튀어나오는 괴물들 때문에 저까지 골치 아프네요. 어디서 놈들이 왔는 지, 무슨 목적으로 왔는 지는 모르지만 막아야 해요. 놈들은 숲을 통해 퍼지면서 우리 백성들을 죄다 집어삼킬 거예요.\""
    },
    {
      "Key": "b7994dc4-3c66-4caa-b2f6-95419f02d119",
      "Value": "\"이 결정이 마음에 들지 않는군요. 우리는 이 사악과 물러섬 없이 맞서야지, 악으로 악을 물리치려 해서는 안 됩니다. 우리 군대는 괴물에게 약합니다. 우리 병사들은 광야에서 싸우도록 훈련받았지, 덤불 속의 괴물을 상대하라고 훈련받지 않았단 말입니다. 전하께서 동시에 여러 곳에서 나타나 이 놈들을 모두 물리쳐주셨으면 좋았을 텐데요! 하지만 그럴 수는 없는 일이지요. 감시관에게 명령해 사람들을 소집하고 저항하게 해야 합니다. 사냥꾼, 길잡이, 그리고 누구든 덤불에 대한 지식이 있는 자라면 누구든 모으십시오. 우리는 함께 싸울 것입니다!\""
    },
    {
      "Key": "7e1afe47-6785-42ee-a1da-7b5932376c0d",
      "Value": "\"괴물들을 막아야합니다. 하지만 감시관이 전 왕국 사람들을 모아 저항한다고 하더라도 저라면 칼에 의존하지 않겠습니다. 병사들은 숲에서 괴물들을 추적할 수 없습니다. 그리고 당신이 온 세상에 동시에 존재 할 수도 없는 노릇이지요. 모두 정상으로 돌려놔야 합니다. 우리 마법대신이 차원문을 봉인 할 수 있도록 제가 우상을 그려왔습니다. 성공하면 괴물들은 처리될 겁니다. 놈들이 온 세상과의 연결이 끊어질 테니까요.\""
    },
    {
      "Key": "4e63b465-382d-4356-92b3-0dd200608314",
      "Value": "\"당신은 저 괴물들을 모두 쓰러뜨릴 수 없습니다. 당신의 군대도 별로 도움 안 될 겁니다. 숲에서 사냥하는 법을 모르니까요. 감시관에게 명령해 사람들을 모아 전체적으로 습격을 가해야 합니다... 하지만 그렇다고 사냥꾼이나 나무꾼들이 저들에 대한 공포를 이겨낼 수는 없겠죠. 그런 짐승들을 마주하는 거니까요. 이번 일을 마법대신에게 맡겨둡시다. 차원관문을 닫을 법을 알고있을 뿐만 아니라 괴물들을 조사할 수도 있을 겁니다. 저도 저런 괴물들을 더 연구해보고 싶고요.\""
    }
  ]
}