{
  "$id": "1",
  "strings": [
    {
      "Key": "c61a7d6c-d414-4921-a81d-483c1b5ddf25",
      "Value": "\"물론이지. 아름다움을 위하여!\""
    },
    {
      "Key": "d1460d82-2dc2-42cc-b3c8-35006c6429c5",
      "Value": "\"물론이지. 내 성공을 위하여\""
    },
    {
      "Key": "801c27c9-ffe5-4a7d-9204-99fbf2ee64be",
      "Value": "\"아직 남작이 된 것도 아닌데, 벌써부터 날 독살하려는 자가 있는 듯하군...\""
    },
    {
      "Key": "187c4180-ad56-411f-b5af-92cee58a8280",
      "Value": "\"바로 본론으로 넘어가는 게 어때?\""
    },
    {
      "Key": "38d90c76-2de8-4926-b335-da641632779a",
      "Value": "\"사과할 필요 없어. 만나는 사람마다 내 매력에 흠뻑 빠져서 자기 사연을 털어놓으려고 하면 곤란할 테니까!\""
    },
    {
      "Key": "8cd5c219-978a-4501-9b17-2ee57624618d",
      "Value": "\"사과를 받아들이겠어. 무슨 얘기를 하고 싶은데?\""
    },
    {
      "Key": "b54a642d-e9c5-42a1-a680-2001557d1ea5",
      "Value": "\"아무래도 넌 다른 마음을 품고 있는 것 같아. 너랑은 더 이상 엮이고 싶지 않아.\""
    },
    {
      "Key": "2cdaf194-fa54-4fa5-bc5c-90d2e499f803",
      "Value": "\"일단 얘기해봐. 사과를 받아줄지는 그때 결정하지.\""
    },
    {
      "Key": "3f0d5ecc-c0a8-4865-abaf-50dcb709c47c",
      "Value": "\"솔깃하지만, 한번 생각해 봐야겠어.\""
    },
    {
      "Key": "c7e0d56b-dfe3-48bd-ab1b-f69adb2bfe8a",
      "Value": "\"네 말을 믿기가 쉽지 않네. 너와 함께하긴 어렵겠어.\""
    },
    {
      "Key": "c48830f3-c83e-47e9-a160-d8e76a8673e3",
      "Value": "\"보물찾기 좋지. 난 준비됐어!\""
    },
    {
      "Key": "a2ed5438-1887-4353-9cf1-80c883048c6d",
      "Value": "{n}당신은 자만디 알도리의 저택에서 만났던 티플링 {d|Kaessi}카에시{/d}가 다가오는 것을 봅니다. 그녀는 와인 두 잔을 들고 와서는, 한 잔을 당신의 손에 건네줍니다.{/n} \"나와 한 잔 하겠어?\""
    },
    {
      "Key": "76650ab7-8033-42a9-b844-dda381d8c425",
      "Value": "{n}카에시는 미소를 지으며 가볍게 잔을 부딪혀 건배합니다.{/n} \"아름다움을 위하여! 아름다움이야말로 행복한 나날을 더욱 달콤하게 만들어주고, 어둡고 슬플 때에는 한 줄기 빛을 더해 주지...\""
    },
    {
      "Key": "b1cfb20c-3e29-4374-bbe3-a5f51914611f",
      "Value": "\"좋아!\" {n}카에시는 당신과 건배합니다.{/n} \"승리의 깊은 맛에 비할 바는 못되더라도, 축배로 마시는 와인이 떫지는 않을테니.\""
    },
    {
      "Key": "c143bcfd-44de-4521-8865-68176ae00729",
      "Value": "\"돌려 말하는 것 보다는 직설적인 걸 좋아하시는구만...\""
    },
    {
      "Key": "b022b341-e72f-474b-a079-4287e80a1368",
      "Value": "\"나를 바보로 보는거야? 바보가 아니고서야 독이 든 잔을 직접 주겠어? 모두가 보고 있는데! 너를 독살하려 했다면 아주 비밀스럽고... 우아하게 했겠지.\" {n}카에시는 싱긋 웃습니다.{/n}"
    },
    {
      "Key": "b7dea00a-fa06-47df-8e89-324e9f14ae34",
      "Value": "\"농담은 그만하고.\" {n}카에시는 웃음을 멈춥니다.{/n} \"사과할 게 있어. 이전에 알도리와 얘기를 나눌 때, 네 기분을 상하게 해서 미안해. 하지만 고의가 아니었어. 살다 보니 뼈저린 교훈을 얻었거든. 처음 보는 사람을 조심하라는 교훈을 말이야. 그래서 네 초대를 거절했던 거야. 부디 용서해 줘. 무례하게 굴어서 미안해. 그리고 네게 말해줄 게 있어...\""
    },
    {
      "Key": "10f1f8fc-bdd0-47d6-8ef4-148f97b622c0",
      "Value": "\"아주 공교롭게도, 정말 귀중한 정보를 가져왔어. 이 야생의 땅을 정복한 용감한 용사님께서 보물이 가득할 것 같은 고대의 신전을 그냥 지나칠 리가 없을 거 아냐? {g|Qadira}카디라{/g}의 내 옛 친구들이 우연히 네 땅에 그런 곳을 발견해서 알려주더라고. 내 친구들은 그런 험지를 탐험하고 보물을 찾을만한 용기가 없었어. 하지만 우리라면 다르지 않을까? 싸우는 법도 알고, 같은 불길 속을 지나왔잖아.\" {n}카에시는 말을 멈추고 기대하듯 당신을 바라봅니다.{/n}"
    },
    {
      "Key": "e8eed487-e138-4220-9bc8-8dd1281ec74e",
      "Value": "{n}카에시는 입술을 깨물고 무언가 항변하려는 것 같았지만, 이내 고개를 가로젓습니다.{/n} \"그게 네 결정이라면. 안녕히. {name}! 네 머리의 왕관이 짐이 되지 않기를 바라.\""
    },
    {
      "Key": "a4e918ad-f50b-43e6-8c9c-1e6f345baf73",
      "Value": "\"좋아. 들어봐...\""
    },
    {
      "Key": "5c0a9995-13ae-4e8c-a1bc-e13d7ae15232",
      "Value": "{n}카에시는 잠시 자신의 잔으로 시선을 돌립니다.{/n} \"기쁘네. 보통 호의나 애정은 그걸 갈망하지 않는 자의 손에 쥐어지기 마련인데 말이야... 어쨌든, 달콤한 얘기는 충분해. 너에게 할 중요한 얘기가 있어.\""
    },
    {
      "Key": "e28f3f1b-c786-47dd-8590-c9bde7c31122",
      "Value": "{n}카에시가 자기 잔을 만지작거리며 조용히 웃었습니다.{/n} \"너도 빨리 작위를 손에 넣고 승리를 만끽하고 싶겠지. 나 역시 시끄러운 잔치나 행사는 질색이고... 영지로 복귀하면 그때 만나자. 수도에 집을 하나 구해 놓을 테니. 자세한 내용은 거기서 상의하자고.\""
    },
    {
      "Key": "e37f1b20-d6a4-4852-bb98-4c9c6239e2f3",
      "Value": "\"네가 조심하는 것도 당연해. 뭐, 난 새로운 남작령의 수도를 방문할 예정이야. 집도 하나 빌릴 것 같으니까, 내 제안에 관심이 생기면 거기서 봐!\""
    },
    {
      "Key": "9fd23bf5-23ab-4924-81af-24371aea8f80",
      "Value": "\"안녕. {name}. 오늘만 이름으로 불러드릴게. 앞으로는 계속 '남작님, 남작님, 남작님' 소리를 듣고 살 테니까 말이야!\" {n}잔을 들고 티플링은 건배하고는 한걸음 물러서서 기둥 사이의 어둠 속으로 사라집니다.{/n}"
    }
  ]
}