{
  "$id": "1",
  "strings": [
    {
      "Key": "f64ef61b-131d-496c-93f5-2abcad72ead5",
      "Value": "\"사이클롭스의 무덤에서 찾은 그 불쌍한 여인의 얼굴을 잊을 수가 없어. 정말 얼굴잃은 자매가 맞았지! 그녀에게 무슨 일이 일어난 걸까?\""
    },
    {
      "Key": "5c5e1314-7335-4e3d-a17b-7837aa86253b",
      "Value": "\"어떤 광신도들이 벌이는 종교 의식이겠지. 어둠의 종교의식을 행하는 사제들은 가끔 자해를 하지.\""
    },
    {
      "Key": "887979af-930c-4021-9d9a-7a1ed54c1774",
      "Value": "\"어쨌든 지금은 별로 중요하지 않아. 무덤에서는 얼굴이 필요 없으니까.\""
    },
    {
      "Key": "a8f20dad-b3f8-405c-beda-a6b79c7e1906",
      "Value": "\"세상은 공포로 가득 차있어. 삶은 잔인하지. 더 놀라운 것은 삶에 매달리는 방식이다.\""
    },
    {
      "Key": "506723d6-d313-4cf3-89d5-033bb01aff7c",
      "Value": "\"왠지 모르지만 그들이 정말로 자매라고 느꼈어... 아주 불행한 가족의 자매 말이야.\""
    },
    {
      "Key": "7707fa77-6cd7-4601-887c-559c93190a92",
      "Value": "\"왠지 모르지만 그들이 정말로 자매라고 느꼈어... 아주 불행한 가족의 자매 말이야.\""
    }
  ]
}