{
  "$id": "1",
  "strings": [
    {
      "Key": "a4c1bec5-00c6-4dcf-ac8c-b57d5939af54",
      "Value": "\"이게 뭐요?\""
    },
    {
      "Key": "fa9c58b2-8dee-4767-b357-60d053546ffc",
      "Value": "\"내 시간을 낭비하는 군.\""
    },
    {
      "Key": "2538f77f-d6f4-4cfc-a2b1-481de35a5b0d",
      "Value": "[공격한다] \"네 주제를 잊었구나, 평민아!\""
    },
    {
      "Key": "6183e526-b217-40c7-9d0b-cbd4219f4ca0",
      "Value": "\"멘데브의 어떤 사람? 지금 무슨 얘기 하는거지?\""
    },
    {
      "Key": "e01669f2-d413-4959-97a5-e609072a732a",
      "Value": "\"자원자들은 멘데브에 자기 의지로 간다..\""
    },
    {
      "Key": "2f580c86-5a03-4c90-931a-3837d94c85ad",
      "Value": "\"네 걱정을 잘 알고 있고, 나 또한 같은 걱정을 하고 있다. 멘데브 사절에게 내 땅을 떠나도록 지시하겠다.\""
    },
    {
      "Key": "7438041c-4ed9-49af-8178-d7015a92c5b9",
      "Value": "\"맨데브의 선교단과 맞서지 않을 것이다. 그들 모두가 다른 이들을 위해서 최전선에서 몸을 던지고, 그리하여 전세계를 지키고 있다!\""
    },
    {
      "Key": "a17d6714-de72-4e7d-9f6d-4dc63fcc3d69",
      "Value": "\"그리고 너는 누구지?\""
    },
    {
      "Key": "85ced0f1-9f5c-46b6-96ae-30f3e736df2c",
      "Value": "\"내 백성들은 오직 나를 위해서만 죽는다. 즉시 맨데브의 하수인들을 내 영토에서 몰아내도록 하지.\""
    },
    {
      "Key": "146edbb4-1fe5-47c7-bc4a-62b2a31587a8",
      "Value": "\"맨데브 선교사들이 자기들 할 일을 하게끔 하라, 자원자들에게도 그들의 양심에 따라 행동하게끔 하라. 나는 관여하지 않는다.\""
    },
    {
      "Key": "15261533-71f8-424b-bf52-e0d1e458b5de",
      "Value": "{n}화난 농민들의 군중은 소란에 빠져있습니다. 그리고 그들의 지도자, 다부지게 생긴 젊은이는 몇 발자국 앞으로 나와서 소리를 높입니다.{/n} \"{mf|영주님|영주님|전하|전하}, 기다려주십시요! 저희 말을 들어주시길 바랍니다!\""
    },
    {
      "Key": "e3e4ec0c-40f5-49cf-810d-8845f1a07ab3",
      "Value": "\"저흴 용서해주십시요... 이렇게 당신을 숨어 기다린 것을요. 하지만 경비대와 보좌관들이 성에서 당신에게 얘기하게끔 하지 않았습니다. 저희는 여기서 당신이 지나가기를 기다려야만 했습니다.\""
    },
    {
      "Key": "650fef54-af7b-4e66-ac7a-985c4346a187",
      "Value": "{n}남자가 우울한 표정이 됩니다.{/n} \"그리고 당신은 인명을 낭비하고 있습니다! 저희 말을 듣는게 해가 되진 않을겁니다!\""
    },
    {
      "Key": "086af565-9730-47e3-83ae-957245160d41",
      "Value": "\"저희가 여쭙고 싶은건... {mf|영주님|영주님|전하|전하}께서 그토록 사랑하시는 이 맨데브 사람들에 대해서 입니다... 왜 당신의 백성에게 그만한 자비를 베푸시지 않는겁니까, {mf|영주님|영주님|전하|전하}?!. 맨데브놈들은 우리 아이들을 우리와 상관없는 전쟁으로 끌여들이고 있다구요! 그리고 당신은 그저 맨데브놈들한테 찬동할 뿐이었죠!\""
    },
    {
      "Key": "a9baceb1-d9db-4727-af9c-c631c24c69d8",
      "Value": "{n}농민이 옷 속에서 무기를 꺼냅니다.{/n} \"그럼 지옥에 떨어질 거야, 우리 말을 들을 생각이 없다면 말야! 널 도살한 다음엔 마음씨 따뜻한 멘데브 병신들을 쳐죽여주지. 데몬로드를 찬양하라! 바포메트를 찬양하라! 데스카리를 찬양하라!\""
    },
    {
      "Key": "bdc4cc27-e95f-421e-9d2e-8e9b6d56471d",
      "Value": "{n}남자가 고개를 흔듭니다.{/n} \"오, 당신 그럼 벌써 그걸 잊었군요! 당신이 얼마전에 지원했던 그 신병모집자들 말이에요. 당신이 말했지요, 우리 아이들이 맨데브에게 가도 괜찮을 거라고, 데몬들의 손톱과 이빨에 죽어도 괜찮다고요! 그놈들은 아직 안떠났습니다. 아직까지도 마을 주변을 돌아다니면서, 영웅심과 의무에 대해 얘기하고 있다구요.\""
    },
    {
      "Key": "f5469afd-bcbc-4ca8-8bb6-992fcf88722d",
      "Value": "\"그 놈들 얘기를 누가 제일 많이 듣는지 아십니까? 아이들입니다! 젋은 남자와 처녀들이지요. 그들은 전투의 영광에 대해 듣자마자, 가족과 직장을 버리고 맨데브한테 달려갔습니다... 의미없이 죽기 위해서요!\""
    },
    {
      "Key": "88332cb3-775d-46f4-acce-c1b6922e61d7",
      "Value": "\"우린 당신의 백성들입니다, {mf|영주님|영주님|전하|전하}! 여기 살고 있는 사람들이고, 당신 땅을 일구는 사람들이며, 당신이 지나갈때 숙이는 사람들이라고요! 이 맨데브 놈들을 더이상 참을수 없습니다! 그래서 우리는 모이기로 결심했고... 당신을 보러 온겁니다...\""
    },
    {
      "Key": "55565270-8285-4672-a1d8-845c73b2c47c",
      "Value": "\"이봐요, {mf|영주님|영주님|전하|전하}. 무슨 자유 의지입니까? 우리 바보같은 젋은이들은 너무 순진해서. 그저 부르기만 하면, 뛰어서 올 애들입니다. 심지어 그게 데몬의 입이라고 해도요! 아니요, 그들의 죽음은 당신 책임입니다, 그들이 자초한 게 아니라!\""
    },
    {
      "Key": "671047c1-2920-493d-99d1-03cd2a9ceab6",
      "Value": "{n}남자가 움찔하고 놀랍니다.{/n} \"감사드립니다,{mf|영주님|영주님|전하|전하}. 당신 땅을 위해서 당신의 목숨을 잃는 것이 낫습니다. 이방인을 위해 죽는것보다는요!\""
    },
    {
      "Key": "d2757309-dadc-4949-8fac-36d3db69cf54",
      "Value": "{n}남자가 몸을 숙입니다. 그리고 남자 뒤의 군중이 만족한듯이 소리지릅니다.{/n} \"감사드립니다, {mf|영주님|영주님|전하|전하}. 당신하고 직접 얘기하는 것밖에 수가 없다는 걸 알고 있었습니다. 당신의 보좌관을 통해서가 아니라! 장담드립니다, 우리 아이들은 이 피에 굶주린 공상주의자들 없이 더 나은 삶은 살겁니다!\""
    }
  ]
}