{
  "$id": "1",
  "strings": [
    {
      "Key": "515581f5-9200-40fe-9c63-1db3169c0474",
      "Value": "\"문제가 생겼어요, {name}! 강력한 마법적 이상 현상이 특정 지역에서 몰아치고 있어요! 지역 마법사들에 따르먼, 주문들이 아예 작동하지 않거나, 완전히 예상치 못한 결과를 발생시킨다 하더군요. 노련한 마법사가 자신의 마차를 수리하려다 자신도 모르게 행인을 띄웠어요. 다른 곳에서는, 유명한 환영술사가 불꽃 놀이를 준비하려다, 그 대신 청중들의 발 밑의 땅을 깊고 미끄러운 진흙으로 바꾸어 놓았죠.\""
    },
    {
      "Key": "7c27d279-9ca3-4c9e-a99f-40bca4f1bdc3",
      "Value": "\"괴로운 소식입니다, 전하. 어떤 지역에서 마법이 통제를 벗어났습니다. 주문들이 의도한 대로 동작하지 않고 있습니다. 그런 사건들이 수두룩하고 다양하게 벌어지고 있습니다. 어떤 곳에서는 노련한 마법사가 자신의 마차를 수리하려다 자신도 모르게 구경꾼을 띄웠습니다. 다른 곳에서는 유명한 환상가가 불꽃놀이를 하면서 청중들의 발 밑의 땅을 깊고 미끄러운 진흙으로 바꾸어 놓았습니다.\""
    },
    {
      "Key": "327c5721-8a25-4f9c-a942-fbb4ffe01adf",
      "Value": "\"또다시 너의 백성들이 몸을 웅크리고 그림자에 숨었다. 어떤 지방에서, 주문들이 제대로 작동하지 않는다는군. '마법사' 한 명이 자신의 수레를 수리하려고 주문을 외웠는데, 대신 구경꾼 중 한 명을 공중에 띄우고 말았다. 다른 마법사는 자기 주변에 모인 바보들의 주의를 끌려고 간단한 불꽃놀이를 하려다가, 그만 구경꾼들의 발 밑을 묽은 진흙탕으로 바꿔버렸지. 불평불만이 끊이질 않는다: 마법 화재, 산성 폭풍우, 움직이는 가구들의 흉폭한 공격...\""
    },
    {
      "Key": "e025c736-7aa8-4caf-87d7-548a3b536428",
      "Value": "\"새로운 보고가 매일같이 들어와요 — 마법의 불꽃이 거주지를 휩쓸고 있고, 원인 모를 산성 방울의 폭풍이 몰아치죠. 가구들이 살아나더니 주인을 공격해대고요! 최악인 사실은 이 일의 원인을 알 수가 없다는 점이죠. 왕국 내에 이에 대해 충분히 알고 있는 학자들이 아무도 없어요 — 우리는 마법사 거주구의 주민들에게 너무 많은 제약을 걸었으니까요... 이제 남은 일은 이 결과를 해결하는 일뿐이에요.\""
    },
    {
      "Key": "8d53a93b-4a1a-4599-aa54-7fcde57183b6",
      "Value": "\"{mf_HighPriest|대사제|여사제}가 고통받고 있는 사람들을 도울 수 있을 것입니다. — 현재로선, 신성 마법은 변칙성에 영향을 받지 않습니다. 하지만, 그 법칙이 언제 바뀔지 누가 알겠습니까? 제 조언을 물으신다면, 우리 영주들에게 국고를 보내 지원하십시오. 그러면, 그들이 어떤 위기라도 적절한 때에 적합한 방법으로 해결할 수 있을 겁니다.\""
    },
    {
      "Key": "8619760e-db95-4423-9f32-081a6b5cd593",
      "Value": "\"당연하게도, 내가 개입해서 어떤 변칙성을 처리해야 할지 확인하기 전까지는 아무도 무슨 일이 일어나는지 알지 못했다. 아마도 내게 그 현상을 더 자세히 조사할 의향이 있을 수도 있지. 하지만, 당신이 마법사들에게그 모든 제한들을 가했기 때문에, 나를 도울 만큼 충분한 지식을 가진 자가 {mf|남작령|여남작령|왕국|왕국}에 아무도 남아있지 않았다. 그리고 내 성향상, 나 홀로 그런 연구를 하고 싶은 생각은 없다.\""
    },
    {
      "Key": "42fbf8cd-8e39-4661-83b5-cb3bf7d3b85c",
      "Value": "{n}옥타비아의 얼굴이 새하얗게 질렸습니다.{/n} \"{name}… 오늘 밤 마법 지구의 실험에서 독성 가스 유출이 있었어. 이건... 이건 정말이지 충격이야. 사람들은 집 안에서 문 밖으로 기어나오다가 죽어갔어... 잠을 자던 사람들은 다시 깨어나지 못했지... 아침이 되어서야 겨우 누군가가 마법 지구 옆의 거리에서 새어나오는 미약한 신음소리를 들었다고 해...\""
    },
    {
      "Key": "e32d66cf-8c2f-4a9e-afbc-385f9f035bc6",
      "Value": "{n}이야기꾼은 얼굴에 수심이 가득해보인다.{/n} \"비극이 마법 지구를 덮쳤습니다, 전하. 마법사들의 실험 중 하나가 독성 가스 누출 사고로 이어졌습니다. 실험이 한 밤중에 이루어졌는지라 경보가 너무 늦게 울리고 말았습니다. 사람들이 집 안에서 조용히 죽어갔다고 합니다. — 도망가거나 도움을 청하기엔 너무 늦은 채로...\""
    },
    {
      "Key": "020d8c26-fb25-402e-af16-e5613a778db1",
      "Value": "\"하! 저등한 종족은 정말이지 마법에 어울리지 않군! 어젯밤 마법 지구에서 벌어진 실험이 몇 시간 동안 아무도 알아채지 못한 독성 가스 누출 사고로 이어졌다. 예상할 수 있는 대로, 얼빠진 마을 주민놈들은 아침이 되어서야 깨닫더군. — 이웃들의 시체에 걸려 넘어질 뻔하다가 말이지.\""
    },
    {
      "Key": "12b3da69-8b31-4915-8412-e4faac37a01e",
      "Value": "\"새로운 보고가 매일같이 들어옵니다. — 마법 화재, 산성 폭풍우, 움직이는 가구들의 습격... 우리가 이 마법적 이상 현상에 대해 이해할 수 없는 이유는, 백성들 중 아무도 마법에 대해 잘 아는 이가 없기 때문입니다. 국내 최고의 학자들은 오래 전에 '연구할 자유를 침해했다'고 주절거리며 왕국을 떠났습니다. 이제 남은 것은 이 결과와 씨름하는 것뿐입니다.\""
    },
    {
      "Key": "3a4be593-6490-4100-8fb9-3ad1f2cda4f6",
      "Value": "\"재무관은 돈만 조금 보태고 불쌍한 사람들더러 본인 앞가림은 본인이 하라고 말하겠죠. 더 확실한 방법은 대사제의 도움을 요청하는 거예요. 신성 마법은 강력하고, 비전 마법과는 다르게 아무런 이상 현상을 남기지 않아요. — 의도한 대로 작동하기도 하고요.\""
    },
    {
      "Key": "9c03f7c8-9694-4941-8b26-c33335dd432d",
      "Value": "\"언제나 그렇듯, 바보들은 네가… 전하가… 나서서 자기들을 구해주길 바란다. 재무관이 돈 몇 푼을 쥐어주면 그들의 입을 막을 수 있다. 아니면 {mf_HighPriest|대사제|여사제}가 개입하도록 명령할 수도 있고. 어떤 방식이던, 너의 결정을 돕는 것은 나에게 아무 의미가 없다. 폭도들이 어떤 고통을 박던 내 알 바 아니니. 그러므로, 이 최고의 딜레마를 처리하는 것은 너에게 맡기겠다.\""
    },
    {
      "Key": "5d942d0b-1b0e-4ad1-9193-c32ad8979d0a",
      "Value": "\"독구름은 사라졌어요. 바람이 그것을 소멸시켰죠. 하지만 가스 때문에 상처받고 망가진 사람들이 어디에나 있어요. 다른 방법은 없어요. 그들을 도와야 해요! 즉시 최고의 치료사들과 사제들을 파견하길 추천해요. 불구자가 되었다면 금전적 보상이 무슨 소용이 있겠어요!\""
    },
    {
      "Key": "868d7380-875c-4dbf-b200-6fd7e5eb8343",
      "Value": "\"유독성 기체는, 사라졌지만 희생자가 너무 많습니다. 고위 {mf_HighPriest|사제|여사제}에게 해당 지역으로 치유사 파견을 요청하고 죽어가는 이들 중 일부라도 구하기를 바랄 수도 있습니다만, 성공할 가능성은 희박해 보입니다. 재무관이 피해자들에게 금전적 보상을 제공하는 것이 최선입니다. 본인들이 직접 치료사들을 고용할 수도 있고, 아니면 장의사라도 사겠지요.\""
    },
    {
      "Key": "d80c8f38-7dbe-47ef-b8e1-353864ce692b",
      "Value": "\"{mf_HighPriest|대사제|여사제}는 상처를 치유할 수 있다. 재무관은 {mf|남작령|남작령|왕국|왕국}의 금고를 열어 피해자들을 지원할 수 있지. 나는 양쪽 모두 별로 마음에 들지 않으니, 네가 원하는 대로 해라. 솔직히, 나는 관심조차 가질 않는군...\""
    }
  ]
}