{
  "$id": "1",
  "strings": [
    {
      "Key": "1d7c2ac6-1d2a-4518-8df5-47e8f4a3281c",
      "Value": "\"{mf|남작|여남작|왕|여왕} {name}. 이 땅의 적법한 통치자다.\""
    },
    {
      "Key": "52c52a60-7242-482b-888c-e142a757ecfe",
      "Value": "\"네가 상관할 바 아니야.\""
    },
    {
      "Key": "9387af36-b657-48b9-b4c3-624960cac614",
      "Value": "[공격] \"너와 얘기하러 온 게 아니다. 죽어라, 쓰레기야!\""
    },
    {
      "Key": "877af9e9-dfc2-4fbd-9947-1409871ffb6a",
      "Value": "\"왜 계속 주민들을 못살게 하지?\""
    },
    {
      "Key": "e5bcfccd-6197-4017-904b-937bb6e7dc83",
      "Value": "[큰 목소리로] \"지나가다 너를 봤는데 갑자기 이런 생각이 들더군. '뭐지, 가서 경의를 표해야 겠는데!'\""
    },
    {
      "Key": "70a6406e-103d-4083-9776-da6a06b7c6f2",
      "Value": "\"내가 어떻게 설득하면 당신이 영원히 이 땅을 떠나, 마을 사람들 평화롭게 살도록 할 수 있겠나?\""
    },
    {
      "Key": "3e835459-3ac4-4e0c-a147-c1902dc01f76",
      "Value": "[공격] \"그런 식으로 말을 하면 안 되지. 네 신들 곁으로 보내주마!\""
    },
    {
      "Key": "9d1ed7c8-c134-41ee-9d93-4eab59022c20",
      "Value": "\"가서 다시는 돌아오지 마. 두번 말하지 않겠다.\""
    },
    {
      "Key": "35a5c16f-28ed-4abf-a2b6-cdd682e40462",
      "Value": "\"잠깐. 사랑에 빠진 엘프 장인 키모 얘길 하는거야?\""
    },
    {
      "Key": "37f3182e-1057-4c93-87f2-382624c6a2d4",
      "Value": "[사티로스에게 병을 건넵니다] \"여기 네 약이다.\""
    },
    {
      "Key": "27856a9f-6057-4062-af03-6035f3a811b7",
      "Value": "\"무슨 말하는 거야?\""
    },
    {
      "Key": "956850bc-fa02-4cae-bd6a-aa76a511e644",
      "Value": "\"나는 가야 해.\""
    },
    {
      "Key": "9ef302b3-8ff5-4dc3-8bdf-80751abd1a3d",
      "Value": "\"알았다, 알았어. 그건 사과하지.\""
    },
    {
      "Key": "60d8025d-7d59-451d-8bd3-f296e8fbc0e4",
      "Value": "[더 큰 목소리로] \"응?! 뭐라고?!\""
    },
    {
      "Key": "378ea938-1f70-481d-8cfb-5fe6ece5de91",
      "Value": "\"오. 미안. 그러려던 건 아니었어.\""
    },
    {
      "Key": "af537c29-251a-478b-9043-a0af23b9cd6e",
      "Value": "[비명] \"뭐?! 왜 속삭이는 거야?! 좀 크게 말해 줄래?!\""
    },
    {
      "Key": "3b4c52b9-488f-4382-98c2-f99828dbd2f5",
      "Value": "{n}아침에 막 일어난 뒤의 입냄새 같은 불쾌하고 구역질나는 악취가 공터에 가득합니다. 각양각색의 페이들이 바닥을 굴러다니거나 자고 있고 몇몇은 거의 헐벗었습니다. 피곤해 보이는 사티로스가 눈꺼풀을 천천히 들어 당신을 봅니다.{/n}"
    },
    {
      "Key": "9bda499b-a92f-49f7-b775-28b3958b0f9d",
      "Value": "\"젠장... 누구야? 거기?\""
    },
    {
      "Key": "e3875c0a-caa7-43c1-8381-c4636c2ccbe7",
      "Value": "{n}사티로스가 찡그립니다.{/n} \"조용히 해. 이 뿔 없는 데블아... 여기 뭐하러 왔어?\""
    },
    {
      "Key": "755fac67-8821-455b-88df-b118a3320848",
      "Value": "\"하! 딱 네 뻐기는 꼴만 봐도 바로 알겠군... 원하는 게 뭔데?\""
    },
    {
      "Key": "d9569628-e54b-4a87-814a-3cb83d1a6406",
      "Value": "\"꼭 자기 분수를 모르는 놈이 있기 마련이지… 멍청한 귀쟁이 자식이 우리 여자애한테 농탕치는건 못참아주겠다 이거야!\""
    },
    {
      "Key": "f6ac63da-48ce-4560-b0db-58e3199bc7bb",
      "Value": "\"하! 멍청한 나라의 멍청한 {mf|남작|여남작|왕|여왕}이군... 원하는 게 뭐야?\""
    },
    {
      "Key": "6de8e94f-9ee5-4395-8a7d-347350640ecd",
      "Value": "\"하! 그런 주둥이를 가지고? 먼저 엄니부터 다듬는게 나을텐데... 원하는 게 뭔데?\""
    },
    {
      "Key": "59f074db-732f-4e5b-afc8-c1e5e1f3cc27",
      "Value": "{n}사티로스는 고통으로 얼굴을 찡그리며 당신을 바라봅니다.{/n} \"끄응, 제기랄. 네 망할 주민들은 신경도 못 쓰겠군... 머리가 둘로 쪼개질 거 같아. 마실 것 좀 줘. 치료의 물약 알지? 물약을 주면 그 말썽쟁이 녀석들을 집으로 돌려 보내주지. 이런다고 그 덜렁대는 여자의 마음을 바꿀 수 있을 것 같지도 않고...\""
    },
    {
      "Key": "ccbca32d-7d24-48c9-83d7-dd6ce0483834",
      "Value": "{n}사티로스는 손으로 얼굴을 덮으며 말합니다.{/n} \"정의와 자비의 이름으로 명하노니, 목소리 좀 낮춰라...\""
    },
    {
      "Key": "556b8928-4653-4681-89aa-46b0ee7375ec",
      "Value": "{n}그 불쌍한 크리처가 겨우 신음을 뱉습니다.{/n} \"오. 신이시여. 왜 이렇게 소리를 빽빽 지르는 거야...\""
    },
    {
      "Key": "7adb7271-f900-4e89-8fb5-e730a923ef6b",
      "Value": "{n}사티로스는 씩 웃더니 일어섭니다.{/n} \"일어나! 이 주정뱅이들아! 집에 가자!\""
    },
    {
      "Key": "ae3b6012-4181-4be5-8d50-45f88dd21710",
      "Value": "{n}사티로스가 실소를 터트립니다.{/n} \"이거 완전 자신만만 하구만?\""
    },
    {
      "Key": "48ace223-d639-4b64-9b23-2143763cf2f3",
      "Value": "\"오, 그놈을 알아? 귀엽군. 그놈한테 어딜가더라도 그녀랑 사귀진 못 할거라 전해줘. 그 한심한 돌대가리는 그냥 나무랑 놀라고 하라고...\""
    },
    {
      "Key": "eb0b3862-41f8-4e9f-9b57-0336291c5fe6",
      "Value": "\"꺼져, 네 엘프하고나 얘기해! 내가 신경이나 쓸 것 같아?\""
    },
    {
      "Key": "04e31880-81ab-4760-91f4-b02478556c8f",
      "Value": "\"흠. 나쁘지 않군... 그 멍청한 농부들을 괴롭히는 것도 질리던 참이니. 그럼 안녕, 네 얼굴이 별로 그립진 않을 거야.\""
    },
    {
      "Key": "5b084d78-2d8e-415c-a56d-4d5b42b6b198",
      "Value": "\"또 너냐…\""
    },
    {
      "Key": "5ceadbf5-0fde-487f-8d21-2c007b41e658",
      "Value": "{n}사티로스는 귀찮다는 듯 손을 흔듭니다.{/n} \"나한테 인사 받을 생각 마라. 나는 네 종이 아니야...\""
    },
    {
      "Key": "e004ebb9-d806-4df9-a89d-f680e88c5177",
      "Value": "{n}사티로스는 안도의 한숨을 쉬며 관자놀이를 문지릅니다.{/n}"
    },
    {
      "Key": "c545303e-4c90-4639-bfe8-a602c54c822a",
      "Value": "{n}괴로워하던 사티로스가 자포자기 하듯 머리를 움켜쥡니다. 그의 얼굴이 고통과 공포로 일그러집니다.{/n} \"좋아! 알겠어! 갈게! 일어나라, 이 자식들아! 집에 가자!\""
    }
  ]
}