{
  "$id": "1",
  "strings": [
    {
      "Key": "1331ab15-0720-4106-a000-e2796c5b4e85",
      "Value": "\"그래서 오늘 저녁에 괴물 미끼를 사용하는 거야?\""
    },
    {
      "Key": "bd1d4293-3192-4e6f-a7bf-81c3a3b463ca",
      "Value": "\"이런 식으로 야영했다간 기습당하고 말걸.\""
    },
    {
      "Key": "9120da14-7f38-41b7-88bf-2509786fbfe7",
      "Value": "\"용기내주어 고마워. 아미리. 하지만 귀찮은 일이 생기면 슬플 거야.\""
    },
    {
      "Key": "3496d4a7-39c3-48af-b041-c7a0175e9a15",
      "Value": "\"죽고 싶구나. 누구도 죽음을 거부할 수 없지. 나는 너의 그런 면이 좋아.\""
    },
    {
      "Key": "6c2c28c7-d98c-4a3e-99d3-202e92175830",
      "Value": "\"어쩌면 오늘 저녁 괴물 대신 누군가 올까? 상냥하고 매력적이고 쿠키 바구니도 가져오면 더 좋고...\""
    },
    {
      "Key": "dbfacee0-ee9a-4bde-bf67-39a68990bad7",
      "Value": "\"하! 아미리가 야영지를 숨기지 않아서 두려워하는 거야? 걱정 마. 습격이라도 당하면 텐트에 숨어있으라고. 내가 해결할 테니.\""
    }
  ]
}