{
  "$id": "1",
  "strings": [
    {
      "Key": "29c2ccf7-2607-42df-86af-fb76f373ed97",
      "Value": "\"카네라, 칼리케. 어떻게 여기에 둘이 같이 있는거야?\""
    },
    {
      "Key": "b2fe0d0f-4ad4-4f68-98f5-a2248b81174a",
      "Value": "\"우리는 가야 해.\""
    },
    {
      "Key": "8ae6ae35-24ea-442d-abc5-c8ae935250cb",
      "Value": "\"그러니까, 네서스의 두번째 계약 조건을 깬 거구나...\""
    },
    {
      "Key": "df0850b4-e1b6-4d2d-93d6-3a1c1b7d6d92",
      "Value": "{n}카네라와 칼리케에게 다가가자, 당신은 두 소녀가 가까이 앉아 조용히 대화하는 것을 볼 수 있습니다. 그들의 목소리에는 슬픔과 함께 따스한 온정이 실려 있습니다.{/n} \"그리고 눈은? 눈은 좋아해? 참, 내가 무슨 소리를... 당연히 언니는 눈은 쓸모가 없다고 말하겠지.\""
    },
    {
      "Key": "371677a0-c8fa-4e3a-bd1a-be90cfe58b8e",
      "Value": "{n}당신이 다가가자 싸우는 소리가 들렸습니다.{/n} \"안 돼, 이건 아니지! 네가 처음부터 그런 멍청한 짓을 하지 않았다면, 내가 그런 잔인한 짓을 할 필요도 없었어! 그 결과 때문에 씨름하지 않아도 됐을 거고...\""
    },
    {
      "Key": "6924e14b-7170-48a2-90fb-68761f26c912",
      "Value": "\"카네라, 그만해. 그건 나중에 이야기하자. 우리가 살아남으면, 그리고 언니가 날 혼내고 싶은 유혹을 참아낼 수 있으면 말이야!\""
    },
    {
      "Key": "7e605716-078d-41e6-9302-06e03b87d07f",
      "Value": "\"네가 먼저 시작한거잖아! 아, 봐라! {name}야!\""
    },
    {
      "Key": "ab4ad8a8-c682-4098-b38d-e71aca504284",
      "Value": "\"너의 시적인 수다도 잠깐이라면 들어줄 준비가 되어 있어. 우리가 이 아름답지만 위험한 궁전을 떠나기만 하면 말이야... 아, 봐봐! 저기 {name}야!\""
    },
    {
      "Key": "5532b760-7617-4093-aa95-59cbd859ea80",
      "Value": "\"이건 전부 시간의 끝에 선 집 때문이야.\" {n}칼리케가 당신을 보고 웃습니다.{/n} \"최소한 우리 생각에는 그래. 이 곳은... 둘로 나뉘어진 것들이 동시에 존재하는 곳이야. 여기와 저기, 어제와 오늘에... 심지어 여기서는 거울조차도 시간차를 두고 영상을 비춰주지. 나는 여기에서 안개 속을 홀로 돌아다니고 있었고 카네라는 맞은 편에 서있었어...\""
    },
    {
      "Key": "223b4f24-fae5-4e07-8cff-b1c55f71958e",
      "Value": "\"우린 준비 되었어. 무슨 일이든지.\""
    },
    {
      "Key": "77d2a3d7-a760-4cd3-82f7-6ac2326d1e0e",
      "Value": "\"마침 나도 안개 속을 좀 걸을까 생각했다가, 이 몽유병자를 따라잡을 수 있었던게 다행이었지! 바로 그때 영혼 포식자가 나를 노리고 있었거든. 물론 진짜 영혼 포식자는 아니었고, 누군가가 풀어놓은 환영이었지. 만약에 네가 그 역겨운 악마로부터 우리를 이미 구해줬다는 걸 몰랐더라면 그 미끼를 덥석 물 뻔 했어!\""
    },
    {
      "Key": "d29a71e6-896f-4aa8-943f-8da86fd33fe8",
      "Value": "\"어떻게 숨었든, 가는 길에 페이 몇마리는 구워버릴 수 있겠지! 앞장 서!\""
    },
    {
      "Key": "5a3d1662-01d0-4c24-aebd-87a3d01465cc",
      "Value": "\"그래... 선조가 이걸 경고했던 적이 있어. 이제 무슨 일이 생길까?\""
    },
    {
      "Key": "fce8692e-ef9d-4730-b4e8-8d735c34993a",
      "Value": "\"그런 걱정거리는 좀 미뤄두는게 어떨까? 일단 정신나간 페이 여왕의 영역은 탈출한 다음으로 말이야.\""
    },
    {
      "Key": "87feac12-d9e0-497d-aeae-1b73da94e80b",
      "Value": "\"잠시만! 잠깐 얘기 좀 할 수 있을까?\""
    },
    {
      "Key": "0653f35d-abcd-4099-a96a-fef8b312f321",
      "Value": "\"들어봐. 지금 얘기하기는 좀 그렇지만, 정신나간 초록색 페이 마법사의 손아귀로 걸어들어가기 전에 좀 할 말이 있어. 너는 이미 꽤 행복한 관계를 가지고 있고, 나는 양다리에는 더 이상 흥미 없어. 나도 이제는 나를 진지하게 대해 줄 누군가가 필요해... 물론, 내가 살아남았을 때 말이야! 말하고 싶은 건 이게 다야. 그럼 가자!\""
    },
    {
      "Key": "38906cfb-1019-407b-9fc9-4293190500ec",
      "Value": "\"우리 모두가 고통스럽게 죽게 될테니 아마 나에겐 기회가 없을 것 같아. 하지만 나에게 네가 어떤 것과도 바꿀 수 없는 소중한 보물이라는 건 죽기 전에 꼭 말해주고 싶었어. 설령 불사와 권능을 준다고 해도!\" {n}그녀는 격정적으로 당신을 끌어안습니다. 팔과 꼬리로 당신을 껴안은 그녀가 부드럽게 키스합니다.{/n} \"이제 가도 되겠어!\""
    },
    {
      "Key": "251af80a-aac8-4cdb-950a-68020ece0981",
      "Value": "{n}카네라가 다가와 당신의 어깨에 양 팔을 얹습니다.{/n} \"이건 꼭 말해야겠어. 너는 내가 꿈에서나 상상해오던 완벽한 파트너야. 물론 너와 함께 하는 길에는 목숨이 여러 번 왔다갔다할 만큼 위험한 말썽도 많았지. 하지만 그 정도는 감수할 수 있어. 너랑 만나는 즐거움이 훨씬 더 크니까! 이제 가자. 우리의 승리를 향해!\""
    },
    {
      "Key": "1e061b79-465a-4705-b1bd-325d4211b904",
      "Value": "\"하고 싶은 말이 있어, {name}. 내 생각에 너는 어째선지 그 초록색 마님을 돕기 위해 움직이고 있는 것 같아. 내가 그런 관계의 가운데 서 있다는 건 무섭고도 불편한 일이야. 나는 이제 더 이상 누구와도 널 공유하고 싶지 않아. 잠자는 동안 덩쿨에 목졸려 죽고 싶지도 않고. 미안하지만, 그녀와 잘 해보길 바라! 그녀와 잘 되려면 세계의 모든 행운을 다 끌어다 써도 모자랄까 걱정이지만 말이야.\""
    }
  ]
}