{
  "$id": "1",
  "strings": [
    {
      "Key": "02597e69-3cb1-4d03-a472-89331716fb52",
      "Value": "\"뭘 보고 있는 거야?\""
    },
    {
      "Key": "fac6da00-3f43-4b5e-b477-09247f62887a",
      "Value": "\"볼만한 게 없어?\""
    },
    {
      "Key": "b211d5e1-8a17-49b6-b4b4-3b28ecd692de",
      "Value": "\"그 싸움에서 심각한 타격을 입었던데. 정말 괜찮아?\""
    },
    {
      "Key": "1aa511fa-0da6-414d-9066-91a413eba412",
      "Value": "\"걸어다니는 시체를 볼 기회는 쉽지 않아... 거의 쓰러질랑 말랑하거든. 치료를 하던가 아니면 네가 치료라 부르는 걸 하던가.\""
    },
    {
      "Key": "77fb23f1-409c-4258-82a3-50d95751960a",
      "Value": "\"제이탈. 오늘 상처를 많이 입었던데. 오늘 죽도록 맞지 않았어? 이미 죽었지만. 하하하!\""
    },
    {
      "Key": "2700040f-38f7-42ef-809c-9c7e9ec60bf5",
      "Value": "\"미안하지만 네 상처... 아직 치유되지 않았어. 끔찍하지만 한번 봐야겠어.\""
    },
    {
      "Key": "e07b8c28-3064-48fc-9196-0f04db7ff8e5",
      "Value": "\"네가 고깃덩어리가 될 때까지 기다린다. 썩은 고깃덩어리가 되겠군. 곧.\""
    }
  ]
}