{
  "$id": "1",
  "strings": [
    {
      "Key": "3348da05-547a-4e85-8eef-a06f6d4ac02d",
      "Value": "\"드디어 우리의 노력이 빛을 보겠군! 늪을 돌아다니며 도적들과 싸우는 것보다는 고대의 유적을 찾아 고대 싸이클롭스의 무덤을 발견하는 게 더 값지지.\""
    },
    {
      "Key": "9ca3aada-e573-428e-a0c8-8fc30aa71445",
      "Value": "\"물론이지! 수사슴 군주를 끝장내고 괴물로부터 무고한 사람을 지키고 역병을 물리치는 건 모두 의미 없었어. 하지만 주빌로스트를 도와 다음 재료를 찾도록 돕는 건 의미있는 일이야!\""
    },
    {
      "Key": "a78fd6b0-2ec5-457f-9a0b-96a105f794b1",
      "Value": "\"이 무덤이 잃어버린 문명이 남긴 유일한 흔적이라 슬프다...\""
    },
    {
      "Key": "911ec20e-64c9-42d7-83be-a9e3bd86204e",
      "Value": "\"여기서 새로운 무언가를 발견할 수 있겠어.\""
    }
  ]
}