{
  "$id": "1",
  "strings": [
    {
      "Key": "f02621cf-dd78-4913-b26b-b9f8f87aeba0",
      "Value": "[공격] \"비명소리는 즐거워. 아직 시작도 안 했다.\""
    },
    {
      "Key": "490345e1-cf5b-4764-92af-3faf41d0e68f",
      "Value": "[공격] \"더러운 해충들! 나는 너희들로부터 내 땅을 청소할 거다!\""
    },
    {
      "Key": "fbaa3c6e-6ceb-45a0-bdb3-4c295b2cdc97",
      "Value": "[떠난다] \"내 손을 더럽히지 않겠다. 당장 여기를 떠나!\""
    },
    {
      "Key": "9362572a-0791-46a0-8397-df775221fca4",
      "Value": "[떠난다] \"좋아. 그렇게 해라. 네 목숨을 살려주지.\""
    },
    {
      "Key": "3d4d93f9-1ad8-4199-9d1d-e39a1b7ce16a",
      "Value": "[떠난다] \"너희 여신을 존경한다. 한심한 너희를 살렸으니 그녀를 찬양해라.\""
    },
    {
      "Key": "7d0720ab-2125-434f-bacc-d7db60aaffae",
      "Value": "[떠난다] \"너희는 웃기는 재능이 있구나. 겁먹지 마. 우리는 친구야!\""
    },
    {
      "Key": "7152d0ea-8d0f-45e5-878b-349ad2dd88b2",
      "Value": "[공격] \"이오메데의 이름으로 이 짐승들을 죽일 것이다!\""
    },
    {
      "Key": "9255fc57-16a7-48a6-b3b2-fe1b5b12320a",
      "Value": "[공격] \"네가 문명인이 될 것이라고 생각하지 않아. 그러니 내 영지에 너희가 있을 곳은 없다. 아바다르는 너희를 위해 울지도 않고 나도 울지 않을 것이다.\""
    },
    {
      "Key": "29220aff-34d8-40ef-bdcc-4eb87dc47690",
      "Value": "{n}라마슈투 동상 뒤에 숨은 고블린 몇이 저주를 퍼부으며 당신을 노려봅니다. 그들 중 하나는 용감하게 걸어나와 주먹을 흔들며 떨리는 목소리로 울부짖습니다.{/n} \"가까이 오지 마! 우리는 너희 같은 녀석을 잡아서 {g|Lamashtu}라마슈투{/g}의 저주를 내렸다! 너도 똑같은 저주를 걸릴 거다!\""
    },
    {
      "Key": "b8df02ec-f407-47ff-8354-daf9967f94d6",
      "Value": "\"이봐!\" {n}녹 녹이 당신의 소매를 당깁니다.{/n} \"그들이 옳을지도 모른다. 그들은 어리석고 시끄럽고 냄새 나는 욕심쟁이지만... 네가 그들을 여신의 동상 아래에서 죽이면 여신이 기분 나빠할 거다!\""
    },
    {
      "Key": "e42c40d4-f23b-427d-984e-c691c7dd32ed",
      "Value": "\"이봐!\" {n}기둥에 묶여있는 고블린이 묶인 줄을 흔들며 당신에게 소리쳤습니다.{/n} \"그들 말을 듣지 마라! 너는 그들 필요 없다! 그들이 도망치게 둬라! 네게 할 말 있다! 중요한 말이야!\""
    },
    {
      "Key": "f25c65c1-9d80-4d8b-b3a0-d70ea61fb5ea",
      "Value": "{n}그는 당신이 죽인 고블린의 시체를 손가락으로 가리킵니다.{/n} \"여신이 신성모독자를 벌하는 것을 봤지? 도망치지 않으면 그녀가 너를 잡는다!\""
    },
    {
      "Key": "5623ad35-72b9-4e82-8e38-ca26c2ecc3e0",
      "Value": "\"그들은 자비를 원한다. 하지만 포로들이 부탁했을 때 그들이 들어주었어?\""
    },
    {
      "Key": "c943099c-b50b-4a4d-b679-e064c6049ca5",
      "Value": "\"정의와 자비 사이에서 선택을 해야 한다. 악의 여신의 분노를 두려워하지 마라. 그 선택으로 여신은 너를 판단하지 않는다. 이건 너와 네 여신 사이의 일이다.\""
    },
    {
      "Key": "f2d68c56-7458-4708-a374-a5d142bdf1e4",
      "Value": "\"하! 이제 무서운데! {g|Lamashtu}라마슈투{/g}가 무엇을 보낼까? 아울베어를 또 보내려나?\""
    },
    {
      "Key": "3eb164f4-2d6a-4b0f-9648-e019b7ef7f75",
      "Value": "\"이 녀석들 재미있네. 모두 튀겨주지!\""
    },
    {
      "Key": "9c793d94-a9cc-4e53-a558-83ac90602de5",
      "Value": "\"무엇을 기다리고 있어? 이 악당들을 죽이고 떠나자. 나는 이 쓰레기 녀석들이 질렸어.\""
    },
    {
      "Key": "e8b4a4dc-0116-475d-9c3d-30cfd4a5ccf3",
      "Value": "\"훌륭해! 여신에게 기도나 해라! 너를 돕지는 않을 테지만! 하하하!\""
    },
    {
      "Key": "8b7e6777-9b03-40fc-b028-ad35856884c7",
      "Value": "\"아아! {g|Lamashtu}여신{/g}이시여 그들을 제물로 바치게 하소서!\""
    },
    {
      "Key": "e29d344c-8c00-49fe-a657-340afbce6b2f",
      "Value": "\"{g|Lamashtu}라마슈투{/g}이든 아니든 당신은 죽거나 다친 사람들을 위해 응징하셔야 합니다. 운에 맞기다가는 큰 코 다치십니다. 이 괴물들을 없애십시오.\""
    },
    {
      "Key": "639fece4-5061-4566-a377-87951f4b1150",
      "Value": "\"나는 다르게 말할 것이지만 우리의 생각의 본질은 같습니다.\" {n}미소가 발레리의 입술에 피어오릅니다.{/n}"
    }
  ]
}