{
  "$id": "1",
  "strings": [
    {
      "Key": "97c6fd51-faf7-4ada-9ddd-b24df07c9996",
      "Value": "\"자비는 약함을 의미하지 않습니다. 서렌레이는 한 손에 치유의 빛을 다른 손에는 시미터를 들고 계시지요.\""
    },
    {
      "Key": "24ba65c6-4a84-4ee8-b63b-c9a3a0a7ee17",
      "Value": "\"네가 그 작은 칼을 잘 다루는 것은 알아. 그리고 겁쟁이가 아니라는 것도. 하지만 왜 전투가 끝나면 왜 항상 울상인 거야? 싸움을 즐기라고!\""
    },
    {
      "Key": "04d73fe9-b0b5-4f8c-8b84-40a9f9bc5c51",
      "Value": "\"별 것도 아니군. 내가 더 많은 적들을 해치웠어. 너보다 더 많이 해치웠을걸.\""
    }
  ]
}