{
  "$id": "1",
  "strings": [
    {
      "Key": "623b961b-5a8f-4424-b486-396327e0fbf0",
      "Value": "{n}에네오는 눈이 반쯤 감긴 채로 무언가를 듣는 것 같기도 하고 쉬는 것 같기도 합니다.{/n} \"이상하군. 오늘은 {g|Pharasma} 파라즈마 's{/g} 궁전에 방문하는 날인 줄 알았는데. 아직 내 의무는 끝나지 않은 것 같군. 아직 보내야 할 언데드 녀석들이 남았나 봐.\""
    },
    {
      "Key": "311805ee-7f65-4c0a-abd3-c686d321e5d1",
      "Value": "\"이 끔찍한 역병을 치료하게 네가 도왔다. {g|Pharasma} 파라즈마 's{/g}의 충실한 종인 나의 감사를 받아. 이것은 보상이야.\""
    }
  ]
}