{
  "$id": "1",
  "strings": [
    {
      "Key": "668d7dbb-758b-4c16-b1bc-c4a699541419",
      "Value": "\"서렌레이의 추종자가 모습을 드러낸다는 데에 돈을 걸 사람 있어?\""
    },
    {
      "Key": "e56f7e36-d9d0-4c19-8aec-0bf520aac06c",
      "Value": "\"그는 나에게 너무나 많은 상처를 주었어. 하지만 아직도 그를 다시 만났으면 해. 최소한 변명은 들어 봐야지.\""
    },
    {
      "Key": "d40e8d66-3289-47ab-ad11-920146c56747",
      "Value": "\"이 생에서 확실한 것은 오직 한 가지 뿐이야. 무슨 말인지 짐작 가지...?\""
    },
    {
      "Key": "b8c9b231-c781-4ec2-b760-0fdb0a0b2dbd",
      "Value": "\"그는 자신이 벌인 일 때문에 우리에게 돌아오지 않을 거야. 어쨌건 반역자들을 과소 평가해서는 안돼.\""
    },
    {
      "Key": "c41c923b-76a7-411e-8c7f-85c600dd83d0",
      "Value": "\"여기에 나타날 정도로 낯짝이 두껍지 않기를 바라... 하지만 염치라고는 모르는 녀석이지.\""
    },
    {
      "Key": "1e44c469-44c1-4208-810e-26bd43187b55",
      "Value": "\"여기에 나타날 정도로 낯짝이 두껍지 않기를 바라... 하지만 염치라고는 모르는 녀석이지.\""
    }
  ]
}