{
  "$id": "1",
  "strings": [
    {
      "Key": "0cc70b11-5280-45ec-89fb-3d4b0a076129",
      "Value": "{g|Economy10_3}[선택 시 효과]{/g} \"이곳에 투자하십시오. 나는 능력있는 투자자들이 필요합니다.\""
    },
    {
      "Key": "0635cf8e-0c64-4ad4-9bd3-9d4aa011c113",
      "Value": "{g|Economy10_2}[선택 시 효과]{/g} \"타국에 있는 우리 젊은 백성들의 학비를 내라.\""
    },
    {
      "Key": "fc8320da-8a84-40b6-8c0a-06ba4c768976",
      "Value": "{g|Economy10_1}[선택 시 효과]{/g} \"기상 마법사를 소개하겠어.\""
    },
    {
      "Key": "4a49556e-2a39-4c3b-8bb3-977b60c1a2d6",
      "Value": "\"마을 촌장들과 근처 귀족들을 동원해서 알아본 결과, 세력이 작은 지도자들과 공통점을 찾았어. 예전에는 자기들 스스로를 왕이라 여겼지만 지금은 충실하게 너에게 충성을 받치고있어. 굉장한 결과야.\""
    },
    {
      "Key": "a6e1a321-50f6-4a44-8d8e-84c635ef424c",
      "Value": "\"한 때 부패와 뇌물로 가득했던 추악한 나라를.. 가까스로 개혁하셨군요.\""
    },
    {
      "Key": "0a912e08-11b4-4988-b67d-ec1668496a6d",
      "Value": "{n}주빌로스트가 만족스럽게 껄껄 웃는다.{/n} \"아, 농담이야. 비록 네가 탐관오리들을 처리한 방식을 과격했지만. 그것보다 나은 방법은 없었어. 마을 사람들을 학대하는 그놈들을 멈추게 한 것은 좋은 일이다.\""
    },
    {
      "Key": "5ad718d5-6d10-479d-b962-2d11db5be746",
      "Value": "{n}주빌로스트가 만족스럽게 껄껄 웃는다.{/n} \"물론 농담일 뿐이야. 비록 존경할 만한 많은 위인들이 있을수도 있지. 그렇지만 수사슴 군주의 충직한 신하들과 장군들을 모두 해임하지 않고, 그들만의 환경을 만들어 줬잖아? 그 결과, 너의 나라는 더욱 번영하고 있잖아.\""
    },
    {
      "Key": "b8595642-7cd4-4906-a615-6de7fe3bab0d",
      "Value": "\"넌 사람을 다룰줄 알지. 말하자면, 별다른 협박없이도 피로 물든 손만 보여줘도 사람들이 굽신거리며 통제할 수 있다는 것을 깨달았지!\""
    },
    {
      "Key": "49248c4a-64ba-46f3-9006-521cd3c5ebfe",
      "Value": "\"너의 진실된 행동이 부패한 하인들과 신하들의 악몽으로부터 벗어날수 있었어! 이제 네 금고를 약탈할 사람이 없으니, 금으로 가득 차겠구나!\""
    },
    {
      "Key": "c2cdc425-c6d2-4e43-99ea-039e3d8c3f94",
      "Value": "\"네가 생각하는 것보다 단순하지 않아...흠..좋아.해볼게.. 우선 필요한 준비를 해야겠어.\""
    },
    {
      "Key": "90a116b4-9082-4a70-b34a-d561487c0f5d",
      "Value": "\"그거 좋은 생각이야. 이제 정리하러 갈볼까나.\""
    },
    {
      "Key": "02c42aec-1f4f-46dc-b4dd-0a8a25aaf966",
      "Value": "\"진짜 좋은 생각인데?. 낄낄 우리가 투자한 돈들이 10배가 된다고!!\""
    },
    {
      "Key": "ab5aea39-2696-406f-961c-878e37c20abb",
      "Value": "\"젊은 인재를 키우는 것이 확실한 미래야. 그들에게 더 넓은 세상을 경험시켜주자!\""
    },
    {
      "Key": "e1f96e82-7a17-4f73-a05c-a28e52f6a01c",
      "Value": "\"나의 조언이 너에게 딱 들어 맞았다는 것을 증명해줘서 기뻐.\""
    },
    {
      "Key": "95d3713e-e952-4485-b277-b57ccfa3f321",
      "Value": "\"정말 똑똑한 생각이야. 우린 외국 용병들이 필요해.\""
    },
    {
      "Key": "9089fd1a-cbcd-4d2e-a82f-7c0cf466a9b3",
      "Value": "\"아주 좋아. 초가을이나 여름부터 밭을 지키는 것이 현명하지. 나도 남작 시절엔 우선 나의 백성들 배부터 채웠어.\""
    },
    {
      "Key": "de0d69ed-19b7-47ca-834c-daf463ea5463",
      "Value": "\"완벽해! 드디어 학문적으로 얘기할 사람이 생겼어!! \""
    },
    {
      "Key": "959d0621-93fd-4fcb-a0ab-22e0bbc732a7",
      "Value": "\"이 정도로 마법 실력이 뛰어난 마법사라니...좋아..유리해...너 굉장한걸?!\""
    },
    {
      "Key": "d4ebffd2-33be-49fa-8ff9-c7d3dd25e28c",
      "Value": "\"전하, 무한한 경의를 표하러 왔사옵니다! 내가 이런 위대한 일에 한 보탬이 되다니..! 전하로 인해서 한때는 부서지고 저주받으며 고귀한 등나무밖에 없던 이 나라를 선진국으로 건설할 수 있었사옵니다!\""
    },
    {
      "Key": "4111a309-034c-4ae2-8d4c-1ca642596c22",
      "Value": "\"당신 덕분에 굉장한 큰 돈을 벌었어. 난 전혀 기대도 하지않았는데 말이야. 어쨌든, 이 돈들을 다시 어디에 투자할지 결정해야해. 나는 당신{g|Absalom}압살롬{/g}에서 백성들의 밭에서 가뭄과 홍수로 부터 구원해줄수 있는 기우제나 기청제가 가능한 마법사를 초대했으면 해. 그게 아니면 우리의 젋은 인재들을 유학을 보내는 거야. 아니면 우리 개인적인 이익을 위해 다른 나라에 무역사무소을 세우고 큰 돈을 벌수도 있고.. 물론 부가적으로 우리 젋은 인재들도 감싸주겠지.\""
    },
    {
      "Key": "fee052e4-169a-438c-a734-0ec17354d26c",
      "Value": "\"이 아무것도 없는 이 땅을 부유하고 강력하게 만들기 위해 얼마나 노력을 했는지 알아, {name}-. 앞으로 모두가 널 칭송할꺼야. 나부터 말할게. 정말 고맙고 존경합니다.\""
    },
    {
      "Key": "cc2a7728-d362-4022-85e4-08e61888b062",
      "Value": "\"전하! 당신의 보잘것없는 신하로서, 존경의 뜻을 표하게 해주시오. 전하께선 이 암울하고 절망적인 땅을 번영과 기회의 나라로 완전히 바꾸어 놓았습니다. 진정한 성군이십니다!.\""
    },
    {
      "Key": "d36c5bc2-7c59-4ce9-83ee-0878d8968094",
      "Value": "\"우리는 이제 매우 풍족해. 그런데 그 풍족함이... 우리 신하들을 탐욕만 밝히는 돼지로 만들고야 말았어. 탐욕은 결국 나라를 망하게 할꺼야. 내 충고를 들어. {g|Absalom}압살롬{/g}의 기우제나 기청제가 가능한 마법사를 수도로 초대해. 나는 그의 강의를 들어봤어. 그는 진정한 농민의 보호자야. 그는 농작물을 홍수나 가뭄으로부터 보호할꺼야. 또 다른 선택은 우리의 재능 있는 젊은이들을 유학 보내는 것이지. 그것도 아니면 더 큰 돈을 벌기 위해 다른 나라에 무역사무소를 설립할수도 있겠지. 물론 부가적으로 우리 젊은 인재들도 감싸주는 효과도 있어. \""
    },
    {
      "Key": "9cfc1dd2-2d3c-4bfa-8601-20102d8d0dbb",
      "Value": "\"왕국의 금고를 여는 것을 추천해. 너는 차라리 그 돈을 투자해야 한다. {g|Absalom}압살롬{/g}의 기우제나 기청제가 가능한 마법사를 초대하는 것을 고려해봐. 그의 몸 값은 비싸지만 가뭄과 홍수로부터 백성들의 농작물을 보호해줄테니깐. 아니면 또 괜찮은 것 중 하나는 우리의 젊은 인재들을 유학 보내는거야. 마지막으론 다른 나라에 무역 사무소를 몇 개 열어서 돈을 더 챙기는거지. 물론 부가적으로 우리 젋은 인재들도 감싸주겠지.\""
    },
    {
      "Key": "d2ba68e5-a830-4cb5-a5c1-9e1399d00845",
      "Value": "\"말해봐. 식물을 키우는 사람이 사막에서 피어나는 꽃을 보면 어떤 기분일까? 연금술사는 자신의 회색 납이 빛나는 금으로 변했을 때 어떤 기분이 들겠니? 넌 사람이 살지 않는 야생의 늪, 황무지 였던 이 땅을 통치했고, 지금은 전국의 부유한 상인들이 이 땅에서 서로 먼저 사업 독점권을 두고 다투고 있다. 네가 이뤄낸 기적에서 내가 조금이나마 보탬이 되었다는게 너무 자랑스러워.\""
    },
    {
      "Key": "72084fe7-1a16-4e46-8375-b917bc71d525",
      "Value": "\"신하들은 당신에게 충성하고있어. 그들은 각자 당신에게 얼마나 많은 빚을 졌는지, 당신의 관대함이 그들을 어떻게 끌어올렸는지... 뭐 그들이 갑자기 정직한 사람으로 변하지는 않겠지만, 그럼에도 불구하고 당신은 이들을 통해 튼튼한 나라를 이끌순있었잖아!!\""
    },
    {
      "Key": "06640614-31da-4cb4-84f5-60f358455719",
      "Value": "\"주인 명령 없이 감히 앞에 있는 고기를 쳐다볼 엄두도 못 내는 잘 훈련된 개처럼, 당신의 신하들은 뇌물과 횡령이라는 것이 무엇인지 거의 잊어버렸어. 그들은 이제 탐욕을 버리고 오직 국가의 영광과 번영만을 섬기고 있어.\""
    },
    {
      "Key": "ad05f237-abc8-46f9-a1a6-9e83c58b71ce",
      "Value": "\"물론 넉넉하진 않지만 그래도 여윳돈들은 있어. 너의 금고가 텅텅 비어가는 것을 내버려두는건 멍청한 짓이지만 국가의 이익과 영광을 높이기 위해 그 돈을 써야해. {g|Absalom}압살롬{/g}에서 기우제나 기청제가 가능한 유명한 마법사를 초대할 것을 제안해. 그런 능력 있는 사람들은 궁전안에서 뿐만 아니라 가뭄과 홍수로 고통받는 농민들의 삶을 구원해줄수가 있어. 우리는 또한 유학가있는 유망한 젊은 남녀의 등록금을 지불할 수도 있지. 또한 심지어 다른 나라에 무역 사절단을 열 수도 있다. 이것은 돈도 벌고, 스파이도 심을 수 있지!\""
    },
    {
      "Key": "d5af4902-a6aa-43cf-959b-a6ae0eb6f463",
      "Value": "\"역시나 너의 결정은 변함없이 현명하다! 궁정에서 아카데미의 마스터들보다 더 명성이 있는 것이 어디 있겠는가?\""
    },
    {
      "Key": "12d65be2-5e34-4532-9122-3b60d93f2d11",
      "Value": "\"맞아, 우리는 미래에 대해 생각해야 해. 우리를 물려받을 다음 세대는 더 번영할 준비가 되어 있어야지, 낭비하지 말아야 한다.\""
    },
    {
      "Key": "007d81ff-2edf-4aa0-8ed8-85c89270bab2",
      "Value": "\"이 결정은 우리에게 영광을 가져다 주지는 않겠지만, 금전적인 이득은 클꺼야. 우릴 시기하는 다른 나라들이 우리에게 음모를 꾸미기 시작하면, 우리는 바로 알게 될 것이고, 그들의 음모를 파해할 준비가 될 것이다!\""
    }
  ]
}