{
  "$id": "1",
  "strings": [
    {
      "Key": "a289192f-4eb5-4373-bfcb-569a2db33681",
      "Value": "\"양치기에게 소를 돌려주도록 해.\""
    },
    {
      "Key": "da1cad89-f487-44bb-b662-674e040316ed",
      "Value": "\"이웃에게 소를 주도록 해.\""
    },
    {
      "Key": "89c04375-e248-4621-84d3-d02ae4e2307f",
      "Value": "{g|Population3_3}[선택 시 효과]{/g} [10 BP 획득] \"마음에 드는 제안이다, 랜더. 소를 압수하라. 그 소는 {mf|남작령|남작령|왕국|왕국} 의 소유다.\""
    },
    {
      "Key": "f2895fdb-0a3e-493e-a060-01fe86c20bc2",
      "Value": "\"난 이런 사소한 일에 신경 쓸 시간 없어. 이 청원자를 내보내고 더 이상 내 시간을 낭비하게 하지 마라.\""
    },
    {
      "Key": "d66b6d9c-79f1-452d-879c-27cef415268b",
      "Value": "\"이 문제는 네가 알아서 해결할 수 있을 것 같군.\""
    },
    {
      "Key": "e75f5525-5fea-48ff-a0ca-eb5a72e77458",
      "Value": "{n}옥타비아의 얼굴에 묘한 미소가 걸립니다.{/n} \"좋은 소식이 있어요. 최근까지만 해도 당신을 믿지 못하겠다는 백성이 많았잖아요? 이제는 어느 정도 당신을 믿나 봐요. 자기네들 분쟁을 매듭지어 달라고 도움을 요청하고 있어요. 그러고 보니, 지금 제가 하고 있는 일이 바로 그거네요!\" {n}옥타비아는 킥킥 웃고는 이내 진지하게 말합니다.{/n} \"이왕 얘기가 나왔으니, 도와주는 게 좋겠어요.\""
    },
    {
      "Key": "9a2c1262-5913-42c2-bcbe-4392620094df",
      "Value": "\"양치기 하나가 수도로 오더니, 복잡한 상황을 정리해달라고 부탁하고 있어요. 보면 이 양치기가 가장 좋아하던 소가 있어요... 웃지 말라고요! 백성들에게 중요한 사안이에요! 뭐, 이 소가 이웃의 들판에서 풀을 뜯길 좋아하는 모양이더라고요. 양치기의 이웃은 한동안 조용히 있다가, 어느날 소를 자기네 목장에 가두더니 이렇게 말했다네요. '우리 집 풀을 뜯었으니, 이 소의 젖도 우리 것이다!' 라고요.\""
    },
    {
      "Key": "a6288de7-b84a-4af9-acd9-9334cf704df4",
      "Value": "\"양치기와 그 이웃은 이틀동안 서로 볶아대더니, 이젠 투닥거리기 시작했어요! 이들의 분쟁을 해결해주세요. 어찌 되었건 간에, {mf|남작님|남작님|왕|여왕} 이시잖아요!\" {n}옥타비아는 머리를 흔듭니다.{/n} \"이 소를 누구한테 줘야 할 지 전 모르겠네요. 둘 다 그럴듯해서...\""
    },
    {
      "Key": "e3b3b488-497b-462b-b559-5dd9ef446a3c",
      "Value": "{n}발레리는 잠시 침묵을 유지하더니, 입술을 오므립니다.{/n} \"어디서부터 말을 시작해야 할지 모르겠습니다만... 보시다시피 최근까지 당신에게 의심을 거두지 않던 백성들이 점차 마음을 바꾸기 시작했습니다. 여지껏 {mf|남작령|남작령|왕국|왕국}에 봉사하신 그 노고 덕택에 당신이 어떤 문제든 해결해 줄 수 있다고 생각하는 것입니다. 아무리 사소한 거라도 말이지요!\""
    },
    {
      "Key": "085d67bc-234e-4277-81dd-a10ede366421",
      "Value": "{n}발레리는 한숨 쉽니다.{/n} \"지역 양치기의 이웃이 양치기의 소를 빼앗아갔습니다. 확실히 주인이 이웃 마당에 방목을 하긴 했습니다. 그래서 그 여자도 소를 되돌려주기 싫은 모양이겠지요. 그 이웃의 말에 따르면, 이미 충분히 참아왔고 이제 그 젖소가 자기 것이라고 생각한다고 합니다. 양치기는 물론 자기 재산을 돌려달라고 말하고 있지요.\""
    },
    {
      "Key": "8964d21d-b960-4e98-860d-127212497355",
      "Value": "\"제가 본 바로는, 양치기의 말이 옳습니다. 소는 양치기의 것입니다. 주인에게 되돌아가야겠지요. 하지만 제 다른 의견으로는...\" {n}발레리의 얼굴이 근엄해집니다.{/n} \"이건 마을 이장이나 의회가 결정할 일이지, 이 땅의 군주가 결정할 일은 아닌 것으로 사료됩니다. 이 {mf|남작령|남작령|왕국|왕국}의 크기가 크진 않지만, 그렇다고 백성들이 사소한 일을 가지고 주인을 괴롭힐 수 있다는 말은 아니지요.\""
    },
    {
      "Key": "42e1e96f-b7d1-4fb4-98d3-ce2622ee36d2",
      "Value": "\"{mf|영주님|영주님|전하|전하}! 이제 당신에 대한 백성들의 믿음이 자기 가축의 운명을 결정지어달라고 할 정도로 자라났군요!\" {n}랜더는 혼자 신이 나서 웃습니다.{/n} \"그렇게 보지 마십시오, {mf|남작님|남작님|왕이시여|여왕이시여}, 사실인걸요! 얼마 전까지만 해도 백성들은 당신을 사기꾼으로 생각했습니다. 숫사슴 군주와 하등 나을 게 없는 인물로 말입니다. 하지만 이제 백성들은 자기 문제를 털어놓을 준비가 된 겁니다!\""
    },
    {
      "Key": "34c7d3a6-cade-496b-b3e8-165bb15a57dd",
      "Value": "\"억울해하는 양치기 하나가 궁성으로 와서 자기가 처한 복잡한 사건을 처리해달라고 하더군요! 양치기는 소를 가지고 있었습니다. 이웃이 그로부터 훔쳐갔지만요. 그 여자는 자기 말로는 몇 달 동안 그 소가 자기네 마당 풀을 뜯어먹고 있었다고 합니다. 그래서 소와 그 젖 모두 자기 소유라고 하더군요. 아, 정말이지 놀라운 논리입니다! 물론, 양치기는 화가 나서 판결을 요구하고 있습니다.\""
    },
    {
      "Key": "ebe8b1c3-74d6-4f15-8ac4-6047134a3ed3",
      "Value": "{n}랜더는 교활하게 웃습니다.{/n} \"제 조언은 이겁니다. 시간 낭비하고 싶으시다면 이 사건을 직접 판결하십시오... 그게 싫으시면 그냥 경비대 몇 명을 보내 소를 압류하면 됩니다. 저 멍청한 백성들에게 교훈을 가르쳐줌과 동시에 적당한 이득도 취하는 것입니다. 자기 일은 스스로 해결하지 않으면 무엇으로 싸우고 있건 간에 자기 몫을 잃어버리게 될 거라는 교훈 정도겠지요.\""
    },
    {
      "Key": "4391d39e-9dc6-4f25-a3e9-ef4490e3b180",
      "Value": "{n}옥타비아는 동의하며 고개를 끄덕입니다.{/n} \"{mf|남작님|남작님|왕|여왕님} 말씀이 곧 법이죠!\""
    },
    {
      "Key": "bd86123f-4797-431a-9267-8223de39c864",
      "Value": "{n}발레리는 끄덕입니다.{/n} \"물론이예요.\""
    },
    {
      "Key": "883f372d-616c-4a39-8955-59d21b3a072b",
      "Value": "{n}랜더는 움츠립니다.{/n} \"{mf|남작님|남작님|왕|여왕님} 께서, 소의 운명이나 결정한다라... 뭔가 잘못되었습니다. 제 무례를 용서하시길. 부디 조심하시길 바랍니다. 백성들은 나중 가면 아침에 어느 방향으로 일어나야 할 지까지 물어볼 테니까요!\""
    },
    {
      "Key": "503953b0-8009-460d-9597-6840447ff364",
      "Value": "{n}발레리는 눈썹을 들어올립니다.{/n} \"그게 공평하다고 생각해요? 이미 주인 있는 물건을 뺏어서 다른 사람을 준다는 게? 당신의 판단이 이렇다는 게 참으로 안타깝군요.\""
    },
    {
      "Key": "7208e75f-c839-472b-b395-5294146fa91e",
      "Value": "{n}랜더는 가볍게 목례합니다.{/n} \"{mf|영주님|영주님|전하|전하} 를 섬깁니다!\""
    },
    {
      "Key": "aef97d2c-ceb6-4b47-9abc-51eca468a838",
      "Value": "{n}옥타비아는 당황한 것 같습니다.{/n} \"어떻게 그럴 수가? 백성들은 중대한 일로 당신을 믿었는데... 이렇게 묵살 해버린단 말입니까? 이러면 안 됩니다!\""
    },
    {
      "Key": "e2637738-835f-4e3d-b51e-428fe9537e7e",
      "Value": "{n}발레리의 얼굴에 만족한 미소가 드러납니다.{/n} \"명하신 대로 할게요.\""
    },
    {
      "Key": "af60c98a-ecac-4472-a620-54a376e20a2c",
      "Value": "{n}랜더는 으쓱합니다.{/n} \"아, 소 한 마리를 국가 소유로 하려던 참이었습니다만, 명대로 하지요.\""
    },
    {
      "Key": "f1ef61a2-0502-44d5-902c-15ad240b899a",
      "Value": "\"이웃에게 소를 줄게요. 어쨌든 이웃의 풀이 아니었으면 저 소도 우유를 만들어내지 못했을 테니까요!\""
    },
    {
      "Key": "d0b9da5f-a7b1-4c07-8239-cab230ac66ba",
      "Value": "\"소를 양치기에게 돌려주겠습니다. 이제 이런 문제는 제 간섭 없이 해결하도록 해보십시오.\""
    },
    {
      "Key": "252f0710-c43c-41d3-9c61-1408d2fc6934",
      "Value": "\"소를 가져가겠습니다... 그러니까, 압류하라고 명하겠다는 말입니다. 기회는 놓치지 말아야하니까요.\""
    }
  ]
}