{
  "$id": "1",
  "strings": [
    {
      "Key": "2c5c841e-7bf6-4f9a-9ba1-37e72e773bad",
      "Value": "\"우리는 수도 많지 않아. 여기는... 춥고 텅 비었어. 말하기도 싫어진다.\""
    },
    {
      "Key": "d035b45b-a47b-4b09-97cf-387e9dcc20ed",
      "Value": "\"오늘은 어떻게 써야할까... 죽음에 대해서 쓰기는 싫은데!\""
    },
    {
      "Key": "72e80cbb-c170-433c-9817-0854db2b6414",
      "Value": "\"산 자들의 이야기에서 죽은 자들이 살아간다. 망자에 대해서 할 말이 없어도 그들을 잊지 말아야 해!\""
    },
    {
      "Key": "35cd6e12-abc2-45be-9912-a2361dd42864",
      "Value": "\"인내심을 가져. 적응하기 힘들 거야... 하지만 말을 안하면 괜찮아져.\""
    },
    {
      "Key": "3a30d5d3-9d1e-4309-9e5a-28bea405cd67",
      "Value": "\"할 말이 없다면 억지로 말하지 마. 조용히 앉아있자고.\""
    },
    {
      "Key": "3de67f58-93e7-414a-9e0f-282cb2c33bbb",
      "Value": "\"울꺼 같아 두려워. 그냥 잊어버려. 운명이 너를 기다리고 있어.\""
    }
  ]
}