{
  "$id": "1",
  "strings": [
    {
      "Key": "be9b74a7-e77b-468b-b2c3-3e69c1288d97",
      "Value": "{n}Ntavi의 얼굴은 거인의 피로 덮여있습니다. 그녀는 배고픈 듯 입술을 핥았습니다.{/n} \"음. 복수보다 달콤한 것은 없지... 이 기분을 느껴봐. 에쿤. 망령이 너의 평화를 다시 괴롭혀서 네 가슴에 불을 지필 때 무엇을 해야 할지 알 거야...\""
    },
    {
      "Key": "45589f94-6f45-4033-a7fe-1ce8e45d330a",
      "Value": "\"여기에 머물고 싶군... 그리고 엘리나에게 입 다무는 방법도 알려주고... 하지만 {g|Calistria}칼리스트리아{/g}의 사제는 바쁘다. 잘있어. 에쿤! 적어도 지금은 나를 잊지마...\" {n}Ntavi의 낮은 웃음 소리가 주변을 울리며 사라집니다.{/n}"
    },
    {
      "Key": "ac066fbb-11f0-4f03-b9c4-bc3bb4bd9361",
      "Value": "\"그녀가 여사제가 된 것을 몰랐다. 그녀는 바뀌었다.\""
    },
    {
      "Key": "7ef6b285-7306-4ddd-8f1f-99a42c7b9e7e",
      "Value": "{n}에쿤은 지쳐 보입니다.{/n} \"도와줘서 고맙다. {name}. 기분이 한결 나아졌어. 수도에 가면 다시 이야기하자.\""
    }
  ]
}