{
  "$id": "1",
  "strings": [
    {
      "Key": "ea70ab35-0a2d-4956-a4f7-0b136a62fc21",
      "Value": "[조각이 무엇인지 알아내려 했습니다]"
    },
    {
      "Key": "7ec57a9b-f043-44dc-b726-c784e666e263",
      "Value": "[물러섭니다]"
    },
    {
      "Key": "23c4d975-8e72-4b03-98ef-7956405ba463",
      "Value": "{n}이 조각은 망또를 두르고 모자를 쓴 불길해 보이는 인물이 사이클롭스 해골의 강을 보트를 타고 내려가는 모습을 묘사했습니다.{/n}"
    },
    {
      "Key": "650f2996-2e8b-4fcc-b7c3-9f41689045f6",
      "Value": "{n}조각을 자세히 조사하자 사이클롭스가 상상하는 죽음의 반신인 {g|Abaddon}나락{/g}의 고위다이몬 {g|Charon}케런{/g}인 것 같았습니다. 이 강은 스틱스 강이 분명합니다. 죽은 이들을 심판하는 {g|Pharasma}파라즈마{/g}와 달리 케런은 살아있는 영혼을 사후 세계로 보내는 과정을 담당하는 사악한 다이몬을 상징합니다. 사이클롭스가 그를 숭배한 것 같습니다. 케런을 숭배하는 비밀 의식은 오늘날에도 이어지고 있습니다.{/n}"
    },
    {
      "Key": "36af2704-4a4e-42aa-9ab0-c3a760b126e1",
      "Value": "{n}당신은 이 조각을 묘사한 생명체가 누군지 누가 조각했는지 모릅니다.{/n}"
    },
    {
      "Key": "c57a7158-b879-432f-8018-1ef04629b3ab",
      "Value": "{n}조각은 이 무덤을 지은 자들의 악의 신이자 죽음의 아크다이몬 {g|Charon}케런{/g}이 망또를 두르고 모자를 쓴 불길해 보이는 인물로서 사이클롭스 해골의 강을 보트를 타고 내려가는 모습을 묘사했습니다.{/n}"
    },
    {
      "Key": "bab91c09-cdb7-4944-ab27-81e6aa0371ec",
      "Value": "\"이 그림을 여기서 보게 될 줄이야... 이 강은 스틱스 강으로 사공은 {g|Abaddon}나락{/g}의 아크 다이몬이자 죽음의 4기수인 {g|Charon}케런{/g}이야. 사이클롭스들은 그를 외눈박이로 묘사했고 눈이 두개 달린 생명체는 짐승 취급을 했지.\""
    },
    {
      "Key": "94be0838-fd8c-47db-b3f3-cc38a1aecd4d",
      "Value": "\"사이클롭스가 4 기수를 위한 의식을 치뤘었나? 그렇다면 그들의 문명이 붕괴한 이유도 예상이 가는군.\""
    }
  ]
}