{
  "$id": "1",
  "strings": [
    {
      "Key": "4df90be5-3778-4f46-8fb6-be771880a382",
      "Value": "{g|Economy7_2}[선택 시 효과]{/g} \"상인들에게 귀중품 수입에 대한 관세만 지불하게 하라.\""
    },
    {
      "Key": "2bcc376e-2ca4-4e05-bb39-c827cb665147",
      "Value": "{g|Economy7_3}[선택 시 효과]{/g} \"상인들에게 사치품과 장인들이 쓸 재료에 관세를 지불하게 하라.\""
    },
    {
      "Key": "ff9d041a-5488-4530-b1ea-bd05c57168ff",
      "Value": "{g|Economy7_4}[선택 시 효과]{/g} \"전부, 사과 한 알까지도 세금을 매길 것이다.\""
    },
    {
      "Key": "d8a3cbcf-d030-4d9e-9b4c-05a2e6cd2b27",
      "Value": "{g|Economy7_5}[선택 시 효과]{/g} \"세금은 없을 것이다. 강의 자유를 존중하겠다.\""
    },
    {
      "Key": "367cb5f3-a39a-4cd1-85f8-09f16487fc48",
      "Value": "\"내가 결정할 사안이 아니다. 그대의 유능한 판단에 맡기겠다.\""
    },
    {
      "Key": "b82ddfb6-fd30-48d2-92ce-68265ae73807",
      "Value": "{g|Economy7_1}[선택 시 효과]{/g} \"무역 길드라니 참으로 훌륭한 생각입니다! 하나 만드시면 모두가 당신을 존경할 겁니다.\""
    },
    {
      "Key": "0f068145-866e-4e71-a094-c0db419c6e5a",
      "Value": "\"전하, 이 땅이 왕국이 되기 전, {g|Brevoy}브레보이{/g} 쪽에서 우리 땅에 들어오는 상인 모두로부터 세금을 걷곤 했습니다. 하지만 이제 이 돈은 전하의 것입니다. 제가 영주였을 땐, 상인들을 너무 억압하지 않았지요. 제가 드리는 조언은 사치품 매매에만 세금을 매기되, 장인과 마을 사람들은 내버려두자는 겁니다.\""
    },
    {
      "Key": "adb9ee32-6b1d-4cef-a69d-49f0d8f152bd",
      "Value": "\"{name}, 우리 땅에서 물류 이동이 증가하고 있어. 우리 국경에 드나드는 상인들에게 요금과 관세를 걷어야 해.\""
    },
    {
      "Key": "7e9e857f-8bd5-4efd-9be2-2c8fb8638472",
      "Value": "\"전하! 우리 땅에서 물류 이동이 증가하고 있습니다! {g|Brevoy}브레보이{/g} 로 부터 독립했으니 이제 이 땅에 들어오는 상인들에게 세금을 거둬야 합니다.\""
    },
    {
      "Key": "1140cae1-0c88-4a3b-a299-ac252125cb64",
      "Value": "\"상인들이 기꺼이 우리에게 찾아오고 우리 백성들도 싼 물건을 쉽게 살 수 있을 겁니다. 백성들은 점점 부유해져가고, 동시에 세수도 늘어날 겁니다. 이렇게 하면 상인들에게 과세하지 않고도 세금을 걷을 수 있지요! 현명한 해결책입니다. 저라도 이렇게 했을 겁니다.\""
    },
    {
      "Key": "ea37582e-cafe-4b7e-8ead-344ac15f2a12",
      "Value": "\"그래서, 그게 바로 당신이 원하는 방식이군요. 좋습니다. 그건 적어도 사람들을 행복하게 만들긴 할겁니다. 어쩌면 그게 동전 몇개 버는 것 보다 중요 할수도 있겠지요.\""
    },
    {
      "Key": "4b16c212-2dba-4189-b24d-20d9458d9289",
      "Value": "\"좋습니다, 이게 정말로 최선의 방법일지도 모르겠군요. 우리가 자재들에 부과해서 거둔 세금은 포기해버리기엔 너무 많은 양입니다. 그 돈이 없으면 재무부의 금고는 항상 비어있을겁니다. 적어도 이건 평범한 사람들의 이익에는 해를 끼치지 않겠지요. 나는 이 결정이 좋습니다.\""
    },
    {
      "Key": "42258ade-100e-4c59-b600-9dbd7ca830d3",
      "Value": "{n}주빌로스트는 동의하며 고개를 끄덕입니다.{/n} \"나는 당신이 합리적인 해결책을 좋아하고, 극단적인 길로는 빠지지 않는다는걸 알겠어. 이건 인정할만 하군.\""
    },
    {
      "Key": "6d7de18f-d27b-4289-8d2b-91ca480430b0",
      "Value": "{n}바솔로뮤는 골똘히 무언가를 계산했다. 그리고 가볍게 웃었다.{/n} \"그게 더 낫겠습니다. 상인들은 단지 우리 이웃들을 피하기 위해서 우리 영토를 지나갈것입니다. 우리가 걷는 돈은 줄어들겠죠. 그건 사실입니다. 하지만 우리의 이웃들은 동전 한푼도 얻지 못할 겁니다. 이게 바로 부자가 되는 방법의 본질이죠. 당신의 이웃보다 많이 가지고 있으면, 두려움과 존경을 받는겁니다. 이건 아주 이성적인 결정입니다.\""
    },
    {
      "Key": "4c05a4a8-5054-43eb-94ef-a1b9f0009af6",
      "Value": "\"그게 더 많은 돈을 버는 방법이라 생각 하셨겠죠. 하지만 세상이 그렇게 돌아가는게 아닙니다. 당신의 지역으로 수입되는 상품의 양을 줄인다면, 반대로 금고가 더 많이 채워지게 될것입니다...\""
    },
    {
      "Key": "e139c874-20fe-4b5b-9202-2ad052e7ca9d",
      "Value": "\"이건 아주 훌륭한 해결책입니다! 나는 우리가 버는 돈을 채워넣기 위해 우리 금고를 늘려야 할거라고 맹세할 수 있습니다!\""
    },
    {
      "Key": "7be6cceb-c082-4630-b5b5-48331cc45365",
      "Value": "\"우리는 사치품에만 세금을 매기고, 나머지는 내버려 둘것입니다. 불필요한 탐욕은 우리땅의 무역을 약화시킬겁니다.\""
    },
    {
      "Key": "d1b4378f-63fc-4edb-b1a0-5c334542b207",
      "Value": "\"우리는 부자들과 장인들을 위한 상품에 세금을 물릴겁니다. 이러면 모든 사람들이 자기의 합리적인 지분을 받을겁니다.\""
    },
    {
      "Key": "037030e5-ccb1-42db-925d-b27064b9669f",
      "Value": "\"우리는 동전 한닢도 놓치지 않을겁니다. 상인들이 우리땅으로 가져오는 모든것에는 세금이 붙을 겁니다.\""
    },
    {
      "Key": "03ac5884-7788-4d31-a5a6-45478ab002ca",
      "Value": "{n}메이가르는 그의 턱을 긁는다.{/n} \"아주 고귀하고 관대한 결정을 내리셨습니다. 사람들이 감사할겁니다. 하지만 저는 당신이 금고를 채울 방법도 생각해두셨으면 좋겠습니다.\""
    },
    {
      "Key": "47df4349-900b-4a5b-8461-57400d913fb8",
      "Value": "\"옛날엔 {g|Brevoy}브레보이{/g}가 이 권리를 행사했지. 하지만 이제 이 권리는 너에게 있어. 그냥 어떤 물품에 세금을 더 부과할 지만 결정하면 돼. 중도를 지키길 권하지. 상인들을 너무 가혹하게 몰아붙이면 안돼. 저들이 스스로 가난하다고 주장하거나 불평하는 것도 믿어서도 안되고."
    },
    {
      "Key": "5ddd3b1a-b00f-4ca3-8c92-d2e4a82280b6",
      "Value": "\"부자들을 위한 물건과 장인들을 위한 재료에 세금을 매기자. 둘 다 파산할 일 없을 정도로 많은 돈을 긁어모으니까. 물론 내 조언을 무시하는건 자유지. 어쨌든, 수많은 국가들이 어떻게 번영했는지 지켜본 유명한 여행자의 의견일 뿐이니...\""
    },
    {
      "Key": "f846d416-637b-4bb8-ae26-573bc3e85419",
      "Value": "\"돈이 우리 땅을 통해 다른 나라로 흘러들어가고 있습니다. 이 기회를 놓치지 말고 최대한 빠르게 국고를 채워야 합니다. 자세한 내용 가지고 옥신각신 하지 말고, 그냥 모든 것에 세금을 부과하십시오.\""
    },
    {
      "Key": "6da3a2b6-6159-418a-b520-8a1a8b30133b",
      "Value": "\"장인이 얼마나 저금했든 간에 어쨌든 그 돈은 순환할 것입니다. 상품을 만들기 위한 재료값으로 나가게 되어있거든요. 마을 사람들이 번 돈도 결국엔 순환할 것입니다. 장인이 만드는 상품을 사게 될 거거든요. 하지만 부자들의 돈은 쓸모없는 장신구나 사는 데 쓰이게 될 겁니다. 그네들 저택에 고이 모셔져 먼지나 듬뿍 쌓이면서 말이지요. 누구에게도 도움 되는 일 없이 말입니다!\""
    },
    {
      "Key": "693f314d-0850-45b0-a5da-d200f4e61b86",
      "Value": "\"왕국이라...\" {n}티플링은 마치 혀 안에서 사탕을 녹이는 것 처럼 말을 아꼈다.{/n} \"그래, 이제 진짜 왕국이 있는 셈이지. 예전엔 수도 전체의 가치가 지금 항구로 흘러들어오는 상품보다 가치가 떨어졌으니 말이지! 이제 세금 체계를 다시 손 볼 차례야. 축제에서 이미 지나가버린 가장 맛있는 요리나 쳐다보며 찌질하게 찌그러져있는 손님처럼 보이기 전에 말이지!\""
    },
    {
      "Key": "03b4096c-b576-4273-98b9-c274eeab0181",
      "Value": "\"탐욕에 무너지시면 안 되는 법입니다. 비싼 물건은 부자가, 재료와 도구는 장인이, 단순한 물건은 평민들이. 이렇게 모두 가지는 게 다른 데 모두에게 공평하게 세금을 매기는 것은 현명하지 못합니다. 개혁을 위한 초안을 작성하겠습니다만... 일단은 제 제안을 들어주십시오.\""
    },
    {
      "Key": "1b130b86-698e-44c7-b8dd-f6b4fe157caa",
      "Value": "\"이 땅에 우리만의 국영 무역 길드를 창설하게 허락 해주십시오. 회원들에겐 세금을 낮추고 더욱 더 많은 권리를 줄 생각입니다... 하지만 회원증을 얻어야 하긴 하지요! 모든 상인들이 우리의 환심을 사도록 하고, 이들과 일을 하는 게 국가에 이득이 된다는 것을 증명해보이겠습니다. 그냥 이 길드로 인해 생겨날 기회들을 생각해보십시오!\""
    },
    {
      "Key": "d6c60dbe-3bed-4010-8cb6-fc01adba1101",
      "Value": "{n}카네라는 다정하게 미소짓는다.{/n} \"언제나 그렇듯, 현명하시군요. 국영 무역 길드를 만들겠습니다. 갈트에서 누메리아까지, 모두가 부러워 할 만한 길드를요.\""
    },
    {
      "Key": "d33b9006-4e5e-4808-a1aa-c6508e509697",
      "Value": "\"사치품에 매기는 세금은 중요합니다만, 비교적 저가의 물건에서 나오는 세금도 무시하시면 안 됩니다. 소 한 마리에서 나오는 고기 양은 많지만, 토끼 천 마리에서 나오는 고기 양은 더 많으니까요!\""
    },
    {
      "Key": "00903790-badc-458b-a91c-1991d2399778",
      "Value": "\"부자나 장인이나 둘 다 훌륭한 수익원입니다만, 빈민들이 내는 세금에 비하면 아무것도 아니지요. 빈민들을 너무 쥐어 짜시면 안 됩니다! 그렇다고 세금을 낮춰도 평민들이 고마워하리라고는 생각하진 마십시오. 대부분 머저리에 불과하니까요. 이들은 이 땅을 지키는 게 자신들이라고 생각하며 감사받기를 바라고, {mf|영주|영주|왕|여왕} (으)로부터 은혜를 입을 때만 감사해 하니까요!\""
    },
    {
      "Key": "6759bb78-46d4-4267-8d3f-c117a8781b70",
      "Value": "\"물론입니다. 뭐, 제 무역 길드 제안이 그렇게 매력적이지 않으시다면, 세관을 위한 새로운 법의 초안을 작성하러 가보겠습니다. 빈틈없는 정밀함이 요구되는 작업이니까요. 저 양떼와같은 백성들의 털을 가능한 모조리 벗겨야 합니다. 그 이상, 그이하도 아니게요!\""
    }
  ]
}