{
  "$id": "1",
  "strings": [
    {
      "Key": "10b68eb4-1966-4d0f-a4c2-34e3b9a7bb18",
      "Value": "\"우리한테 너같은 수완가가 있어서 다행이야.\""
    },
    {
      "Key": "cca552b3-813c-418c-b289-4589ccd255af",
      "Value": "\"항상 기운이 넘치는구만!\""
    },
    {
      "Key": "76aa90e1-3b07-4ed4-92c9-870f8d47ce8d",
      "Value": "\"별동대 인원을 차출하고 싶은데.\""
    },
    {
      "Key": "90b0d887-8fdb-43c2-9597-792b51a724e1",
      "Value": "\"장비가 필요해. 뭐가 있는지 보여줘.\""
    },
    {
      "Key": "8439d1df-a656-4637-8ec0-074fe0112b36",
      "Value": "\"가봐야겠어.\""
    },
    {
      "Key": "8c5a9a03-c2bc-409e-a91c-37752547e67e",
      "Value": "\"사제의 도움이 필요한데.\""
    },
    {
      "Key": "d70dbe02-cfc1-4cb3-8f69-43ea82c9301c",
      "Value": "\"좋아, 이 셋을 데려가지.\""
    },
    {
      "Key": "593256a4-df42-4b63-a5be-6db33a222300",
      "Value": "\"아니, 내가 직접 고르겠어.\""
    },
    {
      "Key": "15ea6c9d-1140-4dca-bde6-4740f629cf15",
      "Value": "\"마음이 바뀌었어. 게커, 테하라, 덩치를 데려가겠어.\""
    },
    {
      "Key": "52c05170-de83-4282-8029-fd4ced51982d",
      "Value": "{n}전 반링 호스트의 보급관이자 군종 사제, 지금은 반홀드의 재무관인 셰르디 아이스복이 퉁명스럽게 고개를 끄덕이며 당신을 반깁니다. 당신이 반링 호스트에서 지낸 수 년을 통틀어서 이 농담이라고는 하나도 모르는 드워프가 웃은 적은 서너 번 밖에 되지 않습니다 – 그나마 취하지 않은 때는 절대 아니었습니다.{/n} \"그래, 축하는 끝났냐? 재미 좀 봤고? 그럼 일이나 하자고. 이 땅이 우릴 평화롭게 살도록 냅두지 않을 거란 느낌이 들어서 말이지!\""
    },
    {
      "Key": "f27ec9bf-f2da-4b34-98df-1a1d7fdcc338",
      "Value": "\"그래, 무슨 일인데? 남작령이 아직도 안 망했나?\""
    },
    {
      "Key": "08165bee-931e-41db-a597-093ce49580c3",
      "Value": "\"그렇고 말고! 내가 없으면 전부 길바닥에 나앉게 될 걸! 근데 왜 나한테 비비는거지? 내 맥주를 노리고 있나? 오늘은 절대 안 마실거니까 꿈 깨!\""
    },
    {
      "Key": "d9a3fa02-a55c-4e20-a406-15a8738d5c20",
      "Value": "\"뭐가 기운이 넘친다는거야? 물론, 남작령을 운영하는 건 남는 장사긴 하지. 근데 재무관을 하라고? 보급관 자리는 나한테 가시방석이었어. 근데 이건 와이번 발톱 방석, 아니, 와이번이 내 엉덩이를 깨물고 있는 거라고!\""
    },
    {
      "Key": "fd3dc993-c72f-448c-8ed0-6a2b62256a57",
      "Value": "\"골라봐. 장군이라고 공짜는 없어! 지킬 건 지켜야지!\""
    },
    {
      "Key": "5cab087d-7443-4d38-adb9-023939aa50d0",
      "Value": "\"그래! 우리 애들이 요새 안에서 놀고 먹는다고 좋을게 뭐가 있겠어?\""
    },
    {
      "Key": "4fafbea9-8a1c-4a06-9569-a9657d13faba",
      "Value": "\"왜 {g|Torag}창조의 아버지{/g}께서 우릴 바보로 만드셨을까? 내 말을 명심해, 언젠가 그분의 인내심이 바닥나는 날엔, 우린 모두 끝장이야! 좋아, 필요한 두루마리가 있으면 사가라고. 읽어줄테니. 하지만 내가 도시 밖까지 쫓아다닐 거라곤 기대하지 마셔! 전투에 데리고 다니려면 클레릭이나 찾아보라 이 말이야!\""
    },
    {
      "Key": "3ee34ce9-1f97-4d1f-bc47-9bcbfec7dd37",
      "Value": "\"죽지나 마셔!\""
    },
    {
      "Key": "4479ca6b-18ea-4c6b-979e-c0ca0565e35e",
      "Value": "\"난 게커, 덩치, 테하라를 추천할게. 맨손으로 적을 육편으로 만들 만큼 강한 사제와 전사가 거리 순찰이나 하고 있는 건 낭비라고. 그리고 테하라 그 무례한 자식... 난 얘를 반홀드에 냅두기가 좀 그래. 갑자기 해적시절이 너무 그리워지면 무슨 짓을 할지 어떻게 알겠어?\""
    },
    {
      "Key": "3ecd8859-685d-419b-865f-0ee0bf558e58",
      "Value": "\"알았어!\""
    }
  ]
}