{
  "$id": "1",
  "strings": [
    {
      "Key": "d197db38-01a1-42d9-bc2e-52d6c07f25cf",
      "Value": "\"너는 정말 예뻐! 나도 알아. 네 진심은 나와 자 보는 게 소원이라는 걸!\""
    },
    {
      "Key": "7484ca63-6418-45e8-b9e8-45ff5a67624f",
      "Value": "\"정말 그런 밤이 왔으면 좋겠군요. 당신의 시체를 숲 속 땅에 묻을 수 있으니까요.\""
    },
    {
      "Key": "0fb702b7-9152-4636-b485-4f0970b70bb0",
      "Value": "\"내가 꿈꾸고 있는 건 목욕과 뜨거운 차 그리고 창 밖에서 들려오는 빗소리야. 다과도 있으면 더 좋고... 오. 너의 부끄러운 상상을 알아봐주지 못해서 미안해.\""
    },
    {
      "Key": "3f637188-2b88-464f-9c65-829abfbdd3a5",
      "Value": "\"오. 방금 뭐지? 당신 자존심 부숴지는 소리 아녜요? 레곤가르, 이해합니다. 자기한테 관심 없는 사람이랑 걷는건 힘들겠죠...\""
    }
  ]
}