{
  "$id": "1",
  "strings": [
    {
      "Key": "6671761f-7e7f-4bcf-8ab5-4d0b8564449b",
      "Value": "\"너의 말과 행동이 귀품이 있어. 평민 출신이 아니지?\""
    },
    {
      "Key": "ec56f13e-550b-4347-bf34-c113262e8cd0",
      "Value": "\"혈통이 중요해? 내 자신이 중요하지.\""
    },
    {
      "Key": "956c6bab-9f50-422c-8dd7-840f29b869b7",
      "Value": "\"틀렸어. 나는 평민 출신에 쫓겨났어.\""
    },
    {
      "Key": "0d996626-34e7-47d6-bf4b-3dc878ab12fb",
      "Value": "\"틀렸어. 나는 평민 출신에 쫓겨났어. 나는 유목민부터 통치자까지 여러 사람들을 만났지.\""
    }
  ]
}