{
  "$id": "1",
  "strings": [
    {
      "Key": "c6b0bb05-d310-4a7d-92fc-da1dcf89cc93",
      "Value": "\"너는 정말 이로베티를 싫어하는 것 같아. 왜 그런거지?\""
    },
    {
      "Key": "202e3fd2-496d-4c88-857a-82e6601ee84d",
      "Value": "\"나한테 원하는게 뭐야?\""
    },
    {
      "Key": "311a7f90-ef18-4b39-aaef-1e68bcd4107f",
      "Value": "\"제안을 생각해 보지.\""
    },
    {
      "Key": "23d7a402-f43a-43af-b057-39a3b9c49d5f",
      "Value": "\"나는 너와 어떤 거래도 하지 않을 것이다.\""
    },
    {
      "Key": "0b2fab91-3fbe-45c5-b6cb-e010d3d63b88",
      "Value": "\"나는 가야 해.\""
    },
    {
      "Key": "3f5a7c0e-f009-48f5-9cfa-b393799e496e",
      "Value": "[공격합니다] \"내가 변절자를 어떻게 하는지 알아?\""
    },
    {
      "Key": "9c1adb90-a59c-4637-b1aa-dd337fa735dc",
      "Value": "\"어떤 유물?\""
    },
    {
      "Key": "ec1b88c9-ee50-4407-a319-2ea13e138a13",
      "Value": "\"좋다. 내가 음유시인들을 부추겨 이로베티에게 반기를 들도록 하게 도와주면 너는 아카데미의 새로운 교장이 될 거야.\""
    },
    {
      "Key": "fe7c2263-b3dc-4abd-8470-3d6143992c98",
      "Value": "\"지금까지 너는 Atalia처럼 나에게 맞서기 위해 충성스러운 이로베티를 섬겼다. 왜 지금 너를 믿어야 하지?\""
    },
    {
      "Key": "c5aeded4-4988-4a10-8444-4647e2f372bd",
      "Value": "\"아카데미에서 어떻게 지내?\""
    },
    {
      "Key": "e79a47cd-e7fa-4217-ae8f-2175a5f21604",
      "Value": "\"나는 가야 해.\""
    },
    {
      "Key": "e0bdbb11-3942-4c91-ae7a-9ee0c89e81db",
      "Value": "{n}{g|pitax}피탁스{/g}에서 가장 많은 찬사를 받는 {d|Annamede}안나미데{/d} 빌라바라가 미소와 함께 당신에게 접근합니다.{/n}"
    },
    {
      "Key": "c051c22f-d460-4269-a87f-7175f953eb18",
      "Value": "\"운 나쁘게도 그 냄새나는 돼지의 눈을 피하지 못한 모든 {g|pitax}피탁스{/g}의 소년 소녀들이 같은 이유로 그를 싫어하죠! 그는 '아니'라는 대답을 무시해요. 도시 전체가 그의 개인 하렘이에요!\""
    },
    {
      "Key": "0ed4c33d-c098-49eb-b73c-f0cb69647ca7",
      "Value": "\"그가 나를 유혹하지 못했을 때, 그는 나를 매수하려고 했었죠. 그리고 그가 나를 사지 못하자, 그는 나를 강제로 데려가려고 했어요. 그것도 실패하니, 이번에는 이상한 아티팩트를 사용해서 나에게 마법을 걸려고 했죠. 오, {g|Calistria}칼리스트리아{/g}시여. 마법은 효과가 없었지만... 여신에게 맹세코 나는 내 복수를 하지 못했어요! 나와 무수한 다른 사람들은 운이 없구나!\""
    },
    {
      "Key": "c1f10706-80e7-4544-ba57-b1cb52eeb3e9",
      "Value": "\"제안을 하나 하죠. 나는 {g|pitax}피탁스{/g}에 영향력이 있어요. {g|Academy of Grand Arts}아카데미{/g} 학생을 부추겨 이로베티를 상대로 반란을 일으킬 수 있죠. 그렇게 되면 늙은 아탈리아는 문제도 아닐 거예요. 생각해 봐요. 아카데미 학생 수백 명이 당신 편에 서겠죠. 그중에 마법을 못하는 학생이 드물 텐데, 굳이 적으로 돌릴 필요가 있을까요.\""
    },
    {
      "Key": "7cda1292-3ed8-4050-a585-5a4a48faadb4",
      "Value": "\"그리고 그 보답으로... 당신이 왕이 되면 {g|Academy of Grand Arts}아카데미{/g} 문을 열어두고, 나를 새로운 교장이 되게 해줘요. 어떤가요?\""
    },
    {
      "Key": "2a0b89ef-f563-40f6-8bc8-1ed9a9deefae",
      "Value": "\"기다려!\""
    },
    {
      "Key": "2c2df651-280f-41b5-a97f-98835ee87ee8",
      "Value": "\"빨리 생각해봐요. 구름이 모여 들었어요. 곧 폭풍우가 몰아치겠죠!\""
    },
    {
      "Key": "bdfe7eb3-6bf2-43fc-993c-07b266a9bb75",
      "Value": "\"당신 뜻대로, 전하. 이 결정을 후회하실까 걱정되네요...\""
    },
    {
      "Key": "fa60152b-6abf-46e1-b861-a1c8e292db24",
      "Value": "\"큰 실수군요!\" {n}안나메데가 허공으로 사라집니다.{/n}"
    },
    {
      "Key": "622794d1-5749-4bc9-85bd-19a253552692",
      "Value": "\"글쎄. 결정은 했나요?\""
    },
    {
      "Key": "952dc42b-9df1-4f2a-a354-103d4da4bcba",
      "Value": "\"나도 몰라요. 유목이나 나무 칼 같았죠... 그것에 대해 말하고 싶지 않아. 미안. 하지만 그 돼지는 또 다른 낭만적인 저녁식사에 나를 초대하고는, 뒤에서 나를 붙들고 그 막대기로 내 등을 찔렀어요. 나는 그가 무엇을 기대했는지 몰라요. 그러나 그것은 효과가 없었죠. 나는 즉시 그가 나에게 마법을 쓰려고 한다는 것을 깨달았고, 내가 평생 동안 느낀 적이 없는 분노에 사로잡혔죠. 나는 그 기억을 회상하는 것조차 부끄러워요. 비명을 지르고 테이블을 뒤집어 엎어 포도주를 뿌렸죠. 하하, 그거 아세요? 사실 전혀 부끄럽지 않아요! 와인을 흘리는 그의 주둥이 모양은 내가 유일하게 기억하는 추억이거든요!\""
    },
    {
      "Key": "f512eebd-f108-48f6-a7eb-e2543096eec8",
      "Value": "\"그냥 들어봐! 상상해 봐. 오랫동안 그녀의 왕에게 충성을 다했지만, 그의 왕좌가 흔들리기 시작하자, 그녀의 양심도 마술처럼 깨어났도다!\""
    },
    {
      "Key": "cee063f1-0f3c-42bd-b835-afd1ae605349",
      "Value": "\"그녀 말을 들어봐요. 그녀가 얼마나 그녀의 보호자에게 충성스러운가! 그녀와 그녀의 학생들이 얼마나 그에게 빚졌는가! 그 줏대 없는 녀석이 그녀의 주인에게 기어들어가는 소리를 듣게 되다니 역겹네요!\""
    },
    {
      "Key": "2e95b598-bac5-4cf8-8fa4-06aaa3444f42",
      "Value": "\"제안 하나 하죠. 내가 {g|Academy of Grand Arts}아카데미{/g} 학생을 모아 이로베티에 대항하는 반란을 이끌게요. 살면서 칼 한 번 만져본 적 없는 아탈리아보단 잘할 자신 있어요. 내가 음유시인을 이끌고 전투에 나서죠. 우리의 후원자이자, 참된 권력자인 당신을 찬양하는 노래가 전장에 울려 퍼질 거예요.\""
    },
    {
      "Key": "f3f839f4-c494-48fa-9e85-374c9dac834d",
      "Value": "\"후회하지 않으실 거예요! 궁전 앞에서 뵙지요. 그럼 이만, 학생들에게 소식을 전하러 가봐야겠습니다.\""
    },
    {
      "Key": "0714158c-60bf-4f9c-907e-2dc76789ae0c",
      "Value": "\"충성심 따위는 없어요. 결국, 우리 음유시인이 지어낸 거죠. 통치자가 순진한 바보들에게 얘기하는 동화에요, 그들이 함박 웃음을 지으며 공짜로 일하거나 다른 누군가의 이익을 위해 죽게 만드는.\""
    },
    {
      "Key": "86b02303-d78d-4bb0-9fce-95aa2481d1cf",
      "Value": "\"내가 제안하는 협상은 당신이 아니라 나에게 불리해요. 나는 이런 제안을 거의 하지 않죠 — 당신이 지킬거라는 어떤 근거도 없이 일먼저 해야 하는 종류의 제안이요. 끔찍하게 위험하죠. 하지만 나는 복수할 기회를 얻을 준비가 됐어요. 반면에, 당신은 아무런 부담이 없고요.\""
    },
    {
      "Key": "a178c030-7f13-48c4-87fa-cad7113be2ed",
      "Value": "\"전하! 충성스러운 신하를 기억해 주셔서 얼마나 기쁜지! 어떻게 이 기쁨에 보답해야 하죠?\""
    },
    {
      "Key": "cf8dc925-2e62-4317-99de-8e14e1bb2f8c",
      "Value": "\"안전한 여행 되세요. 전하!\""
    },
    {
      "Key": "fb4860e2-5560-4c5d-a4a9-8de5440a4b94",
      "Value": "\"어떤 면에서는 더 재미있었지만, 다른 면에서는 좀 더 교훈적이었죠. 나는 이전 왕이 너무나 좋아했던 무능한 아첨꾼을 내쳤어요. 물론 {g|Academy of Grand Arts}아카데미{/g}는 그런 아첨꾼 없이 존재할 수 없었겠지만, 나는 사탕발림 외에 다른 예술을 아는 사람들만을 지켰어요. 나는 그들의 통치자를 칭찬하는 것이 아니라, 즐겁게 하는 법을 아는 예술가를 고용했죠.\""
    },
    {
      "Key": "30aa4433-e40b-451f-9553-5a79621f6d56",
      "Value": "\"우리가 그런 동료가 필요하다고 생각할 수 있어! 모두가 복수에 모든 것을 걸 용기는 없을 거야. 넌 내가 존경하는 사람이야! {g|Calistria}칼리스트리아{/g}가 너를 도우길.\""
    },
    {
      "Key": "71bd942c-0481-4397-9ea6-9d9bea46dca2",
      "Value": "{n}아나미드는 기쁘게 미소짓습니다.{/n} \"복수는 정의를 넘어서는 것이에요. 정의를 구현하는 사람은 모든 사람들에게 봉사하지만, 복수하는 사람은 바로 그 자신에게 봉사하하죠. 뭐, 몰랐다고요? 우리의 {g|Calistria}여신님{/g}의 신성한 경전인 '기쁨의 책'에서 나온 말이랍니다.\""
    },
    {
      "Key": "ca8b2472-8f27-45f2-8c30-be72d3010e64",
      "Value": "\"나는 책을 많이 읽지 않아. {g|Calistria}여신님{/g}의 가르침을 먼저 공부했지.\""
    },
    {
      "Key": "1a0ecc87-2603-4fb7-8c03-722445008ae6",
      "Value": "\"또한 가치가 있죠. 폭풍이 치는 동안 그녀가 우리를 떠나지 않길!\""
    },
    {
      "Key": "27f139ce-53df-43c0-af55-29b923981eed",
      "Value": "{n}에쿤의 꿰뚫는 눈은 결코 음유시인을 떠나지 않습니다.{/n}\"화려한 깃털을 치고 달콤한 노래를 부르더라도 코브라의 본성은 바뀌지 않는다. 그 노래를 듣지 마라. 그녀가 너를 괴롭히지 않게 하라.\""
    },
    {
      "Key": "97107e05-307b-45b7-9d1c-ce9b583cd6c2",
      "Value": "\"영리하고, 야심 차고, 매력적이며, 권력의 균형을 이해한다... 나는 그녀 뿐만 아니라 그녀의 제안도 좋아해. 잘 생각해. {name}. 아탈리아 지타렌과 같은 완고한 이상주의자들 보다 안나메데 같은 이와 협력하는 편이 훨씬 유익해.\""
    },
    {
      "Key": "e99715f7-f53b-4b8f-96e2-c916fee4978c",
      "Value": "{n}발레리는 비웃었습니다.{/n} \"충성이 음유시인들에 의해 만들어졌다고? 나는 달콤한 단어를 만드는 재능을 가진 사람들이 종종 자신을 마음의 주인이라고 생각할거라 추측하지만, 만약 그들이 전투의 진정한 위험과 충성심과 우애의 진실된 가치를 알게 되면, 그들의 힘을 뽐내며 노래하지 않을 거라 생각한다.\""
    },
    {
      "Key": "6d78ffa3-2e87-4a29-9259-e46deb9cc9f7",
      "Value": "\"나는 그녀의 노래를 많이 즐기지. 가사에는 불과 웃음을 느끼고 향기를 맡고 심지어 만질 수도 있어. 하지만 안나메데는 무섭더군. 그녀는 냉혈한에 자비란 없는 자야...\""
    },
    {
      "Key": "c8edd212-3555-4731-b8ed-52bb66586842",
      "Value": "\"하하하! 네 신하가 충성스럽지 않다면 그건 그들을 제대로 교육하지 못했다는 의미지. 그 이상도 그 이하도 아니야.\""
    },
    {
      "Key": "1d27b4a1-aba3-4bd8-baa4-70da2031c368",
      "Value": "{n}카네라는 음유시인을 노골적이고 적대적으로 응시합니다.{/n} \"네 충성심을 다음 왕에게 바칠 때 네가 부를 값이 궁금해지는군. 그녀와 거래는 하지 마. {name}. 음유시인 녀석들은 교수대에 보내야 마땅해.\""
    }
  ]
}