{
  "$id": "1",
  "strings": [
    {
      "Key": "67973f50-93d3-46f4-8d80-b38e2c2350e6",
      "Value": "\"오늘 할 말이 너무 많아... 하지만 지쳤어.\""
    },
    {
      "Key": "940a7b10-07c2-4e63-a288-48540f5eb5f9",
      "Value": "\"눈이 감긴다. 서 있을 때도 잘 거 같아.\""
    },
    {
      "Key": "1a72cad7-e04a-432d-8a2a-ce37d2392e76",
      "Value": "\"그건 좋은 소식인데. 어떤 녀석은 너무 시끄럽거든.\""
    },
    {
      "Key": "e906f36e-632b-4f0d-9d16-84ccf91d3c86",
      "Value": "\"나도 눈 좀 붙여야겠어. 하지만 일찍 자는 건 좋지 않아. 너무 무른 것도 좋지 않지.\""
    },
    {
      "Key": "4f4940cb-025a-42be-8c9d-c8652b1e12b0",
      "Value": "\"저녁은 조용해. 휴식을 취하고 힘을 회복해둬.\""
    },
    {
      "Key": "918687c0-bb11-4211-81d4-7a9416e72658",
      "Value": "\"내일부터는 네 짐의 절반을 들어줄게. 알았지?\""
    }
  ]
}