{
  "$id": "1",
  "strings": [
    {
      "Key": "9ac78e0f-a787-4873-8c16-3c0954e60cb2",
      "Value": "\"두가스가 나를 보냈다.\""
    },
    {
      "Key": "b60752a3-e534-45ed-b42d-23ff7cecef17",
      "Value": "\"얼굴잃은 자매가 나를 보냈다.\""
    },
    {
      "Key": "f88cbee5-6982-4e8d-bd53-acd3b364da66",
      "Value": "\"우린 그저 여행자들이다.\""
    },
    {
      "Key": "3492a3cc-25bb-4812-9d63-895c66640a62",
      "Value": "[야만인을 죽입니다] \"어쨌든.\""
    },
    {
      "Key": "66f2b246-67d9-4931-b009-b4d59c36f01c",
      "Value": "[말 없이 떠납니다]"
    },
    {
      "Key": "1ec89916-5c52-4dc9-9a4d-32190db7f1f2",
      "Value": "\"넌 누구지?\""
    },
    {
      "Key": "b8b3ac11-3c4e-4c35-9277-ae01b2437958",
      "Value": "\"여기 무슨 일이 있었지?\""
    },
    {
      "Key": "b4d39f90-4dd8-43fc-8e5d-c2c383cca1aa",
      "Value": "\"치료해주지.\""
    },
    {
      "Key": "980575e0-cc85-4806-bceb-eac8e621714c",
      "Value": "[야만인을 죽입니다] \"너에게 안식을 주지.\""
    },
    {
      "Key": "a3a8c383-12ff-43cd-9e8a-f29b104457e1",
      "Value": "[야만인을 치료해줍니다] \"아직 죽을 때가 아니다.\""
    },
    {
      "Key": "7d244d28-cd97-4c00-937b-c46774dc2d07",
      "Value": "[야만인을 죽입니다] \"네가 원하는 대로. 고룸이 너를 인도할 것이다.\""
    },
    {
      "Key": "2ee2741b-1d5f-4187-9f61-2cf312f2f3cc",
      "Value": "\"이제 가야 해.\""
    },
    {
      "Key": "d81bca57-707f-4ec1-befd-54eafa96a49e",
      "Value": "[아무것도 말하지 않는다]"
    },
    {
      "Key": "a88b52a4-9705-45e0-bce6-37a71a8d59b4",
      "Value": "\"닥쳐. 레곤가르! 제발 한번이라도 좀 닥칠 수 없어?\""
    },
    {
      "Key": "7fecd543-0268-4299-954f-e961874f4f35",
      "Value": "\"좋아. 하하! 뒤통수에다 눈을 달아야겠어! 아니면 잘 때 한눈은 뜨고 자던가!\""
    },
    {
      "Key": "647043e8-6286-4b60-9041-1d765d39eece",
      "Value": "\"레그. 재미 없어. 사람이 죽어가고 있어. 분위기 좀 봐가면서 해.\""
    },
    {
      "Key": "6b2f62ad-4b2d-4185-ade1-2d7bfc413d4a",
      "Value": "\"많은 좋은 전사들이 고룸을 만나러 떠났다. 울지 마. 그들은 일리지움에서 술을 마시고 있을 테니까!\""
    },
    {
      "Key": "121fb525-9364-4791-b587-1e510afc47b7",
      "Value": "{n}야만인이 벽에 기대어 사방이 시체가 있는 곳에 앉습니다. 그는 죽어가고 있었습니다. 그의 얼굴은 피로 덮여있었고 피부가 떨어져나갔습니다. 당신이 오는 것을 알아차리고 그는 당신 쪽을 보고는 가까스로 검을 듭니다.{/n} \"친구냐 아니면 적이냐?\""
    },
    {
      "Key": "87af5aca-4b0f-4e54-b8e0-f5c3e5a2694c",
      "Value": "{n}야만인은 피 묻은 손으로 칼을 쥡니다.{/n} \"또 너냐?\""
    },
    {
      "Key": "e9c1f183-d325-4439-8256-e1fb636075f4",
      "Value": "\"두가스! 물론. 그 늙은이는 아군을 버리는 법이 없지... 하지만 지금은 늦었어. 살아남은 자는 나 뿐이고 나도 곧 죽을 거야. 나도 그들을 따라가겠지.\""
    },
    {
      "Key": "1f2a1c85-019d-4172-ae15-6752739ee434",
      "Value": "\"그 마녀가! 네가 누군지 모르지만 그녀를 믿지 말라고! 우리가 실수를 저질러 어떤 일이 일어났는지 보라고!\""
    },
    {
      "Key": "99fb7242-cba4-4f1a-94a8-02460be6c4ea",
      "Value": "\"네가 밤을 지새울 캠프 자리를 찾는다면 계속해서 움직이는 것이 좋을 거야. 여기는 보다시피 아늑한 자리는 아니군!\" {n}야만인은 웃으려고 하지만 헐떡임에 가까웠습니다.{/n}"
    },
    {
      "Key": "529d779a-5255-4c51-b419-87a71bbf8347",
      "Value": "\"잠깐! 젠장... 내가 미쳐가는군. 나는 여기에서 벽과 대화하다 홀로 죽을 거야.\""
    },
    {
      "Key": "9c28486a-2523-4c12-9d24-d130dfcd128c",
      "Value": "\"그 저주받은 마녀가 우리를 여기로 인도했어. 사이클롭스의 보물을 주겠다며 임무를 하라고 혀를 놀리더군... 그리고는 이 꼴이 되었지! 입구로 들어서자 사이클롭스들이 우리를 공격했어! 그리고 빛이 번쩍였고 모든 것이 미쳐가기 시작했지...\""
    },
    {
      "Key": "c5437daf-d52d-411f-9141-611066d62c9e",
      "Value": "\"마치 내 뇌를 쑤시는 것과 같았지. 죽여야 한다는 강렬한 욕망에 사로잡혔어. 나는 저항하려고 했지만 소용이 없었고 모두 미쳐갔다네... 친구와 적도 구별하지 못하는 살육의 현장이었지!\""
    },
    {
      "Key": "8e2e4551-0ac4-4ae5-bb35-dfbbfc63247e",
      "Value": "\"우리는 후퇴하려 했지만 그들이 따라왔어. 한놈이 내 머리를 잡고 움켜쥐었고... 내 머리는 호두처럼 부서질 뻔했지! 내 눈은... 그의 손가락을 본 게 마지막이었고... 바하가 그의 손을 자르고 나를 여기로 끌고 오지 않았다면 이미 죽었을 거야. 그녀는 그들 앞에서 문을 박차고 들어갔어! 잠시 동안 그녀를 볼 수 없었고... 지금은 아마 죽었을 테지. 보물을 탐하다가 이렇게 되었어.\""
    },
    {
      "Key": "989f0d38-bfe2-418e-8fa3-6553bcec4a93",
      "Value": "\"난 {g|Tiger Lords}호랑이 군주{/g} 부족의 베리그와 딜의 자손 브라그다. {g|Numeria}누메리아{/g}에서 왔지. 내 동료들을 만나거든 내가 어디서 어떻게 죽었는지 말해다오.\""
    },
    {
      "Key": "140707b3-9be4-402b-b58d-171e78ca002b",
      "Value": "\"상관 없어. 누가 눈 먼 불구를 원하겠어? 나를 끝내줘. 검을 든 전사로서 죽겠다... {g|Gorum}고룸{/g}을 만날 준비가 되었으니...\""
    },
    {
      "Key": "e0c874f7-2f7f-40d7-9972-dc0431dde080",
      "Value": "\" {g|Gorum}고룸{/g}... 내가 갑니다...\" {n}칼을 움켜쥔 그의 손이 경련을 일으키며 그의 속삭임은 사라져갑니다.{/n}"
    },
    {
      "Key": "82521354-87f4-4fb2-b05d-b4dcf813cc90",
      "Value": "\"안녕히... {g|Tiger Lords}호랑이 군주{/g}를 만나면 우리에게 일어난 일을 알려줘...\""
    },
    {
      "Key": "f9eb34b4-b15c-471d-896e-c1f93a7dc1b3",
      "Value": "\"고룸께서 너에게 축복을 내리길.\""
    },
    {
      "Key": "4be4a523-336f-4988-996e-0111ab0fc2be",
      "Value": "\"하지만 너는 아직 살아있어! 싸움을 멈추지 말아!\""
    },
    {
      "Key": "6c69bf1c-69c1-4306-b5d0-4b3fe7d986dd",
      "Value": "\"전투에서는 용감하고 죽기 전에는 겸손하구나... 너는 진정한 전사다.\""
    },
    {
      "Key": "5039d062-1e78-48d7-bc89-b4f94a92370a",
      "Value": "\"무슨 말을 지껄이는 거야? 나는 위대한 전사들과 {g|Numeria}고룸{/g}의 식탁에서 만찬을 즐기러 일리지움에 가는 거다!\""
    },
    {
      "Key": "6b2cfca9-dcde-4dc5-80c1-3634e7202465",
      "Value": "{n}하림은 한숨을 쉬고 절래절래 고개를 흔듭니다.{/n}"
    },
    {
      "Key": "02eefd4a-84de-4d3f-98fb-e6d918fe16b7",
      "Value": "\"싸우기에는 너무 늦었어. 숨을 쉴 때마다 내 몸에서 생명이 빠져나가는 것이 느껴진다...\""
    },
    {
      "Key": "74f1c19b-ad5c-45d4-9d40-4abbd17ea92c",
      "Value": "\"많은 전사들이 {g|Gorum}고룸{/g}을 만나러 떠났다. 모두 마녀 때문이야! 내가 그녀를 만난다면...\""
    },
    {
      "Key": "797fa21e-fbba-48af-98ac-f9683dfc5c84",
      "Value": "\"해낼 거예요! 전 믿어요!\" {n}옥타비아는 당신을 보며 감사의 미소를 짓습니다.{/n}"
    },
    {
      "Key": "a21fffd4-1917-48fc-a8f9-969607fc069d",
      "Value": "\"맞아. 주변에 사이클롭스가 널려있으니... 항상 눈을 떼지 말아야겠지. 하하!\""
    },
    {
      "Key": "1bcae72a-8caf-4a8d-9c57-ea471f4f12c0",
      "Value": "\"그래. 맞아... 미안. 내가 심했군.\""
    },
    {
      "Key": "872d2c8c-a56d-49f3-8517-4cfa742fffe3",
      "Value": "\"별 거 아니야.\" {n}야만인은 부러진 이를 드러내며 웃음을 짓습니다.{/n} \"네가 원하는대로 얼마든지 놀려봐. 난 눈 하나도 깜빡하지 않을테니!\""
    },
    {
      "Key": "521c3444-5664-4b14-b1b9-b8f9a9e7cbb8",
      "Value": "\"좋아. 좋아... 뭐였지...?\""
    },
    {
      "Key": "6727bd29-3e00-47c0-ae58-88ab0fe8d010",
      "Value": "{n}누구도 그의 농담에 귀 기울이지 않는 것을 안 레곤가르는 무관심한 눈빛으로 돌 벽을 조사하기 시작합니다.{/n}"
    },
    {
      "Key": "09da472a-5a76-4d33-88f2-1e27e35e7c58",
      "Value": "\"좋아! 아니면 그들이 눈 깜짝할 사이에 너를 떼려눕힐걸! 아. 눈이 없나?\""
    },
    {
      "Key": "a6f1a504-ac3b-49c7-9ccb-530f4b2e3fcd",
      "Value": "\"하하하! 정말 농담을 잘하는군?\" {n}야만인은 부러진 이를 드러내며 웃습니다.{/n} \"직접 그들을 보러 가 보라고! 여기서 눈알이 빠지도록 기다려 봐야 소용 없어!\""
    },
    {
      "Key": "afa1583c-9127-4566-9da2-b9ecb580ff94",
      "Value": "\"죽은 고기다. 녹 녹 지겹다. 가자.\""
    },
    {
      "Key": "627f9ba4-650d-43d2-90ac-413089d1c848",
      "Value": "\"진실을 말하는군. 하지만 불쌍하구나. 많은 전투가 남았지만 노래로 남겨지지 않다니.\""
    },
    {
      "Key": "784e4745-55a6-450b-a378-6d41a9aae7df",
      "Value": "\"여기에 머물기 싫어...\" {n}칼리케는 조용히 말해서 당신은 그녀의 목소리가 거의 들리지 않았습니다.{/n} \"세상의 온갖 아름다움을 볼 기회를 잃어버리다니... 나라면 차라리 죽어버리겠어.\""
    },
    {
      "Key": "64222510-d319-47c5-987e-0cdf50a0b619",
      "Value": "\"쉽게 돈 좀 벌어보려고 고대 던전에 들어갔더니 괴물을 만났네. 세상에나!\""
    },
    {
      "Key": "2c53da0a-eaa2-433a-9d5b-0638755e6780",
      "Value": "{n}야만인의 상처는 닫혀 피가 멎었지만 그는 여전히 눈이 멀었습니다. 그의 시력을 회복하려면 더 강한 마법이 필요합니다. 그는 안도의 한숨을 쉽니다.{/n} \"고마워. 어떻게 살아나갈지 모르지만 그래도... 어떻게든 되겠지.\""
    }
  ]
}