{
  "$id": "1",
  "strings": [
    {
      "Key": "247db356-1a07-4117-a7d2-2d3d1ab0c0d1",
      "Value": "\"너의 행동은 동료들의 삶을 위험에 처하게 했다. 미안하지만 너를 처벌해야 한다... 나의 권한으로 너를 이 땅에서 추방한다.\""
    },
    {
      "Key": "79554ad3-700f-4b80-9259-6fe770eb278b",
      "Value": "\"에쿤다요. 너는 통치자를 상대로 무기를 들었다. 반역죄는 즉각 처형이다. 할말이 있다면 들어주지.\""
    },
    {
      "Key": "f15eb291-f09e-4967-8bc8-c3722602cb8e",
      "Value": "\"배신자는 죽어라! 똑똑히 보아라. 이것이 배신자의 결말이다!\""
    },
    {
      "Key": "5605b3b6-2165-4249-b294-d803768284bf",
      "Value": "\"무얼 보는 거야? 정신 차려. 친구 사이에 그럴 수도 있지. 다시는 이러지 말도록...\""
    },
    {
      "Key": "e7692231-fedb-4363-b653-bf7811a67a8f",
      "Value": "\"이렇게 되어 유감이다. 이런 일이 다시는 일어나지 말도록 하자.\""
    },
    {
      "Key": "d4df7511-d29a-491a-9751-dc2c30cdf07f",
      "Value": "[에쿤을 처형합니다]"
    },
    {
      "Key": "244ff2b9-354c-4b35-9b6f-42b7e1938d45",
      "Value": "[에쿤의 목을 벱니다]"
    },
    {
      "Key": "b4d7ecb2-c554-45f7-80f8-856fb996f80b",
      "Value": "{n}에쿤이 막 왔을 때 그는 예상했다는 듯 공허하게 당신을 쳐다봅니다.{/n}"
    },
    {
      "Key": "5d931de9-409f-4650-807f-dfa86ce07eba",
      "Value": "{n}레인저는 웃었습니다.{/n} \"오래 전에 죽었다.\""
    },
    {
      "Key": "dcf97118-8309-467c-8eb7-34719e513cd3",
      "Value": "{n}Ekun이 고개를 끄덕입니다.{/n} \"좋다. 너를 알게 되어 기뻤다. 안녕히.\""
    },
    {
      "Key": "cb606494-eae3-4d28-8009-9dff736f05f7",
      "Value": "{n}에쿤의 얼굴은 공허함이 남아있습니다.{/n} \"나는 이해한다. 해야겠다면 해라...\""
    },
    {
      "Key": "3664162d-f99e-4002-9e02-809e2253fd92",
      "Value": "{n}에쿤은 놀람으로 당신을 봅니다.{/n} \"나는... 나를 용서해. {name}. 잠시 혼란스러웠다. 이런 일은 일어나지 않을 거야. \""
    },
    {
      "Key": "55a7e5c9-092b-4575-a9ec-9fad64e54620",
      "Value": "{n}에쿤은 당신의 눈을 응시하고 끄덕입니다.{/n} \"너는 매우 친절하다. 내가 이 빚을 갚기를 바란다...\""
    },
    {
      "Key": "36f1e3ef-d085-48e6-bc5f-c037dc0a6dad",
      "Value": "\"이야기해라. 네가 수도에 있을 때.\""
    }
  ]
}