{
  "$id": "1",
  "strings": [
    {
      "Key": "348c4754-ceb1-4ee1-bbf2-b6841e0c147b",
      "Value": "\"다들 반갑군. 그래, 내 딸들아. 내가 예언했던 대로 너희는 방금 너희의 신격 후원자가 내걸었던 두번째 조건을 위반하고 말았구나.\""
    },
    {
      "Key": "f61f298e-ac76-428b-a2ab-6648ac6a9b46",
      "Value": "\"그럼 넌 시간의 끝에 선 집에서 우리에게 어떤 일이 일어날 지 알고 있었던 거야?\""
    },
    {
      "Key": "524b7bca-e59a-40e6-9224-fd96cf9831b6",
      "Value": "\"짐작은 했다. 나는 도둑맞은 땅에서의 너희 모험 전부를 직접 인도했다. 너희가 해와 달을 삼킨 원반을 찾아오도록 이끈 것도 나다. 나는 너희가 올바른 때에 올바른 장소, 즉 태초 세계의 마법이 너희들을 괴롭히던 신성한 저주를 없앨 수 있는 곳에 당도하도록 조치했다. 너희가 다시 만날 수 있도록 말이다. 조상이라면 응당 자손을 돌보지 않겠느냐? 게다가 나는 특히 더 자손을 아끼는 조상이니라.\""
    },
    {
      "Key": "c0d69af0-a377-421b-a9bd-dded39f495ff",
      "Value": "\"그리고 이제는 귀하에게 양해를 구해야겠군. 너와 상대하는 것도 즐거웠지만, 이제 너보다 훨씬 강대한 존재들이 등장할 차례다. 드디어 그간의 견해 차이를 해소할 시간이지.\""
    },
    {
      "Key": "d2d08843-aef2-4c07-b4c4-c8423c1259dc",
      "Value": "\"그러면 이제, 나는 먼저 실례하겠다.\" {n}데블은 이제 말투에서 비웃음을 숨기지 않습니다.{/n} \"너는 너의 왕국으로 돌아가라. 정신나간 페이 군주의 손에 곧 무너지고 말 왕국으로!\""
    },
    {
      "Key": "e344f826-62f7-4fd0-8b81-aa47bf0d42cf",
      "Value": "{n}당신은 칼리케의 비명과, 카네라가 분노에 차 쉿쉿거리는 소리를 얼핏 들었습니다. 포탈이 닫히자, 슬픔의 폭포 위로 솟은 탑의 친숙한 실루엣이 눈에 들어옵니다.{/n}"
    }
  ]
}