{
  "$id": "1",
  "strings": [
    {
      "Key": "ab536a37-cd8a-420d-a998-4304a88aa0b6",
      "Value": "{n}하얀 머리의 매우 창백한 노움이 작은 스크롤에 무언가를 휘갈겨 쓰다가 당신이 오자 고개를 듭니다.{/n} \"오. 결국에 왔구나! 어서 가서 규칙을 읽어봐. 자세하게 쓰여있을 거야. 다른 팀은 이미 도착했다고. 주최자가 네가 와서 규칙을 읽으면 곧 시작할 거라고 했어.\""
    },
    {
      "Key": "7322a51b-5c1a-4907-9a79-52dbfac93d41",
      "Value": "\"물론, 내가 가는 곳마다 나의 팬들로 넘쳐날 정도로 나의 존재감은 크지. 하지만, 우리가 온다는 것을 어떻게 알았지?\""
    },
    {
      "Key": "a3bc0833-e35c-47ba-b76c-6fcc071138d5",
      "Value": "{n}노움은 어깨를 으쓱합니다.{/n} \"주최자가 그렇게 말했어. 여기서 시간만 때울 거야? 규칙을 어서 읽어야 시작한다고.\""
    }
  ]
}