{
  "$id": "1",
  "strings": [
    {
      "Key": "e3ead47f-24b2-4e80-a292-946a61841537",
      "Value": "\"왜 그렇게 죽음에 대해 고민하는 거지? 삶에는 흥미로운 게 많아! 난 어째서 사람들이 압살롬의 유명한 블루베리 케이크를 먹어보지도 않고 죽을 수 있는지 이해를 못하겠어.\""
    },
    {
      "Key": "767dc5b2-fbf2-4816-a14a-f49eda8a23ce",
      "Value": "\"블루베리 케이크가 인생에 무슨 의미가 있나? 흠... 이것엔 뭔가 있군. 내 생각에 네게 블루베리 케이크가 있다면 종말도 더 재밌어 질 것 같아.\""
    }
  ]
}