{
  "$id": "1",
  "strings": [
    {
      "Key": "a08e2684-803b-4dcc-beab-2746403e787e",
      "Value": "\"글쎄 나는 아직 영원한 공허와 재회하고 싶지 않아.\""
    },
    {
      "Key": "59b105c0-26ec-4194-a3ca-86985c16759e",
      "Value": "[떠난다] \"너는 말하는 쓰레기야. 가자.\""
    },
    {
      "Key": "2dd3cfca-ae02-4424-ae83-2a692a2821bf",
      "Value": "\"과민반응만 하는군. 요새가 필요 없어져서 드워프들이 그냥 떠났을 수도 있겠지. 우리가 어떻게 알겠어?\""
    },
    {
      "Key": "be3a81fd-cb21-4cc9-9c20-192143c5f0fc",
      "Value": "{n}그는 당신을 봅니다.{/n} \"자네도 이제 알겠지. {name}. 한때 자랑스런 요새가 무너졌고 모든 주민들은 오래 전에 사라졌어. 죽음과 망각은 모두를 기다리고 있어. 곧 너와 나도 영원한 공허에서 다시 만날 거야.\""
    },
    {
      "Key": "3de4742c-a96a-468b-8870-6d7d6faac6be",
      "Value": "{n}하림은 한숨을 쉽니다.{/n} \"자네의 무지는 변한게 없는 모양이군. 어차피 길의 끝에 다다르게 될껄세. 내 목표는 자네를 준비시키는 거야. 그게 {g|Groetus}그로투스{/g}의 의지야. \""
    },
    {
      "Key": "934459de-b593-4b19-b420-1d9aaa11b725",
      "Value": "{n}하림은 불쾌감으로 얼굴을 찡그립니다.{/n} \"그런 주장을 하려면 드워프에 대해 조금은 알고 있어야 하네. 우리는 세상에서 가장 완고한 생명체야. 드워프는 제대로 된 전투가 없는한 절대 요새를 버리지 않아.\" {n}그는 눈을들어 성문 근처의 부서진 조각상을 올려다봅니다.{/n} \"오 슬픔의 요람이여. 우리가 간다...\""
    },
    {
      "Key": "cd84cb0e-9045-4c60-96ff-ac859228ec4d",
      "Value": "\"생각했던 것보다 더 심하군.\" {n}고통이 가득찬 눈으로 하림은 그의 수염을 잡습니다.{/n} \"드워프들이여 다들 어디로 갔는가? 너희는 왜 요새를 떠나 괴물들이 더럽히게 만든 거지? 괴물에게 죽임을 당한건가? 그리고 이곳엔 너희의 운명을 가족들에게 전해줄 생존자조차 아무도 없었어.\""
    }
  ]
}