{
  "$id": "1",
  "strings": [
    {
      "Key": "a7197d1e-9359-49fc-b46b-7a7a3ca403b8",
      "Value": "\"옥타비아가 왜 너를 좋아하는지 모르겠어. 옥타비아처럼 친절하고 예쁜 여자가 너처럼 무례하고 괴팍한 변태 살인마를 좋아하다니.\""
    },
    {
      "Key": "8d3c7cd5-e472-42bc-b5ad-e34aa23ab86e",
      "Value": "\"예쁜 애들은 원래 나쁜 남자를 좋아해. 나쁜 남자는 여자를 기분 좋게 하는 방법을 알거든. 궁금해? 너도 내 텐트로 와.\""
    }
  ]
}