{
  "$id": "1",
  "strings": [
    {
      "Key": "4dd9ddcd-422c-4123-9b87-0d83a787ceec",
      "Value": "\"왜 너 자신을 우리들이라고 말하는 거야?\""
    },
    {
      "Key": "55d6ed4d-478d-4895-adee-b8747e5908d4",
      "Value": "\"네 변명은 정말 그럴싸한데. 내가 아는 태초 세계의 원로는 다수의 샤이카뿐이야.\""
    },
    {
      "Key": "585db774-2cb2-4528-a603-5d7c613146ae",
      "Value": "\"시작해 보자!\""
    },
    {
      "Key": "f41440e4-55cb-40a3-843a-ad3f098f7fe1",
      "Value": "\"주빌로스트. 린지? 우리 대답은 뭐지?\""
    },
    {
      "Key": "37998057-65f8-46f0-9a54-4f54638468fe",
      "Value": "\"마법.\""
    },
    {
      "Key": "71a8ccdf-705d-42fc-9f90-05e2a1e8f5ff",
      "Value": "\"신들.\""
    },
    {
      "Key": "5bafca6a-1e4e-44ea-b867-531efe3fec7b",
      "Value": "\"자유 의지. 그리고 촉수.\""
    },
    {
      "Key": "9458051f-80f6-476a-8112-5080615b43fe",
      "Value": "\"자유 의지.\""
    },
    {
      "Key": "f27ba7cd-a3fb-41b0-84b3-04e35d7c380f",
      "Value": "\"태초 세계의 생물들은 왜 이 모든 것을 만들었지?\""
    },
    {
      "Key": "95b74820-ac72-4f53-9621-3d6421b7c416",
      "Value": "\"어떻게 생각해? 주빌로스트?\""
    },
    {
      "Key": "7ddb357d-9127-4d7f-aec8-08079858e245",
      "Value": "\"지식.\""
    },
    {
      "Key": "f9977b7b-6b8c-467e-ab18-53b7db6724ed",
      "Value": "\"과거.\""
    },
    {
      "Key": "e88d2241-6a02-4187-8c0f-87c296b58627",
      "Value": "\"야망.\""
    },
    {
      "Key": "56bd8ea6-5f07-4ed5-92e0-228ac2e2a421",
      "Value": "\"다른 세계의 사악한 쌍둥이 형제.\""
    },
    {
      "Key": "13eefe10-34d1-42fe-8721-21fb6fa4b5f4",
      "Value": "\"기억.\""
    },
    {
      "Key": "b6d1fc1a-2d8f-4116-9ac9-7d938715637e",
      "Value": "\"주빌로스트?\""
    },
    {
      "Key": "f3daaf0b-01c0-4859-99fb-9fb2c0955931",
      "Value": "\"수프 냄비.\""
    },
    {
      "Key": "15b348e1-d034-4fc2-8fe1-f15c515b2d70",
      "Value": "\"비밀.\""
    },
    {
      "Key": "bf620397-da87-4261-ae72-cb8752ffa843",
      "Value": "\"집. 또는 다른 재산.\""
    },
    {
      "Key": "e16f837c-6883-4d3f-a08c-b200b5bff54c",
      "Value": "\"영광.\""
    },
    {
      "Key": "4d4d5c0e-38ce-4c78-af3b-413560c10d09",
      "Value": "\"기사!\""
    },
    {
      "Key": "39faf27d-d490-4003-b946-4b087a770f4f",
      "Value": "\"용!\""
    },
    {
      "Key": "9e22fb00-011b-44cb-9f7c-8e0cc1482d32",
      "Value": "\"민달팽이!\""
    },
    {
      "Key": "b0886f5b-a7ca-438c-aa6a-f670964d802e",
      "Value": "\"기사!\""
    },
    {
      "Key": "e9cd02f8-8317-4410-8c7c-aa47c1dda91a",
      "Value": "\"기사!\""
    },
    {
      "Key": "11a46927-bb00-4006-9835-33e78a62c7f6",
      "Value": "\"용!!!\""
    },
    {
      "Key": "4f695b96-c066-48c4-b61a-c5b1b661cd57",
      "Value": "\"민달팽이!\""
    },
    {
      "Key": "88377fd3-a1c6-48e5-9e4d-aaced72e6558",
      "Value": "\"용!\""
    },
    {
      "Key": "4af33b7e-7592-4a2b-9102-a6e08dd10130",
      "Value": "\"민달팽이!\""
    },
    {
      "Key": "6c2a1f25-12fb-495d-9632-d500a0432b85",
      "Value": "\"왜 노움이 태초 세계를 떠났는지 알고 싶다.\""
    },
    {
      "Key": "bee1e8ac-dd69-4254-a627-c5cf061649c2",
      "Value": "\"나는 역병에 대해 알고 싶다. 내 영지에 퍼졌었지.\""
    },
    {
      "Key": "4878bd92-65cc-4df7-8a0d-3f421777d75e",
      "Value": "\"왜 이 모임을 만들었는지 알고싶다.\""
    },
    {
      "Key": "1e8dd19d-ec17-43f2-96dd-cf34e52aa16d",
      "Value": "\"내 사랑이 누구인지 알고 싶다.\""
    },
    {
      "Key": "c37dae88-9bc6-450d-8029-b6b72d1c48c7",
      "Value": "\"나는 권력과 불멸을 얻는 법을 알고 싶다.\""
    },
    {
      "Key": "cc031b26-8727-493b-953a-22cb5220eb7f",
      "Value": "\"좋은 애완 동물 이름 좀 지어주겠어?\""
    },
    {
      "Key": "d2efa027-251c-4df7-9ff8-3f8fe35a2cf0",
      "Value": "\"할머니!\""
    },
    {
      "Key": "b97549aa-a334-468c-bbb0-1b3287417df3",
      "Value": "{n}후드를 쓴 생물은 평범한 것처럼 보이지만 계속 보니 후드 속의 형상의 윤곽이 안개처럼 흐리고 떨립니다.{/n}\n\"비논리 토론회에 온 걸 환영해! 나를 주최자라고 불러도 좋아. 이 논쟁을 위해 오늘 여기에 왔어!\""
    },
    {
      "Key": "02164576-5e9a-43d1-9834-2c2c367238a2",
      "Value": "\"규칙은 읽었겠지? 거기에 쓸만한 건 없어. 진짜 규칙은 내일 만들지, 다시 잊어버리고 또 만들어야만 하지. 규칙은 간단해. 보상을 원하면 우리의 질문에 답해. 질문을 대답하는 경쟁이 시작될 거야. 우리는 세 쌍의 질문을 한 번씩 말할 거야. 하나가 답이고 나머지는 비슷한 것이지. 어디 보자... 거기 너. 코볼트, 너, 알프레이 경, 너, 니르드, 그리고 너, {name}. \""
    },
    {
      "Key": "a3a05d14-a3ed-4ba7-9ec9-105dfe061065",
      "Value": "\"이걸 기억해둬. 비논리 토론회에서는 정답과 오답이 없어. 대신 답의 무게가 있지. 그 무게를 잴거야. 가벼운 답을 내지 않도록 해. 너희 경쟁자들이 더 무거운 대답을 찾을 수 있으니. 그리고 제일 중요한 건, 우린 가벼운 대답이 재미 없단 거지.\""
    },
    {
      "Key": "cd20b6c4-88cd-40db-98a1-b77da767765f",
      "Value": "{n}두건 아래에서 웃음 소리가 들립니다.{/n} \"잘 알고 있군. 너는 우리를 만났었어. {name}... 하지만 그건 다른 시간대의 우리였지. 지금은 우리의 정체를 드러내지 않은 걸 감사하게 생각해.\""
    },
    {
      "Key": "edb959d5-47b5-4dbb-921b-94b7080bfa98",
      "Value": "\"물론 {g|Shyka}샤이카{/g}라고 추측했겠지. {g|First World}태초 세계{/g}의 교활하고 가장 신비로운 신은 이것과 관련된 무언가를 준비했을거다.\""
    },
    {
      "Key": "c1221b44-69b6-4b19-9f64-f7cb3a6ec80a",
      "Value": "\"너 참 밝구나. 네게 놀란 게 한두번이 아니야.\""
    },
    {
      "Key": "d6b70109-e13a-42c2-b049-f0a9160f3371",
      "Value": "\"시자아아악!\" {n}코볼트는 기뻐서 날뜁니다.{/n}"
    },
    {
      "Key": "20cc904a-1a02-42b4-913f-667a5c000f50",
      "Value": "\"준비 됐다.\" {n}기사는 단호하게 고개를 끄덕입니다.{/n} \"촉수 쯤이야.\""
    },
    {
      "Key": "87b9849f-9313-4e93-97b1-7c2c7124841e",
      "Value": "\"좋아! {g|First World}태초 세계{/g}가 얼마나 빡센지 보자구!\""
    },
    {
      "Key": "1639f1de-ae33-42c9-85da-a77abdbb06f1",
      "Value": "\"너무 진지한 녀석들도 있는데... 무거운 주제부터 시작할게. 산을 움직일 수 있는 것이 무엇일까?\""
    },
    {
      "Key": "914d0138-1a73-436c-814d-317cbcf69a1b",
      "Value": "\"어디 보자... 우리는 페이와 태초 세계에 관해 이야기하고 있으니까 평범한 대답은 확실히 아닐 거야. 정답은 '자신의 의지'라고 생각해. {g|First World}태초 세계{/g}에서 산은 종종 움직여. 그리고 스스로 움직이는 것도 최소한 하나는 있지. 울라스라고 하는데, 테인 중 하나이자 걸어다니는 산이야.\""
    },
    {
      "Key": "cba4f2aa-cb37-44f1-addd-61f4a4d4a0ec",
      "Value": "\"나는 네가 충분히 똑똑했으면 해, 왜냐하면 여기엔 눈치채기 힘든 촉수가 있으니까. 대답은 '자신의 의지'야. {g|First World}태초 세계{/g}에는 최소 한 개의 촉수 달린 산이 있어. 이번에는 정말로 농담이 아냐, 진짜 있다니까 촉수! 걸어다니는 산 울라스라고 하는 녀석인데, 자기 의지를 가지고 스스로 촉수하지.\""
    },
    {
      "Key": "2030f1a7-daa7-4ced-9f90-77340f212fc0",
      "Value": "\"또 소리지르기 시작하게되면 경쟁자들이 듣겠군! 물론 위험은 감수해야지. 정답은 '자신의 의지'야. 페이의 세계에서, 빌어먹을!, 산은 종종 움직이지. 유명한 녀석 중 하나는 테인 울라스인데, 스스로 걸어다녀!!\""
    },
    {
      "Key": "5b75abee-722f-4b9c-b181-b62c44a3038e",
      "Value": "{n}두건 아래에서 웃음 소리가 들립니다.{/n} \"정답이 마음에 드는군. 하지만 하나 더 있다. 그것은 무엇일까? 무엇이 산을 움직일까?\""
    },
    {
      "Key": "5a73c8c2-aceb-4ea7-b38b-563ab80688a8",
      "Value": "\"다른 녀석은 뭐라고 말하겠어? 산을 움직일 수 있는 게 뭘까?\""
    },
    {
      "Key": "ca54e859-73d0-49df-a96f-65283c3a1e3f",
      "Value": "{n}작은 코볼트는 집중하느라 오만상을 찡그립니다.{/n} \"... 용? 용은 산을 움직일 수 있다!\""
    },
    {
      "Key": "80499bdf-00a2-41ee-a700-898a285f6e07",
      "Value": "\"바로 믿음, 그리고 위대한 신의 권능이다. 내 가장 신실한 촉수들이여, 들리는가? 믿음은 우리를 보살핀다. 진심 어린 믿음과 함께 우리가 촉수한다면, 또한 그것에 정당한 사유가 존재한다면, 신께서는 모든 기도에 대해 촉수하신다!\""
    },
    {
      "Key": "fb0198dc-8627-4364-8650-795ac696073b",
      "Value": "\"순간 이동 주문이지. 하하하! 나는 아마 언덕 한두 개 정도는 움직일 수 있을거야... 사실은, 좋은 아이디어가 떠올랐어...\""
    },
    {
      "Key": "27b37aa4-6011-4c55-968c-db6e3020de04",
      "Value": "\"너의 말을 들어줬으니 우리 말도 들어봐. 물론 신과 마법이면 뭐든지 가능해. 산도 옮길 수 있지. 집을 뛰어넘거나 파란색 페인트로 노란색을 칠할 수 있느냐고 물으면 마법과 신의 도움이 있으면 가능하다고 우기면 되거든! 정말 쓸데없는 질문이라고.\""
    },
    {
      "Key": "32c734c0-32dc-44e1-b6f3-c0ec46954acf",
      "Value": "\"좋은 대답은 '자신의 의지'야. 의지와 욕망은 우리 행동의 동기이지. 산이 의지만 있다면 움직이는 거야 어렵지 않아.\n흥미로운 질문이었어. 다음 질문으로 넘어가자!\""
    },
    {
      "Key": "d6db3bd6-b7e3-479f-9bde-7ace5a67fb68",
      "Value": "\"이번에는 아무도 이기지 못할껄. 용이라고 해도 마찬가지야. 다음 질문으로 넘어가지!\""
    },
    {
      "Key": "dbcfc5bd-3884-4ea9-bbde-bae458e89da0",
      "Value": "\"세 번째 질문이야. 우리 모두는 각각 괴물과 함께 태어났다. 매일 그건 성장해. 우리를 고문할 수도 기쁘게 할 수도 있지만 상처 하나도 없이 우리를 죽일 수도 있어. 이게 뭘까?\""
    },
    {
      "Key": "0dd8fea5-c281-42d2-8d11-91bcdb7ed7db",
      "Value": "\"경쟁에서 이기고 물어봐. 그게 규칙이잖아?\""
    },
    {
      "Key": "0f83d01c-433c-462e-8c9e-520be08e2af5",
      "Value": "\"절대로 안돼, 우리는 소중한 질문 기회를 페이와 그 군주들의 동기를 밝혀내는데 낭비할 수 없어. 그들의 대답이 얼마나 멍청할지 상상도 안간다.\""
    },
    {
      "Key": "2df533d8-0fc6-4064-a2e5-2705d1771592",
      "Value": "\"물론, 어떤 질문이 페이의 동기를 듣는데 사용하는 것보다 더 촉수하겠어? 그 존귀한 대답을 듣고 싶어서 내 모든 사지가 전부 촉수하네!\""
    },
    {
      "Key": "75de6deb-ba6d-43c3-8b25-ec0cee9f9308",
      "Value": "\"안돼!!! 우리는 소중한 질문 기회를 페이와 그 군주들의 동기를 밝혀내는데 낭비하지 않을거야. 우리는 생각할 게 더 많다고.\""
    },
    {
      "Key": "1a08f167-0f6a-4b9c-8ac6-3c93f5764ae8",
      "Value": "\"{g|Academy of Grand Arts}대 예술 아카데미{/g}에서 철학 수업을 들었어야 했는데! 그런 문제들은 당황스러워! 정답이 생각나지 않아서가 아니라 천 개쯤 되는 대답이 생각나서 머리가 뒤죽박죽이 되어버렸다구!\""
    },
    {
      "Key": "50ecad69-c499-477d-a3ed-329de8327712",
      "Value": "\"페이 대변인이 한 질문이라는 걸 고려하면, 정답은 노래하기나 패스트리 빵 사랑이 될 수도 있어! 논리적으로 생각해 보자. 주변 상황이 중요하니 수수께끼의 마지막 부분은 그냥 지나치기 쉽지만 이 수수께끼의 요점은 살아있는 생명체의 질과 가치야. 무언가가 우리와 함께 태어났어. 그건 성장해. 내 대답은 '지식'이라고 하겠어. 매일 새로운 날마다 우리 지식은 성장하니까. 그 과정이 말도 안되게 느리지만...\""
    },
    {
      "Key": "d835180d-a40d-4b21-af10-624defb0de53",
      "Value": "\"네 말은 알겠어. 다른 사람들은 어때? 이 괴물은 무엇일까?\""
    },
    {
      "Key": "c84f1ea8-6af5-47da-b6da-f7d68fa6d6a4",
      "Value": "{n}작은 코볼트가 머리를 움켜 잡는 것이 스트레스를 받는 것 같습니다.{/n} \"으으... 용?\""
    },
    {
      "Key": "96334c22-4bc6-43d0-a8bc-67853e0a248c",
      "Value": "\"무엇이 정답일지는 나도 모르겠지만, 우리 삶에 내재된 가장 위대한 촉수이다. 우리는 내면에 야수를 키운다, 또한 그것에게 분노, 멸시, 그리고 촉수를 먹인다. 결국 그것은 뛰쳐나와 자유를 찾고 우리를 죽이지. 하지만 촉수는 인정해야만 한다 – 그와 동일한 짐승이 힘을 준다는 사실을. 악인들과 촉수들에게 말이지. 우리 내면의 괴물들에게 주는 독은 오히려 양식일 뿐이다.\""
    },
    {
      "Key": "0e1cdedb-ff25-4835-ba31-33a9eb594fe1",
      "Value": "\"그것은 호기심이야! 우리와 함께 태어나고 매일 자라고 {g|백화}백화{/g}로부터 우리를 지켜주지. 그걸로 수우우우 많은 노움이 죽잖아...\""
    },
    {
      "Key": "835c353d-d533-43af-baea-bd73e65cc9a5",
      "Value": "\"흥미로운 대답인데. 드래곤 빼고. 드래곤은 제외야. 호기심은 충분치 않아. 괴물은 우리의 본성으로 묘사할 수 있어. 많은 사람들의 호기심이 해가 지날 수록 작아져.\""
    },
    {
      "Key": "506aaf6d-46aa-4e2b-9a00-3343b877194c",
      "Value": "\"내 대답은 항상 '촉수'로 끝나버릴 텐데, 왜 나에게 묻지? 촉수는 이 질문에 대한 대답이 아니다, 네가 이해하길 바래. 촉수! 그래, 만약 우리가 논리적으로 생각한다면, 그리고 우리 머리에 꼬여있는 촉수를 푼다면, 대답은 아마 살아있는 생물들이 공통적으로 가진 무언가겠지. 흠... 촉수... 태어나자마자 습득하고, 살아가는 동안 계속 성장하는 어떤 것이라고? 그건 촉수잖아! 내가 무슨 말을 하는지 한 번 더 말해줘야 돼? 촉수라고! 내 말은, 지식이야. 답은 지식이다. 우리 모두는 매일 그것을 촉수하지, 우리를 도울 수도 있고 죽일 수도 있어...\""
    },
    {
      "Key": "f72c96ef-b1a1-48c4-9c3f-827db8ec1e1e",
      "Value": "\"절대로 소리지르고 싶지 않은 단어로군. 지식!!! 태어날 때 인간은 지식을 축적하고 매일의 경험과 함께 자라나. 우리를 키우거나 죽일 수도 있다!!!!\""
    },
    {
      "Key": "f5a164ee-59c3-4b29-a4ba-407105c5b8e4",
      "Value": "\"야망도 같은 답이 될 수 있어. 많은 사람이 없기도 하고 계속해서 그것을 잃기도 해. 우리에게 맞는 유일한 대답은 내면의 짐승이야. 알프레이 경, 이번에는 네가 이겼어.\""
    },
    {
      "Key": "22e45075-d343-477c-b33f-dcf4886b5ce8",
      "Value": "\"내면의 짐승에 대한 대답은 나쁘지 않은 정도지만, 다른 하나가 처음 대답을 가뿐히 뛰어넘는걸? 과거는 우리 삶에서 떼어낼 수 없는 괴물과 같고, 때로는 죽음으로도 작별을 고할 수 없지. 살아 숨 쉬는 매 순간이 과거에 족적을 남긴다. 과거는 모든 것을 가졌지. 우리가 내지른 포부, 야망, 머릿속에 담은 모든 지식, 수많은 성공과 실패. 과거는 우리를 나락으로 끌어내릴 무거운 바위가 될 수도, 창공으로 비상하도록 돕는 날개가 될 수도 있어. 좋지 않은 비유였다면 사과하지. 결정했다. 이번 문제의 승자는 {mf||여}남작 {name} 팀으로 하겠어!\""
    },
    {
      "Key": "363da7b2-6825-4cd4-9a0c-74ae391f956a",
      "Value": "\"지식과 내면의 짐승이라는 대답은 좋았지만, 둘 다 조금은 부족해. 우리는... 더 물질적인 것을 기대해. 이번엔 알프레이 경, 그리고 {name}의 팀이 공동으로 승리했어. 하지만 반쪽짜리 승리니 잊지마.\""
    },
    {
      "Key": "596e58d4-d79e-4dc3-aa38-e28178c73b71",
      "Value": "\"기억이라, 좋은 답변이야. 내면의 짐승이라는 대답도 마음에 들어. 둘 다 정답에 한참 못 미치지만 인정해줄게. 이번엔 알프레이 경과 {mf||여}남작 팀이 승리를 나눠가져야겠군.\""
    },
    {
      "Key": "eca9617a-4439-42e4-bbe7-316d96d67ccd",
      "Value": "\"다른 답변은 형편 없었으니 내면의 짐승이라고 답한 알프레이 경에게 상을 주겠어. 이 답변은 훌륭하다고 말할 수는 없지만.\""
    },
    {
      "Key": "51d145cc-0590-4fba-b6d3-c6150051c894",
      "Value": "\"많은 사람들이 가진다면 약해지고 아무도 가지지 않으면 죽는 것은?\""
    },
    {
      "Key": "1968efd2-0467-4152-ba46-a58ddaff49b0",
      "Value": "\"멍청하긴. 영광이야. 많은 사람이 가진다면 가치가 작아지지. 그리고 누군가는 받아야 하는 거야.\""
    },
    {
      "Key": "b65c4eb2-d258-416d-95ec-1a8dc94e5409",
      "Value": "\"뭐? 미안. 정신을 팔았군. 모기들이 너무나 맛있어...\" {n}개구리는 잠시 멈추고 저주를 퍼붓기 시작합니다.{/n} \"다이몬들이 모기들을 잡을 거야! 나는 이 모습으로 미쳐갈 거야! ... 어쨌든 정답은 '영광'이야. 많은 사람들이 얻을 수 없거나, 그렇지 않다면 가치가 하락하니까.\""
    },
    {
      "Key": "8bbbb0f1-b7e4-4586-84cc-ebf36bbf9a81",
      "Value": "\"영광. '영광'이라고 말해.\" {n}주빌로스트는 멈추고, 짜증을 냈습니다, 명백히 저주가 발휘되길 기다리는걸로 보입니다.{/n}"
    },
    {
      "Key": "5d0e1e96-a2d2-417e-bfd9-eace2779303d",
      "Value": "{n}작은 코볼트는 거의 울기 직전입니다.{/n} \"나는 모른다... 용인가?\""
    },
    {
      "Key": "4f2f0d97-e5c3-428b-8386-91569a75e322",
      "Value": "\"그에 대한 대답은 바로 기사의 마음이야, 나는 나 자신의 촉수에 대고 맹세하지! 나의 것이고, 내 정의로운 사명의 것이기도 하지. 또는 위대한 촉수의 것이거나. 모든 사람이 가질 수는 없다!\""
    },
    {
      "Key": "70e8eeb6-4ba6-4328-8733-621c632ca607",
      "Value": "\"비야르! 내 눈 굴리는거 봐봐!\""
    },
    {
      "Key": "1d12914d-ad7d-4446-889e-458efe47a2f6",
      "Value": "\"멍청이들아. 경쟁에 집중해라!\""
    },
    {
      "Key": "b7fc5711-b75e-4c1f-9f45-ff1bea8463ab",
      "Value": "\"우리는 이 라운드에서 조텐로플팀의 대답을 받아들이지 않을 거야. 너는 눈치가 좋던데. 다른 답변을 보아하니 마음이 가장 좋은 답 같아. 기사들도 아름다운 여자나 친구 혹은 지휘관에 마음을 빼앗긴 사람들이 있다고. 어떤 녀석은 점심이 가장 좋다고 하더군. 그러한 마음들은 약해지지 않을 것 같아.\""
    },
    {
      "Key": "d709f4b5-e11e-4ad2-b277-0d0311985d3b",
      "Value": "\"영광은 형편 없는 대답이야. 이기적인 사람들만이 영광을 독차지해야 한다고 생각하지. 영광을 나눈다고 해서 줄어들지는 않아. 드래곤이 가장 좋은 답이 될 뻔했는데. 이번 라운드에서 승자는 없다.\""
    },
    {
      "Key": "ae804b80-5500-480b-8409-6a9928fcbf36",
      "Value": "\" '수프 냄비'에 대한 아이디어는 고맙지만 냄비가 아무도 먹지 않는다고 사라지지는 않아. 아무도 먹지 않는 수프는 인기 없는 수프지. 올바른 대답이 아니야. 용도 좋은 대답이 아니고. 승자가 없다니 다른 문제로 넘어가자.\""
    },
    {
      "Key": "3c819f17-9ceb-4572-9c88-64cee18ce3a2",
      "Value": "\"비밀은 좋은 대답이야. 더 많은 자들이 알면 비밀이 줄어들지. 하지만 아무도 모른다면 비밀은 사라질 거야. 너희 셋이 이번 문제에서 이겼어!\""
    },
    {
      "Key": "6f374706-f5bd-4467-ab09-f867cb24192e",
      "Value": "\"누군가는 자기 소지품을 공유하고 싶지 않을 거야. 다른 대답은 없어?\""
    },
    {
      "Key": "7cdaf206-b797-478e-bf35-af74276a9b64",
      "Value": "\"부동산은 형편없는 대답이군. 많은 소유주가 부동산을 늘리려 하지. 이런 대답을 하다니 용서할 수 없어. 이번 문제에 승자는 없다.\""
    },
    {
      "Key": "73924311-8799-4933-b381-e8c1b4d1f7b1",
      "Value": "\"마지막 문제니 결과를 종합해 보지. 문제 내기에 질렸어. 기사-용-달팽이 놀이라고 들어 봤나? 기사는 용을 이겨. 용은 달팽이를 태우고. 하지만 기사가 숲을 걸어다니다 달팽이를 밟아 미끄러지면 죽게 되지. 그래서 달팽이가 기사를 이기는 거야.\""
    },
    {
      "Key": "3e4a4317-43c5-4b55-9dd9-78394551e1e6",
      "Value": "\"애들 장난이군. 좋아!\""
    },
    {
      "Key": "ce843739-fdfb-4216-b5ee-b5af38159d87",
      "Value": "\"비논리 토론회에 놀이가 빠질 수야 없지. 둘 씩 짝지어서 신호하면 본인이 고른 단어를 외치라고. 기사를 외치는 녀석은 용을 외치는 녀석을 이기고, 용은 민달팽이를, 민달팽이는 기사를 이긴다. 우선 알프레이 경과 코볼트가 시작해. 그다음 니르드 조텐로플과 {mf||여}남작의 대결이 이어진다. 마지막은 승자끼리 붙는 거야. 첫 번째 팀, 준비됐어? 셋에 외쳐. 하나, 둘... 셋!\""
    },
    {
      "Key": "728f2d88-4fe7-4549-92a7-9b26abb46aeb",
      "Value": "\"용!\" {n}니르드는 코볼트를 흉내내며 소리지르고는 자지러집니다. 혼자 노는 것이 경쟁보다 중요한 것 같습니다.{/n}"
    },
    {
      "Key": "48f8244f-ad5a-4e1c-9ae2-d9ecba03cb67",
      "Value": "\"달팽이! 아. 젠장...\" {n}니르드는 손을 흔들었습니다.{/n} \"속임수를 쓰려고 했는데 시간이 없었어!\""
    },
    {
      "Key": "b405687a-be98-416c-9f9b-61ca4a6fa0b4",
      "Value": "\"요...\" {n}니르드가 외치려할 때 상대편이 먼저 외쳤고 그녀는 대답을 잇지 못하고 웃음을 터뜨립니다.{/n}"
    },
    {
      "Key": "4ab3b4cf-68c8-4c09-8717-66f08a5ff83c",
      "Value": "\"기사!\""
    },
    {
      "Key": "e43d318e-f994-437f-99f5-dfa2eb7b9581",
      "Value": "\"용!\""
    },
    {
      "Key": "d6cb8275-c2c2-4667-ab68-c49d7ceaa5b0",
      "Value": "\"쉽지만 재밌어.\" {n}주인은 분명히 게임을 즐기고 있습니다.{/n} \"머리를 쓰지 않아서 좋잖아. 순발력도 키우고! 알프레이 경이 이겼어. 자. 이제 두번째 팀이다. 준비됐어? 하나, 둘... 셋!\""
    },
    {
      "Key": "cf927f1f-b8ac-4361-9641-53649137e346",
      "Value": "\"용이 이겼다! 이겼다!\" {n}작은 코볼트는 마치 당신이 용을 내서 이긴 것이 자신의 승리인 것처럼 행복해합니다.{/n}"
    },
    {
      "Key": "30a35f32-8648-4605-8a9a-443cebcb44b2",
      "Value": "{n}알프레이경은 우람한 가슴에 숨을 가득 넣었지만 저주가 발동합니다.{/n} \"촉수!\""
    },
    {
      "Key": "2250018a-6133-40c5-8d71-4844a3b2a194",
      "Value": "\"{mf||여}남작의 승리다. 이제 승자 대 승자의 경기다. 기사와 대결한다. 하나, 둘... 셋!\""
    },
    {
      "Key": "2755b523-11f1-4d3b-888d-45eeb7355af2",
      "Value": "\"비겼어. 다시 하자. 하나, 둘... 셋!\""
    },
    {
      "Key": "4c9854dd-8030-4dff-aad6-4dfb6b926b6c",
      "Value": "\"니르드 조텐로플이 이번 라운드를 이겼어. 한숨 쉬지 말라고. 땅 꺼질라. 주빌로스트. 시합이 모두 끝난 건 아니야. 끝까지 가 봐야 결과를 안다고. 마지막은 니르드와 알프레이경의 대결이다. 하나, 둘, 셋!\""
    },
    {
      "Key": "42d9cbc4-bd93-4dd2-a518-f359b84b5da3",
      "Value": "\"달팽이! 오. 또 비겼나? 둘이 쌍둥이 같아! 같은 걸 내었어!\""
    },
    {
      "Key": "f4a0f0c7-9507-450b-8a4d-b7ee8657e26c",
      "Value": "\"달팽이! 우와!\""
    },
    {
      "Key": "23bc9334-401b-4e9c-a8ec-7207776b6def",
      "Value": "\"승자는 없다! 어쨌든 재미있었어. 이제 논쟁의 승자를 발표할 시간이야!\""
    },
    {
      "Key": "0d28f523-b520-4d9c-88c8-b78b87b71b9b",
      "Value": "\"다시 하자. 하나, 둘, 셋!\""
    },
    {
      "Key": "dbe681b4-b34d-4c64-aa09-cdf5fb7154a3",
      "Value": "{n}그들의 주문이 작용한 모습을 보고 니르드와 형제들은 폭소를 터뜨립니다.{/n}"
    },
    {
      "Key": "2d93456c-92e4-42f9-9249-09c4646a60e2",
      "Value": "{n}주최자는 짐짓 곤란한 척하는 얼굴로 두 손을 듭니다.{/n} \"이번 라운드의 승자는 {mf||여}남작이 분명하군. 이제 토론회의 승자를 발표할 시간이야!\""
    },
    {
      "Key": "0e695cc0-72e9-4a17-9e07-a856baf6f678",
      "Value": "\"네 번의 테스트를 치렀고 우승자는 알프레이 경이야. 그는 정답을 한 번 밖에 맞추지 못했지만 촉수와 용감히 싸웠기 때문에...\""
    },
    {
      "Key": "2f659094-a677-40cd-b816-540376f29736",
      "Value": "\"네 번의 시험을 치렀고 알프레이 경과 {mf||여}남작의 팀이 동점을 기록했다. 하지만 승자는 한 명이라고! 어떻게 할까?\""
    },
    {
      "Key": "ac0e745d-e5c6-4689-932f-d93b2b357867",
      "Value": "\"네 번의 테스트를 치렀고, {mf||여}남작의 팀과 주빌로스트 경이 승자야. 정말 놀랍군, 아이들아. 정말 놀라워. 우리가 이런 찬사를 보내는 일은 매우 드물단다.\""
    },
    {
      "Key": "9d363b51-6fa0-4f38-ab36-a1932146a058",
      "Value": "{n}기사가 턱을 추켜올립니다.{/n} \"나와 내 종자에게 몹시 영예로운 일이 되겠군. 내 촉수에 맹세하네. 명예를 아는 자로서, {mf||여}남작과 주빌로스트 경에게 내 촉수를 바치겠다. 모든 노움을 구하고자 하는 바람은, 내 촉수보다 훨씬 중요하지. 내 촉수를 걸고, 고귀한 소명을 방해하지 않겠네. 주최자여, 나의 촉수를 저들에게 넘겨주시오.\""
    },
    {
      "Key": "91a1d2eb-6b6e-44b7-81aa-124949b92890",
      "Value": "\"이토록 위대한 명예라니! 우리의 상대는 막강했다, 하지만 승리는 촉수의 것이다! \""
    },
    {
      "Key": "4e8cc902-8a82-4654-88a1-af1a89c3f85b",
      "Value": "\"믿을 수 없어! 호언장담과 나쁜 은유가 없다니!\""
    },
    {
      "Key": "ed97d343-1554-436f-8a2b-6907a1df729c",
      "Value": "\"화내지 마십시오, 경. 그게 바로 제가 당신을 자비로이 용서한 이유입니다. 종자들이여, 이리오너라! 주최자에게 가장 중요한 질문을 할 시간이다.\""
    },
    {
      "Key": "67a5f673-114a-4a3b-81ae-1755f8b792aa",
      "Value": "\"계속 촉수 얘기를 하다니 믿겨지지 않는데. 내가 촉수가 있었다면 뭐든지 혼내줄 텐데!\""
    },
    {
      "Key": "9d0b5441-1f36-4ae3-bd17-a56b2e657a95",
      "Value": "\"안녕히. {name}! 아. 거의 잊을 뻔했군...\" {n}호스트가 코볼트를 봅니다.{/n} \"이봐. 꼬마 친구. 너는 이기지 못했지만 정말 재밌었어. 우리와 함께 할래? 너를 용으로 만든다고 장담은 못하겠지만 말이야...\""
    },
    {
      "Key": "3f10ec29-1760-4e19-a2c7-7eec90e95683",
      "Value": "{n}기사는 의기양양하게 서있습니다.{/n} \"선택할 필요도 없어. 촉수를 {mf||여}남작과 주빌로스트 나트로플 경에게 주시오. 내 촉수에 대고 맹세컨대, 나와 내 종자는 이 전쟁에 많은 걸 희생했다오. 하지만 진정한 기사는 훌륭한 적수를 인정하는 법이지. 내 마음과 촉수를 담아 이 승리를 넘기네!\""
    },
    {
      "Key": "8915e542-7ad5-4ae6-9bba-410082567774",
      "Value": "\"그렇게 하자. {mf||여}남작. 넌 질문할 권리를 얻어냈다. 생각 잘하라고. 우리는 정직하게 대답할 테지만, 내가 답을 아는 질문을 해야겠지? 정말 궁금할 걸 물어봐. 이 {g|First World}태초 세계{/g}의 주최자가 대답할 수 있을 만한 걸로.\""
    },
    {
      "Key": "405b3ea7-5f11-4360-83e0-35e58924d93b",
      "Value": "\"축하해! 내 촉수에 대고 맹세하는데 좋은 승부였어!\""
    },
    {
      "Key": "8309935f-26e6-4b75-a581-7d9379bfbfde",
      "Value": "\"{mf||여}남작, 세 사람을 대표하여 두 가지 질문을 할 수 있다. 약속된 질문 하나에, 시합 중 보여준 창의성과 재치에 박수를 보내는 의미에서, 한 가지 더 질문할 수 있게 해 주지.\""
    },
    {
      "Key": "0ac26906-4410-44f1-a5ab-72c6c3ca61f7",
      "Value": "\"너희 셋은 예상보다 좋은 성적을 거뒀다. 그러니, 하나도 아니고, 둘도 아니고, 세 가지 질문할 수 있어! 세 사람의 대표인 {mf||여}남작이 물어보도록.\""
    },
    {
      "Key": "110dda9c-75ca-4482-a66e-4ff89445bdd8",
      "Value": "\"대결에서 이겼으니 그대들에게 네 가지 질문을 허락하지. {mf||여}남작, 질문해봐.\""
    },
    {
      "Key": "6c8559ad-3583-4fc1-9710-ba36a167747e",
      "Value": "\"이제 모두 네 손에 달렸어. {name}. 어떤 질문을 할지 잘 생각하라고. 정직하게 대답해주겠지만 이게 정답인지는 우리도 몰라. {g|First World}태초 세계{/g}에서 온 주최자에게 무엇을 물어보겠어? \""
    },
    {
      "Key": "e9640e58-bb6d-4841-81f2-ce32726347be",
      "Value": "\" {name}. 기억 나? 노움의 운ㅁ... \" {n}주빌로스트가 갑자기 말을 멈춥니다. 그는 입을 열었지만 소리는 내지 않았습니다.{/n}"
    },
    {
      "Key": "5a79902f-2f08-4e15-be53-f004523058de",
      "Value": "\"침묵 마법이야! 하하하! 이제 어떻게 할까? 달리자!\""
    },
    {
      "Key": "b214c50a-5073-460e-87f2-1b29f067c02c",
      "Value": "{n}주최자가 웃습니다.{/n} \"너희들은 정말 재밌어... 애완동물 이름이라고?\""
    },
    {
      "Key": "20df963c-3d45-4578-9cbb-50a36ee36236",
      "Value": "\"너희는 정열이 넘치는구나. 너와 레곤가르는 서로에게 의지하고. 하지만 너희 길은 시작에 불과해.\""
    },
    {
      "Key": "b3b42ee2-9f89-4ebf-b457-b39224efac21",
      "Value": "\"이건 쉬웠어. 너는 옥타비아를 선택했어. 하지만 그녀는 너를 완전히 신뢰하지 않았지. 하지만 그렇게 쉽지는 않아. 갈 길이 멀어...\""
    },
    {
      "Key": "737cb1ed-4a52-4a39-b477-8ce698070cce",
      "Value": "\"복잡하기도 하네... 너는 트리스티안에게 애정이 있고 저 하얀놈도 네게 애정이 있단 말이야. 하지만 더는 모르겠어... 예단하지 않겠어.\""
    },
    {
      "Key": "acce3046-ad80-4e8c-8d74-24cce833d0b7",
      "Value": "\"서로에게 충실하는군. 너는 발레리에게 애정이 있고 그녀는 네게 이끌려. 하지만 지금은 그냥 이끌림일 뿐이야.\""
    },
    {
      "Key": "3317e81e-34f4-4757-9315-331d459780cc",
      "Value": "\"레곤가르와 옥타비아? 예측하기에는 너무 이르지만 둘은 네게 모두 마음이 있어. 알프레이경이 질색을 하겠는데!\""
    },
    {
      "Key": "b79f2dc1-c705-44ff-ad6a-4e4026cf5891",
      "Value": "\"잠깐... 이건 너무 갑작스러운데. 네 꿈에 나타나는 이에게 마음이 있군. {name}. 조심하라고. 이 길을 선택했다간 행복해지기 전에 심연에 빠져버릴 거야. 그리고... 아니. 더 이상은 말 못해.\""
    },
    {
      "Key": "92bc9381-2aea-4435-84a0-6deb3cf49ecc",
      "Value": "\"이 질문이 왜 이렇게 인기가 있는지 모르겠군... 좋아. 보자... 아직 일어나지는 않았지만 우리는 너의 미래를 보았어... 그리고 이건 과거의 조각이고...\" {n}주최자는 잠시동안 중얼거립니다.{/n}"
    },
    {
      "Key": "f5c9702d-924b-47a4-99a0-290a55a888ee",
      "Value": "\"지루해.\""
    },
    {
      "Key": "acd77c99-2ff5-44dc-97b6-e737cbf4d0d2",
      "Value": "\"페이가 너를 기다리고 있어.\""
    },
    {
      "Key": "2ad2a366-6f06-43d8-bd66-a65df5fd6968",
      "Value": "\"우리처럼 영생을 누리려 하는군. 세월에 따라 네 취향도 바뀔 거야.\""
    },
    {
      "Key": "72973e86-eae1-43b9-96a9-da311d92dd8e",
      "Value": "\"그거야 쉽지. {g|First World}태초 세계{/g}의 강력한 생물이 지혜롭지 못하게도 자기보다 100배 쯤은 센 녀석의 비위를 건드렸어. 그녀는 저주를 받아서 여기 {g|Golarion}골라리온{/g}과 {g|Stolen Lands}도둑맞은 땅{/g}에 오게 되었지. 간단히 말하자면 그녀의 저주는 다른 자들에게도 해를 끼치지. 너의 문제들은 그 초대받지 않은 손님과의 일을 처리할 때까지 멈추지 않을 거야. 어쨌든 우린 이걸 더 이야기하게 될 거야. 너의 내일 그리고 나의 어제가 되면.\""
    },
    {
      "Key": "765bfbcb-8b14-4bed-ace6-deadb6267ee8",
      "Value": "\"그런 질문이로군. 그렇게 물어 볼 줄 알았어. 간단히 대답하는 건 의미가 없겠지? 우리의 토론으로 네가 확신을 가졌으면 좋겠어. 그렇기에 네게 다른 대답을 하는 거야. 중요한 말이니 걱정마.\""
    },
    {
      "Key": "fe78a24b-c1ad-433b-863a-a45f30f04695",
      "Value": "\"무의미한 말일 뿐이야...\""
    },
    {
      "Key": "59513b01-6015-40e5-b814-b9dd64091ef5",
      "Value": "\"일단 길을 떠나. 너는 무의미하다고 생각하겠지만 결국 원하는 걸 얻을 거야.\""
    },
    {
      "Key": "2e86b75f-758c-4af5-b3a3-b8fdc53454bd",
      "Value": "\"언젠가 미래에 고대의 적을 쓰러뜨릴 날이 올 거야. 그건 너의 운명이라고 말해두지. 많은 고난 뒤에는 강력한 힘과 불멸을 얻을 거야.\""
    },
    {
      "Key": "f252c7ba-341b-4669-b820-3e2443fd0fea",
      "Value": "\"그게 네 마지막 질문이었어.\""
    },
    {
      "Key": "6d823c83-702c-4fce-aa2d-fc5e2a9440dd",
      "Value": "\"믿을 수 없군! 다 쓸모 없었어! 가장 중요한 질문을 묻지 않았잖아!\""
    },
    {
      "Key": "321000f8-c60e-4096-b96d-cb4fa9eda0e1",
      "Value": "\"우리는 대답을 들었지만 정확히 알지는 못해. 하지만 대단한 모험이었어! {name}. 수도로 돌아가서 마저 이야기하자.\""
    },
    {
      "Key": "d8d1a95e-072e-409e-ae25-20eda11a6b84",
      "Value": "{n}코볼트는 기뻐서 날뛰지만 자신의 애완쥐를 가리키며 조심스레 묻습니다.{/n} \"내 친구 같이가?\""
    },
    {
      "Key": "64df4f4c-3451-4695-98ed-7353a8f11523",
      "Value": "\"좋아!\" {n}후드 쓴 생물이 웃습니다.{/n} \"모두들! 비논리 토론회는 이제 끝났어. 조텐로플의 속임수를 즐겼으니 이제 헤어지자!\""
    },
    {
      "Key": "1a952a85-6b8f-444e-aaa4-1ed05301318d",
      "Value": "\"짝을 찾지 못했지만 재미있었어... 다들 어땠어?\""
    },
    {
      "Key": "58879b37-3ad4-4916-9605-6632977f94c5",
      "Value": "{n}주최자는 침묵하며 당신의 대답에 대꾸하지 않습니다.{/n}"
    },
    {
      "Key": "2acc81cb-f519-446a-87a1-11d88c98135f",
      "Value": "\"네가 마음에 들어하는 자는 없어. 너는 고독한 길을 걸을 것 같다. 아니면 아직 짝을 못찾았던가.\""
    },
    {
      "Key": "fd89e0ed-b1fe-4b75-ae1a-1bed53d602bf",
      "Value": "\"그게 말이라면 청어라고 불러. 말에게는 생선 이름을 붙여주는 법이야.\""
    },
    {
      "Key": "18a79db1-479c-4410-b461-779d11496b94",
      "Value": "\"거대한 이차원 햄스터는 어때. 거대한 햄스터는 아니지만 말이야.\""
    },
    {
      "Key": "f01e6753-1aec-4d26-8888-e2fa71e60b53",
      "Value": "\"'바크스폰'이라는 이름이 이미 지어졌으니, 나는 '샤크프론'을 제안하겠어.\""
    },
    {
      "Key": "2a2c9e2a-e9ed-4ad4-a8df-f928ed09c6c1",
      "Value": "\"마음에 드는 이름을 짓고 '돌이'라는 단어를 꼭 붙이라고. 해돌이라던가 날쌘돌이라던가 말이야. 돌이돌이라던가 목돌이라는 이름을 지어도 할말 없지만.\""
    },
    {
      "Key": "a1970ae7-f8c4-4c7c-9fb5-fe44f06df0a0",
      "Value": "\"애완 동물이 순록이야? 아니면 순록이라고 지으라고. 우리가 순록이라고 이름 지어준 녀석은 예쁜 녀석이었는데. 그 이름의 어원이 울부짖는 협곡이라는 기분 나쁜 곳에서 시작되었다는 사실은 아이러니하지...\""
    },
    {
      "Key": "633e3127-31fa-4039-875d-dc4e2cfe05a5",
      "Value": "\"'투명 암살 조랑말'로 지어. 이유는 묻지마.\""
    },
    {
      "Key": "9b23d810-c169-49c7-96d0-70a7a0144841",
      "Value": "\"너는 뿔과 꼬리에 대해 정말 잘 아는 것 같아. 너는 불장난을 치고 있고, 그 장난은 비극적으로 끝날 수 있어. 하지만, 예상치 못한 일과 함께 행복해질 수도 있고. 모든 것은 네 선택에 달렸어.\""
    }
  ]
}