{
  "$id": "1",
  "strings": [
    {
      "Key": "52c687c1-4a61-4b31-accb-a8b5592e24cb",
      "Value": "\"나는 싸우고 싶지 않아. 그들이 나를 먼저 공격했어.\""
    },
    {
      "Key": "02dbe384-320b-4b64-ae6c-ea0723055bc4",
      "Value": "\"뭐라고 할까? 나는 살육이 좋아.\""
    },
    {
      "Key": "1980f562-df3a-46e3-bc52-5c11fbedabf1",
      "Value": "\"너는 많은 사람들을 죽이고 마을을 약탈했어. 자 이제, 네 죄의 댓가를 물을 시간이다.\""
    },
    {
      "Key": "6ee3015e-3bba-42b4-a956-6eaddb4d6746",
      "Value": "\"네 왕 앞에 나를 데려왔으니 어떻게 되었는지 보았겠지. 나는 평화를 이루고 싶었지만 너희 왕은 전쟁을 더 좋아했어.\""
    },
    {
      "Key": "fb19de13-4536-442d-a785-8a030b18f813",
      "Value": "{n}얼룩진 누더기를 걸친 허약한 코볼트가 한걸음 걸어나옵니다.{/n} \"인간. 타툭. 협박한다.\" {n}그는 쉭쉭거립니다.{/n} \"타툭. 코볼트. 평화... 인간. 죽음!\""
    },
    {
      "Key": "eb087ee7-e6cf-4870-99ba-8ab42538f677",
      "Value": "\"죽어라! 죽어라!\""
    },
    {
      "Key": "5f58aa64-c340-4d6b-9ec4-cf1b525855cf",
      "Value": "\"인간. 코볼트. 죽인다.\" {n}코볼트 중 하나가 위협합니다. 당신은 그들이 숲에서 싸웠던 코볼트라는 것을 알았습니다.{/n}"
    },
    {
      "Key": "18b1f648-9dcc-4106-bd31-2faa7fc37c72",
      "Value": "{n}재즌은 눈을 아래로 향합니다. 침묵이 잠시 지나간 후 그는 머리를 흔듭니다.{/n} \"하굴카 왕은 재즌에게 보바와 인간이 함께 살 수 있다는 희망을 줬다. 이제 하굴카 왕은 그 희망을 가져갔다. {g|Trobold} 트로볼트{/g}는 이제 너의 손에 의해 죽었다. 하지만 네 잘못 아니다. 재즌 미안하다.\" {n}트롤은 자신의 동족을 봅니다.{/n} \"재즌을 겁쟁이라고 불러라. 반역자라고 불러라. 아무런 의미가 없다. 재즌은 싸우지 않을 거다.\" {n}재즌은 당신에게서 등을 돌려 돌로 된 복도를 걸어갑니다.{/n}"
    },
    {
      "Key": "87b26e84-e981-458d-a65b-ab1cd2c7a674",
      "Value": "{n}침묵은 코볼트의 날카로운 목소리로 깨졌습니다.{/n} \"재즌 버렸다! {g|Trobold} 트로볼트{/g}! 협박하고 전쟁한다!\" {n}트롤들은 울부짖으며 발로 바닥을 구르자 벽이 흔들립니다.{/n}"
    },
    {
      "Key": "986f8ad0-21a5-480b-8704-c4b9610a7104",
      "Value": "{n}당신을 보자 재즌은 돌아서서 이빨을 드러냅니다.{/n} \"보바가 벌써 왔다. 너는 트롤과 코볼트를 죽이는 걸 좋아하지? 보바? 이재 재즌이 너 죽인다!\" {n}그의 근육은 두꺼운 가죽 밑에서 부풀었고 눈은 분노로 어두워집니다.{/n}"
    },
    {
      "Key": "18ec7d81-452f-473f-9afd-d76b27e8b7e4",
      "Value": "\"보바 거짓말한다! 보바 스스로 왔다! 나는 보바에게 가라고 했다.\" {n}트롤은 당신을 보며 경멸하는 투로 으르렁거립니다.{/n}"
    },
    {
      "Key": "459bf130-6195-4777-b0b8-ffc29634c3d0",
      "Value": "\"보바가 보바를 죽이면. 너는 그를 벌해라. 너는 그의 가족을 죽일 수는 없다.\" {n}트롤은 당신을 보고 경멸로 으르렁거립니다.{/n}"
    },
    {
      "Key": "1a2be41c-de62-405d-8b54-7942283f152c",
      "Value": "\"트롤은 짐승 아니다! 보바가 짐승이다!\" {n}트롤은 당신을 보고 경멸로 으르렁거립니다.{/n}"
    },
    {
      "Key": "7776e6fc-a753-4d59-83e2-20494451f7a0",
      "Value": "\"우리는 이제 너를 죽인다. 보바. 하지만 우리는 더 이상 짐승이 아니다. 우리는 너의 시체를 먹지 않는다. 우리는 너를 어딘가에 묻어 다른 보바가 너를 보러 오게 할 거다.\""
    },
    {
      "Key": "b7de7a8a-2372-49c6-9e53-254eac9a50b0",
      "Value": "\"코볼트 가라! 트롤! 더르 보바!\" {n}트롤들이 큰 소리로 포효하자 먼지가 천장에서 떨어집니다. 몇몇 코볼트들은 재즌의 명령에 따라 달려들었지만 나머지는 트롤 옆으로 붙었습니다.{/n}"
    },
    {
      "Key": "234ce4e8-17fa-4459-8ae3-217c10c0753c",
      "Value": "{n}친숙한 트롤을 보았습니다. 그는 은신처 입구에서 당신을 맞이한 트롤었습니다. 당신은 그의 이름이 재즌인 것을 기억합니다. 그와 다른 트롤은 코볼트 무리에게 둘러싸여 있습니다.{/n}"
    }
  ]
}