{
  "$id": "1",
  "strings": [
    {
      "Key": "15e92d10-2f38-46f0-952e-dc5819ab4c09",
      "Value": "\"당신이 아직도 성기사였다면 많은 권능을 가졌겠지요. 상처를 치료하고, 언데드를 퇴치하고...\""
    },
    {
      "Key": "348d0658-b4f7-457e-b81b-eb399eb18eb0",
      "Value": "\"미안하지만 여신이 주신 힘은 애물단지일 뿐이었습니다. 저의 능력은 온전히 저의 것이었습니다. 파문을 당한다고 해서 능력도 빼앗길 수는 없지요.\""
    }
  ]
}