{
  "$id": "1",
  "strings": [
    {
      "Key": "309d6004-51a4-4597-bdad-163cf4a12938",
      "Value": "\"그들의 요구를 받아들이며, 레스토프로 올렉의 교역소 세금을 보내라. 우리는 또한 레스토프와 교역소간 도로의 보수공사를 진행하고 싶다.\""
    },
    {
      "Key": "0119492d-2272-45b8-a41d-c04bd95de03b",
      "Value": "\"그렇다면, 올렉의 교역소에 경비대를 상주시키도록 하라. 아마 군사 거점으로 전환할 수도 있을 것이다.\""
    },
    {
      "Key": "46a658fe-d0b6-4e25-a64d-0e5a88a3cdc2",
      "Value": "\"올렉의 교역소를 두고 소드로드와 분쟁하고 싶지는 않다. 보상금으로써 금화를 어느정도 보내야 할 것 같군.\""
    },
    {
      "Key": "f4ae12d0-b328-4eb8-8ed7-fd60b777013c",
      "Value": "\"지금은 동맹국들을 압박할 때가 아니다.\""
    },
    {
      "Key": "c123f646-55ad-4819-9c82-bec12daae3c8",
      "Value": "\"그렇게 하라. 레스토프가 올렉에게서 계속 세금을 걷길 원한다면, 알도리에서 그의 교역소까지 향하는 길을 개축하도록 제안하겠다.\""
    },
    {
      "Key": "b03fde10-18d6-402b-996d-4135d05be851",
      "Value": "\"공개적으로 자만디와 맡설 수는 없지. 시간을 벌자. 도로 공사를 시작했다고 공표하라. 공사를 언제까지 끝내야 할지 날짜를 정한건 아니잖나?\""
    },
    {
      "Key": "f2f2287b-1854-4187-b94e-1d65d857a1d6",
      "Value": "\"고맙다, 카실. 도로 공사는 우리가 맡지\""
    },
    {
      "Key": "ea2ee0bb-c4c3-46df-8e10-99e39348633c",
      "Value": "\"나는 알도리가 내게 해준 것들을 소중히 여긴다.\""
    },
    {
      "Key": "f33e1c05-bc88-451f-ac85-68a712bf45fc",
      "Value": "\"다 좋은데, 소드로드가 교역소에서 세금을 떼고 싶다면 그에 상응하는 뭔가를 줘야 할 것이다.\""
    },
    {
      "Key": "386de9d4-f836-4674-a2b2-71368bb72061",
      "Value": "{n}랜더가 그의 입을 삐죽 내밀고 으쓱합니다.{/n} \"그들에게 보상하라고? 현명한 결정은 아니야, 하지만... 네가 그러라면.\""
    },
    {
      "Key": "7adaa6cd-3668-4d7c-bf71-4b4b2d6559ff",
      "Value": "\"{g|Swordlords}소드로드{/g}들은 올렉의 교역소를 {g|Restov}레스토프{/g} 관할 구역으로 유지하겠다는 당신의 결정에 매우 만족했습니다, 그곳이 지리적으로는 당신의 남작령에 있는데도 불구하고 말입니다. 여기, {g|oleg_leftforbrevoy}편지가 왔습니다{/g}.\""
    },
    {
      "Key": "4d949698-db0e-4b1f-89bf-17db6ca8ebb5",
      "Value": "\"올렉의 교역소에 대한 관할권을 요구한데 대해 {g|Swordlords}소드로드{/g}들의 반응이... 냉담하네. 마치 {g|Restov}레스토프{/g}에서 다른 통치자의 주민에게 세금을 걷을 수 없을 거라곤 생각도 못한 것처럼 말이야. 이제 그들은 보상을 요구하고 나섰어 — 금화뿐만 아니라, 레스토프에서 교역소까지 이어지는 길에 대한 수리 비용까지.\" {n}랜더는 그의 눈알을 굴립니다.{/n} \"원한다면, {g|oleg_forgiven}읽을거리가 있어.{/g} 꽤 재밌는 내용이야.\""
    },
    {
      "Key": "e6449391-5be5-4e51-a3bb-04d4bc388f57",
      "Value": "\"예상한대로, {g|Swordlords}소드로드{/g}들은 {g|Restov}레스토프{/g}가 올렉에게서 이번 달 세금을 걷지 못했다는데 분개하고있어.\" {n}만족스러운듯 비웃는 소리가 랜더의 입에서 나옵니다.{/n} \"게다가 놀랍지 않게도, 발을 동동 구르며 칼자루를 딸그락대는것 말곤 아무것도 못했지. 여기, 읽을거리가 왔어 — 가벼우면서도 재밌는 {g|oleg_secured}편지{/g}야.\""
    },
    {
      "Key": "4ead92a2-4d4d-4535-8bf9-66aeb5ed4e67",
      "Value": "{n}랜더는 만족감을 숨기려는 시도조차 하지 않습니다.{/n} \"{g|Swordlords}소드로드{/g}들이 싫어할 거라는 게 너무 즐거워. 완전 찬성이야!\""
    },
    {
      "Key": "49aad8c0-e1a9-4bea-8678-cf37c902fcd4",
      "Value": "\"당신의 결정이 여전히 놀랍지만, 끝난 건 끝난 일입니다. 조언을 드리자면: 당신이 자만디에게서 뜯어낼 수 있는건 뭐든지 짜내십시오 — 뭐든지 말입니다. 만일 알도리가 이 동맹에 대해 만족스러워한다면, 단순히 '당신의' 세금을 뺏어가는 것 이상으로 실질적인 기여를 하도록 만들어야 합니다.\""
    },
    {
      "Key": "e0c03080-3b6c-4967-aa57-bd09480afc15",
      "Value": "\"네게 조언을 좀 해준다면, 너는 좀 더... 단호해야해, 내 말은, {g|Swordlords}소드로드{/g}들과 문제를 처리할 때 말이야. 그들의 외교적 겉치레에 속지 말라고.\" {n}랜더는 불만스러운듯 기침합니다.{/n}"
    },
    {
      "Key": "fcd41b7c-5df6-4e16-ba66-d49fa4be61f5",
      "Value": "\"완벽해! 그 도로는 우리에게도 큰 도움이 될 거야.\""
    },
    {
      "Key": "30313765-eb1b-49a2-82cb-9226dbb9f12d",
      "Value": "\"물론이지, 물론이야!\" {n}납득한 것으로 보이진 않았지만, 그래도 랜더는 달래듯 그의 팔을 활짝 펼칩니다.{/n}"
    },
    {
      "Key": "3d5e6aea-08c5-4516-b74f-df17d7514b3d",
      "Value": "\"그건 나에게 맡겨둬! 의심할 필요도 없이, 그들도 보수 공사에 착수할거야. 믿어봐. 난 실제로는 아무것도 안하면서 보여주기식 활동을 하는데 도가 텄으니까!\" {n}랜더는 미소짓습니다, 보기 드문 광경이죠 — 덕분에 이전만큼 거만해보이진 않습니다.{/n}"
    },
    {
      "Key": "60804f31-8922-4f02-b1c4-6026384c40fb",
      "Value": "\"예상대로, 소드로드 자만디는 {g|Restov}레스토프{/g}로부터 교역소를 탈환하기로 한 당신의 {d|c21 Capture OTP}결정{/d}에 당혹감을 감추지 못했습니다. 또한, 아마도 당신이 직접 읽어보셔야 할 {g|oleg_secured}편지{/g}를 보냈습니다.\""
    },
    {
      "Key": "58d02fb6-d79d-4433-9239-2488ace03dfa",
      "Value": "\"자만디 공이 {g|oleg_forgiven}올렉의 교역소의 사법령을 이관해달라{/g}는 영주님의 {d|c21 Claim OTP}요구{/d}에 그다지 호의적이지는 않았습니다. 알도리 가문은 충성과 의무에 매우 엄격하기 때문이죠. 그렇지만, 제가 영주님의 입장을 분명히 밝히고 의혹을 풀어냈습니다. 알도리 가문이 영주님께 올렉의 세금을 요구하지 못하도록 잘 설득시킬 수 있을 거라 전망합니다. 그러나 도로 공사는 저희가 책임지기로 했습니다.\""
    },
    {
      "Key": "90922950-6940-4a27-b1d8-634059eebe69",
      "Value": "\"자만디 공은 올렉의 교역소에서 세금을 걷지 않겠다는 당신의 {d|c21 Left OTP}결정{/d}을 진심으로 기뻐했습니다. 여기, {g|oleg_leftforbrevoy}편지{/g}가 왔습니다. 또한 저는 그녀로부터 당신의 동맹에 대한 충성심과 당신의 결단에서 보여준 지혜에 대해 진심으로 감사한다는 뜻을 전해달라는 부탁을 받았습니다.\""
    },
    {
      "Key": "2e9a01d3-fe01-49ae-a4aa-41eac746bbde",
      "Value": "\"자만디 공은, 그녀가 문제에 대응하는 평소 방식대로, {g|Restov}레스토프{/g}로부터 올렉의 교역소를 강탈한 결정에 대해 깊은 유감을 표현했습니다. 여기 {g|oleg_secured}편지{/g}가 도착했습니다 — 내용을 즐기시길 바랍니다.\""
    },
    {
      "Key": "a7238521-82b6-44f5-8981-55bac4758437",
      "Value": "\"자만디 공은, 간단히 말하자면, {g|Restov}레스토프{/g}가 올렉의 교역소를 포기하길 원하는 당신의 요청에 의문을 표현했습니다. 그녀는 보상을 요구하고 나섰습니다 — 금화뿐만 아니라, 교역소에서 레스토프까지 이어지는 도로의 수리 비용까지 말입니다. 당신께서 읽어보셔야 할 {g|oleg_forgiven}편지{/g}입니다 — 뻔뻔하더군요.\""
    },
    {
      "Key": "e35b77cf-f90e-41cf-a624-c6388f171192",
      "Value": "\"자만디 공은 {g|oleg_leftforbrevoy}단 두 줄{/g}짜리 편지로 당신의 영지에 위치한 교역소로부터 세금 걷을 권리를 포기한데 대해 감사 인사를 전했습니다. 어찌나 전형적인 알도리인지!\""
    },
    {
      "Key": "8ed80375-9682-4b81-92d9-8c6ae9fc6a4f",
      "Value": "{n}카실(Kassil)의 표정이 밝아졌습니다.{/n} \"저는 알도리 가문과의 우정을 여전히 높게 평가하신다는 이야기에 기쁩니다, 전하. {g|Restov}레스토프{/g}는 재정적 배상금을 받아들일 의무가 있습니다.\""
    },
    {
      "Key": "cf6a1053-7ad2-4bda-9efb-e596a35d5d10",
      "Value": "\"뭐라고요, 그 문제를 다시 논의하기로 결정하셨습니까?\" {n}샨드라는 입술을 삐죽 내밉니다.{/n} \"그러시겠다면. 최소한, 동전 몇 푼 쯤 던져주면, 자만디가 화를 가라앉히는데 도움이 될 것입니다.\""
    },
    {
      "Key": "e3546714-d910-4cb2-b085-528bc83aed3a",
      "Value": "\"이번 결정에 대한 걱정을 자제할 수가 없습니다, 전하. 한 번만 다시 간언하겠습니다: 당신의 친구를 버리는 일은 현명한 처사가 아닙니다.\""
    },
    {
      "Key": "227b53c1-085d-4592-b1d2-1a19e199e138",
      "Value": "\"어려운 시기에는 힘든 결정을 내려야합니다.\" {n}샨드라는 동의의 뜻으로 끄덕입니다.{/n}"
    },
    {
      "Key": "8a372e06-44f7-4ab1-a280-2917b763fd30",
      "Value": "{n}카실이 한숨을 쉽니다.{/n} \"정직한 쪽이 양 측 모두에게 더 적절하고 이득이 되는 상황이니, 굳이 보여주기식 처리를 하지 말아달라 조언드리고 싶습니다. 하지만, 당신께서 결정하실 일입니다. 당신의 땅이고, 당신의 길이니.\""
    },
    {
      "Key": "7b5dbd17-a161-4147-951c-d9121ab09619",
      "Value": "\"제가 전에 알도리쪽은 이 문제에서 이득을 볼 방안을 찾을거라 주의드렸습니다, 안그랬나요? 정치판에서, 관대함은 항상 약점이 되어 돌아온답니다.\""
    },
    {
      "Key": "a22dc95e-64d2-44c7-8f76-9439912067da",
      "Value": "\"천만의 말씀입니다, 영주님. 개척된 도로는 {g|Restov}레스토프{/g}와의 교역을 활발화시킬겁니다. 모두가 이익을 얻게 되겠지요.\""
    },
    {
      "Key": "72478c85-27e5-48d9-a6b2-08f247ee37ac",
      "Value": "\"미봉책이라.\" {n}샨드라가 움찔합니다.{/n} \"시작부터 자만디에게 모든 책임을 전가하는게 더 쉬울 수 있겠지만, 그런 접근법도 괜찮을것 같습니다.\""
    },
    {
      "Key": "d28c40fe-a00c-4068-95b4-8ed983d3e20c",
      "Value": "\"우리 동맹 중 일부가 당신의 목에 걸린 돌덩이가 되었습니다. 그럼에도 불구하고, 당신이 자만디 공과 친하게 지내고 싶으시다면 제가 할 수 있는건 어깨를 으쓱하는것 말곤 없겠군요.\""
    },
    {
      "Key": "7658f1a7-0b1a-4fb9-8332-d61331caf694",
      "Value": "\"{g|Restov}레스토프{/g}에 있는 우리 친구들에게도 유용할겁니다.\""
    },
    {
      "Key": "cec46d1a-6264-4c18-9e19-582d68530ae0",
      "Value": "\"{g|Swordlords}소드로드{/g}가 당신과의 동맹에 매기는 가치와 같은 무게입니다. 당신께서도 이젠 확신하실 수 있으실 겁니다.\""
    },
    {
      "Key": "299fca44-0c07-4a28-98bf-558670d842ac",
      "Value": "\"그것이 당신께 그렇게 중요하시다면... {g|Restov}레스토프{/g}로 전령을 보내 올렉의 교역소와 이어지는 도로를 고칠 것을 제안하겠습니다. 양 측 모두에게 이득이 될겁니다.\""
    },
    {
      "Key": "829a57ef-be29-4b1d-8bca-bf4ba1a90352",
      "Value": "\"저는 자만디에게 바가지를 씌울 방안을 모색하시길 강력히 권합니다, 받은 만큼 돌려줘야죠.\""
    }
  ]
}