{
  "$id": "1",
  "strings": [
    {
      "Key": "c22ff808-24a9-477c-85a9-76ef28e6c85e",
      "Value": "[에쿤에게서 물러섭니다]"
    },
    {
      "Key": "79d386c5-d724-41e2-89ce-0a8d604dd588",
      "Value": "[에쿤을 엘리나에게 떠밉니다] \"에쿤. 나한테 너무 가까이 붙은거 같은데...\""
    },
    {
      "Key": "6469c5fc-a043-4db0-9bf1-38fdc8b24238",
      "Value": "\"그리고 이제 당신을 위해 특별한 곡을 연주하고 싶어요. 한동안 작곡을 하지 않았지만, 이건 특별한 행사니까요...\" {n}과장돤 자세를 취하며, 린지는 연주를 시작합니다.{/n}"
    },
    {
      "Key": "23a58d3f-d8ba-46da-9be5-de75e1451811",
      "Value": "{n}에쿤은 조용히 당신 옆에 자리를 잡습니다.{/n}"
    },
    {
      "Key": "a250275f-62bb-403d-bc5d-eb998befffa3",
      "Value": "{n}음악이 흘러 나오기 시작합니다. 린지의 연주는 완벽하지는 않지만 깊이 있고 감성적입니다. 한 소절이 끝나면 그 뒤를 다른 소절이 따르고 노래는 숲에 퍼집니다...{/n}"
    },
    {
      "Key": "6f1f372b-6f6f-402f-a1a6-6a03a491683c",
      "Value": "{n}갑자기 당신은 에쿤이 생각한 것보다 훨씬 더 가까이 서 있다는 것을 눈치챕니다. 그는 발끝까지 안절부절하며 아무도 쳐다보지 않으려 애쓰고 있습니다. 당신은 그가 더 가까이 다가오는 것을 깨닫습니다.{/n}"
    },
    {
      "Key": "201a534c-7138-4e22-a391-151b39622591",
      "Value": "{n}... 동시에 엘리나는 에쿤의 어깨를 만지려 점점 더 그에게 몸을 기울입니다! 당신의 얼굴을 본 그녀는 당신에게 날카로운 눈빛을 보냅니다.{/n}"
    },
    {
      "Key": "e177ee49-8b8a-4f1d-ba33-4d011247b76b",
      "Value": "{n}홍당무처럼 빨개진 에쿤은 사과의 말을 속삭이고는 엘리나를 향해 걸음을 옮깁니다. 그녀는 에쿤의 팔을 잡고 당신에게 감사의 눈길을 보냅니다.{/n}"
    },
    {
      "Key": "ec1c2bfb-12cc-4ef4-9250-3fb15ce39236",
      "Value": "{n}마침내 린지가 마지막 현을 치자, 소리가 울리며 사라집니다. 린지는 공연에 만족해하고 관객은 그녀에게 박수갈채를 보냅니다.{/n}"
    },
    {
      "Key": "0eede4f6-c5a9-40f9-a1d7-486bf5364634",
      "Value": "\"에헴! 실례합니다!\""
    },
    {
      "Key": "2f15a9cf-fab4-462a-9bae-4b6951e44cea",
      "Value": "\"친구들. 잔을 들어주세요! 우리의 모험을 기념합시다. 그리고 모험을 함께할 동료들이 있다는 것에도요! 또한 멋진 파티를 베풀어준 엘리나에게도 감사를 보냅니다! 오늘 저녁은 정말 멋졌어요!\""
    },
    {
      "Key": "f518b827-c256-43a2-8325-0c9f085a51b9",
      "Value": "{n}엘리나는 고개 숙여 인사를 하고는, 얼굴이 붉어집니다.{/n}"
    },
    {
      "Key": "a1691da0-3238-481d-b5e4-305626a66dfb",
      "Value": "{n}당신은 한발을 내딛고 에쿤도 똑같이 합니다. 엘리나는 입술이 비죽 나와 시선을 돌립니다.{/n}"
    }
  ]
}