{
  "$id": "1",
  "strings": [
    {
      "Key": "6924d688-a8a7-4c0d-af03-a45e569e01cd",
      "Value": "\"저번 전투에서 치명상을 피하지 못했어. 방어 기술에 조금 더 신경 써야겠군.\""
    },
    {
      "Key": "8f97a7da-e860-4ac2-918f-639fcfb4d302",
      "Value": "\"나와 친한 귀족들은 진정한 싸움이 마상 경기와 비슷하다고 생각하지. 하지만 그들은 실전에서 곧 죽어버릴 거야.\""
    },
    {
      "Key": "6420ae3d-bd76-4c5a-9332-6f7df61d4d5d",
      "Value": "\"심각하다고 생각되면 네 이마에 잔주름이 생겨... 하지만 너는 여전히 아름다워!\""
    },
    {
      "Key": "015b9361-6044-434a-81bf-61a4c4b770a1",
      "Value": "\"사람들은 너무 어리석어! 용맹함을 자랑스러워하지만 죽음은 두려워하지. 전투에 기꺼이 나서지만 치료사에게 매달리고 나 같은 전사를 보면 구해달라고 애원을 하니.\""
    },
    {
      "Key": "b37a8a28-692c-4968-a175-01a82c821752",
      "Value": "\"인생은 귀중한 선물이야. 발레리. 네게 의존하는 사람들을 위해서라도 몸은 알아서 챙겨.\""
    },
    {
      "Key": "7068d48b-c560-474e-87a8-dadb185d8e48",
      "Value": "\"제발 조심해. 발레리! 네 힘과 지구력이 뛰어난 건 알겠지만 실수 하나하나가 쌓이면 피해가 크다고!\""
    }
  ]
}