{
  "$id": "1",
  "strings": [
    {
      "Key": "a60a7041-a1b5-457f-b399-d0ffb16151be",
      "Value": "\"우리는 영원한 평온을 얻게 되면 먼지에 지나지 않아. 이런 말을 들으면 비참한 상황이라도 평온할 거야.\""
    },
    {
      "Key": "92f32db7-1cd4-4e43-8aff-dd093e47ccd6",
      "Value": "\"죽음은 필연적이야. 모든 존재는 소멸하지. 당연한 결말인데 슬퍼할 필요 있나? 불가피한 일을 고민해서 뭐해? 모든 이는 죽는다는 사실을 받아들여. 그럼 진정한 평온을 얻을 수 있네.\""
    },
    {
      "Key": "b6ab0b6d-1d7b-4b53-af8c-e2250ca8abd4",
      "Value": "\"네 말을 들으니... 기분이 편해진다. 정말 이상하지.\""
    },
    {
      "Key": "091c84cb-4df7-476a-a0fc-7f6794d03cb9",
      "Value": "\"더는 말하지 마. 아무도 죽음을 준비할 수는 없어. 자기 자신의 죽음도. 타인의 죽음도.\""
    },
    {
      "Key": "40d64763-e3a0-4039-bd66-7aa998b94817",
      "Value": "\"모두 죽어버려! 라고 말하고 싶은 거야?\""
    },
    {
      "Key": "9e48d816-9bd7-45b8-ad9e-4590f3df7933",
      "Value": "\"아니. 하림. 삶은 항상 죽음을 이겨. 몇번이고 반복해서 말이야. 이런 상황에 깨달아야 할 사실이랄까.\""
    },
    {
      "Key": "7b064746-b72e-4b9f-8cb9-2d7499dc4092",
      "Value": "\"또 너야? 말이 정말 많구나. 좀 닥쳐. 녹 녹 잘 거야.\""
    },
    {
      "Key": "e04768b1-8951-4099-850e-6739fd27a91f",
      "Value": "\"상식적으로 건강하고 부유한 게 아프고 병든 것보다 낫지. 그런데 너는 그 반대 같아?\""
    },
    {
      "Key": "e3c2413c-ba60-4622-bb45-f0c9d5550938",
      "Value": "\"상식적으로 건강하고 부유한 게 아프고 병든 것보다 낫지. 그런데 너는 그 반대 같아?\""
    }
  ]
}