{
  "$id": "1",
  "strings": [
    {
      "Key": "1e115cc2-a008-4174-8eae-d8214efca39e",
      "Value": "\"네가 활약할 시간이야. {name}. 친구들의 소원을 들어줄 시간이지.\""
    },
    {
      "Key": "3f16a9e5-9b7b-42b6-969b-fe0ca1d084ea",
      "Value": "\"내 소원은 말이지. 항상 목적을 가지고 그것을 놓치지 않는 거야. 그래서 빛을 따라가는 길을 잃지 않는 거야. 건강하고 행복하게 사는 거지. 이게 내 소원이야.\""
    }
  ]
}