{
  "$id": "1",
  "strings": [
    {
      "Key": "e39aeb22-5406-4161-a52b-35022a066dff",
      "Value": "\"서로의 등을 맡기면 정말 좋을 텐데. 어느 녀석이 살아남을지는 뻔하지 않겠어?\""
    },
    {
      "Key": "4337f6ee-e2f6-4bf0-8004-ab4d25b4ec51",
      "Value": "\"우리 동료들을 구하기 위해 최선을 다했어. 그런데 너는 무슨 짓이야?\""
    },
    {
      "Key": "9407147e-c546-4973-8960-1f258c048e7c",
      "Value": "\"연약한 몸에서 어떻게 그런 생각을 할 수 있어? 주빌로스트... 들어가지 말자. 지금은 아니야.\""
    },
    {
      "Key": "42b6e7ef-79a5-4030-83fb-743b6ccd61bf",
      "Value": "\"쓰러진 녀석들에게 존경심도 없어?! 입이나 닥치고 우리가 애도하도록 내버려둬.\""
    },
    {
      "Key": "e00a38f8-bd5f-4e53-8d67-cdb831a4fbe7",
      "Value": "\"여기서 내 역할을 부정하지는 않겠어. 하지만 다음에 이런 말을 하지 않았으면 해. 모두 슬퍼하고 있다고.\""
    },
    {
      "Key": "bf0c4785-b522-457b-84ed-b5f5b8ffb33c",
      "Value": "\"저리 가. 아니면 너를 저 쪽으로 보내버린다.\""
    },
    {
      "Key": "dddd1cf3-9ad2-43c7-a15c-19be401dcdf3",
      "Value": "\"그들의 잘못을 찾으며 친구들을 도와주려고 한다면 상황이 다를 수도 있어.\""
    },
    {
      "Key": "13cfb650-6b66-40c8-bc8a-e7c85a6ff701",
      "Value": "\"그들의 잘못을 찾으며 친구들을 도와주려고 한다면 상황이 다를 수도 있어.\""
    }
  ]
}