{
  "$id": "1",
  "strings": [
    {
      "Key": "ccf19609-e282-4037-811f-51d723f139f0",
      "Value": "...그러나 장군과 케팔 로렌투스는 고개를 젓고 남작은 조용히 한숨을 쉽니다. 일행은 묵묵히 지켜보고 있습니다."
    },
    {
      "Key": "a2be6fc8-f3da-4bf3-98c7-66a0c31913df",
      "Value": "... 케팔은 그를 말리지만, 장군이 고개를 끄덕이는 것을 본 남작은 대담한 목소리로 외치며 켄타우로스의 주의를 끕니다."
    },
    {
      "Key": "b5732fb4-7fa5-49b4-b8b1-50d112af275c",
      "Value": "장군은 {mf|그의|그녀의}의 활발한 공격 기술과 교묘한 기동력에 의지하여 공격을 지휘합니다."
    },
    {
      "Key": "ddf11399-4a40-4c83-a797-dd5eb3939b56",
      "Value": "장군은 남작의 소매를 툭 치고, 재빨리 자신의 계획을 속삭입니다. {mf|그는|그녀는} 몬스터를 향해 전력으로 돌격하기보다는 은밀하게 다가갈 것을 제안합니다."
    },
    {
      "Key": "89eaca19-d1a9-48ca-94fe-c92c4a029dd2",
      "Value": "닫기."
    },
    {
      "Key": "9c70d97d-e347-47c2-b335-07b7d5cf1b27",
      "Value": "다행히, 일행은 그를 도울 수 있습니다."
    },
    {
      "Key": "e77881dd-b437-49aa-ab76-24be4581fe62",
      "Value": "[닫기] 슬프지만, 일행은 그에게 해줄 수 있는 것이 없습니다. 남작은 고인에게 제대로 장례를 치르고 그의 백성들을 반홀드로 인도하자는 주장을 고수합니다."
    },
    {
      "Key": "4bccf478-1142-4f96-9ad5-bd5e9d28c414",
      "Value": "...지금은 켄타우로스에 대해 배울 수 있는 완벽한 기회라고 판단합니다."
    },
    {
      "Key": "ecaf7085-3ab6-4e8d-836a-bddcf467dbf9",
      "Value": "...상관하지 않습니다."
    },
    {
      "Key": "f1d02b1c-8d6e-459d-aae7-b2fcd9486069",
      "Value": "닫기."
    },
    {
      "Key": "7f48b5c2-c41a-4097-83e3-20d6d7e9f646",
      "Value": "남작은 추격을 계속할 준비가 되어 있지만, 장군은 어떻게 해도 상처를 극복하지 못하고 죽어버릴 것이라 현명하게 지적합니다."
    },
    {
      "Key": "3d7702c8-3bdf-4779-9bd4-2279dd2c55a9",
      "Value": "장군과 남작은 눈짓을 주고받으며 묵묵히 고개를 끄덕이고는 야수에게 마무리 일격을 날립니다!"
    },
    {
      "Key": "0a59951c-df5d-45bc-9f0e-674dc1380618",
      "Value": "장군과 남작은 전장을 주시합니다..."
    },
    {
      "Key": "ed57d8e7-38ef-4167-ba44-19d101af3dbe",
      "Value": "독자 여러분, 이제 이 이야기의 저자인 저 윌라스 건더슨이 어떻게 반 남작과 그 동료들과 인연을 맺게 되었는지 알게 되셨을 겁니다. 그러나 이 놀라운 만남을 깊이 파고들고 싶은 만큼이나, 제 스스로 이야기의 주인공은 제가 아님을 기억해야 하겠지요. 언젠가는 반 남작이나 장군께서 그들의 회고록에 나를 언급해줄지도 모르지 않겠습니까... 우리의 만남은 분명 그들에게도 뭔가 인상을 남겼을 겁니다!"
    },
    {
      "Key": "39564723-ff44-48ea-bec3-13ec42ef28ff",
      "Value": "운명에 따라, 일행은 반홀드로 돌아가기 전에 또 다른 모험을 하게 됩니다. 지름길을 택하기로 한 그들은 어느새 여기저기 땅을 가로지르는 이상한 고랑들이 있는 지역에 도착했다는 사실을 깨닫습니다."
    },
    {
      "Key": "540e3f3c-7122-4840-8490-88cf208e5414",
      "Value": "노련한 반링 호스트는 단번에 이 괴물이 땅 밑에서 사냥감을 공격하는 포식자, 뷸렛임을 알아보았습니다."
    },
    {
      "Key": "e5811afc-b5d2-43a7-a55c-9b2fcfbdcd15",
      "Value": "반 남작과 그의 동료들은 조심스럽게, 젊은 켄타우로스가 고랑을 넘는 사이 눈에 띄지 않게 접근합니다. 잠시 후 반 남작은 그를 부르려합니다..."
    },
    {
      "Key": "e0bc322f-5ae0-4755-a3d8-89753a04e78e",
      "Value": "켄타우로스는 즐기듯 뛰어내려가지만, 생각지도 못한 곤경에 빠집니다. 다음 도약에, 느닷없이 흙과 돌이 폭발하듯 분출되고 거대한 괴물의 아가리가 땅 위, 켄타우로스의 발밑으로 모습을 드러냅니다!"
    },
    {
      "Key": "3500c570-7ec9-42de-91e7-5b2123f201db",
      "Value": "부름은 아슬아슬하게 그에게 닿습니다. 켄타우로스는 그대로 멈추고 일행에게로 돌아갑니다. 바로 그 순간, 켄타우로스가 다음 발을 내딛으려던 땅으로부터 거대한 괴물의 아가리가 땅을 찢고 튀어나옵니다."
    },
    {
      "Key": "8b62891e-19d4-40a0-9fc1-0d5f87fa81eb",
      "Value": "반링 호스트의 고참들도 이런 위험한 괴물은 본 적이 없었습니다!"
    },
    {
      "Key": "fd7cf849-9c09-4c57-aa40-7ac2dc0ed469",
      "Value": "겁먹은 켄타우로스는 간신히 몸을 비틀어 목숨을 건져 피합니다. 괴물 같은 턱이 그의 다리와 옆구리에 깊은 상처를 입혔지만, 그래도 그를 뭉개진 못했습니다. 고통스러운 비명이 허공을 울리고, 괴수는 으르렁대며 다음 공격을 준비합니다."
    },
    {
      "Key": "a85094bf-e05c-43cb-a213-ec5477c26e01",
      "Value": "반 남작은 칼을 들고, 직접 문제를 해결하기 위해 계속해서 애를 씁니다."
    },
    {
      "Key": "2a50570b-95e5-4c1e-a51f-acaaceb14688",
      "Value": "팀은 완벽하게 합을 맞춰 공격했습니다. 그들은 괴물을 둘러싸고 사방에서 공격하면서, 괴물의 상처입은 먹잇감으로 부터 시선을 분산시켰습니다. 이 얼마나 환상적인 죽음의 춤인가! 그들의 검과 마법은 폭풍이 치는 하늘의 번개처럼 던스워드의 떨리는 공기를 잘라내었습니다. 그러나 괴물은 영리했고, 상황이 불리해지고 있다는걸 빠르게 깨달았습니다. 괴물은 한번 더 땅을 파고 들어가기 시작했습니다."
    },
    {
      "Key": "b0f51c71-dd28-4f51-a8a2-b6471b8c76d9",
      "Value": "이런 지하에 사는 괴물은 시력에 의존하지 않을 것이라 추측하며, 반링 호스트의 전사는 조용히 앞으로 이동하면서 흙을 절대로 건드리지 않도록 바위와 다음 바위 사이를 춤추듯 건너갑니다. 장군의 계획은 성공했고, 그들은 괴물에게 들키지 않고 접근 할 수 있었습니다. 가까이 접근한다음, 전사들은 동시에 공격했고, 그들의 온 힘을 다해 한 번의 정확하고 치명적인 공격을 가합니다. 상처입은 짐승이 울부짖고, 땅 속으로 도망가려고 시도합니다!"
    },
    {
      "Key": "01be8586-800c-45bc-a02a-8e1e77b8a2ba",
      "Value": "비록 승리는 했지만, 젊은 켄타우로스는 피를 너무 빠르게 흘리고 있었고, 삶이 얼마 남지 않았습니다."
    },
    {
      "Key": "6ebf8c0a-b22b-479f-a895-6b7a874d1fcb",
      "Value": "젊은 켄타우로스가 망설이며 파티에 접근합니다. 그의 젊은 얼굴은 한없는 고마움을 드러내고 있지만, 두려움이 섞인 호기심도 보이고 있습니다."
    },
    {
      "Key": "93598440-a454-4c60-b8d5-879e3eec14ac",
      "Value": "아아, 파티의 노력은 무력한 젊은이를 구해줄 수 없었습니다. 괴물은 파티가 불쌍한 켄타우로스를 구하기 전에 그를 끝내버렸습니다. 반링 호스트의 영웅들은 격노하여 괴물을 공격 했지만, 괴물은 즉시 위험을 감지하였고, 치명적인 공격이 가해지기 전에 땅 속으로 숨어버렸습니다. 괴물은 막지못할 종말로부터 도망쳐 단단한 땅 속으로 사라졌습니다."
    },
    {
      "Key": "a6b72e97-a933-4423-8f7e-e7cb0f1bf86a",
      "Value": "케팔과 날카로운 몇마디를 주고받은 뒤, 반 남작은 이 불쌍한 켄타우로스에게 제대로된 장례를 치뤄줘야 한다고 주장합니다. 그리고 그는 마지막으로 망자에 대한 예를 갖춘 뒤, 파티를 이끌고 반홀드로 돌아갔습니다."
    },
    {
      "Key": "eb4831f5-2ca5-46fa-b8c3-8bb923fabddb",
      "Value": "반 남작은 그 소년을 환대하고 대화를 시작했습니다. 케팔 로렌투스는 미심쩍은 목적으로 무모한 위험을 졌느니 중얼거리면서 괴물의 죽은 시체에 다가가 몇가지를 계산하기 시작합니다. 그러는 동안 장군은..."
    },
    {
      "Key": "4ee0a7a2-f061-4528-9fd7-090cd5a3bc4b",
      "Value": "장군은 그에게서 몇개의 추가적인 정보를 얻도록 세심히 노력했습니다. 대부분은 일행도 이미 아는 내용이었습니다. 그러나 그들은 켄타우로스가 노멘 부족에 속한다는 것, 그들의 리더가 젊은 로이코의 불타는 존경심을 받아마지않는, 아에코라 실버파이어라는 이름의 켄타우로스라는 것을 알아냈습니다. 노멘 켄타우로스는 그들 스스로를 이 땅의 수호자이자, 그 어떤 침략으로부터도 방어할 준비가 되어 있다고 여깁니다. 로이코가 한숨을 쉬며 덧붙이길, 그들의 부족은 예전과 달리 아주 작다고 말했습니다. 전쟁과 재앙은 사상자를 내고, 다른 부족들은 더이상 노멘과 거래하려 하지 않았습니다. 로이코의 말을 들어보면 다른 켄타우로스 부족들은 그의 부족을 조금... 미쳤다고 생각하는것 같습니다."
    },
    {
      "Key": "23dc6822-64a5-498d-9bbe-5240401fd1a7",
      "Value": "그 센타우르스는 자신의 이름이 로이코라고 말했습니다. 그러나 그것은 진짜 이름이 아닌 별명처럼 들립니다. 그는 반 남작과 그의 사람들의 용기에 분명히 감동받은 것처럼 보입니다. 그는 머뭇거리면서 원래 길로 돌아갈 준비를 하며 그의 부족이 그가 없어진걸 곧 알아챌 거라고 설명합니다. 그리고 그가 두다리들과 이야기 한 것에 대해 처벌받을게 분명하다고 이야기 합니다."
    },
    {
      "Key": "5bbd44d7-134d-4cf7-b4af-db79d8c008a7",
      "Value": "반 남작은 고개를 끄덕이며 자신의 생각을 담아 젊은 켄타우로스에게 따듯한 작별인사를 건넸습니다. 그리고 그는 일행을 반홀드로 이끌었습니다."
    },
    {
      "Key": "120555e4-c835-4b71-8f17-4ae64498ce40",
      "Value": "괴물이 전투로 단련된 동료들의 연합공격을 견뎌낼 수 있었을까요? 답은 '아니'로 정해져 있었습니다! 두 번째 일격이 가해지자 그것은 최후의 괴성을 내질렀고, 놈의 생기 잃은 몸뚱이는 땅 위로 힘없이 쓰러졌습니다. 반링 호스트가 또다시 영예로운 승리를 거뒀습니다!"
    }
  ]
}