{
  "$id": "1",
  "strings": [
    {
      "Key": "789a3b93-9d22-4438-8dac-322f5204d33d",
      "Value": "\"퍼스트 월드를 여행하고 싶다고? 걱정되는데. 페이의 땅을 여행한 많은 사람들이 가서는 돌아오지 못했다고 해...\""
    },
    {
      "Key": "48ee0461-3af6-4af5-bd44-7d56a272015b",
      "Value": "\"사람들이 실종되는 거야 언제든지 그럴 수 있지. 상속을 바라는 후손들의 슬퍼하는 얼굴을 보며 죽을 바에는 퍼스트 월드의 무수히 변하는 하늘 아래에서 죽고 싶어!\""
    }
  ]
}