{
  "$id": "1",
  "strings": [
    {
      "Key": "9fe8b6e0-0155-4488-809d-6905d1042aaf",
      "Value": "\"넌 누구지?\""
    },
    {
      "Key": "c30fe829-4d1a-45c4-849e-f01bb65bb20e",
      "Value": "\"너 긴장한것 같은데. 여기서 뭐하는 거야?\""
    },
    {
      "Key": "b8288f8a-3c20-44fd-ace5-467f7dd66de8",
      "Value": "\"나는 아이를 데리러 왔어. 그가 여기 있나? 아직 살아있나?\""
    },
    {
      "Key": "7bd18625-fa64-41ce-82a9-c83c698c83f3",
      "Value": "\"나는 네 부족에 대한 복수를 원하지 않는다. 나는 아이를 집에 데려 가고 싶다.\""
    },
    {
      "Key": "944445ba-3daf-46fd-82bc-cc4e5064fe0f",
      "Value": "\"우리 아이들을 그렇게 대해선 안된다. 우린 복수할테니 명심해 둬라!\""
    },
    {
      "Key": "9fb6c32d-99a0-4fc3-a57e-73c4c64cd329",
      "Value": "[떠난다] \"안녕히.\""
    },
    {
      "Key": "0c955ebd-4cd4-47f2-94d2-d18e395249cc",
      "Value": "[공격] \"너와 왕도마뱀들 모두 죽이겠다.\""
    },
    {
      "Key": "117f6d00-f66c-4889-84fe-83f9ebf3505b",
      "Value": "{n}왕도마뱀들 근처에 펜을 들고 있는 도마뱀 인간은 당신을 보자 소리를 지릅니다.{/n} \"온혈 동물! 왜 우리 마을에 왔나?\""
    },
    {
      "Key": "72e8b866-ed08-4ef9-bc44-5a5dd545de0b",
      "Value": "{n}도마뱀 인간은 두려움과 의심으로 당신을 봅니다.{/n} \"무얼 가져왔지. 온혈 동물? 평화냐, 전쟁이냐?\""
    },
    {
      "Key": "441455b4-5a9a-4864-bf80-1e5d4fd7af69",
      "Value": "\"좋아. 좋아. 긴꼬리는 온혈 동물과 언제나 평화롭게 지낸다.\" {n}도마뱀 인간은 안심한 것 같습니다.{/n}"
    },
    {
      "Key": "db0d0b22-7427-49b2-b331-9c9c60df9719",
      "Value": "\"두려워?! 긴꼬리 부족은 두려움을 모른다! 싸우고 싶나? 파셔 준비됐다!\""
    },
    {
      "Key": "87b3ba1c-51a7-4c5c-b6d5-2aed9dad2fa6",
      "Value": "\"파쇼어는 긴꼬리 부족의 전사이다. 온혈 동물의 언어로 파셔는 사육사라고 부른다. 하지만 왕도마뱀들은 개보다 더 뛰어나다! 왕도마뱀 거칠고 잘 견디고 강한 턱 가졌다!\""
    },
    {
      "Key": "9cbef467-8443-476d-ac59-76e583348171",
      "Value": "{n}도마뱀 인간은 왕도마뱀의 머리에 손을 올립니다.{/n} \"파셔는 왕도마뱀에 대해서 다 안다. 그들을 기르고 훈련시킨다. 치료하고 죽이고 요리도 한다. 개 따위와 비교가 안된다!\""
    },
    {
      "Key": "fa7476b2-b6b5-496f-a31e-e1fd8bea9b52",
      "Value": "{n}아미리는 동의하면서도 투덜댑니다.{/n} \"네가 트리케라톱스를 봤어야 했는데!\""
    },
    {
      "Key": "0140ac28-34b8-4313-a2af-61dc1e7939f0",
      "Value": "\"파셔는 안다. 온혈 동물 새끼 데리러 왔다... 모두 평화롭게 지낸다면 좋다. 그렇지 않으면... 파셔의 손은 뾰족한 창 단단하게 쥐고 있다!\""
    },
    {
      "Key": "88f7d2a8-f840-4ad6-8f6b-42baf331038d",
      "Value": "\"파셔는 전사이다. 파셔 두려움 모른다...\" {n}도마뱀 인간은 다른 곳을 보며 쉭쉭거립니다.{/n} \"마을에 이상한 것이 많다.\" {n}그는 숨을 내쉬고는 끄덕입니다.{/n} \"나쁜 것들. 잘못된 것. 위대한 조상이 우리를 파괴할까봐 모두 두려워한다.\""
    },
    {
      "Key": "89ff206a-b7a1-4218-ad76-b928f99ca5d5",
      "Value": "\"긴꼬리 부족은 강하다! 파셔는 온혈 동물과 전쟁 한다! 긴꼬리는 너희 뼈 씹을 거다!\" {n}도마뱀 인간은 용기있게 보이려고 노력하지만 그는 긴장한 것이 틀림 없습니다.{/n}"
    },
    {
      "Key": "6be7765c-7de2-47b9-b279-9c9b806e998a",
      "Value": "\"새끼들은 영혼 오두막에 있다. 우리가 그를 찾으면 부족이 화낸다. 누군가 부드러운 고기니 먹어야 한다고 말했다. 다른 녀석은 온혈 동물에게 돌려주어 날카로운 무기 얻어야 한다고 했다.\""
    },
    {
      "Key": "057f78a0-a4c1-406a-9122-7ec82c263cae",
      "Value": "\"그러나 위대한 조상은 영혼 오두막으로 아이들 보내라고 했다. 우리에 넣어 먹지 말고 감시하라고 했다. 그를 꺼내서 창으로 살짝 찌르라고 했다! 아이들 두려워서 울고 조상은 웃었다... 하지만 왜? 무엇을 위해?\""
    },
    {
      "Key": "0ba2c300-5774-40ac-927d-01c9c1b4ecfe",
      "Value": "\"온혈 동물이 복수를 원하면 파셔는 이해한다. 파셔는 싸울 준비가 됐다! 하지만 온혈 동물은 조상과 대화하고 아이들 평화롭게 데려가라.\""
    }
  ]
}