{
  "$id": "1",
  "strings": [
    {
      "Key": "08fcadb3-c2b8-4427-9dff-55f794e9d2e2",
      "Value": "\"트리스티안, 당신은 참 이상해요. 농담과 모욕에도 아무렇지 않아 하고 항상 누군가를 치료하거나 용서할 준비된 것 처럼 보여요. 어떤 이들은 이것을 무르다고 얘기하지만 저는 그 내면이 강철보다 단단하다는 걸 알아요.\""
    },
    {
      "Key": "f1af63b9-1219-4c6d-8020-10af9fde440b",
      "Value": "\"고맙습니다, 옥타비아. 사람들이 무름과 단단함의 진정한 차이를 인식하지 못해 안타까울 뿐입니다.\""
    }
  ]
}