{
  "$id": "1",
  "strings": [
    {
      "Key": "1fb509d9-43cc-45c4-8fd1-6b2f69b073ac",
      "Value": "\"미안합니다만, 마음에 들지 않네요. 평범한 애무로 만족합시다, 괜찮죠?\""
    },
    {
      "Key": "6ef38f0e-08ad-4844-85fe-c58321bae69f",
      "Value": "\"나도 좋습니다.\""
    },
    {
      "Key": "b51dff19-1ee5-41fa-9516-5caaa7197924",
      "Value": "\"정말로? 다치게 하고 싶진 않은데...\""
    },
    {
      "Key": "e3a6016c-55de-4252-9bd5-973c07928c54",
      "Value": "\"소원을 빌 땐 신중하는 게 좋을 겁니다. 이후엔 앉지도 못할지도 모릅니다!\""
    },
    {
      "Key": "da83b9c8-7ea3-4308-87b6-865c8398b7a2",
      "Value": "\"그건 해본 적이 없는데... 하지만 당신이 원한다면 - 시도해보지요.\""
    },
    {
      "Key": "8ee7b025-e1af-428e-bfec-8c94417a8cdc",
      "Value": "\"지금은 말고요. 좀 쉬어야 겠습니다.\""
    },
    {
      "Key": "d6328462-6bef-4389-925f-2119cb6e2bad",
      "Value": "\"내가 먼저 말하려고 했는데!\""
    },
    {
      "Key": "cdbb0bc8-2b73-4c72-9177-2bc52f3f7df0",
      "Value": "{n}레곤가르는 옷을 입으면서, 여유 시간을 가집니다.{/n} \"넌 기적 같은 사람이야. 하지만... 다음 번엔 너무 부드럽게 굴 필요 없어!\""
    },
    {
      "Key": "d2954ebb-5c29-424d-83da-715e8c825d9d",
      "Value": "\"내게 상처주는 걸 두려워하지마. 고통도 애무의 일종이니까... 사랑하는 사람이 준다면 말이지.\" {n}하프-오크는 당신이 전에 본 적없는 - 따뜻하고, 평소 때의 분노나 야유가 섞이지 않은 미소를 당신에게 보냅니다.{/n}"
    },
    {
      "Key": "6391ba59-e836-4acf-9574-117e58952d95",
      "Value": "\"원하는 대로 해. 중요한 건 네 손이 내 몸에 닿는 거니까... 네가 해주는 거라면 뭐든지 좋아.\""
    },
    {
      "Key": "b2d534ed-30b7-48ac-8fed-d3017936c396",
      "Value": "\"오, 그러려면 열심히 노력해야 할 껄!\""
    },
    {
      "Key": "84f53ab8-160b-4bdd-8425-6ff7c30d4dee",
      "Value": "\"두려워 할 필요없어! 내가 얼마나 버틸 수 있는 지 상상도 못할껄... 그러고도 더 해달라고 빌테니까 말이야, 하하!\""
    },
    {
      "Key": "43069c2b-9561-47a2-8334-24f908df8054",
      "Value": "\"계속 그렇게 말해줘, 그럼 널 위해 주변 모든 왕국을 정복해서 네 발 밑에 바쳐줄께.\""
    },
    {
      "Key": "5dd40055-371a-4f17-aa57-446f5e995252",
      "Value": "\"내가 가르쳐 줄께. 분명 좋아하게 될꺼야!\""
    },
    {
      "Key": "8d8ddbee-01c6-4fd6-aabc-1166e0860e4f",
      "Value": "{n}레곤가르는 허리띠를 가지고 놀고있습니다.{/n} \"내가 너무 옷을 빨리 입었나? 한 판 더하길 원해?\""
    },
    {
      "Key": "8c874ec5-1680-41bc-a203-9def7d7b1444",
      "Value": "\"하 하 하, 네 생각을 읽은 것 같군!\" {n}하프-오크는 허리띠를 풉니다.{/n} \"이리와...\""
    },
    {
      "Key": "3104a884-a325-4cae-9120-52e0fb350c79",
      "Value": "\"좋아. 기력을 되찾으면 돌아오라구... 기다리고 있을께!\""
    }
  ]
}