{
  "$id": "1",
  "strings": [
    {
      "Key": "22ad82b0-f645-4c83-9edf-3d2d8946b936",
      "Value": "\"나를 공격하는 것을 멈추면 너를 해치지 않을 것이다.\""
    },
    {
      "Key": "6cf4e2c9-3214-4057-bd7d-5578c00c86b0",
      "Value": "[뿔난 사냥꾼을 죽입니다] \"적의 하인을 살려봐야 아무런 소용이 없다. 죽어라!\""
    },
    {
      "Key": "0e80425b-4595-44ae-9175-ff1c0e2d8adb",
      "Value": "\"나는 너를 죽이려고 여기 온 것이 아니라 너를 멈추려 왔다. 나는 희망이 보인다면 너를 치유할 것이다.\""
    },
    {
      "Key": "a8ac553f-14a5-4aaa-b78c-86bd1d432b75",
      "Value": "\"나를 어떻게 불러도 상관 없다. 나이리사. 그러나 네 충성스런 종들은 패배했고 너의 능력은 사라졌다. 항복해라!\""
    },
    {
      "Key": "bcdaed6d-ca6c-4328-b89b-7f80797391a5",
      "Value": "[공격] \"얘기는 충분하다. 이제 끝내겠다.\""
    },
    {
      "Key": "bb2b7e45-f6f2-4ca6-b923-4f32d6818702",
      "Value": "\"너의 많은 잔학 행위로 너는 처벌되어야 한다. 말하고 싶은 것이 있다면 지금 말하라.\""
    },
    {
      "Key": "8a7a8458-a0c8-46a9-9ecf-d87f8b9a1de2",
      "Value": "\"도둑맞은 땅에는 두 명의 통치자가 있을 수 없다. 나에게 굴복하면 너를 살려주겠다.\""
    },
    {
      "Key": "9f12bf88-a60a-4f32-880f-bb31e572f01c",
      "Value": "\"악은 악을 낳지만 막을 수있는 방법이 있다. 나를 믿어라. 악행을 그만둬라. 전투는 해결도 도움이 되지도 않는다.\""
    },
    {
      "Key": "7b7791fd-388f-45ab-9a4e-ada99917054f",
      "Value": "\"음. 다른 방법은 없다. 전투로 해결한다.\""
    },
    {
      "Key": "b7fa8b37-8478-4c99-99d5-96f0519b757d",
      "Value": "{n}뿔난 사냥꾼은 나무에 묶인 채로 힘겹게 머리를 들어 시선을 당신에게 고정시킵니다.{/n} \"너구나! 내가 너를 처리하지 못해 여주인이 나를 처벌했다. 그리고 봐라, 그녀의 충신인 옹이 마녀와 꿈틀거리는 남자도 실패했다!\""
    },
    {
      "Key": "25d37aed-07b5-4e5d-87c3-67d81c4579e9",
      "Value": "\"나는 생각하지 마라. {name}.\" {n}뿔난 사냥꾼은 이상하게 차가운 목소리로 말합니다.{/n} \"네 뒤의 그림자는 항상 그녀라는 걸 말하지 않았나? 그리고 어둠 속에서 나는 발자국 소리는 항상 그녀라는 걸? 뒤돌아 봐라!\""
    },
    {
      "Key": "dc59c9bd-b874-4960-a2d9-68cd9318c68b",
      "Value": "{n}뿔난 사냥꾼은 속박당한 채로 몸을 뒤틀지만, 아무 소용 없었습니다 — 무기가 그의 몸을 잘라냈고, 상처에서 검은 피가 흘러내렸습니다. 그 생물은 이빨을 딱딱거리다 영원히 휴식을 취하게 되었지만, 그는 마지막 숨에 이상하게도 차가운 목소리로 말합니다.{/n} \"네 뒤의 그림자는 항상 그녀라는 걸 말하지 않았나? 그리고 어둠 속에서 나는 발자국 소리는 항상 그녀라는 걸? 뒤돌아 봐라!\""
    },
    {
      "Key": "1a3d10b3-fea5-4a18-baa4-6c3f5062c6ae",
      "Value": "{n}님프의 외모로 그녀가 평온한지 흥분했는지, 두려워 하는지 화가 났는지 알 수 없습니다. 나이리사는 간신히 당신을 쳐다봅니다. 그녀는 사죄의 옆에 멈추고 가장 자리를 따라 손가락을 움직입니다.{/n} \"내 사냥개야. 너는 오랫동안 달렸고, 마침내 네 여주인을 만났구나.\""
    },
    {
      "Key": "a0a708fa-910a-4929-a783-bf957c6c53c3",
      "Value": "\"너는 무슨 희망을 말하고 있느냐? 그것은 이 세상에 존재하지 않고, 존재했던 적도 없다. 악과 슬픔이 우리 삶의 주인이다. 이제 끝내자. 나는 너를 죽이고 사죄를 위한 마지막 먼지 한 톨을 얻는다 — 아니면 네가 나를 죽이고 나이리사의 기억과 그 절망을 간직해라, 네 짧은 삶 동안!\""
    },
    {
      "Key": "652a8f3a-c49f-43aa-a17b-4ebb979d3428",
      "Value": "\"오, 처벌이 뭔지 네가 알았더라면! 하지만 너는 모를 거야. 앞으로도 절대 모를 거다. 내가 너의 목숨을 빼앗아 내 잔에 들어갈 마지막 티끌로 바꿀 것이니!\""
    },
    {
      "Key": "7d554489-51d4-40b2-98ec-7348f959675f",
      "Value": "\"너는 아직 내 왕국에 있다. 어리석은 아이야. 왕국은 통치자가 숨을 쉬는 동안은 존재한다. 그것은 우리 모두에게 사실이 아닌가? 나는 뒤로 물러서지 않을 것이다. 너의 죽음으로 내 잔을 채우기 전까지는 말이다!\""
    },
    {
      "Key": "912abb5c-ffbe-4017-a05a-ee2cab616e22",
      "Value": "\"나는 두 개의 세계에서 천 개의 왕국의 흥망성쇠를 보았다, 어리석은 아이야. 나를 이길 만큼 운이 좋더라도, 내가 하루살이에게 무릎 꿇는 일은 없을 것이다!\""
    },
    {
      "Key": "31852700-7222-4920-ad18-578459f362bf",
      "Value": "\"달려라! 내 사냥개야, 죽음을 향해 달려라!\""
    },
    {
      "Key": "c1cf9922-3d33-4f76-860d-31be7fe21e8b",
      "Value": "{n}나이리사는 의심의 눈길로 당신을 보고는, 고개를 떨굽니다.{/n} \"오, 네가 만약 알았다면. {name}... 내가 얼마나 피곤했는지... 거짓과 파괴의 미친 춤사위로 수천 년을 보냈는데... 이제와 모든 것이 다시 회복될 것이라고 믿을 수 있을까? 아니, 아니야, 전부 소용없어! 나는 싸우고 싶지 않다 — 허면 내가 원했던 무엇이라도 남아있는가? 미래는 없다. 생명도 없다. 구원도 없다.\" {n}나이리사는 패배하고 마음이 꺾인 채로 그녀의 눈을 들어올립니다.{/n} \"항복한다...\""
    },
    {
      "Key": "4a3009c4-323d-4fec-95a0-d40872b83c97",
      "Value": "\"그럼 작별 인사를 하자... {name}. 누군가 이기면 그건 다른 사람의 끝을 의미한다!\""
    }
  ]
}