{
  "$id": "1",
  "strings": [
    {
      "Key": "329e76e5-5eb7-4fed-964b-2701d3c848bf",
      "Value": "\"뭘 팔고있는지 볼까\""
    },
    {
      "Key": "db753bcd-f294-44be-af53-29f169784bbb",
      "Value": "\"이 땅의 고대 드워프 요새에 대해 아는 것이 있나?\""
    },
    {
      "Key": "8196bd93-7fc2-420c-97e5-27256c09e218",
      "Value": "\"너 자신에 대해 말해봐.\""
    },
    {
      "Key": "6f41e41c-71cb-4602-a186-6424563b3a71",
      "Value": "\"너 드워프 치고 좀 이상한데.\""
    },
    {
      "Key": "342d4fb8-250c-44ce-b81b-6338f963ca61",
      "Value": "\"이제 가봐야 겠어. 안녕히!\""
    },
    {
      "Key": "bb450cf0-2894-4cff-a0a8-9887560af58e",
      "Value": "\"뭘 읽고 있지?\""
    },
    {
      "Key": "984b3bdb-4350-49d9-8617-a5fafe52ef0f",
      "Value": "\"도시에서 출몰하는 도둑에 대해 들었나?\""
    },
    {
      "Key": "62cabc44-fb30-4174-9a2d-5d9c7ac91848",
      "Value": "\"윌라스 건더슨의 책이 있어?\""
    },
    {
      "Key": "ce982ee3-8175-499d-b6da-7b09983f0d87",
      "Value": "\"이 책들을 빌려도 될까?\""
    },
    {
      "Key": "69d97b20-2c83-4902-b4dd-877b7feccc16",
      "Value": "\" '10 중 다섯 번째'라는 말은 네게 어떤 의미이지?\""
    },
    {
      "Key": "372a7646-b865-449f-9deb-78432f5a7ca5",
      "Value": "\"실용적인 관점에서 볼 때 네 말이 맞겠지..\""
    },
    {
      "Key": "51c38640-b441-4386-8e1e-08ebc34adb7b",
      "Value": "\"이봐요. 매끈한 아저씨, 설명이 어쨌건 수염 없는 드워프는 애처로워보인다고\""
    },
    {
      "Key": "89b15bb1-3a6f-4cb7-94fb-120dd72728ad",
      "Value": "\"맞아! 고리타분한 전통에서 벗어나야지!\""
    },
    {
      "Key": "8e27d8f6-5577-4df1-8724-45310caabdf3",
      "Value": "{n}붉은 머리의 젊은 드워프는 놀랍도록 깨끗한 면도를 했고 큰 망치에 기대어 서있습니다. 그는 책을 읽느라 바쁘지만 당신이 다가오자 올려다 보고는 인사합니다..{/n} \"안녕하십니까. {mf|남작님|남작님|전하|전하}. 저는 대장장이 버델입니다. 무엇을 도와드릴까요?\""
    },
    {
      "Key": "3d1da6e2-935c-4c54-8118-9ca61bacf744",
      "Value": "{n}평소대로 버델은 대장장이 가게에서 일하던 중 책을 읽으며 쉬고 있습니다. 그가 당신을 알아차리자 독서를 멈추고 인사합니다.{/n}"
    },
    {
      "Key": "8f3bf385-4426-4638-921e-1537a628a458",
      "Value": "\"전혀 모르겠습니다.{mf|남작님|남작님|전하|전하}. 먼 예전 드워프는 워라다쉬, 랑게부크, 셰게 이렇게 3개 클랜이 이 땅에서 살았었습니다. 그중 우리 가문은 셰게입니다. 하지만 우리는 정복자로부터 {g|Aldori}알도리{/g}와 함께 {g|Mivon}미본{/g}으로 2백년 전에 이주했습니다. 당시 가문의 할아버지들은 {g|Swordlords}소드로드{/g}에게 우리가 만든 칼이나 무기가 꼭 필요할꺼라고 확신했거든요. 어찌됐던 저나 아버지나 옛 요새에 가본 적은 없군요. 랑게부크 거점이 근처 어딘가에 있다는 할아버지의 이야기가 어렴풋이 기억이 나지만..글쎄, 어디서 찾아야 할지 모르겠습니다.\""
    },
    {
      "Key": "e5f31510-a8bb-47c0-9bdd-adcd833ce9ea",
      "Value": "\"물론입니다. {mf|남작님|남작님|전하|전하}\""
    },
    {
      "Key": "9015be15-7656-4d70-abbe-28aef1f9fb15",
      "Value": "{n}버델은 한숨을 쉬고는 손가락으로 머리를 쓸어내립니다.{/n} \"드워프의 턱수염을 기대했나보군요, 죄송하지만 수염이 무슨 쓸모가 있습니까? 특히나 불을 다루는 대장장이인데 말이죠. 한번 타버리면 대장간에 불난리가 나고는 수염의 명복을 빌어야 하겠죠. 없는 게 났습니다. \""
    },
    {
      "Key": "386246c0-080b-4635-b548-d8bd925a0918",
      "Value": "\"무슨 말이 필요하겠습니까, 저는 대장장이입니다. 아버지도 대장장였습니다. 할아버지도, 또 그의 할아버지도 마찬가지입니다. 게다가 그들 모두가 생식력이 왕성한 탓에 차고 넘칠만큼의 사촌에, 이종사촌, 팔촌까지 있고 그들 모두 대장장이입니다. {g|Mivon}미본{/g}에서 만들어지는 모든 무기는 우리 가족 중 누군가가 만든 겁니다. 그래서 저는 고향을 떠나왔습니다. 내 기술은 여기서 더 쓸만할테니까요.\""
    },
    {
      "Key": "ac9cb503-a028-415f-912d-a20ce14f4f26",
      "Value": "\"안녕히 가십시오! {mf|남작님|남작님|전하|전하}\""
    },
    {
      "Key": "fc7e3e07-0904-4063-89b8-7c10d4120a05",
      "Value": "{n}버델은 조금 혼란스러워 보입니다.{/n} \"뭐, 다른 것들이라면.. 좋은 책을 읽으며 휴식을 취하는 것이 좋습니다. 지금은 '용맹과 명예: {g|Absalom}압살롬{/g}에서 화려한 윌라스 건더슨의 10가지 모험'을 읽고 있습니다.\""
    },
    {
      "Key": "e4dd09e7-3bf4-41e0-b9c5-f5318651e0ab",
      "Value": "{n}버델은 눈살을 찌푸립니다.{/n} \"들으셨습니까? 저는 도둑질의 피해자입니다! 내 연장을 바로 내 눈 앞에서 훔쳐갔어요!\""
    },
    {
      "Key": "76078478-ecd4-4da8-b0a9-f36a5f4ab826",
      "Value": "\"뒤뜰에서 용광로에 석탄을 채우다가 내부의 소음을 들었습니다. 바로 달려들었지만 도둑은 마법 포탈로 뛰어들어 사라졌습니다! 제대로 볼수도 없었지요.\""
    },
    {
      "Key": "fe4ece76-3b05-4049-a100-a78496157201",
      "Value": "\"나를 심문하는 것 같군요! 물론 할 수 있죠. 모두가 그를 나쁘다고 하지만 저는 그를 좋아합니다. 글을 느낌있게 잘쓰거든요.. 아니 잘 썼었죠.\""
    },
    {
      "Key": "eeff1fa0-5ddb-4dfe-9ad7-98d61537d5e5",
      "Value": "\"물론이죠! 읽어보시죠.\""
    },
    {
      "Key": "23a0b485-690b-4867-a925-5c60c9485cc8",
      "Value": "\"건더슨에 관한 것인가요? 그의 책중에 '10가지 모험'라는 제목의 책이 있는데 명작이죠!\""
    },
    {
      "Key": "df585dd3-3eeb-4728-bf27-49e612002e96",
      "Value": "\"내 인생 처음으로 친척에게 동의를 얻었군!\""
    },
    {
      "Key": "20c57b84-a361-4009-b6a0-aac7e85bad6d",
      "Value": "\"그런말 마시죠. 우리를 엘프로 착각하겠어!\" {n}버델은 껄껄 웃지만 그는 대화의 주제를 바꿀 생각은 없어 보입니다.{/n}"
    },
    {
      "Key": "b3e4fdcd-7b95-4487-b0cb-93df6b3f9332",
      "Value": "\"실용성은 내 중간 이름이죠.\" {n}버델은 자신있게 고개를 끄덕입니다.{/n}"
    }
  ]
}