{
  "$id": "1",
  "strings": [
    {
      "Key": "8cb46496-2412-4e61-a28b-3ef14808188e",
      "Value": "\"우리 백성들을 져버리지 않을 것이다. 저들의 탈출 방법을 모색하라.\""
    },
    {
      "Key": "bffbaa1a-b732-4a49-9d17-9b4950e288a0",
      "Value": "[100 BP 지불] \"우리 사람들의 몸값을 지불하라.\""
    },
    {
      "Key": "9837df66-92d6-4457-af37-a37889d2977f",
      "Value": "[50 BP 지불] \"저들을 영원히 침묵시키라.\""
    },
    {
      "Key": "50955fe3-21bf-47c2-9097-f6d3e973a408",
      "Value": "\"자네 사람들이다. 자네가 결정하라.\""
    },
    {
      "Key": "402c5157-e2c5-4244-bc19-6f0138a7f395",
      "Value": "\"그랄튼의 첩자들을 기억하십니까? 그들의 수장이 우리가 그들을 처형했다는 것을 알아낸 모양입니다. 그에대한 복수로, 그들은 우리의 사람들을 납치해서 감옥에 가두었습니다. 우리는 기회가 있는 동안 그들을 구해 내야 합니다. 그러나 그들의 감옥으로 쳐들어가는 것은 쉽게 용서받기 어려운 과감한 처사일겁니다. 하지만 만약 우리가 싸움을 시작하길 원하지 않는다면, 우리는 더 조심스럽게 행동해서 간단히 몸값을 내고 그들을 데려올 수 있습니다. 제법 비싸겠지만요. 마지막으로 우리는 잡힌 사람들을 조용하게 만들 수 있습니다. 영원히 말이죠. 그들은 당연히 귀중한 정보를 가지고 있습니다. 하지만 이건 불명예적인 일이고, 저라면 하지 않을 겁니다.\""
    },
    {
      "Key": "ff7e2c56-2b1a-4856-91ea-fffd574fcf3d",
      "Value": "\"그랄튼 쪽에서 어떻게든 우리가 그들의 첩자들을 처리한걸 알아낸 모양입니다. 그에 대한 보복으로, 그들은 우리의 사람들을 체포해서 감옥에 가두었습니다. 우리의 사람들이 가지고 있는 정보가 그랄튼의 손에 넘어가서는 안됩니다.\""
    },
    {
      "Key": "91e3f672-68c4-41d3-b3d8-6cf6b5fd3add",
      "Value": "\"그랄튼이 그들의 첩자의 죽음에 우리가 관계되어있다는 것을 알아차렸습니다. 그건 분명히 자기들 잘못이지만, 분노의 화살을 우리에게 돌렸고, 우리의 사람들을 잡아다가 감옥에 가두었습니다. 그들은 가치있는 정보를 얻어내기 위해 고문을 할것처럼 보입니다. 만약 우리가 그냥 앉아서 그들이 성공하는걸 지켜본다면 말이죠!\""
    },
    {
      "Key": "62d8deab-320b-461c-b820-436732266fc8",
      "Value": "\"저는 제가 가진 가장 훌륭한 사람들을 모으고 습격을 계획하겠습니다. 우리는 우리의 사람들을 안전하게 데려올 것입니다.\""
    },
    {
      "Key": "01d9358a-fae7-49cf-b57e-bf4de947d8b3",
      "Value": "\"그건 위험하지만, 대담하기도 합니다. 어느쪽이든, 우리에게 압박을 해봐야 소용 없다는 메시지를 전달할 겁니다.\""
    },
    {
      "Key": "c3ada7a6-27fa-48f7-9afe-54c1319e26dd",
      "Value": "\"돈을 흘리는게 피를 흘리는 것 보단 낫습니다.\""
    },
    {
      "Key": "b61a7956-d3d6-44e8-94f9-b59cb310ff3f",
      "Value": "\"아주 현명하십니다. 관대한 지불은...일을 매끄럽게 만들 겁니다. 가장 강한 군주라도 약간의 추가금에는 감사를 표하는 법입니다.\""
    },
    {
      "Key": "6dd649c2-6e87-4bee-8e82-522cc65eecba",
      "Value": "\"이건 거칠지만 타당한 방법입니다. 첩보는 양심을 카펫 밑으로 쓸어보낼 수 있는 사람들에게는 거래의 일종입니다.\""
    },
    {
      "Key": "0373e837-5241-456e-945f-2f04cfd57100",
      "Value": "\"포로들은 평화롭게 죽게 될 것이다. 그랄튼에서 한 가지 생각하도록 만들지: 우리는 우리의 사람들을 아끼지 않는다. 따라서 우리는 포로들에게 자비를 베풀지 않을 것이다.\""
    },
    {
      "Key": "21d80f1e-380b-42a2-b6e5-7538a5317d0f",
      "Value": "\"놈들 몸값을 지불해야 해. 경제적인 타협안을 얻어낼 수 없다면, 영원히 침묵하게 하든가. 감정적으로 생각해서 힘으로 그들을 구출하려고 해선 안 돼. 이런 문제는 문명화된 지배자에 의해 다른 방식으로 해결되어야 하지.이웃들에게 문명화된 것 처럼 보이고 싶지 않아?\""
    },
    {
      "Key": "74d873ab-1550-49d7-8d2b-64c7b5ef8561",
      "Value": "\"포로들이 사형집행인을 만나기 전에 죽여야 해. 한때 가치가 있었지만, 지금은 위험한 인물들이야. 물론, 놈들에 대한 의무가 있다고 느낀다면, 그들을 무력으로 구하려 시도할 수 있지. 하지만 난 그런 방법이 싫어. 그랄튼은 몸값을 받아들일지도 몰라. 하지만 우리 약점을 보여주는 꼴이 될 거야.\""
    }
  ]
}