{
  "$id": "1",
  "strings": [
    {
      "Key": "2d32ccde-f2b9-4c97-a840-70b8f26c9278",
      "Value": "{g|Stability2_1}[선택 시 효과]{/g} \"모든 정착지에 경비 수를 두 배로 늘리라.\""
    },
    {
      "Key": "fc175a77-5501-4657-a9d0-b4d8c75336de",
      "Value": "{g|Stability2_2}[선택 시 효과]{/g} \"통행 금지령을 내리겠다.\""
    },
    {
      "Key": "219b83db-925e-4713-8b0e-fe9dede4be85",
      "Value": "{g|Stability2_3}[선택 시 효과]{/g} \"자립하는 법을 배우게 내버려두라.\""
    },
    {
      "Key": "ff174daf-720d-4fd0-a886-e5185863e4d1",
      "Value": "\"감시관은 그대이다. 뭘 해야 할 지는 그대가 잘 알 것이다.\""
    },
    {
      "Key": "d5d17a72-a691-4975-aa5e-ed61ac1eaa81",
      "Value": "{n}케스턴은 허둥지둥 예를 올리더니 바로 말을 꺼냅니다.{/n} \"{mf|남작령|남작령|왕국|왕국} 내 도적들의 공격이 계속 이어지고 있습니다. 어떤 곳에선 사람들이 동이 틀 때도 집 밖에 나서는 걸 두려워 하고 있으며, 심야는 말 할 것도 없습니다.\""
    },
    {
      "Key": "822bb815-fbb6-477b-a66f-b41472be366e",
      "Value": "\"감시관으로서, 경비대 수를 두 배로 늘리길 추천합니다. 그러면 상황이 안정될 것입니다. 제가 가능한 모두를 무장시키고, 훈련을 서두르겠습니다.\""
    },
    {
      "Key": "3d5ee7be-7ead-48bb-abc5-c84f8fffa3b0",
      "Value": "{n}에쿤은 시무룩해 보입니다.{/n} \"재앙이다. 모든 곳에 말이다. 숫사슴 군주는 사라졌을 지 몰라도, 아직 이 땅엔 많은 문제가 있다. 도둑질이나 노상강도라든지...\""
    },
    {
      "Key": "dd7190f6-9740-4dbe-b350-52e9786aac3f",
      "Value": "\"뭔가를 해야 한다. 사람들을 보호해라. 내 조언? 통행 금지령을 내려라. 사람들이 밤 동안에는 거리를 돌아다니지 못 하게 만들어라. 우리 경비대가 질서를 지킬 것이다.\""
    },
    {
      "Key": "59f03c29-1b67-4eb8-94ad-9bdb2eb51fb2",
      "Value": "{n}하프오크는 음침하게 미소짓습니다.{/n} \"가끔 네 백성들 때문에 궁금해진단 말이지. {g|Stolen Lands}도둑맞은 땅{/g} 에 살면서 말이야, 주변에 도적들이 천지인데 여기서 가족을 꾸리고 아이를 기르지. 계속해서 도적들이 자기네들을 살게 내버려두지 않는다면서 말이야! 떠나지도 않으면서!\""
    },
    {
      "Key": "12c9a087-569a-4d3f-a2e3-67325d4811c8",
      "Value": "\"뭐, 백성들이 결국 내게 찾아와서 도적떼 얘기로 징징거리더군. 그래도 괜찮아. 내가 다 해결할 수 있어. 난 그냥 저들을 무시할 생각이야. 이미 이해할 수 있을 정도로 여기 충분히 살았단 말씀. 백성들이 아무도 자신들을 구해주지 않는다는 걸 알게 되면, 투정을 그만 두고 스스로 무기를 꼬나쥘 거야. 백성들에게 자신들의 가치를 보여줄 기회를 주게 되는 거지!\""
    },
    {
      "Key": "f59f7fc5-0dfb-4362-8c11-a7ad9906e457",
      "Value": "\"그리 하겠습니다, {mf|영주님|영주님|전하|전하}!\""
    },
    {
      "Key": "a27fe94b-af72-46c2-b433-26fb41755dc9",
      "Value": "\"어떤 게 최선의 방법인지는 너도 잘 알 것이다.\""
    },
    {
      "Key": "9aa8d399-fdc4-4125-86ff-283eeaba9608",
      "Value": "{n}레곤가르는 혐오감에 움찔거립니다.{/n} \"경비대가 도적 소굴을 청소하는 대신 거리를 돌아다니게 하겠다고? 이런 식으로 계속 가면 남작령도 얼마 못 버틸 거야!\""
    },
    {
      "Key": "e8314e03-d820-4b0d-8767-1c73aaf05c40",
      "Value": "\"좋다. 명령을 내리겠다.\""
    },
    {
      "Key": "7201f066-a7f8-4ba7-854e-b6e4d24e3576",
      "Value": "\"적어도 백성들이 이리저리 쓸모없이 휘둘리기만 하는 양떼처럼 거리에 가득차진 않겠지.\""
    },
    {
      "Key": "c7e12711-85a0-42f4-8afe-80b4bfd85fe9",
      "Value": "\"{mf|영주님|영주님|전하|전하}! 이렇게... 그냥 사람들을 가둬놓고 폭력이 끝나기를 기다릴 수는 없습니다!\" {n}케스턴은 머리를 흔들지만, 계속 말을 이어나기로 결심합니다.{/n}"
    },
    {
      "Key": "b54ce66b-479e-44ac-b522-fbc84faae13e",
      "Value": "\"실패할 거다. 범죄자들이 거리에서 사람들 주머니를 다 털고 나면, 이젠 집으로 쳐들어 가겠지. 나쁜 선택이다.\""
    },
    {
      "Key": "79b40a6b-998c-4290-adaf-913591c59a9d",
      "Value": "\"바로 그거야.\" {n}레곤가르는 손가락을 우두둑 거리며, 마치 싸움을 준비하는 듯 합니다.{/n}"
    },
    {
      "Key": "13332787-ebf7-44d6-a71c-979c5b337ebe",
      "Value": "\"즉시 새 경비병을 물색하고, {mf|남작령|남작령|왕국|왕국} 의 가장 멀리 떨어진 국경까지 병사를 배치하겠습니다.\""
    },
    {
      "Key": "baf6c203-56bd-439a-953c-17b02568f38f",
      "Value": "\"밤에 사람들이 집에 머물러야 할 시간을 알리도록 하겠다.\""
    },
    {
      "Key": "4c9d53c3-fb70-4e81-b0d1-a8c0e9c5eead",
      "Value": "\"말 했지만, 의미 없어. 곧 알게 될 거야. 이 청원자들이 스스로 할 수 있다는 걸 말이지.\""
    },
    {
      "Key": "4ae11a43-de26-40d1-934f-2f407cd52371",
      "Value": "{n}케스턴은 머리를 흔들지만, 따지고 들진 않습니다.{/n}"
    }
  ]
}