{
  "$id": "1",
  "strings": [
    {
      "Key": "7171cbf1-83f1-4af7-a5bf-c6285ad356f7",
      "Value": "\"이야기를 정리해보자면. 도적들이 다시 여기를 공격할 거라고? 그들은 누구이며 언제 도착할 것 같나?\""
    },
    {
      "Key": "209c1053-0db2-4505-a13d-bfe38b448fce",
      "Value": "\"올렉. 당신이 팔고 있는 걸 보여줘.\""
    },
    {
      "Key": "13ec18c6-875c-4902-8260-7ac230967c8d",
      "Value": "\"나중에 다시 이야기 해.\""
    },
    {
      "Key": "bf960fa1-bb2b-4f3a-9a83-442921f644ee",
      "Value": "\"두려워 할 것 없다. 내가 공격을 막도록 도와줄 거야.\""
    },
    {
      "Key": "1da99ae2-167b-408e-9c6d-35688eeb0d8a",
      "Value": "\"네가 아는 한 많이 말해줘. 얼마나 많은 도적이 있어? 그들이 뭘 원하는 거야?\""
    },
    {
      "Key": "83f0146e-bea3-4d41-847e-ae96ce2d9666",
      "Value": "\"그들은 세금을 징수한다고 주장했다. 왜?\""
    },
    {
      "Key": "94bc0cd1-84e0-4a58-9404-b95883e7307d",
      "Value": "\"교역소의 안전은 자만디 알도리가 내게 남작 작위를 허락하는 조건 중 하나였을지 모르지만 그녀는 네놈의 징징 대는 소리에 귀 기울이지 말라는 어떠한 언급도 하지 않았다.\""
    },
    {
      "Key": "15f03403-fbc1-43cd-a920-f2605648e3ef",
      "Value": "\"몇 가지 질문을 해도 괜찮을까?\""
    },
    {
      "Key": "9ea95b1a-c0fe-4b93-a452-c14356a44cd4",
      "Value": "\"도적떼에 대한 이야기는 이걸로 충분하다.\""
    },
    {
      "Key": "e2da3af6-0d30-4586-9029-387a20f453fb",
      "Value": "[공격을 기다린다] \"공격할 준비는 되었다. 자리로 돌아가서 기다려.\""
    },
    {
      "Key": "054b4207-d8c2-4345-957a-198f972789cd",
      "Value": "\"너 자신에 관해 더 말해줘.\""
    },
    {
      "Key": "eda6319f-bc5c-45b8-9743-7819d546decd",
      "Value": "\"다가올 공격에 대해 얘기해보자...\""
    },
    {
      "Key": "1ef0836e-6685-424e-86c6-1b5d145e5ff9",
      "Value": "\"주변을 둘러보고, 타르와 함정을 어떻게 가장 효율적으로 사용할지 생각해보겠다.\""
    },
    {
      "Key": "2fddff11-b9b7-489a-9ba5-9d3115420dfc",
      "Value": "\"누군가가 교역소에서 빠져 나가는 것을 보았다. 누군지 알고 있어?\""
    },
    {
      "Key": "b75ef08a-8271-487a-afd6-a29428389e76",
      "Value": "\"연금술사의 불? 문 옆에 배치해두면 도적이 근처에 왔을 때 불화살로 불을 붙일 수 있겠군.\""
    },
    {
      "Key": "8f4fab87-619a-4679-8db5-3840570866ab",
      "Value": "\"교역소에서 도망가서 돌아온 그 남자에 대해 무엇을 말해 줄 수 있어?\""
    },
    {
      "Key": "1dea6037-3003-4dda-a3c8-87363fd1b5e8",
      "Value": "\"나는 너를 도울 것이다. 하지만 네 교역소에 정말 관심이 없어. 하지만 좋은 싸움에서 결코 물러서지 않을 거야.\""
    },
    {
      "Key": "e04533b6-f081-4b89-81ef-b84a30512233",
      "Value": "\"좋은 생각이야 .\""
    },
    {
      "Key": "113eec02-32cf-497e-93c1-e67f99439a2e",
      "Value": "\"연금술사의 불꽃은 그냥 내게 주는 게 어때? 그런 것 없이도 도적들쯤은 처리할 수 있어.\""
    },
    {
      "Key": "b6f6bea9-8130-4ee3-ba60-825c3775667d",
      "Value": "\"연금술사의불? 나한테 줄 수 있겠나? 내가 잘 써먹을 수 있을 것 같은데 말이야!\""
    },
    {
      "Key": "705b97da-da60-4aa4-b6b9-2e2b0ed1fa39",
      "Value": "{n}올렉은 또 다른 도적을 보는 것처럼 당신을 보며 투덜거렸습니다.{/n} \"그래. 쥐들끼리 거래를 하셨구만? 여기가 없어지는 것보단 낫겠지만 말요. 하지만 놈들이 오랫동안 교역소를 멀리하진 않을 거라는 걸 알아둬요. 결국 그놈들이 떼를 지어 몰려와서 이곳을 박살 내고 말 테니까. 이제 우리 부부는 어떻게 하지?\""
    },
    {
      "Key": "97c85c38-ee4d-4b1b-931d-d87e4b8ccc52",
      "Value": "\"그는 보큰이었을 겁니다. 묘약을 판매하는 약초상이죠. 그는 은둔자처럼 숲속에서 살지만 매일 교역소에 찾아옵니다. 그는 이 지역의 모든 나무와 수풀을 알고 있고 어떻게 도와줄 수 있는지를 알고 있어요. 수사슴 군주의 도적들은 그가 자기들을 위해 일해주길 바라죠. 보큰은 그 강도들과 싸울 용기는 부족하지만 우리를 멀리하지 않습니다. 항상 투덜거리긴 해도 선량한 마음씨를 가지고 있죠.\""
    },
    {
      "Key": "309b2b61-cb2c-4690-90d0-889b6b675662",
      "Value": "{n}그는 금발의 여성이 나온 것을 알아차립니다.{/n} \"여보! 왜 나왔어? 내가 숨어 있으라고 했잖아!\""
    },
    {
      "Key": "174f5476-4bca-49f0-860a-d176a3dd13c3",
      "Value": "\"다 끝난거 봤어요. 전 그냥 당신이 괜찮은지 확인해야 했어요...\" {n}혹여 남편이 잘못되었는지 여인은 부드럽게, 근심 섞인 눈빛으로 그를 바라봅니다. 올랙은 웅얼거리면서 당황하여 시선을 돌립니다.{/n} \"제 이름은 스베틀라나에요. 당신이 {g|Oleg's Trading Post}교역소{/g}에 왔는데 상황이 이렇게 되어 정말 유감이네요.\""
    },
    {
      "Key": "63fca25d-1c23-4adf-abdd-1406daca9ace",
      "Value": "\"어떠냐. 이 악당 놈들아!\" {n}올렉이 주먹을 흔들었습니다.{/n} \"하지만 이제...\" {n}그는 머리를 긁으며 우울하게 당신을 쳐다봤습니다.{/n} \"그 여자가 도망쳤군요. 수사슴 군주에게 이 일을 일러바칠 게 분명합니다. 이번에는 '세금을 징수하러' 왔지만 다음번에는 '반역을 처벌하러' 오겠지요... 이제 어떻게 해야 할까요? \" {n}그는 무겁게 한숨을 쉬었습니다.{/n} \"스베틀라나를 안전한 곳으로 보내고... 그 쥐새끼들에게 본때를 보여줄 수만 있다면!\""
    },
    {
      "Key": "e9e58314-74c5-4e23-b690-b9bc162abb62",
      "Value": "{n}올렉은 손을 부들거렸습니다.{/n} \"놈들이 누구냐고요? 수사슴 도적단이죠. 그게 저놈들이라고요! 이 땅은 거지 오두막의 빈대 같은 산적들로 가득 찼고 당신이 놈들을 건드린 거죠. 여기에서 멀지 않은 곳에 놈들의 야영지가 있어요. 놈들은 반나절 만에 머릿수를 불려 돌아올 겁니다. 수사슴 군주는 이런 모욕을 가볍게 넘기지 않을 작자이고 그 부하들은 인두겁을 쓴 악마들입니다.\""
    },
    {
      "Key": "9c2a33ad-9649-4128-ab49-880e7ce3bd9e",
      "Value": "{n}올렉은 불편한 심기를 드러냈습니다.{/n} \"당신이 지나갈 때마다 '당신의 은총을' 이라고 지껄이며 무릎을 꿇어야 한다는 건가? 난 귀족은 아니지만 내 나름의 존엄이 있어. 나는 당신 앞에 무릎 꿇지 않아! 차라리 강도들과 싸울 준비나 합시다. 그러면 당신도 이 땅을 어떤 종류의 남작이 통치하는지 알게 될 테니까. 어디 보자... 여분의 덫과 약간의 타르... 그리고 연금술사의 불 한 상자가 있군. 이 물건들이 전투에 도움이 되겠지.\""
    },
    {
      "Key": "ea32fd8c-d3a6-4b84-a5a2-2f444f4b0860",
      "Value": "\"후우. 당신의 선의에 감사드립니다. 제가 예의는 부족해도, 이 올렉 레베튼은 은혜를 갚기로 둘째가라면 서러운 사람입니다! 이 교역소를 지켜낸다면 제대로 보상을 해드리겠습니다.\""
    },
    {
      "Key": "e3d6cf26-bd48-4d44-b2d4-36bdbae86446",
      "Value": "\"놈들이 원하는 게 뭐냐고요? 그 거머리들은 자기들이 이 땅을 소유하고 있다고 생각하는 거죠. 여기 와서 원하는 걸 맘대로 집어가고 교역소 수익에서 상당 부분을 수사슴 군주의 몫으로 훔쳐 갑니다. 심지어 우리가 농성하지 못하게 교역소의 문까지 부숴버렸죠. 5~6명이 오기도 하고 떼를 지어 몰려오기도 하더군요. 스베틀라나가 말리지 않았다면 진작에 놈들에게 뭔가 보여줬을 겁니다.\""
    },
    {
      "Key": "3ec2401e-a9cf-4a58-b79f-84fc0495d1de",
      "Value": "\"수사슴 군주와 그의 백성들에게는 당연한 일이죠! 수사슴 군주는 잔혹하기 때문에 자기가 왕이라고 생각합니다. 그는 왕관 대신 뿔을 쓰고 있을 뿐이지만, 그가 부리는 악당들은 돈을 받는 한, 그의 왕명에 따르며 행복해하죠. 그놈들은 자른 팔과 다리를 '세금'이라고 부르고, 사형 집행을 '반역에 대한 처벌'이라고 부릅니다. 심지어 수사슴 군주에게 충성을 맹세한 사람들에게도 똑같이 굴죠. 그나마 단숨에 살해당하면 운이 좋은 겁니다.\" {n}올렉은 스베틀라나를 돌아봤다.{/n} \"여보, 우리가 이야기를 끝낼 동안 저녁을 먹는 게 어때?\""
    },
    {
      "Key": "da1a43f0-b14f-4c2a-b049-099c6a9c394e",
      "Value": "\"올렉, 나쁜 얘기로부터 절 보호하려고 하지 마세요. 저는 눈먼 새끼 고양이가 아니에요. 당신도 알다시피 저도 그들이 사람들에게 무슨 짓을 하는지 다 봤는걸요. \" {n}스베틀라나는 고개를 숙였다.{/n} \"수사슴 도적의 대부분은 단순한 산적들이지만, 지도자들, 특히 수사슴 군주의 측근 중에는 잔악무도한 살인마들이 있어요. 니스로크 출신의 옥스와 도반이란 자들입니다. 그 괴물들은 고문과 처형을 보여주기를 좋아하죠. 남편과 저도... 처참히 도살된 시체를 본 적이 있어요.\""
    },
    {
      "Key": "fefcfdf3-4a58-47ff-8d4b-6351224368a0",
      "Value": "\"저희가 대화를 하는 동안 그 놈들이 돌아올까 두렵습니다. 하지만 도대체 뭘 해야 하죠...?\" {n}올렉이 중얼거린다.{/n}"
    },
    {
      "Key": "b7824605-dedf-4fb4-8c31-3cc49be3be00",
      "Value": "\"그 거머리들이 돌아와 모두 쓸어가면 좋은 거래고 뭐고 없겠지만... 알겠습니다. 상품을 보여드리죠.\""
    },
    {
      "Key": "a077ae6f-2f81-4b5c-8343-01cf986ba7c1",
      "Value": "\"이러는 동안에도, 놈들은 충분하지 않을 거란 말입니다..\""
    },
    {
      "Key": "f26ebfc4-bfe1-4f96-9f82-f551078d4df0",
      "Value": "\"스베틀라나, 집 안에 숨어있어! 손님들을 맞이해야 하니까.\""
    },
    {
      "Key": "99269c9f-2fb7-448b-88ba-434c8ffae696",
      "Value": "\"확실히 쉽게 당할 것 같지는 않네요.\""
    },
    {
      "Key": "1fdd819a-3c64-4af4-a6ae-c57cc456876b",
      "Value": "{n}올렉의 표정이 언짢게 바뀐다.{/n} \"지금은 더 중요한 일이... 뭐, 알겠습니다. 우리는 {g|Restov}레스토프{/g}에서 여기로 정착한 정직한 사람들입니다. 우리는 낡은 요새를 여인숙으로 고치고, 상인들에게 이 지역의 주민들과 교역할 장소를 제공했죠. 가끔은 이 지역의 사냥꾼들과도 거래하고요. 근데 이게 다 무슨 소용이랍니까? 어차피 그 도적 놈들이 돌아오면 우리를 말려 죽이거나 그냥 죽일 텐데요.\""
    },
    {
      "Key": "fd24759b-de47-4d63-b4f7-6f3b52f3d7cf",
      "Value": "{n}올렉은 무척 우울해보이고 스베틀라나는 슬퍼보입니다. 둘 다 당신을 골똘히 봅니다.{/n}"
    },
    {
      "Key": "f2675c28-017f-4bc7-be34-5a4c23d70a56",
      "Value": "\"계속 이렇게 꾸물대다간, 제가 아니라 도적놈들과 대화하게 될 겁니다. 물론 그들이 대화할 의향이 있다면 말이죠...\""
    },
    {
      "Key": "aaecfe2b-01cc-458d-9374-9f4f939421f1",
      "Value": "\"알겠습니다. 다 끝나면 저희에게 알려주세요. 그리고 교역소를 떠나지 마세요! 도적들이 언제 돌아올지 모르니까요.\""
    },
    {
      "Key": "51296a49-a2f7-42c1-8fb9-0196f0b77807",
      "Value": "{n}올렉과 스베틀라나는 낮은 목소리로 열띄게 속삭이고 있습니다. 당신은 '잊어 버려!'라고 얘기할까 했지만 이내 그들은 대화를 마치고 당신을 봅니다.{/n}"
    },
    {
      "Key": "273d3169-5be5-4e66-8164-304e6d090032",
      "Value": "\"그러다가 교역소에 불이 날수도 있습니다!\" {n}올렉은 놀라서 소리쳤습니다.{/n} \"뭐... 벽을 보호할 무언가를 칠한다면... 그래요. 네. 효과가 있을 것 같네요. 제가 직접 화살을 쏘겠습니다. 왕년에는 석궁을 꽤 잘 다뤘으니까요.\""
    },
    {
      "Key": "3377e42a-39a0-4cb3-aeb5-17026b0fd1bd",
      "Value": "\"부디 조심해주시길 바라요. 그리고 올렉이 너무 위험한 일을 하지 않도록 해주세요.\""
    },
    {
      "Key": "481c3dba-d808-473f-8958-da4e9eb9244c",
      "Value": "\"두려워 하지 마세요! 제가 그 쓰레기들로부터 당신을 지키겠습니다.\""
    },
    {
      "Key": "65110b39-2d6d-4caa-acbc-8f8abe292b60",
      "Value": "{n}아미리는 기지개를 폅니다.{/n} \"마침내 싸움을 시작할 수 있겠군. 수다나 떠는 건 너무 지루하거든.\""
    },
    {
      "Key": "36b43af3-b6d4-4355-a0a1-8c24969e7317",
      "Value": "\"음... 내가 쓰고 싶은 영웅담은 이런 건 아니었지만, 위대한 영웅들도 처음이라는 게 있는 거겠죠...\""
    },
    {
      "Key": "c1dfdaf8-bde4-444d-b269-f63cd3ed836c",
      "Value": "\"우리는 스베틀라나를 숨겨야 합니다. 말싸움은 그만하도록 합시다. 이제 계획을 짜야 합니다. 앞으로 나아가 주변을 둘러보십시오. 전투에 사용될 수있는 도구가 아마 있을 겁니다. 저기에 꽤 튼튼한 함정, 타르 그리고.. 연금술사의 불 포션이 담긴 상자같은 것도 있는거 같군요. \""
    },
    {
      "Key": "666a9a61-f4c2-4e6a-bd8d-9be68fcc4ab5",
      "Value": "{n}올렉은 말합니다.{/n} \"음. 고맙습니다. 아마도요. 우리가 교역소를 지킬 수만 있다면 가진 것을 긁어 모아서라도 보상하고 싶습니다.\""
    },
    {
      "Key": "6aecda09-fb13-4fc6-9c70-b148ee9a6db9",
      "Value": "\"전투를 저도 도와드리겠습니다. 우리가 사용할 수 있는 연금술사의 불이 있습니다. 우리는 그것들을 문 옆에 두고, 도적이 근처에 있을 때 불타는 화살로 불을 붙일 수 있습니다. 저는 화살을 쏘겠습니다. 한 때 석궁을 잘 다루었거든요.\""
    },
    {
      "Key": "65ac3237-1a83-4f66-84bf-f7189a6a01d9",
      "Value": "\"정말이십니까? 뭐 당신 선택이니... 여기 받으세요.\""
    },
    {
      "Key": "b40e9c5a-4206-4d57-a2c0-8098e5873b5e",
      "Value": "\"여기요, 받으십쇼. 하지만 도적들에게 던질 때는, 부탁이니 조심해 주십쇼. 부디 기둥에 불을 붙이진 말아주세요.\""
    }
  ]
}