{
  "$id": "1",
  "strings": [
    {
      "Key": "f5a49e92-37ec-431e-aea8-ac7d694e05c8",
      "Value": "\"고기 없는 저녁을 보내니 모두 지쳤어. 의욕이 떨어진다!\""
    },
    {
      "Key": "50a012bf-c783-437b-88cf-af658e3acee2",
      "Value": "\"시무룩한 얼굴들을 보아하니 아무도 사냥을 가지 않을 것 같군. 먹지 못하면 약해지는 우리 모습이 참...\""
    },
    {
      "Key": "1981d3d2-5da9-41c9-ab2e-9c68477a8cea",
      "Value": "\"음식이 부족할 뿐이야. 울려면 다른 이유를 만들어.\""
    },
    {
      "Key": "94b8e75d-e428-4f86-ade9-04be1cba73e2",
      "Value": "\"조용히 먹기나 해! 미친놈처럼 파편 튀지 말고. 나도 조용히 먹어 보자.\""
    },
    {
      "Key": "3a8b94f2-2bf7-472b-bf0e-77b08d3157d1",
      "Value": "\"언젠가는 죽음이 우리 모두를 찾을 거야. 그래서 뭐 어쩌라고? 삶이 잔인한 건 신의 탓도 슬프서도 아니야.\""
    },
    {
      "Key": "046c843c-e82e-41d8-a951-d152d4fba1e1",
      "Value": "\"고기 한점 먹을 수 있다면 거인과도 싸우겠어. 쉰 빵도 지금은 먹겠어. 노예로 살다 보면 이것도 익숙해져. 하하하!\""
    }
  ]
}