{
  "$id": "1",
  "strings": [
    {
      "Key": "a84c22c5-c82b-486c-a174-59b645fb541f",
      "Value": "\"너 누구야?\""
    },
    {
      "Key": "05764c94-d40c-44f4-99d3-340c236ebfbe",
      "Value": "\"너는 무엇을 파는 거야?\""
    },
    {
      "Key": "e3f7e946-cd70-4a5c-8814-962f7cc1952e",
      "Value": "\"여기서 누구와 만나야 할지 추천해 줄 수 있나?\""
    },
    {
      "Key": "d77a0d61-b72f-405e-87ce-80c88a5c0bcb",
      "Value": "\"나는 '핏자루 추출물'이라는 흥미로운 물건에 대해 들었다. 너는 평범한 장사꾼이 아니며, 네가 파는 물건은 평범함과 거리가 멀다는 의미지.\""
    },
    {
      "Key": "d996e097-1d85-4b96-bc40-a387e572ece8",
      "Value": "\"안녕히.\""
    },
    {
      "Key": "6808707c-a62f-4fd8-9e4d-18e270d23410",
      "Value": "[공격] \"죽어라. 더러운 도둑!\""
    },
    {
      "Key": "38f6978c-a0cf-44f0-905a-ce3ff2ed0caf",
      "Value": "\"핏자루 추출물을 사용해 보았나?\""
    },
    {
      "Key": "8471ed8e-33b5-4643-bf8a-bb794ba7ad27",
      "Value": "\"그 쓰레기를 버리는 게 어때? 그것은 네 명을 재촉하지만 나는 네가 살아있기를 바란다.\""
    },
    {
      "Key": "f3466efb-862c-4543-a184-90d35f0891c3",
      "Value": "\"말도 안 되는군. 그에게서 떨어져!\""
    },
    {
      "Key": "7e3debfd-479a-42ba-9a3e-18949c1a14c5",
      "Value": "\"레지. 그 불쌍한 사람을 내버려둬! 대신 포도주나 마시자!\""
    },
    {
      "Key": "a8f109c8-2e46-46e8-a13f-70cf097c78bc",
      "Value": "{n}노움의 노랗고 충혈된 눈은 방 안의 사람들을 신경질적으로 탐색합니다. 당신을 알아 차렸을 때 그는 봉인된 칼집을 잡았습니다.{/n} \"음?! 너 누구야? 오. {name}? 용서해줘. 알아보지 못했군. 이렇게 만나다니. 정말 대단한 영광이라구. 나는... 칸 베릴이다. 장사꾼이야.\""
    },
    {
      "Key": "fb9cb85a-610f-4aef-ba52-34bf3eb2218f",
      "Value": "{n}노움은 작은 노란 눈으로 당신을 의심스럽게 쳐다 봅니다.{/n} \"또 너야?! 아니. 내 말은. 너를 위해 내가 뭘 할 수 있을까?\""
    },
    {
      "Key": "2ccd7f32-d1e0-4789-9c4d-28dd4933ec67",
      "Value": "\"내가 벌써 말했잖아!\" {n}노움의 언성이 분노로 높아집니다.{/n} \"나는 그냥 장사꾼이야! 부자도 아니고 귀족도 아닌데... 왜 {mf|왕|여왕}이 나 따위에 관심을 가지는 거야? 절대 그렇지 않을 거야!\""
    },
    {
      "Key": "cc288870-6be2-45e5-927a-b2bd4b61ce56",
      "Value": "\"네가 무슨 상관이야?! 물고기 같은 거야.\""
    },
    {
      "Key": "39afa98b-f5e4-43d1-a919-637fdc5e9ad7",
      "Value": "\"아무도 아니야! 모두 그래! 내가 어떻게 알았지? 나는 그냥 평범한 장사꾼이야. 나를 내버려 둬!\""
    },
    {
      "Key": "6b3a601e-5118-4875-b5bd-4f7f4d2122b8",
      "Value": "\"조용히 해! 조용하라구!\" {n}칼집을 단단히 잡은 노움은 속삭이기 전에 걱정스럽게 주위를 둘러봅니다.{/n} \"너무 많은 사람들이 여기에 있어... 너무 많은 눈과 귀가 있어... 사업 얘기를 하고 싶으면 {g|pitax}피탁스{/g}에서 나를 찾아. 너를 기억할게!\""
    },
    {
      "Key": "33215ff3-8df8-4109-bc48-f9afd4cdc1c6",
      "Value": "\"그래. 알았다고. 가서 재밌게 놀아!\""
    },
    {
      "Key": "3b66a5af-f1df-45ce-98fd-a1c4f0f83781",
      "Value": "\"너 좀 가지고 있어? 조금이라도?\" {n}레곤가르는 무언가 암시하는 것처럼 속삭이며 노움에게 윙크합니다.{/n}"
    },
    {
      "Key": "43b960e7-75e8-4534-a3bc-6b95158bb6e4",
      "Value": "\"한 번도 없어. 그래서 정말 좋은 거지! 한 번 쯤이야! 우리는 한 번 밖에 살 수 없어!\""
    },
    {
      "Key": "2b7fc47c-44ff-4dbe-8646-cd27026cfe6d",
      "Value": "{n}하프오크가 중얼거립니다.{/n} \"그래. 물론 그렇겠지... 누가 나 따위를 필요로 하지? 최소한 나는 칼 대신에 쾌락으로 죽을 거야.\""
    },
    {
      "Key": "2305c780-068e-4538-8bca-aa872e7f35bf",
      "Value": "\"어떻게 죽든 간에 나에게서 멀리 떨어져! 내가 말했지. 나는 아무것도 없어!\""
    },
    {
      "Key": "39c1c6b1-7234-42bd-8c58-87fa7a99b8e1",
      "Value": "\"좋아. 좋아... 그냥 물어 본 거야!\" {n}레곤가르는 분개하며 돌아섭니다.{/n}"
    },
    {
      "Key": "5208d146-04e9-43f1-aa89-62561159627e",
      "Value": "\"포도주라고? 좋은 생각이야... 하하. 좋았어. 가자고! 네 사업을 알고 있을 줄 알았어! 장사 안하는 장사꾼이 어딨어?\""
    },
    {
      "Key": "74f5ef59-a9ee-4102-add5-3c67166ba368",
      "Value": "\"그래! 아무것도 없다고 했잖아! 이제 내버려둬! 나가! 꺼져!\""
    }
  ]
}