{
  "$id": "1",
  "strings": [
    {
      "Key": "8a0f7673-8236-405f-bcb6-50a4274c42ea",
      "Value": "\"아직도 믿을 수 없어. {name}. 네가 왕이라니! 왕국이 네 것이잖아... 이 땅의 운명이 어떻게 변할지 궁금해...\""
    },
    {
      "Key": "a9c47307-591c-4d6b-a77e-7eb48d24d305",
      "Value": "\"설명이 필요하다면... 우리 이웃 국가와의 관계가 변할 거야. 우리는 그들과 동등해지지. 그리고 협상을 통해 어떤 조건을 요구할 수 있을 거야.\""
    },
    {
      "Key": "0d0278a3-cde6-4b51-94d0-84ced46f0ed6",
      "Value": "\"시간이 되었어. 영지의 상태는 우리의 힘을 반영하지 않지만 우리의 성장을 억제할 뿐이야. 우리는 이미 알도리 녀석들과 뱀 같은 서토바 녀석들의 힘을 능가했어.\""
    },
    {
      "Key": "e56d1e9a-3adb-4874-8894-3504db27c55c",
      "Value": "\"새로운 왕국의 소식이 상인, 여행자, 첩자들에 의해 아비스탄에 빠르게 퍼질 거야.\""
    },
    {
      "Key": "dff9157d-03ad-457c-a7a4-883e04375add",
      "Value": "\"왕관은 너의 새로운 보상에 걸맞아. 하지만 기억해둬. 역사는 왕관의 무게를 감당하는 자들을 기록하니까!\""
    },
    {
      "Key": "8f54dc2c-3044-48a3-9524-9e87ba1297d3",
      "Value": "\"왕관은 너의 새로운 보상에 걸맞아. 하지만 기억해둬. 역사는 왕관의 무게를 감당하는 자들을 기록하니까!\""
    }
  ]
}