{
  "$id": "1",
  "strings": [
    {
      "Key": "bcf4c66c-3e52-4d8b-8508-19d54cfc1a5a",
      "Value": "\"선물 고마워요.\""
    },
    {
      "Key": "5c6ff9fc-dc61-46e5-b505-32f70751e92e",
      "Value": "[트리스티안에게 키스한다]"
    },
    {
      "Key": "e823806c-7550-4f5c-994f-7187f2d35c41",
      "Value": "\"정말 이럴 필요 없어요.\""
    },
    {
      "Key": "85f4a5fb-d960-4acd-9f40-13cb224e7a7b",
      "Value": "\"이 선물은 받을 수 없어요, 트리스티안. 더 얘기하기 전에: 여기서 그만두도록 하죠.\""
    },
    {
      "Key": "a6a321a1-d211-4c3d-87c8-55ef716b6d58",
      "Value": "\"나도 당신을 사랑해요.\""
    },
    {
      "Key": "4dd80d8f-acfe-40fb-b584-23f4e45a099c",
      "Value": "\"그래요. 이제 끝이에요.\""
    },
    {
      "Key": "371cbb87-e632-4dc2-be12-1a476cfb7569",
      "Value": "[트리스티안을 끌어안는다] \"말은 그만하고, 행동으로 보여줘요.\""
    },
    {
      "Key": "ffd93f58-f9a2-45e5-b1e7-7bffbf43f2fe",
      "Value": "{n}트리스티안은 당신에게 상자 하나를 건냅니다 .{/n} \"당신에게 드릴 것이 있습니다.\""
    },
    {
      "Key": "356be5cb-8f51-4344-9463-a06a53538a5f",
      "Value": "\"쓸모없는 장난감은 좋아하지 않을거란걸 알지만, 이건 마음에 들었으면 좋겠네요.\""
    },
    {
      "Key": "1a326d7e-c5df-49cf-b379-9ca4c22ab8f6",
      "Value": "\"무엇이 당신을 기쁘게 해줄지 오랫동안 고민했습니다만.... 당신이 평소에 그리하듯, 마음 내키는대로 해봤습니다. 내가 실수를 저지르는게 아니었으면 좋겠군요.\""
    },
    {
      "Key": "5c0e010e-3c17-4747-a6fc-7aabe5ef79ae",
      "Value": "{n}트리스티안은 잠시 주저하더니, 가까이 다가와 당신의 볼을 손끝으로 쓸어내립니다.{/n} \"내가 하고 싶은 말은... 내가 정말 행복하다는 겁니다. 나이리사의 지하감옥에서 머물며, 그녀의 수면 주문에 사로잡혀 악몽으로 고통받을 땐, {g|Golarion}골라리온{/g}에서의 방랑이 어떤 결말을 맞을진 상상속에서나 생각할 수 있었지요....\""
    },
    {
      "Key": "350b88b2-1507-437c-b448-456a5079b828",
      "Value": "{n}트리스티안은 고개를 젓습니다.{/n} \"당신에게 뭔가 좋은 일을 해주고 싶었습니다. 그 모든 전투와 위협들.. 나이리사, 아르막, 이로베티.... 그리고 앞으로도 더 많은 시련이 남아있겠지요. 뭔가 즐거운 것으로 당신의 주의를 환기시켰으면 했습니다.\""
    },
    {
      "Key": "f103b00c-5b1b-4f3c-8ba6-cd93f3d1c0b7",
      "Value": "{n}트리스티안은 얼어붙습니다. 잠시 그는 할 말을 잊은 듯 합니다.{/n} \"그건.... 예상 밖의 일이군요. 음... 그렇게 하도록 하지요. 허나 선물은 간직해주면 좋겠습니다. 감사와 우정의 뜻으로 말입니다.\" {n}데바는 고개를 숙이고 시선을 돌립니다.{/n}"
    },
    {
      "Key": "35ffe36b-55a8-4de3-a2b0-c0e0374fa517",
      "Value": "\"{g|Sarenrae}서렌레이{/g}의 빛이 날 다시금 따스하게 해주지만, 당신의 따스함, 익숙하고 생생한 그 따스함이... 날 삶과 신앙으로 되돌아오게 해줬지요... 이 은혜를 갚으려면 그 무엇도 충분치 않습니다만, 이걸 알아주셨으면 합니다. 내 모든 건 당신의 것이란걸.\""
    },
    {
      "Key": "09f32319-f31a-41cb-bb30-4bf2680c5ef1",
      "Value": "{n}데바는 당신을 부드럽게 안으며 당신을 끌어당깁니다. 당신은 코끝에 희미한 야생화의 향기가 스쳐지나갑니다. 그리고 트리스티안의 입술이 당신의 입술과 마주칩니다.{/n}"
    },
    {
      "Key": "8f60ad67-d36a-4444-beb6-91d2b955fcf6",
      "Value": "{n}데바는 잠시 얼어붙더니, 당신의 키스에 화답합니다. 그의 손이 당신을 감싸 당신을 가까이 끌어당기는걸 느낍니다.{/n}"
    },
    {
      "Key": "e9a610dc-e767-47bc-9c62-911dc7bcdac2",
      "Value": "{n}트리스티안은 조심스레 떨어집니다. 그의 숨결이 당신의 입술에 감돕니다.{/n} \"당신을 사랑합니다. 당신과 처음 만난 순간부터 지금까지 언제나 그래왔지요. 그리고 내가 당신의 몰락을 초래할까봐 정말로 두려웠습니다. 하지민 지금은 두렵지 않습니다... 지금은... 모든게 끝을 맺었으니까요.\""
    },
    {
      "Key": "78d67b87-2bfd-495f-9891-39f7a0cb5ccd",
      "Value": "{n}트리스티안은 웃으며 다시금 당신에게 키스합니다. 이번 키스는 더 확고하고 결의에 차 있습니다. 그는 당신의 귓가에 대고 부드럽게 속삭입니다.{/n} \"당신과 단 둘이서만 있고 싶군요. 당신과 나 단 둘이서만. 어쩌면 나중에.... 우리가 집에 가게되면...\""
    },
    {
      "Key": "cf38311f-3455-416c-a994-b29cc2845ca5",
      "Value": "{n}트리스티안은 미소지으며 즐거운듯 당신의 귀에 키스하고, 속삭입니다.{/n} \"시간이 있으면 좋겠군요... 우리가 집으로 돌아갔을 때, 단 둘이서만 시간을 가집시다. .당신과 나 단 둘이서만.\""
    },
    {
      "Key": "ad44e6de-b4f2-49c8-85b9-6d0616ae6858",
      "Value": "{n}트리스티안이 다시금 키스합니다, 이번 키스는 더 길고 더 부드럽습니다. 조금 떨어져 부드럽게 숨을 내쉽니다.{/n} \"정말로 당신과 단 둘이서만 있고 싶군요.... 어쩌면 집으로 돌아가서... 모든게 잠잠해지면..\""
    },
    {
      "Key": "bcbabcb0-1455-41a1-abb4-daf29e54d14a",
      "Value": "{n}당신의 뺨을 만지곤, 물러납니다.{/n}"
    }
  ]
}