{
  "$id": "1",
  "strings": [
    {
      "Key": "6ec615c4-81dc-4a09-9713-ff8b2f38c27c",
      "Value": "\"괜찮아?\""
    },
    {
      "Key": "335d4990-8890-410e-823e-a63f54326094",
      "Value": "\"이건 함정이었어!\""
    },
    {
      "Key": "40aaa296-7d29-4940-8300-b1e3b2feff80",
      "Value": "\"나머지 사교도들이 달아나고 있어!\""
    },
    {
      "Key": "25f54e85-b2f4-44ec-bca8-721b87a80fce",
      "Value": "\"제일신자가 여신을 배반하는 것에 대해 뭐라고 소리쳤었어.\""
    },
    {
      "Key": "c5ec4c1e-7252-4af1-a1c4-8a1e1d960bb4",
      "Value": "\"네 말이 맞아. 트리스티안. 오늘 밤의 공포가 이 사람들이 다시는 왕국에 가까이 가지 않도록 하는데 충분했기를 바랄뿐이야.\""
    },
    {
      "Key": "8b4a752e-7cdf-4146-a28f-1cf4f22bf300",
      "Value": "\"이 사태를 끝까지 파헤치겠어. 정신나간 사교도 잔당들이 살아남아 있는건 원치 않아. 분명 이 일에 대해 원한을 품고 있을테니 말이야.\""
    },
    {
      "Key": "8a36bac3-146a-4fa0-9296-84d84957f1ab",
      "Value": "{n}전장을 둘러보는 트리스티안의 이마에는 땀이 흥건하고, 그는 거칠게 숨을 몰아쉽니다.{/n} \"믿을 수 없군요... 모든게... 이런 결과를 낳다니...\" {n}성직자는 눈을 감고 침을 삼킵니다, 마치 용기를 내려고 노력하는 것처럼.{/n}"
    },
    {
      "Key": "87cfe584-0338-4d0a-8b68-dee811b53c3f",
      "Value": "{n}트리스티안은 잠시 주저합니다.{/n} \"그렇... 아니. 아니요, 괜찮지 않습니다. 평화로운 대화가 이렇게 금방 피비린내 나는 전투로 변해버리는 건 결코 익숙해지지 못할겁니다. 이런 일은 너무 잔인하고... 무의미합니다.\" {n}트리스티안은 미소 비슷한 무언가를 지어보려 노력합니다.{/n} \"너무 걱정하지는 마십시요. 이제 정신이 좀 드니까요.\""
    },
    {
      "Key": "98d038a0-2ee3-4e40-a989-83f8ab2ad233",
      "Value": "\"당신은 눈치채지 못했을 수 있겠지만, 제일신자가 당신을 본 순간 얼굴빛이 달라졌습니다. 내 생각엔 그가 이 만남을 오래 전부터 준비하고 있었던 듯 싶군요.\""
    },
    {
      "Key": "dea2192f-74c1-4fc1-9d3b-437053b53807",
      "Value": "{n}트리스티안은 고개를 숙이고 심호흡을 합니다. .{/n} \"그의 정신나간 머릿속에 무슨 생각이 들었는지 도무지 알 수가 없습니다. 아마도 당신이 그의 칼에 복종하는 걸 거절했다는 뜻이였을지도요.\""
    },
    {
      "Key": "d35ab368-daef-4352-8991-6e08702a0fed",
      "Value": "\"부탁입니다. 그들을 놓아주세요. 그들의 지도자는 사라졌고, 친구들은 죽음을 맞이했습니다. 그들은... 그들은 그저 사악한 지도자의 유혹에 이끌린, 길잃은 영혼에 불과합니다.\""
    },
    {
      "Key": "79fee5a1-0924-4e4e-b432-f7935f4ba264",
      "Value": "\"이 사태를 뿌리뽑기 위해선, 우린 반드시 제일신자를 찾아야 합니다. 예배에 참석했던 농민들을 모두다 잡아들인다 하더라도 큰 도움이 되진 않을 것입니다. 부디, 도시로 돌아가 그들의 지도자를 어떻게 찾을지 고민해보도록 하지요.\""
    },
    {
      "Key": "0841de64-d0ef-4e42-bfce-d9ef22acb742",
      "Value": "\"다른 대답을 기대했었습니다.\""
    },
    {
      "Key": "0dea0bb0-1d41-4956-89ca-0c978a4c3a34",
      "Value": "\"고맙습니다. 그들의 죽음은 내 가슴에 큰 짐이 될것 같군요.\""
    },
    {
      "Key": "de308f84-c986-479b-8e4a-747853d09815",
      "Value": "\"수도에 가자마자, 이전에 사교도였던 사람들을 찾아 제일신자가 어디로 도망갔을지 알아보도록 하겠습니다. 나중에 도시에서 절 찾아와주십시오.\""
    },
    {
      "Key": "622f2f82-949f-473c-baa1-30463b76ffa5",
      "Value": "\"마음을 다잡읍시다. 도망간 사교도들을 잡아야 합니다 - 쓰러진 자들을 위해 슬퍼하기엔 너무 이릅니다!\""
    },
    {
      "Key": "8472549d-ff39-4608-bf9a-aba98933b7e3",
      "Value": "\"그가 성스런 명상에서 미래를 봤을지도 모르겠습니다 - 코앞의 종말도요. 누가 알겠습니까, 그저 당신의 삶을 끝내서 당신을 오랜 고통으로부터 구해주길 원한 것일지도요?\""
    },
    {
      "Key": "58243fe8-1277-467c-8e4f-1396ee133a1a",
      "Value": "\"오. 신들이시여 감사합니다. 한번의 성스런 의식에서 너무 많은 피를 흘렸어요.\""
    },
    {
      "Key": "bbffdf75-6df0-4da7-b408-5b00d6777b03",
      "Value": "\"그래! 베고 부서버려! 라마슈투 숭배자들이 그 잔해에서 잔치를 벌이게 하자고!\""
    },
    {
      "Key": "301d734e-e758-418f-9c7e-419fb6b5fc54",
      "Value": "\"전혀 놀랍지 않군요, 조금도요. 광신도들이란…\""
    }
  ]
}