{
  "$id": "1",
  "strings": [
    {
      "Key": "7577656a-e0e7-4b64-8e8e-a6035ffc15b4",
      "Value": "\"내가 그 놈의 목을 따는 거 못봤어? 내가 그리 우스워?\""
    },
    {
      "Key": "56e2fd0b-d884-466e-a076-3e8eccea8927",
      "Value": "\"네 싸움 기술은 그럴 듯하지만 무례하고 우왁스러워. 네가 내 하인이었다면 예의를 가르쳤을 텐데.\""
    },
    {
      "Key": "949db3ce-2d2e-4f1a-aa3f-cc5170b91e30",
      "Value": "\"레곤가르. 너는 너무 잘생기고 강해. 그리고 박력있고! 너를 보면 내가 녹아내릴 거 같아...\" [하품] \"내가 뭐라고 했었지? 오. 맞아. 소금 좀 건내줘.\""
    }
  ]
}