{
  "$id": "1",
  "strings": [
    {
      "Key": "2bb0a6a4-b76f-4f15-9a63-12a61bea0b6c",
      "Value": "\"너와 같은 쓰레기와 말을 섞지 않겠어. 죽을 준비 해라!\""
    },
    {
      "Key": "dc7f2933-05f9-494e-b670-ad32d6e55942",
      "Value": "\"집에서 쫓겨났다고? 무슨 의미지?\""
    },
    {
      "Key": "e6b5d0d4-6e6d-4510-aa36-d53826f84367",
      "Value": "\"무슨 말이야? 네가 반홀드의 시민을 공격했잖아!\""
    },
    {
      "Key": "6d102813-4634-42c6-b05e-31680c7c0137",
      "Value": "\"네가 오기 전에 도시가 텅 비었다는 말인가?\""
    },
    {
      "Key": "c1da4186-10e3-4753-9a4c-c3e2d6e23378",
      "Value": "\"너와 네 동족은 반홀드의 시민이 사라지는 일과 관련이 없어. 너희를 보내주겠다. 너희가 사는 곳이 어디인지만 말해라. 너에게 가서 집을 되찾는 걸 도와줄 수도 있어.\""
    },
    {
      "Key": "31407227-0459-4a74-9a55-90fb32d0190b",
      "Value": "[공격] \"반홀드에서 해충을 박멸할 시간이군.\""
    },
    {
      "Key": "93f2fbd9-5d66-4e81-b661-c69aa9a1ff74",
      "Value": "\"주민들은 어디에 있지?\""
    },
    {
      "Key": "294ff5e3-4f18-4d7c-8b08-003a57cf5221",
      "Value": "\"이번은 살려주겠다. 하지만 기억해둬. 다시 나의 마을을 침범하면 후회하게 해주겠다!\""
    },
    {
      "Key": "831b56f6-d5f5-4ce7-be3b-09e6fb16de55",
      "Value": "\"네 예전 마을은 어디있지?\""
    },
    {
      "Key": "8e7bc1b1-c2da-4b1e-b575-2b6d496d79ff",
      "Value": "\"마지막 기회다. 아니면 고집 부린 걸 후회할 거야.\""
    },
    {
      "Key": "7bd57108-cc1b-4f6b-ada1-b05bdb99556d",
      "Value": "\"너는 잃을 것이 없어. 나는 반홀드의 실종된 시민을 찾아야 하지. 네 생각보다 우리가 가진 어려움은 관련이 많아. 나를 도와줘.\""
    },
    {
      "Key": "74d111c7-bfc4-40a2-96e3-ba49c2ceeacf",
      "Value": "\"어쨌든 너희가 사는 곳은 찾아낼 것이다.\""
    },
    {
      "Key": "71726165-dad9-4746-bf0b-12e17a1f8dc4",
      "Value": "\"누가 너희를 쫓아냈는지만 말해.\""
    },
    {
      "Key": "440539a0-8128-4ced-99e9-a2298033aeef",
      "Value": "\"너 없이 어떻게 하라고. 트리스티안?\""
    },
    {
      "Key": "8392cd1a-71bc-4698-b68d-f9d50e49cf5d",
      "Value": "[조용히 지도를 받습니다]"
    },
    {
      "Key": "48a860f7-e81e-4003-8028-cec9555a2ca3",
      "Value": "{n}두드려 맞아 겁에 질린 거대한 스프리간이 썩은니를 드러냅니다.{/n} \"여기서도 쉴 수가 없어!\""
    },
    {
      "Key": "1eec6df2-3ad6-4f08-892c-1cd64b73b1c4",
      "Value": "{n}아가이는 물러서서 피가 나는 상처를 압박합니다.{/n} \"이런...\" {n}그는 이를 악물고 말합니다.{/n} \"마음대로 해라! 우리를 계속 괴롭히던가! 우리는 가진 게 없다!\""
    },
    {
      "Key": "384b29e4-90a0-4ec3-af6c-fa575642864f",
      "Value": "\"우리 주거지에서부터 미행했지. 우리를 쫓아내는 걸로 모자라 죽이려 하다니! 아가이는 쉽게 지지 않을 거다!\""
    },
    {
      "Key": "4a19c0ef-1296-45ae-b283-bb21e3daf35f",
      "Value": "{n}아가이는 칼을 휘두르고 날카로운 전투 함성을 지르고는 당신에게 돌격합니다.{/n}"
    },
    {
      "Key": "b0f1c5a1-931b-4d30-9a26-db72e3b6910c",
      "Value": "\"날 바보로 생각하는 거냐? 네가 우리를 공격했잖아! 바로 우리의 마을에서! 그리고 이제는 여기까지 쫒아와서 끝장내려는 거냐! 그 텅 빈 도시에서 우리가 어떻게 사람들을 괴롭힐 수 있었겠어?!\""
    },
    {
      "Key": "b2b4ca94-7328-4530-9ca8-fa4f6fb4ad67",
      "Value": "\"네 사정은 알 바 아니고. 우리가 왔을 때는 아무도 없었다. 덫이나 매복이 있나 확인도 했지. 아무것도 없었어!\" {n}아가이는 잠시 침묵합니다.{/n} \"네가 미행한 것을 알았더라면, 모두 더 멀리 데려갔을 텐데...\""
    },
    {
      "Key": "f48221a9-c8e6-46a4-a7ee-ee5e5fc19350",
      "Value": "\"시치미 떼지 마! 북쪽에 동굴이 있잖아! 네 족속들이 오기 전까지 난 평생 거기서 살았다고! 이제 더 이상 도망다니지 않겠다!\""
    },
    {
      "Key": "9126e2b7-a215-4322-ba1b-97dab6993ecc",
      "Value": "\"아무런 단서도 없다. 누군가에게 먹혔는지? 아니면 그냥 사라져 버렸나? 문을 열어 놓고 물건도 그대로 둔 채 떠났어. 아무나 들어가서 마음에 드는 것을 가져갈 수 있었지!\""
    },
    {
      "Key": "0ab1cc82-3dbe-432a-a038-914136e3cfa2",
      "Value": "{n}아가이는 당신을 눈 하나 깜빡하지 않고 보면서 콧방귀를 뀝니다.{/n} \"{race}가 도움을 청한다고? 좋아! 일이 끝날때까지 내 목숨이 붙어있을지 모르겠지만 말이지. 난 네가 그냥 싸워서 내 동굴을 뺏으려는 속셈이라는 데 걸겠어!\""
    },
    {
      "Key": "871f74e0-35e3-4754-b9eb-d3d02fed249c",
      "Value": "\"그게 나랑 무슨 상관이야? 운이 좋으면 너희들끼리 서로 죽이겠지. 남쪽의 오래된 동굴을 찾아봐. 거기에 우리를 내쫓은 괴물들이 있다. 그들을 만약 쫓을 기회가 생긴다면... 내게 알려줘. 그 때 다시 얘기하자.\""
    },
    {
      "Key": "205554b9-f6be-4d99-ade9-9aa5d7fd7c01",
      "Value": "{n}아가이는 경멸하는 시선으로 당신을 봅니다.{/n}"
    },
    {
      "Key": "f0b3aaf1-e362-489b-b76c-aedd45c8a6be",
      "Value": "{n}아가이는 찡그립니다.{/n} \"좋아. 네 지도를 줘. 표시해주겠다.\""
    },
    {
      "Key": "a6550ca7-e441-4437-a3d5-aac7e276ce63",
      "Value": "{n}아가이는 대답하는 대신 이를 드러내보입니다.{/n}"
    },
    {
      "Key": "2511eafd-0e4b-4845-9a99-de7b9131d8fb",
      "Value": "\"잃을 것이 없으면 후회할 것도 없다! 나를 죽이고 싶다고? 어서 죽여라. 싸움 없이 내 가죽을 가지지는 못할 거다!\""
    },
    {
      "Key": "f944440d-2bb0-4f6c-a45b-b3c0f3360ff7",
      "Value": "\"내 동족 누구도 거기에 살지 않으니까 나를 기습해서 죽일 생각은 말아!\""
    },
    {
      "Key": "8cb0b91a-8905-46dd-8178-59d7dd1d30a5",
      "Value": "\"너희 같은 녀석들이지만 크다. 힘도 세지.\" {n}아가이는 콧방귀를 뀝니다.{/n} \"그리고 냄새도 고약해.\""
    },
    {
      "Key": "a7349e15-ceb5-41fb-a1e2-1a4637e140dd",
      "Value": "\"나는 너를 믿지 않아.\""
    },
    {
      "Key": "3bce657b-a116-4d35-a1d4-b56b92300c87",
      "Value": "\"마음대로 해라! 너희 같은 녀석은 신경 쓰지 않아!\""
    },
    {
      "Key": "0b6ca6eb-9180-418d-bda6-8351afc83b57",
      "Value": "\"들어보세요, 아가이. 우리를 좋아할 이유가 없는 건 알아요. 하지만 뭔가 이상한 일이 {g|Dunsward}던스워드{/g}에서 벌어지고 있어요. 지금은 인간들만이 고통을 받았지만 결국에는 너희 같은 녀석들도 당할 겁니다. 그것을 멈추게 도와주세요. 우리를 위해서가 아니라 던스워드에 사는 모든 살아있는 종족들을 위한 겁니다!\""
    },
    {
      "Key": "50cc7fc8-5167-4473-9ab9-2f38080e4480",
      "Value": "\"정말 좋은 녀석이구나.\""
    },
    {
      "Key": "b2da12c2-29f2-4c93-85d1-78076e2fd268",
      "Value": "{n}트리스티안이 아가이를 보고 감사하며 고개를 끄덕이고는 물러섭니다.{/n}"
    },
    {
      "Key": "2277fef1-482f-4b52-923a-4a3ec748e3ec",
      "Value": "\"도움이 있다면 더 쉽게 일을 해결하겠어.\" {n}트리스티안은 따뜻한 시선으로 당신을 봅니다.{/n} \"그 편이 더 낫겠지.\""
    },
    {
      "Key": "0100bed4-07ef-4890-8810-82c939c54c05",
      "Value": "\"뭐? 맙소사.\""
    },
    {
      "Key": "0648dd90-785d-4c09-954a-eabba9002beb",
      "Value": "{n}아가이는 천천히 물러섭니다.{/n}"
    },
    {
      "Key": "ce4e62c8-77b1-4c5e-927c-eb3562973661",
      "Value": "\"제 생각엔 그는 다시 위험을 감수하지 않을 겁니다. 그 녀석들은 {g|Dunsward}던스워드{/g} 사람들의 위협이 되지 않아요.\""
    },
    {
      "Key": "36a9decc-b664-4193-95e8-eaa6e98da84f",
      "Value": "\"선신들이여, 넌 정말 완고한 생물이구나! {name}의 호의로 너는 목숨만이 아니라 집도 되찾아 주기로 약속받은거야! 너를 죽일 수도 있었지만 최소한 감사라도 해야 하는 것 아니냐!\""
    },
    {
      "Key": "9bca1af8-665d-4774-9fd1-c4983b0b5916",
      "Value": "{n}아가이는 적대적인 눈빛으로 발레리를 가늠하고는 머리를 흔듭니다.{/n}"
    }
  ]
}