{
  "$id": "1",
  "strings": [
    {
      "Key": "60523cd9-6168-46a9-a44d-31b1c31d938c",
      "Value": "\"이봐, 네 등 뒤에 도적이 있어! 뺏기기 전에 그걸 넘겨!\""
    },
    {
      "Key": "437009e3-c2d6-45eb-b480-0866e4209210",
      "Value": "\"어렵게 하는 방법과 쉽게 하는 방법이 있지!\""
    },
    {
      "Key": "4f0b33b6-dd9b-4dea-b0f8-a0ff30bf8b5a",
      "Value": "\"나는 네 편이야. 오해하지 마, 그게 너의 정신에 수작을 부리고 있어. 그걸 나한테 줘야 해.\""
    },
    {
      "Key": "919080e7-9694-4c10-a731-0e9cad5efe5b",
      "Value": "\"너는 대체 누구지?\""
    },
    {
      "Key": "0b346c99-db2c-4e96-88b0-d235d8b17233",
      "Value": "[공격] \"순순히 넘겼어야지.\""
    },
    {
      "Key": "27ce87f2-d291-41ea-886a-2baa7095b677",
      "Value": "\"진정해. 갈 테니까.\""
    },
    {
      "Key": "fd8e2bb6-7ff7-44aa-a7fe-63c79207ce19",
      "Value": "{n}엘프가 당신을 보자 겁에 질려 무언가를 숨깁니다.{/n} \"이걸 가지러 온 거야? 안 돼! 이건 내 거야! 나를 내버려둬!\" {n}그의 얼굴은 고통과 광기로 덮여있습니다.{/n}"
    },
    {
      "Key": "83d243b4-d3ff-41f9-b39c-587bd57eca34",
      "Value": "{n}엘프가 고개와 어깨를 잔뜩 움츠립니다{/n} \"가까이 오지마. 넘겨주지 않을꺼야.\""
    },
    {
      "Key": "e1c61b68-1684-4936-b757-7ac4974b35fe",
      "Value": "{n}엘프는 그걸 던져주자 마자 속았다는 걸 깨달았습니다.{/n} \"안 돼! 도둑이야! 도둑!\""
    },
    {
      "Key": "96483a66-49a6-4789-8fe6-c2a859a17456",
      "Value": "{n}엘프는 놀라서 뒤를 돌아봤지만, 손에 든 것을 넘겨주진 않았습니다.{/n} \"이봐. 나를 속이려는 거야? 이 도둑놈!\""
    },
    {
      "Key": "a6ff2a7b-d7a4-4531-bcd9-1271b4ef997f",
      "Value": "{n}엘프는 얼어붙어서는 그것을 던지고는 팔로 머리를 감싸고 흐느낍니다.{/n} \"도둑이야! 살려줘...\""
    },
    {
      "Key": "6f143222-6261-4544-9a9b-2db943cfe895",
      "Value": "{n}엘프는 이해하는 것 같습니다.{/n} \"나는... 그래... 이거 때문이야! 이게 날 미치게 만들었어!\" {n}엘프는 그것을 멀리 던져버립니다.{/n}"
    },
    {
      "Key": "55ac6286-3ebb-4a01-989a-f9dae41ad528",
      "Value": "{n}엘프는 듣고는 놀랍니다.{/n} \"나? 난 디타엘 인데... 안 돼! 난 이 검의 수호자야! 나는 나즈리엘을 섬겼지만, 이제는 이걸 섬긴다고! 이게 더 중요해.\""
    },
    {
      "Key": "106cf79f-231d-4c5f-a78d-b10a85fb8961",
      "Value": "{n}엘프는 조심스럽게 당신을 봅니다. 그는 언제라도 도망갈 준비가 되었습니다.{/n}"
    },
    {
      "Key": "580c2ee4-35e9-4c9a-b1dc-c73fd273e318",
      "Value": "\"이건 정말 귀한 거야. 너에게 주지 않을 거야! 내 거니까! 알겠어? 나만이 이것을 보호할 수 있다고! 모두가 이걸 노리지만 넘겨줄까보냐! 여태까지 숨어있는데, 너한테서 못 숨을 것도 없지. 가까이 오지마!\" {n}엘프는 침을 흘리며 당신을 노려봅니다.{/n}"
    },
    {
      "Key": "5a14a822-705a-4489-89e6-3c85f47890c3",
      "Value": "{n}엘프가 마치 개처럼 당신을 물어뜯습니다.{/n} \"가져가 보시지! 손가락을 물어 뜯어주마!\""
    },
    {
      "Key": "c88a76f4-f203-4674-9558-6ead4349da68",
      "Value": "{n}엘프는 이해하기 시작합니다.{/n} \"나는... 그래... 아니야! 이 도둑이 나를 속이려 하는군! 저리 가! 절대 못 준다 이 도둑아!\""
    },
    {
      "Key": "4b9771e5-5842-439d-8763-d7c8697e0ddf",
      "Value": "{n}디타엘은 제정신으로 돌아오고는 힘 없이 쓰러집니다.{/n} \"다행이야. 드디어 끝났어. 이 저주 받은 검이 저를 미치게 했네요... 나즈리엘 부인이 이런 흉물을 만들 줄이야! 다른 조수를 찾아보라고 전해주십시오. 저는 저주받은 물건 때문에 죽을 뻔했습니다.\""
    }
  ]
}