{
  "$id": "1",
  "strings": [
    {
      "Key": "cf55d801-650a-4255-bb5c-e678a3060c70",
      "Value": "\"내 옆에 서줘서 고마워. 녹 녹.\""
    },
    {
      "Key": "f9a96a9d-3fad-4e2f-9c28-4015ec07c47d",
      "Value": "\"너만 준비 되면 됐어.\""
    },
    {
      "Key": "a6d3b616-2cdf-48f8-a0c2-861817416f92",
      "Value": "\"충분해. 전투가 곧 벌어진다.\""
    },
    {
      "Key": "a80a109a-f014-440a-b723-6a303ec559ce",
      "Value": "\"이것은 우리가 겪었던 것보다 더어 미친 광란의 길이다... 이제 누가 '우리' 도시를 훔치려고 한다고? 녹 녹은 말한다. 우리는 그것을 다시 훔쳐간다!\""
    },
    {
      "Key": "8a8dfff3-da21-4bd0-a261-a314c1e20761",
      "Value": "\"영웅이 하는 일이다. 함께 걷고. 함께 훔치고. 함께 찌르고.\""
    },
    {
      "Key": "7a8c7700-8dd4-49a8-ace8-efa1443dbbba",
      "Value": "\"너는 영웅이 되는 법 이상을 보여줬다. 진실한 자신이 되는 방법이다. 너는 녹 녹에게 광대가 되는 법을 알려줬다. 곤봉이 아니라 머리를 써서 적을 속인다. 앞으로는 웃고 뒤에서는 찌른다.\""
    },
    {
      "Key": "a4b9698a-c2f1-4a83-bb21-541a53072b87",
      "Value": "\"그리고 너는 영웅의 길을 보여주었다, 고블린 왕부터 뭉국에 맞섰고, 다시 부족을 되찾고, 그리고... 어, 다시 왕 아닌 왕이다. 영웅의 길은 계속 이어진다. 그러니까 우리가 한다.\""
    },
    {
      "Key": "f4177f27-0311-4380-87ef-92e8cb593042",
      "Value": "\"조각상처럼 포즈를 취해라!\""
    },
    {
      "Key": "cd757121-343a-4cb0-883d-95abc81b0acd",
      "Value": "\"흥! 녹 녹은 너 혼자 가게 두지 않는다. 게다가... 재미도 있다. 녹 녹은 한 번도 도시를 훔쳐 본 적이 없다.\""
    },
    {
      "Key": "062b4150-7492-4166-b184-8d98aee2718a",
      "Value": "\"이것은 우리가 겪었던 것보다 더어 미친 광란의 길이다... 이제 누가 광대의 왕 녹 녹의 도시를 훔치려고 한다고? 녹 녹은 말한다. 우리는 죽을 때까지 광대 도둑이다!\""
    },
    {
      "Key": "3d9c0626-4e02-48c9-87ff-f9bcb6b43e59",
      "Value": "\"흥! 녹 녹은 너 혼자 내버려 두지 않는다. 게다가... 재미도 있다. 녹 녹은 한 번도 도시를 훔쳐 본 적이 없다. 어떤 영웅보다 멋진 이야기의 광대가 될 거다!\""
    },
    {
      "Key": "1912b563-ec3a-4acd-8c06-a36b56feb6c6",
      "Value": "\"녹 녹은 영웅이 될 필요가 없었다. 녹 녹은 녹 녹이 되어야만 한다고 알려줬다. 어릿광대. 그 누구도 아니다.\""
    },
    {
      "Key": "de66da21-2adf-438f-b5ba-82a2578a3224",
      "Value": "\"여기까지 고블린 왕부터 뭉국까지 맞섰고, 부족을 다시 되찾고, 그리고... 어, 다시 왕 아닌 왕이다 — 모든 일이 광대가 되도록 이끌었다. 하지만 도시를 먼저 되찾아야 한다, 아니면 광대에겐 광대 일을 할 자리가 없다.\""
    }
  ]
}