{
  "$id": "1",
  "strings": [
    {
      "Key": "627296b1-3d54-443f-aac6-161885181a51",
      "Value": "{g|Stability5_2}[선택 시 효과]{/g} \"이 짐승들은 내 땅에서 있을 곳이 없다. 그들은 제거되야만 해.\""
    },
    {
      "Key": "bf6078b0-deeb-4f55-8eae-93dc18aa45a6",
      "Value": "{g|Stability5_1}[선택 시 효과]{/g} \"우린 합리적인 선에서 자연과 조화를 이루면서 살아야 한다. 이제부터 이 땅은 내 법령에 의해 보호받는다.\""
    },
    {
      "Key": "8d90e4aa-c67c-43af-ba0b-ad118e7919d4",
      "Value": "\"당신은 이 땅의 감시관이다. 당신 판단을 믿는다.\""
    },
    {
      "Key": "c30031f0-d3dc-4d67-9471-52c040f21962",
      "Value": "{g|Stability5_3}[선택 시 효과]{/g} \"불렛 사냥? 흥미롭군. 뜻대로 하라, 레곤가르.\""
    },
    {
      "Key": "5db5eb46-f338-4822-b08d-be88b69352f1",
      "Value": "\"이상한 다툼이군. 이해가 안가. 불렛들이 살고 있는 지역이 있다. 경비대와 사냥꾼들이 불렛을 죽이고, 따라서 안전하지. 하지만 누군가는 탐탁치 않아해\""
    },
    {
      "Key": "51149e11-6653-4c5f-8796-84d9053d7f29",
      "Value": "\"{mf|영주님|영주님|전하|전하}, 영토 내 불렛서식지에 대한 판단이 필요합니다. 그들의 의무대로 경비대와 지역 사냥꾼 모임이 불렛을 찾아내서 사살하고 있습니다. 그런데, 어... {mf|남작령|남작령|왕국|왕국} 학자 모임에서 이를 반대하고 있습니다 .\""
    },
    {
      "Key": "f559bba5-9f46-4123-889d-5a0c6c69d617",
      "Value": "{n}레곤가르가 환희에 찬 표정으로 빠르게 말 합니다.{/n} \"이것 좀 들어봐, {name}! 희귀하고 특이한 불렛이 우리 영토내에서 살고있어. 근데 이놈들은 거의 멸종 상태여서, {mf|남작령|남작령|왕국|왕국} 책벌레들이 불렛 서식지를 자연 보존하기를 원해. 지역 주민들은, 너도 상상이 가겠지만, 불렛들은 모두 조각내버리기를 바래. 지역유지들도 말야, 하 하! 모두가 해결해주기를 바라고 있어. 그리고 나는 이 문제를 도대체 어떻게 할지 계속 생각했는데 말야? 딱 좋은 방법을 생각해냈지! \""
    },
    {
      "Key": "7c0afd84-3510-417a-9e65-5091807e73ae",
      "Value": "\"학자 몇명들 말야. 거거에 멸종 직전인 희귀 불렛들이 살고 있다고 하더군. {n}에쿤다요가 머리를 내젓습니다.{/n} \"이상한 다툼이야. 너는 내가 무슨 말을 할지 알겠지. 괴물은 죽어야만 해.\""
    },
    {
      "Key": "19ea1857-b4b5-4fcb-b6e4-94df7a6f11ee",
      "Value": "\"이 불렛들이 희귀종이거나 희귀 아종이라고 단언했습니다. 간단히 말하면, 이 종들이 오직 이 지역에서만 서식하고 딴 곳에는 없다고 하더군요. {mf|영주님|영주님|전하|전하}, 학자들이 그 땅을 보호구역으로 두고 불렛을 죽이는 것을 불법으로 하자고 요청합니다. 하지만 괴물들은 멸종되야 한다고 단호히 믿습니다. 지역 주민들의 안전이 우리들의 최우선입니다. \""
    },
    {
      "Key": "d83ac398-c5a6-41b3-b4be-73b0fd03899c",
      "Value": "\"그 지역을 왕실 사냥터로 삼자고! 그리고 몇 달 좀 기다린 후 이 불렛들이 살 찌고 새끼를 좀 치면, 그 때 우리가 이 놈들을 사냥하는거야! 알현실 벽에 걸려있는 그놈들 가죽좀 생각해봐! 아니면 발톱, 이빨, 다른 어떤 부위던간에 생각하는 거 있어? 뭐든간에. 자 이제 누가 너의 가장 머리 좋고, 가장 대체 불가능한 보좌관이지? 하 하 하 흠!\" {n}레곤가르가 박장 대소합니다. 그리고 그의 손가락에서 전류가 흐릅니다.{/n}"
    },
    {
      "Key": "af75f6d8-0fc5-491e-a848-03a125fe8d2d",
      "Value": "\"하. 언젠가 니가 자는 텐트에 이 귀엽고 작은 새끼들이 와서 '안녕'이라고 했을때 뭐라고 말할지 지켜봐야겠군... 늦건 빠르건 우리가 이놈들을 만나게 될 거란걸 난 알아. 그리고 사냥을 시작하겠지. 주안은 우리가 그 누구라도 이 놈들을 죽이지 못하도록 하는거야.\""
    },
    {
      "Key": "87c38c69-28c3-4a2a-9b8b-7968a7a15a71",
      "Value": "\"좋아. 경비들한테 이 불렛들을 처리하도록 명령하지. 그리고 다른 사냥꾼들한테도 보상을 제시하겠어.\""
    },
    {
      "Key": "5594f212-7c1d-4112-acbc-b4bd08b19850",
      "Value": "{n}케스턴이 짧게 끄덕입니다.{/n} \"경비대는 즉시 사냥을 시작하겠습니다. 돕고자 자원하는 이들도 보상을 받을 겁니다.\""
    },
    {
      "Key": "ea4ea259-4fcc-4698-9cf7-a55a461850a3",
      "Value": "\"좋았어!\" {n}미소지으면서, 레곤가르는 박수를 치고 손을 비빕니다.{/n} \"이거 재밌어질거야!\""
    },
    {
      "Key": "4c1dd42b-7c4f-4a2b-9471-5d03daf749c0",
      "Value": "\"완벽해! 이 놈들 중 하나를 쏴버리는걸 참을수가 없구만! 너도 이 놈들을 쏴버리겠지, 그렇지? 아니면 창을 사용할건가? 뭐든간에 손에 있는걸로 하자고!\""
    }
  ]
}