{
  "$id": "1",
  "strings": [
    {
      "Key": "0d98681e-7299-4963-bf68-3a6f2ccec332",
      "Value": "\"너한테 무슨 일이 생긴 거야?\""
    },
    {
      "Key": "cd419edc-d852-4d43-bfd4-cb1b8862011d",
      "Value": "\"끝나서 다행이야. 계속 가자!\""
    },
    {
      "Key": "0095575d-e1bb-4cc8-98ec-c4cf577a0021",
      "Value": "\"여기 무슨 일 있었나?\""
    },
    {
      "Key": "7096cae3-9e0e-4505-bd68-3ff3f7110ba1",
      "Value": "\"제이탈? 여기 어떻게 살아 있지?\""
    },
    {
      "Key": "fadf2e1e-1028-48ac-8cca-a0818735407b",
      "Value": "\"트리스티안? 무슨 일이야?\""
    },
    {
      "Key": "25e7510d-bed7-48cc-93bb-72601e9b5296",
      "Value": "\"나는 제이탈의 살인자와 아무 관계도 갖고 싶지 않다.\""
    },
    {
      "Key": "dc61e2ab-83c9-44ed-80ad-b7f91c03a28d",
      "Value": "\"끝난 일은 끝났어. 계속 가자.\""
    },
    {
      "Key": "155b1097-e34a-41cd-b436-8f9c51ad8048",
      "Value": "\"너는 살인자야. 너의 도움은 필요 없어!\""
    },
    {
      "Key": "8f64931f-26eb-4bdb-b672-7b56a08900b3",
      "Value": "\"틀렸다. 저리 가라.\""
    },
    {
      "Key": "c86e9591-cbfc-48ef-ac3d-97d83715154e",
      "Value": "\"내가 너를 머물게 할 것 같아. 하지만 나이리사와 싸울 수있는 모든 도움이 필요하기 때문이다.\""
    },
    {
      "Key": "a638c337-7a15-4262-b9d8-ba8a7309ce56",
      "Value": "\"가라. 이제 우리는 서로 다른 길로 나아 간다.\""
    },
    {
      "Key": "e2b48c1a-607e-4655-8ec4-66e0b220fe4e",
      "Value": "\"네가 맞을지도 모르지. 네가 머무를 수는 있다. 하지만 오직 너의 기도가 필요기 때문이다.\""
    },
    {
      "Key": "ff374d23-dfa9-4f05-969b-6a18d5fd7c45",
      "Value": "{n}제이탈은 아무 일도 없었던 척하려고하지만 그녀는 안도의 한숨을 내쉬었습니다. 그녀는 말 그대로 숨을 쉴 수 있었습니다. 즉 그녀가 호흡하고 있음을 의미합니다...{/n} \"좋아. 모두가 다시 함께 돌아왔어. 이제 우리는 그 독창적인 님프를 찾아가서 완전히 맞설 수 있겠지?\""
    },
    {
      "Key": "345e9cb0-f204-43ce-86df-6080587954f0",
      "Value": "{n}트리스티안은 한숨을 쉽니다.{/n} \"부끄럽습니다만, 저는 나이리사의 거짓말에 다시 한 번 빠져들었습니다. 그녀는 저를 비웃고 제이탈이 무고한 엘프들을 죽이는 것을 보여주었습니다. 분노가 저를 압도했고, 아시는 대로 그런 일은 저에게 흔치 않죠. 하지만... 당신에게 배운 교훈은 헛되지 않았습니다, {name}. 저는 정화된 자들의 왕국의 무고한 영혼을 위했던 당신의 지혜와 자비를 기억했습니다. 또한 당신이 어떻게 제이탈에게 딸의 목숨을 위해 우르가쏘아를 섬기길 그만두도록 {d|Jaethal Pharasma}납득시켰는지{/d}도 기억했습니다. 그래서 제 손을 멈출 수 있었습니다.\""
    },
    {
      "Key": "139aeffb-6524-4bc4-9fbe-a389dab2d689",
      "Value": "\"네가 물어보길 기대했다.\" {n}엘프는 만족스런 미소를 짓습니다.{/n} \"너도 알다시피, 엘프 야영지에서 내가 했던 우아한 {d|Jaethal Pharasma}공연{/d}은 주목받지 못할 수가 없었지. 내가 {g|Urgathoa}우르가쏘아{/g}의 선물을 거절했을 때, 나는 이전의 여주인을 조롱한 거였어. 그 선물을 아주 많이 좋아했던 신이 최소 한 명 쯤은 있었지. 그리고 나에게 참견한 신에게 선택된 자 중에 나와 친분이 있던 자가 있었다. 그래서 나는 새로운 사명과 새로운 목표를 가지고 돌아올 수 있었다. 나는 더 이상 언데드가 아니지만, 나는 여전히 인퀴지터다... {g|Pharasma}파라즈마{/g}의.\""
    },
    {
      "Key": "a9972557-20e8-4ccd-9370-290026b5d619",
      "Value": "\"나이리사는 트리스티안이 {g|Sarenrae}서렌레이{/g}에게 나의 죽음을 청하는 모습을 만들어냈다. 나는 그 속임수를 믿을 수도 있었겠지, 만약 이 의로운 바보가 그 바보 같은 광신도 {d|트리스티안 Ruthgert Persuaded}루스거트{/d}를 포함한 모두에게 자비를 베풀라는 말을 멈추지 못했다는 사실을 알지 못했다면 말이지만. 그리고 하나 더, 나이리사는 나에게 {g|First World}태초 세계{/g}의 불멸을 제안했다. 솔깃했지, 하지만 나는 반쯤 미친 님프의 힘을 받는 것이 좋지 않았다. 아첨이 아니다, {name}. 그러나 너는 훨씬 더 합당한 통치자이자 동료이다.\""
    },
    {
      "Key": "2556b150-5962-422a-abc2-352b4a6a32da",
      "Value": "\"트리스티안에 관해서는... 내가 이 유용한 도구를 실수로 너에게서 박탈한 것을 유감스럽게 생각한다. 나는 기쁘게 그를 언데드로 만들려 했지만, {g|Sarenrae}서렌레이{/g}가 이미 영혼을 취했다. 우리는 영원의 빛과 씨름하고 싶지 않다.\""
    },
    {
      "Key": "23158cc2-516f-4ec5-b595-42f49ea8dec9",
      "Value": "트리스티안에 관해서는... 죽음은 자연의 일부이며 그가 이 길을 걷는 것은 처음이 아니다. 나는 너에게서 본의 아니게 유용한 도구를 빼앗아 유감이다. 그러나 그는 신뢰할 수 없고 조종당하기 쉬운 자라는 것을 다시 한번 보여주었다. 너는 나이리사와 맞서기 위해 최고가 필요하다. 그래야 진정으로 의지할 수 있다. \""
    },
    {
      "Key": "7b9f19c9-42ea-4547-a913-7402f1b79bac",
      "Value": "{n}제이탈은 어깨를 으쓱합니다.{/n} \"순진한 성직자 꼬마가 나이리사의 환상에 빠져나와 나를 공격했다. 님프는 내 마음을 속이려고 했다. 그녀는 나에게 {g|First World} 태초 세계{/g} 불멸을 제안했다. 너는 상상이 가? 그녀는 물론 실패했다. 아첨이 아니야. {name}. 너는 내가 따라야 할 유일한 지도자다. 너는 통치자의 의지와 마음이 있다. 미친 님프의 변덕과 너의 호의를 교환하는 것은 용서할 수 없을 정도로 어리석다. \""
    },
    {
      "Key": "bfa69c42-409d-48e8-80c4-cc4775ba64a5",
      "Value": "\"어리석군. 어려운 상황에 처했을 때 동료를 낭비해서는 안된다.\""
    },
    {
      "Key": "a49957f6-c36b-4f95-af6f-c2fd6ea78da9",
      "Value": "{n}트리스티안은 제이탈의 움직이지 않는 몸 옆에 무릎을 꿇고 조용히 {g|Sarenrae}서렌레이{/g}에게 기도합니다. 당신을 알아 차리고는 그는 벌떡 일어섭니다.{/n} \"{name}! 길을 찾으셨군요! 서렌레이의 축복이군... 저는... \""
    },
    {
      "Key": "18c2db38-f823-431b-99ff-27d5136d87d7",
      "Value": "{n}제이탈은 트리스티안의 몸 옆에 무릎을 꿇고 죽은 성직자의 황금 자물쇠에 아주 천천히 그것을 쓰다듬고 있습니다.{/n} \"얼마나 유감스러운 일인가... 그는 인생의 무용지물이었지만 인재를 잃어 너무 슬프다.\""
    },
    {
      "Key": "2ee45f16-2eba-4619-a01d-2ea0056476ef",
      "Value": "{n}제이탈과 트리스티안은 서로 거리를 유지합니다. 당신의 동료 둘 다 싸움에서 지쳐 보이지만 둘 다 살아 있습니다. 트리스티안이 먼저 당신을 알아봅니다.{/n} \"{name}! {g|Sarenrae}서렌레이{/g}께서 지켜주셔 살아계셨군요!\""
    },
    {
      "Key": "f68239a9-c6f1-446d-ad26-f3c88908572c",
      "Value": "\"마침내 모든 것이 바로 되었군. 떠들면서 시간을 낭비하지 말고 계속 움직여야 한다.\""
    },
    {
      "Key": "8cee5f7e-ecb1-4dd7-8ead-96568ebdc65b",
      "Value": "\"원하는대로...\""
    },
    {
      "Key": "c100ce00-d952-405f-8f44-08ee3514b95b",
      "Value": "{n}트리스티안은 눈살을 찌푸리지만 확고하게 눈을 바라보고 대답합니다.{/n} \"제이탈과 저는 나이리사의 거짓말에 빠져 들었습니다. 그녀는 환상으로 우리를 속였고 서로 싸우게 만들었습니다. 그리고 저는 더 강해졌습니다. 전혀 예상치 못했죠...\" {n}트리스티안은 피식 웃었지만, 피곤하고 슬퍼 보입니다.{/n} \"저는 당신과 함께 여행하면서 많은 교훈을 얻었고, 절망에서 회복하는 능력은 최고의 교훈이었습니다. 제이탈에겐 그것이 부족했죠...\""
    },
    {
      "Key": "ec040735-682e-409b-8d61-84dcf465e870",
      "Value": "\"당신에게 말하고 싶은게 있습니다 — 잔인하게 들릴지 모르지만, 저는 이 일을 유감스럽게 생각하지 않습니다. 저는 나이리사의 거짓말에 이끌렸을지 모르지만, 또한 너무 오랫동안 제이탈이 어떤 괴물인지, 얼마나 많은 해를 입혔는지 잊고 있었습니다. 당신은 무차별적 용서가 항상 최선의 해결책은 아니라는 것을 여러번 증명하셨습니다. 이것이 제가 배운 교훈입니다.\""
    },
    {
      "Key": "3fe4379b-25e5-48c6-a2d4-7ac7def7d1cc",
      "Value": "\"하지만 아직 의문점이 많이 남아 있습니다... 제이탈은 {d|Jaethal Pharasma}죽음{/d}에서 돌아왔을 때와 달랐습니다. 제가 그녀를 죽였을 때, 그녀는 언데드가 아니라 살아있는 생물이었습니다. 그녀의 무기에는... {g|Pharasma}파라즈마{/g}의 상징이 새겨져 있었습니다. 무덤의 여신이 그녀에게 더 가치있는 삶을 위한 두 번째 기회를 주었을까요? 오직 제가 거둬가기만을 바라고? 저는 모르겠고, 아마 앞으로도 모르겠죠. 하지만 저는 그걸 짊어지고 살겠습니다.\""
    },
    {
      "Key": "94c3b983-0c22-487e-bc1a-d0b29e1ca0c8",
      "Value": "\"... 이해합니다. 하지만 당신에게 물어봐야겠습니다 — 나이리사와의 전투가 코 앞인데, 당장 저를 떠나보내시려고요? 저는 이번 싸움에서 당신을 돕도싶습니다.\""
    },
    {
      "Key": "23eec95b-3d44-4995-b261-d01e218740ac",
      "Value": "{n}트리스티안은 머리를 숙입니다.{/n} \"그러면 안녕히, {name}. 그럼에도 불구하고, 당신이 성공하길 기도하겠습니다. \""
    },
    {
      "Key": "66cfd41a-b445-4aff-bf75-05455691e8a8",
      "Value": "\"그러면 가시죠, 폭풍 속으로!\""
    },
    {
      "Key": "da607940-a095-47c6-b40d-10e9ac8ad11b",
      "Value": "{n}트리스티안은 눈살을 찌푸리지만 확고하게 눈을 바라보고 대답합니다.{/n} \"제이탈과 저는 나이리사의 거짓말에 빠져 들었습니다. 그녀는 환상으로 저희를 속였고 서로 싸우게 만들었습니다. 그리고 저는 더 강해졌습니다. 죽음은 제게 가까운 적이 없었지만, 저는...저는 돌아와야만 한다는 것을 알았습니다. 무슨 일이 있어도.\""
    }
  ]
}