{
  "$id": "1",
  "strings": [
    {
      "Key": "93037817-f30f-4b3e-968f-d6c80fac89f4",
      "Value": "\"넌 누구지?\""
    },
    {
      "Key": "a58d5d37-7fad-49ba-ad2b-a4f193cdb833",
      "Value": "\"여긴 뭐하는 곳이지?\""
    },
    {
      "Key": "c269145a-20e4-4f65-a8cd-6ef53461dbca",
      "Value": "\"여기 무슨 일이 있었지?\""
    },
    {
      "Key": "1facf564-44fc-4d2a-8dff-cad51ed3bd0e",
      "Value": "\"사이클롭스 군주의 진짜 무덤은 어디 있지?\""
    },
    {
      "Key": "1e469c34-90f8-4136-84ae-154476135ce3",
      "Value": "\"다른 질문은 없어.\""
    },
    {
      "Key": "1b2289f4-9395-49cb-924c-b8905562d93f",
      "Value": "\"그녀가 우리에게 거짓말을 하진 않았을 거라고 보지만, 그녀가 전부를 말해 주진 않았을지도 몰라요.\""
    },
    {
      "Key": "536cca11-d34d-4311-bdef-e32bc14688df",
      "Value": "\"그녀는 저주받았다고 했어요. 만약 우리가 그녀의 저주에 걸리면 어쩌죠?\""
    },
    {
      "Key": "dd4b00ef-9026-42cc-ba96-c1bf5855b9d2",
      "Value": "\"아뇨. 이 저주받은 지하감옥에서는 아무도 믿지 않겠어요!\""
    },
    {
      "Key": "27d3e01b-7a6c-4ff8-9286-acde3b7f4dbc",
      "Value": "\"물론, 왜 안 되겠어요!\""
    },
    {
      "Key": "0b5365e4-9d02-43d9-a50a-049c6c850c5a",
      "Value": "\"전 이 뿔난 사냥꾼이 더 걱정이예요. 신성한 힘이라도 가진 것 같고, 유머감각이 끔찍해요!\""
    },
    {
      "Key": "c0eb3882-f141-45ba-8f5c-13eefd36ebec",
      "Value": "{n}불룩한 겉옷을 입은 단신의 까만 피부를 가진 여인의 유령 같은 모습이 눈앞에 나타납니다.{/n} \"사람?! 네티스의 이름으로, 너희는 정말 살아 있는 사람들이냐? 아니면 이것도 또 다른 사악한 농담인가? 잠자코 있지 말고, 지금 – 대답해! 명령한다! 아니 간청하마!\""
    },
    {
      "Key": "c583a235-c791-4ff9-b9ff-a3eaad82e80f",
      "Value": "\"우리는 사람이오, 유령. 그런데 당신은 누구지? 그리고 무슨 권리로 우리에게 명령을?\""
    },
    {
      "Key": "a3229ebd-5278-469b-9de4-cbbe6eac28ca",
      "Value": "\"나는 이 성의 여주인 마르시다 비타리... 여주인... 하하하!\" {n}여자는 걷잡을 수 없이 웃습니다. 억울하고도 히스테릭한 웃음입니다.{/n} \"나는 귀신이 아니다. 이건 그냥 투영일 뿐이야 사실, 난 잘 살아있어... 슬프도다! 아직도 살아있다고! 갇히고, 저주받고, 미친 듯이 날뛰지만 여전히 살아있다! 오, 만약 내게도 죽음이 허락된다면 감사한 마음으로 받아들이겠다!\""
    },
    {
      "Key": "d45fa40c-9d43-4816-b5c3-3bbfe464ee93",
      "Value": "\"나는 당신이 또 다른 환상이 아니라 여기 갇혀서 우리의 도움을 필요로 하는 살아있는 사람이라고 보이는데. 우리의 도움에 뭘 보상할 수 있지?\""
    },
    {
      "Key": "37a502f0-afc1-484d-9348-a335e49587c6",
      "Value": "\"맹세하는데 사기가 아니야! 내가 뭘 줄 수 있을지 모르겠어. 내 성은 약탈에 무방비하게 열려있지... 오, 하지만 난 내 실험실에 갇혀있어! 내겐 희귀한 책, 두루마리, 마법의 물건들이 있어... 대부분 희귀하고 귀중한 것들이다. 수십 년 동안 모아왔어! 날 풀어줘, 그러면 이 모든 것이 네 것이 될 거야.\""
    },
    {
      "Key": "f2f875b8-0cad-4262-a047-cdf7b19fb56e",
      "Value": "\"흠... 나는 흥미가 가는군. 하지만 먼저 몇 가지 질문에 답해야 해. 먼저 – 여기는 어디요? 그리고 여기서 무슨 일이 일어나고 있는 게요?!\""
    },
    {
      "Key": "209cb7ea-cd73-4234-abe4-5b29df1f7079",
      "Value": "\"몰라, 그냥 나를 여기서 꺼내줘!!\" {n}소서리스의 목소리가 비명에 휩싸입니다.{/n}"
    },
    {
      "Key": "9b6c4d99-d1a2-4bfb-bf52-e0db1c7e46fb",
      "Value": "\"흐음. 뭐라고 하지, 마르시다. 우리가 당신을 도울 수 있을 수도 있고 없을 수도 있소. 정확히 우리에게 원하는 게 뭐요?\""
    },
    {
      "Key": "9e34be0c-d198-4ede-a40a-2dd68075fa41",
      "Value": "\"성 안 어디엔가 내 보석이 있는데, 그게 내 지하감옥으로 통하는 포탈로 통하는 마법의 열쇠야. 포탈은 도서관 옆에 있는 밀실에서 찾을 수 있을 거야. 제발, 날 여기에 버려두지 마! 날 풀어주든지 죽이든지 뭐든간에 영원히 여기 갇혀 있는 것보단 나아...\" {n}소서리스의 흐느끼는 목소리가 점점 멀어지고, 투영도 가늘어져 허공으로 사라집니다.{/n}"
    },
    {
      "Key": "1542f7c0-e166-49bc-bef1-cdd194167ca6",
      "Value": "\"모르겠어. 켄타우로스들은 그것이 여기 있다고 믿지만, 너희가 배운 대로 그건 그냥 악질적인 농담일 뿐이야. 이 요새가 막 지어지던 시절, 우리는 종종 켄타우로스와 싸워야 했고, 그때까지도 그들이 이 땅 어딘가에 묻힌 사이클롭스 군주와 고대 악에 대해 말했던 것을 기억해. 어쩌면 무덤이 정말 근처에 있는 건가? 아니면 미신적인 반인반수들의 옛 전설에 불과할지도 모르지.\""
    },
    {
      "Key": "07755ed9-7740-46a5-952a-8a9a6a8aca33",
      "Value": "\"이곳은 한 때 탈도르의 요새였다, 대제국의 전초기지였지. 그 다음에는 나의 은신처가 됐고. 마법사의 조용한 보금자리이자, 하급생물의 침입으로부터 멀리 떨어져 있었지. 지금은 페이와 다른 괴물들에게 지배받고 있어. 그들은 이곳을 로스틀란 성채라고 부른다던데.\""
    },
    {
      "Key": "67338808-8542-4f8f-89d6-feee033b6621",
      "Value": "\"나는 한때 포탈의 달인 마르시다로 알려졌지. 탈도르 어디에도 나보다 더 뛰어난 소환술사가 없었어! 학생들을 가르칠 때 여전히 내 책을 쓴다고 믿고 싶지만... 몇 년, 몇 세기, 몇 백만 년이 지났는지 누가 알겠어? 난 오래 전에 시간감각을 잃었어!\""
    },
    {
      "Key": "885f3471-125a-464f-af61-fe1e2d5cef6b",
      "Value": "\"내 자만이 곧 나의 파멸이었지. 내가 통제할 수 없는 군대를 소환했고, 내 무력함을 너무 늦게 깨달았어! 나는 소환 학파의 달인이었어. 평범한 사람들은 꿈도 꾸지 못할 차원들도 내게는 열려 있었지! 타차원의 존재를 불러내서 비밀을 캐내고, 거래를 해서 내 하인으로 만들었지... 어떤 다른 세상의 괴물도 통제할 수 있을 것만 같았어!\""
    },
    {
      "Key": "76686bbd-91b3-4cc4-a9e9-8d6226bd4acb",
      "Value": "\"나는 위대한 탈도르의 영광스러운 조사단을 이끌고 이곳에 왔다. 이 요새는 미래의 정복을 위한 전초기지로 지어졌지만, 그런 계획들이 결코 승인되진 않았지. 동료들은 집으로 돌아갔지만, 나는... 내가 왜 떠나야 했겠어? 나는 탑, 성 주변에 남아서 이곳을 동물원으로 개조했어. 다른 차원들을 여행하는 동안 포획했던 모든 놀라운 생명체들을 위한 충분한 공간이 여기 있었지!\""
    },
    {
      "Key": "72143949-cd93-42b5-85eb-1a9ea377d0b0",
      "Value": "\"넌 여기에 사이클롭스의 무덤을 찾으러 왔지? 아아, 넌 속은 거야. 괴물들은 오랫동안 여기서 환상을 만들어왔지. 순진한 켄타우로스들을 가지고 놀았어... 왜냐고, 나한테 묻는 거야? 왜냐고?!\" {n}소서리스가 고개를 가로젓습니다, 그녀의 눈에 눈물이 고입니다.{/n}"
    },
    {
      "Key": "8710af62-a19f-43a9-81fe-f50c0d103e0b",
      "Value": "\"하지만 지금은... 이제 난 태초세계에서 온 괴물의 손에 놀아나는 장난감일 뿐이야. – 속고, 저주받고, 영원한 불행 속에 쳐박혔다고!\""
    },
    {
      "Key": "04a1e5ed-0827-4cb0-84d4-f9d9109c62d6",
      "Value": "\"그런데 어느 날, 정체를 전혀 몰랐던 존재가 내 부름에 대답했어. 태초 세계에서 그 강력한 존재는 스스로를 뿔난 사냥꾼이라고 불렀지. 글쎄, 그는 자기 이름에 걸맞게 살았어, 나를 동물처럼 우리에 가둬버렸다고! 그는 나에게 거래를 제안했어. 그는 내가 모든 것의 여주인이 될 수 있는 세상을 주겠다고 약속했어! 그리고 나는 멍청하게도 수락했지!\""
    },
    {
      "Key": "d2cb5468-fdbd-43ba-b85d-d4ab72eb1520",
      "Value": "\"아 그래, 그는 나만의 세계를 줬어... 내 실험실 크기만한 작은 차원을! 그는 밤낮으로 나를 괴롭히는 괴물들을 보내줬지. 그리고 그것도 모자라서 영생의 저주까지 걸었어! 백년, 또 백년이 지나도록, 난 작은 방에서 페이가 내 성의 주인이 되어 노는 걸 보면서 살아가는 거야! 상상이 가?! 응?!\""
    },
    {
      "Key": "73e161a5-e350-4f8d-bd46-53f8dfcea7ed",
      "Value": "\"그건 농담이야! 농담이라고, 알아들어?! 그 모든 공포, 고통 – 그게 다 그것들이 필멸자들을 비웃기 위한 것들이었다고. 하하하하!!!\" {n}마르시다의 히스테릭한 웃음소리가 흐느낌으로 변합니다.{/n}"
    },
    {
      "Key": "edbfd83a-92ce-41c6-9b49-47e66475742d",
      "Value": "\"어떡하겠나? 위험을 무릅쓰고 그녀를 도와줘야 할까, 아니면 우리가 또 놀아나고 있다고 보나?\""
    },
    {
      "Key": "c3f1373e-6a26-42c6-99a2-b0a32f5e4c0a",
      "Value": "\"좋은 생각일세! 저주는 함부로 건들지 않는 것이 상책이지.\""
    },
    {
      "Key": "28d4c57a-ee86-46e5-be24-e2f822af7c8d",
      "Value": "\"아마 신성은 아닐 테고... 그러나 유머 감각에 대해서는 사실일세. 마르시다 본인은 우리에게 정직하게 말하고 있다고 쳐도, 그녀는 그의 덫에 스스로도 모르는 채 미끼로서 놓여 있는지도 모르지!\""
    },
    {
      "Key": "52207252-6866-40cf-adac-e358aa0d6b93",
      "Value": "\"그래, 바로 그거야! 나도 같은 것을 느꼈다네.\""
    },
    {
      "Key": "caea307a-8947-4d21-8b9d-73ee19eabe9d",
      "Value": "\"그녀를 도와줘 보는 것도 나쁘진 않을 것 같은데... 하지만 방심하진 말게. 안 그러면 우리도 그녀와 똑같은 운명이 될 테니까. 더 나빠지던가!\""
    },
    {
      "Key": "9282ac1e-282b-4c6a-801f-9ebafc7a3df4",
      "Value": "\"가장 설득력 있군. 뭐 그러면, 우리는 마르시다 비타리를 그녀의 도서관하고 수집품들과 함께 버려두고 가겠군. 혹시 우리가 마음을 바꾼다면, 우리는 극도로 조심하는 것이 좋겠지. 이 곳 사방팔방에 숨어있는 속임수들에 주의를 기울여야 해!\""
    }
  ]
}