{
  "$id": "1",
  "strings": [
    {
      "Key": "1d079a40-c9ba-4e98-a383-e60d0a874f62",
      "Value": "\"누군가 뺨을 때리려 하면 일단은 막아야지. 다음엔 귀가 떨어져 나가도록 흠씬 두들겨 패주고! 자비, 용서 같은 소리 하고 있네...\""
    },
    {
      "Key": "311541d2-6d34-4185-a298-55869cdc5d87",
      "Value": "\"아미리, 당신은 자비와 어리석음을 혼동하고 있습니다. 어떤 이는 자비로우면서 동시에 스스로를 지킬 수 있습니다.\""
    }
  ]
}