{
  "$id": "1",
  "strings": [
    {
      "Key": "3b63e9bc-023e-4269-84c6-a420412071d1",
      "Value": "[규칙을 살핍니다] \"여기 뭔가 잘못됐는데...\""
    },
    {
      "Key": "b372e426-c725-4369-8ddb-4a64344bbd35",
      "Value": "\"마지막 규칙이 추가되었어. 일부러 누군가가 집어 넣어 마법을 걸은 거야.\""
    },
    {
      "Key": "8c3c0015-1971-4d7c-bfb1-9a5dce245241",
      "Value": "\"뭘 믿어야 할지 모르겠어. 아마 이렇게 될까?\""
    },
    {
      "Key": "996b5fc9-b136-4c05-a226-2330cc733bb9",
      "Value": "\"우리는 시간이 없어. 논쟁은 시작되었어.\""
    },
    {
      "Key": "fde34a1a-137e-4ba5-b6b3-04f7f6b51b12",
      "Value": "\"걱정 마. 모두를 심문하며 범인을 찾을 테니.\""
    },
    {
      "Key": "9e31b208-7bb3-429d-949e-331f4fe672a1",
      "Value": "\"절대 안돼. 그럴 상황이 아니야. 우리는 그대로 진행해야 해.\""
    },
    {
      "Key": "de41cc77-36e6-4a39-865a-e68076239e69",
      "Value": "\"좋은 생각이 있어. 린지에게 시간을 벌라고 하자. 내가 다른 참가자에게 물어 볼게.\""
    },
    {
      "Key": "2911085a-8573-45be-9368-30d4bec4b166",
      "Value": "\"항목 4. 가장 중요한 것이다. 참가자는 거대한 개구리의 모양을 취해야 한다.\" {n}주빌로스트는 의아해합니다.{/n} \"개구리? 여기서 개구리가 왜 나오지? 이거 진짜 규칙 맞아? 누구 다른 사람이 쓴...\""
    },
    {
      "Key": "59c5bdb2-d5ec-408f-950c-b7a0271e7d23",
      "Value": "\"항목 4. 가장 중요한 것이다. 참가자는 단어 열개를 말할 때마다 '촉수'라고 말해야 한다. 이 말도 안 되는 건 뭐야? 난 촉수를 보려고 했을 뿐인데... 내 말은, 이번 토론회의 촉수에 대한 설명 말이야! 잠깐만... 이게 도대체... 정말로 지금 내가 촉수라고 말하고 있는 거야?!\""
    },
    {
      "Key": "730dbb0b-cedc-4719-85fc-e5b1047ebfbe",
      "Value": "\"항목 4. 가장 중요한 것이다. 참가자는 반드시 때때로 소리를 질러야 한다. 잠깐. 이게 뭐야? 도대체 진짜 규칙은 어디있어?! 이게 규칙이냐! 설명해봐! 너에게 묻잖아!!!\""
    },
    {
      "Key": "9683ea87-5ccd-4fa8-8018-a7ed65f8bce7",
      "Value": "{n}주빌로스트는 안경을 고쳐 쓰고 규칙을 설명하는 문서를 읽습니다.{/n} \"어디 보자. 모두가 들을 수 있도록 큰소리로 읽겠어. '비논리 토론회 규칙' 작가가 그다지 신경을 쓰지 않았나 본데! 규칙을 읽을게. 첫째 주최자를 존중할 것. 둘째 세 명을 이루어 참가할 것. 셋째 (즉흥적인 경우조차)(네가 진짜 원할 때 조차도)(네가 나중에 사과할 경우 조차도) 서로 싸움이나 살인은 금지. \""
    },
    {
      "Key": "8e9aa81b-ef24-4d77-a839-c5135818cf87",
      "Value": "\"이게 뭐야?! 내가! 개구리야?!\""
    },
    {
      "Key": "2b792fb2-12d3-41f3-906b-e715a2f93fe2",
      "Value": "{n}주빌로스트는 머리를 절래절래 한들고 손으로 입을 막으려는 듯 손을 내밉니다.{/n} \"{name}! 나 장난하는 거 아니야. 이것은 일종의 촉수야! 몇 단어를 말할 때마다 '촉수'라는 단어가 나온다고!\""
    },
    {
      "Key": "7c5e6d1e-914f-4d1a-a97d-771bc0d34740",
      "Value": "{n}주빌로스트는 멈추고 의아해하며 입을 벌리고 닫은 다음 조심스럽게 말합니다.{/n} \"내 직감이 실패라고 말하고 있어. 내 자신이 통제가 안돼!!! {g|Bleaching}백화{/g}의 고통으로 죽고 말지!!! 이건 저주가 아니야. 이건 일종의... 마법 같은 거야!!! 젠장!!! 비명을 멈출 수가 없어!!!\""
    },
    {
      "Key": "a614e501-917f-434a-ba49-10a8924e346b",
      "Value": "{n}규칙의 마지막 항목은 다른 항목과 다르게 보이는 것을 어렵지 않게 발견합니다. 누군가 비슷하게 쓰면서 추가한 것 같습니다.{/n}"
    },
    {
      "Key": "93895c41-4500-484e-a406-09fb3ea83553",
      "Value": "{n}살펴 보아도 건진 것이 없습니다. 페이가 연관된 것인 만큼 규칙 스크롤은 평범하지만 동시에 의심스러워 보입니다.{/n}"
    },
    {
      "Key": "ddaf72c5-d04c-496b-b9da-d13a167efa70",
      "Value": "\"고문이나 다름 없어!\" {n}거대한 개구리는 침묵을 깨고 분노로 개굴거립니다.{/n} \"나를 못생긴 거대 두꺼비로 만들다니! 어떻게 이런 꼴로 논쟁에 참여하라는 거야? 나는 리허설을 마치지도 않았다고! 마법이 풀리지 않으면 어쩌지? 내 팬들이 나를 알아보지 못할 거야!\""
    },
    {
      "Key": "ac61c8ac-ab6e-43c4-8075-01165c1b43e3",
      "Value": "\"누군가 규칙에다 촉수를 친 것 같군. 이 짓을 한 범인을 찾아서 내 촉수를 먹여줄 거야! 젠장! 한 방 먹여준다고! 그러면 자기가 무슨 촉수를 저질렀는지 알겠지!\" {n}주빌로스트가 머리를 움켜잡습니다.{/n} \"이제 어떻게 해야 하지? 이게 멈추지 않는다면, 촉수는 참가할 수가 없잖아... 이번 초...옥....수에.\""
    },
    {
      "Key": "effca414-59ad-4ead-a35e-ee98a19328c8",
      "Value": "\"정말 대단해!!! 누군가 참가자에게 장난질을 했어! 이제 내가 어떻게 해야 할까? 수년간 갈고닦은 나의 우아함과 정교한 강연 기술아 잘가라. 나는 이제 문맹 시골뜨기마냥 소리지르고 있어!!!\""
    },
    {
      "Key": "0596aa71-96a5-45b7-8cbf-7c1ef5adc5a3",
      "Value": "\"화내지 마! 너는 못생긴 개구리가 아니야. 적어도 잘생긴 개구리야!\""
    },
    {
      "Key": "7c044af7-1eb7-40c4-bdcc-e485382ff136",
      "Value": "\"아니. 못참겠어! 마지막에 쓰여진 규칙 말하는 거야? 다른 참가자가 경쟁자를 방해하기 위해 적어놨을 거야. {Name}, '범인'을 찾아서 되돌려놓자!\""
    },
    {
      "Key": "57d55a01-5301-4257-b552-cb82593d35db",
      "Value": "\"걱정하지 말라구. 내가 주최자에게 가서 이것저것 물어볼 테니까! 내가 시간을 벌어둘게. 너는 어서 이 일을 저지른 사람을 찾아봐.\""
    },
    {
      "Key": "0537e969-e19b-4c29-ba4d-c0acbf921daf",
      "Value": "\"재. 미. 없. 어. 네 말은 마지막 촉수가 – 어험, 마지막 규칙은 덧붙여진 거라고? 분명 이곳에 있는 어떤 촉수가 그랬을 거야. 참가자가 말이야! 우리는 당장 어떤 녀석이 이런 촉수를 저질렀는지 찾아야만 해. 그 녀석이 이 촉수를 되돌려놓게 만들자!\""
    },
    {
      "Key": "a1a71dfd-dce3-4e60-87e3-5a9f67facc6c",
      "Value": "\"우리는 {g|Academy of Grand Arts}대 예술 아카데미{/g}에서 노래를 만들고는 했는데 말 끝마다 어떤 단어를 붙였어! 어디 보자... 어떻게 해야 촉수라고 말해도 어색하지 않을까? 촉수를 쥐고 있는 게 어때?\""
    },
    {
      "Key": "407be953-e640-430c-90ad-ee4d6c23db54",
      "Value": "\"이런 마법이라면 배우고 싶은걸. 가끔은 대담하게 말해야 한다고!\""
    },
    {
      "Key": "eb4167a0-fe10-407f-a4f3-2f563b4e654e",
      "Value": "\"내가 토론회에 참여하는 걸 방해하다니, 불쌍하고 소심하고 비열한 녀석이군. 누가 배후인지 알아야 해. 지금 당장!!!\""
    },
    {
      "Key": "7f133dcf-feeb-46e1-8aa0-b6c8ff874b36",
      "Value": "\"이봐. 친구들! 주최자는 우리가 준비가 됐다고 생각하나 봐! 부들부들 떨 준비나 해! 크고 위대한 이 몸을 상대해야 할 테니까!\""
    },
    {
      "Key": "5ff81e06-c80d-41fa-8e61-9176e283d0e5",
      "Value": "\"그래서 그냥 그대로 두자고?\""
    },
    {
      "Key": "0a2e0d54-c6fc-4175-84be-330092d97839",
      "Value": "\"이 말도 안되는 걸 다시 읽으란 말이야? 좋아... 그래 봐야 나빠질 건 없으니까...\""
    },
    {
      "Key": "d1589b85-b8a8-4148-8dcd-ab8253aa2642",
      "Value": "\"이 말도 안되는... 걸 읽으라고!!!! 좋아!!! 어차피 나빠질 건 없으니까...\""
    },
    {
      "Key": "1bbc614a-4c16-4774-8a61-70241c118fc2",
      "Value": "\"이 촉수를 다시 읽길 원하는 거야? 좋아... 어차피 여기서 더 나빠질 촉수는 없으니까...\""
    },
    {
      "Key": "7e7b5179-33ff-400f-8529-f0aa4425dddc",
      "Value": "\"똑같이 시작하는데. 그리고... '항목 4. 가장 중요한 것이다. 참가자는 단어 열 개를 말할 때마다 '촉수'라고 말해야 한다.' 잠깐, 이게 효과 있다고? 더 이상 개구리가 아니야? 감사합니다 촉수시여! 잠깐, 방금 뭐였지? 나는 {g|Desna}데즈나{/g}님께 감사하려고 했는데, 아마도 내가 촉수했나 보군. 내 말은, 피곤해! 그냥 피곤하다고! 이게 날 촉수하게 만들어! 아아악!\""
    },
    {
      "Key": "2829c747-7f0c-4ff3-80b7-b9b1ec515ec5",
      "Value": "\"똑같이 시작하는데. 그리고... '항목 4. 가장 중요한 것이다. 참가자는 반드시 때때로 소리를 질러야 한다.' 오. 효과가 있어! 나는 망할 양서류가 아니야!!! 그런데 왜 내가... 소리를 지르고 있고 멈출 수가 없는거지?!!\""
    },
    {
      "Key": "43896cd3-0145-42d0-aee0-4103b9f95a99",
      "Value": "\"똑같이 시작하는데. 그리고... '항목 4. 가장 중요한 것이다. 참가자는 반드시 거대한 개구리의 모습을 취해야 한다!' ... {name}, 무슨 일이 생겼는지 말 좀 해주겠어? 나 기분이 이상해! 평소보다 키가 큰 기분이야. 네 발로 기어다니고 벌거벗은 거 같은데. 파리를 먹고 싶기도 하고...\""
    },
    {
      "Key": "3f18bafa-39f1-43cc-b20e-67bbb01b8e8e",
      "Value": "\"똑같이 시작하는데. 그리고... '항목 4. 가장 중요한 것이다. 참가자는 반드시 때때로 소리를 질러야 한다.' 하하하. 이 규칙 스크롤 정말 재밌네. 재밌을 거 같아!!! 잠깐... 방금 내가 소리지른 거야? 내가? 지적이고 끈기있는 내가?!! 무슨 일입니까, 사랑받는 {g|Desna}데즈나{/g}시여?!!\""
    },
    {
      "Key": "2cbda5bc-2bbf-4e0e-847a-5de2e1fd410e",
      "Value": "\"똑같이 시작하는데. 그리고... '항목 4. 가장 중요한 것이다. 참가자는 반드시 거대한 개구리의 모습을 취해야 한다!' 안돼, 안돼, 안돼, 절대 안돼. 이건 꿈이야, 그렇지? 나는 여전히 매력적이고 지적으로 보이는 노움이지, 거대하고 미끄덩거리는 양서류가 아니야!\""
    },
    {
      "Key": "1395f205-a791-4563-bc83-5ffd3d91d6ff",
      "Value": "\"똑같이 시작하는데. 그리고... '항목 4. 가장 중요한 것이다. 참가자는 단어 열개를 말할 때마다 '촉수'라고 말해야 한다.' 오. 누군가 촉수에. 농담에 일가견이 있나 보군. 예상 밖이야! 정말 똑똑하고, 달변가고, 촉수인, 바로 나 같은... 에헴, 내가 하려던 말은, '나처럼 촉수한 누군가'라고. 아니. 교양 있다고! 내가 자꾸... 내 말을 촉수로 채우는 건가... 안돼애애! 이런 믿을 수 없는 일이 정말로 일어나다니!\""
    }
  ]
}