{
  "$id": "1",
  "strings": [
    {
      "Key": "360d5601-f647-4cb6-810a-042a5261efce",
      "Value": "\"아카데미에서 쫓겨난 뒤에도 이야기에 관심을 쏟고 있다니 이상한 일이군.\""
    },
    {
      "Key": "9f3e5acd-d3e3-4eb2-8edd-f3558b11f571",
      "Value": "\"하나도 이상하지 않아! 난 내 스스로에 대해서도 그리고 아카데미의 퉁퉁불은 두꺼비들 빼고 다른 사람들에 대해서도 글을 쓰지! 사람들은 내 이야기를 좋아하고 난 더 이상 바랄것이 없어!\""
    }
  ]
}