{
  "$id": "1",
  "strings": [
    {
      "Key": "d854211f-a4e7-4e0a-93bd-ad98d114bacf",
      "Value": "{g|Relations3_1}[선택 시 효과]{/g} \"나는 라즈미란과의 교역 협정을 지지한다.\""
    },
    {
      "Key": "04119997-544f-4d43-9c5b-cec7ab458d15",
      "Value": "\"제안을 거부해라.\""
    },
    {
      "Key": "58f96744-baea-463b-bfcf-a846b3ad191e",
      "Value": "\"이 문제를 너에게 위임하겠다.\""
    },
    {
      "Key": "19406ef1-2442-4463-aca9-26ab76c22933",
      "Value": "\"라즈미르에 대해 말해봐라.\""
    },
    {
      "Key": "654681c4-4a6d-41e8-a86f-7cae6ecb7319",
      "Value": "{n}린지가 손에 쥔 편지를 보며 생각에 잠겼다.{/n} \"저는 오늘 이걸 받았어요. {g|Razmiran}라즈미란{/g}의... 무역 제안서입니다.\""
    },
    {
      "Key": "9ef30d12-cc7e-4afe-8e99-4e7b2e986e6c",
      "Value": "\"{mf|남작령|남작령|왕국|왕국}이 {g|River Kingdoms}강의 왕국들{/g}의 외진 구석에 있으면서도 다른 나라의 호기심을 불러 일으킬 정도로 커졌어요. 그치만... \" {n}린지가 한숨을 쉬었다.{/n} \"나는 {g|Razmiran}라즈미란{/g}이 최고의 동맹국이 될거라고 생각하지 않아요. 라즈미르는 신을 자청하는 자가 나라를 통치하기 때문에 폭정이 온나라를 덮고 있고, 이웃 국가를 조금도 생각하지 않아요. 라즈미르는 차지할 수 있는 땅은 모조리 차지하죠!\""
    },
    {
      "Key": "64eec7d5-c44c-4677-871e-81930108e6d5",
      "Value": "\"저라면 정중하게 무역 협상을 거절하겠어요. 속임수일지도 모르잖아요? 괜찮은 조항도 있지만...\" {n}린지는 편지를 다시 봅니다.{/n}"
    },
    {
      "Key": "2cf1c63a-0f8f-4a0f-917d-414603127775",
      "Value": "{n}발레리는 공식 인장이 있는 공개 서한을 보여줍니다.{/n} \"우리는 {g|Razmiran}라즈미란{/g}의 교역 협정의 제안을 받았습니다. 당신의 땅의 서쪽에 있습니다.\""
    },
    {
      "Key": "7f5a789b-e4ca-4e58-88d6-b7afa712e338",
      "Value": "\"이 제안서는 꽤 공정해보입니다. 서한은 라즈미르의 법률가들이 작성했으며, 아주 투명성 있게 보입니다. 당신이 이게 고려할만하다고 생각하면, 물론 우리 법률가들에게도 보여 줄 것입니다.\""
    },
    {
      "Key": "b13cf9df-e394-4eb1-99d4-38b945d9433a",
      "Value": "{n}발레리가 멈칫합니다.{/n} \"물론 아시다시피 {g|Razmiran}라즈미란{/g}은 특이한 왕국입니다. 신을 자칭하는 통치자와 그 정복욕에 대해서 많은 사람들이 수상하게 여기고 있습니다... 그러나 저는 이에 대해서는 의견을 내지 않겠습니다. 결정을 내려주십시오.\""
    },
    {
      "Key": "1206c533-fbbc-4669-bebc-0741625e86e9",
      "Value": "{n}바솔로뮤는 공개 서한을 들고 왔다.{/n} \"보십시오, {mf|영주님|영주님|전하|전하}! 이웃 나라들이 당신과 교역 협정을 맺고자 합니다. 저는 멀리서 이 서한을 받았습니다. {g|Razmiran}라즈미란{/g}, 라즈미르가 통치하는 나라. 들어보셨습니까?\""
    },
    {
      "Key": "3ef5ef77-c9ac-4145-b4f0-e9a95bbbb4b2",
      "Value": "\"그는 아주 특이한 사람입니다. 들어보십시오! 그가 살아있는 신이라는 것을 믿도록 국가 전체를 관리하다니! 존경할 만한 일입니다!\" {n}바솔로뮤는 웃는다.{/n} \"글쎄, 당신이 그걸 어떻게 생각하든 간에, 그의 나라는 젊은 왕국들 중에서 가장 유망한 나라입니다. 친교를 맺는다면 아주 요긴할 겁니다!\""
    },
    {
      "Key": "a81bfb85-4927-4fdd-ada6-d200d52b23fd",
      "Value": "\"저는 우리가 이 합의를 받아들여야 한다고 생각합니다. 물론 결정은 당신이 하시지만.\""
    },
    {
      "Key": "7c6976f8-e420-4e48-a0db-e749a6762b1f",
      "Value": "{n}린지가 한숨을 쉬었다.{/n} \"분부대로, 이게 우리에게 안 좋은 일이 될까봐 두려워요.\""
    },
    {
      "Key": "c670f728-8cfb-4704-a21a-ceaf85b365bf",
      "Value": "{n}발레리는 고개를 끄덕인다.{/n} \"알겠습니다.\""
    },
    {
      "Key": "3d251608-a62f-4cd2-8654-4c2da4ede2b9",
      "Value": "{n}바솔로뮤는 편지를 톡하고 쳤다.{/n} \"훌륭한 결정이십니다, {mf|영주님|영주님|전하|전하}! 저는 즉시 답장을 작성하겠습니다!\""
    },
    {
      "Key": "a9914dc8-69bf-4bf3-992c-51a63a40bc32",
      "Value": "{n}린지는 호흡을 가다듬습니다.{/n} \"아... 솔직히 다행이에요. 라즈미르 같은 악당과 거래하면 기분이 좋을 리가 없으니까요.\""
    },
    {
      "Key": "2076218d-fe84-45f2-bbb1-68ecb862c4db",
      "Value": "{n}바솔로뮤는 짜증으로 눈을 감습니다.{/n} \"분부대로...\""
    },
    {
      "Key": "7aded821-0795-48a3-84b8-4ed37c6335cf",
      "Value": "\"정말요? 그럼 협약을 거절할게요. 모두 제 직감에 귀를 기울였다고 해두죠. 실망하지 않으실 거예요!\""
    },
    {
      "Key": "832d5221-e78e-4b35-9e56-e28593bac362",
      "Value": "\"그 경우, {mf|영주님|영주님|전하|전하}, 저는 받아들이고 싶습니다. 지체없이 답장을 작성하겠습니다.\""
    },
    {
      "Key": "07c08244-8907-4580-87b9-605f542c5835",
      "Value": "\"그는 괴짜같은 사람이에요. 그는 왕국 하나를 차지하고, 주민들에게 자신이 살아있는 신이라고 설득했죠! 모든 중요한 자리에는 자기 부하를 심어두고, 자기가 원하는대로 통치하면서, 주민들을 억압하고 있어요!\""
    },
    {
      "Key": "1c29c244-6561-4467-a5c2-19d2bcee8ea0",
      "Value": "{n}린지가 한숨을 쉽니다.{/n} \"생각해볼수록 그와 거래를 하는게 좋은 생각이 아닌 것 같아요. 그는 계속 이웃 나라를 점령해서 자기 왕국의 영토를 확장해왔어요. 다른 나라에 보이는 그런 태도가 정말 걱정돼요.\""
    },
    {
      "Key": "e9d1c4e8-acdd-425d-8c91-87996736ab65",
      "Value": "\"만약 전하께서 {g|Razmiran}라즈미란{/g} 시민에게 물어보면, 위대한 신을 찬양하는걸 들을 수 있을겁니다, 그들 국가의 보호자 말입니다.\" {n}발레리는 입술을 오므립니다.{/n} \"하지만 라즈미르는 신이 아닙니다. 확실한건, 그는 강력한 마법사입니다. 그에게는 진정한 신성의 한 조각조차 없습니다.\""
    },
    {
      "Key": "32ddb3d4-462f-46a8-90dc-9a752ca50f28",
      "Value": "\"하지만 {g|Razmiran}라즈미란{/g}은 소수의 광신자가 아닙니다. 완전히 독립적인 국가입니다. 라즈미란은 라즈미르의 통치 아래 번영했고 적에 맞설 수 있습니다. 라즈미르는 스스로 법을 제정하였습니다. 그리고 그걸 평가하는게 제 몫은 아닙니다. 법이 없는 것보다는 있는 편이 낫습니다.\""
    },
    {
      "Key": "775b14af-fc64-4ca3-888c-30d02634afed",
      "Value": "\"저는 그가 누구인지 그리고 어디에 왔는지도 모릅니다. 중요한건 그가 하나의 국가 전체를 제압할 수 있다는 사실입니다! 스스로를 새로운 신으로 소개하면서 말입니다 – 참으로 틀에 박히지 않은 방식이죠! 그는 자신의 사제들에게 신성 주문을 내리기까지 합니다! 어떻게 한건진 모르겠지만, 그는 방법을 찾은겁니다!\""
    },
    {
      "Key": "2cad9618-c6b9-447d-9686-f0009c165aa3",
      "Value": "{n}바솔로뮤는 손가락을 들어올립니다.{/n} \"{g|Razmiran}라즈미란{/g}과의 교역 협정에 대해 잘 생각해 보십시오, {mf|영주님|영주님|전하|전하}. 우리가 서명하면 어떤 기회들이 주어질지 누가 알겠습니까!\""
    }
  ]
}