{
  "$id": "1",
  "strings": [
    {
      "Key": "6747ac4c-fbb5-4e7e-8040-c1df0e46cc84",
      "Value": "{g|Culture8_1}[선택 시 효과]{/g} [200 BP 지불] \"진보는 막을 수 없고, 이를 받아들여야 한다. 재무부에 왕실 대학 설립 자금 확보를 명한다.\""
    },
    {
      "Key": "2dae9514-6a33-4ddd-bcd6-9e8daf94a187",
      "Value": "\"왕국은 그럴 여유가 없소. 대학을 열지 않을 거요.\""
    },
    {
      "Key": "52c4bf93-d3c5-4aa0-b12f-ae0974070d85",
      "Value": "{g|Culture8_4}[선택 시 효과]{/g} [매주 2 BP 손실] \"재무관에게 학교 발전에 필요한 모든 것을 지원하도록 명하겠소.\""
    },
    {
      "Key": "79fa872c-69f2-4a41-b18a-2c55c6da5c0b",
      "Value": "{g|Culture8_5}[선택 시 효과]{/g} \"분란을 일으키는 자들이 평화를 어지럽히는 것을 용납할 수 없소. 내 권한으로 학교를 폐쇄할거요.\""
    },
    {
      "Key": "34004a81-5fe2-4e8f-ac23-126f610e4e00",
      "Value": "{g|Culture8_6}[선택 시 효과]{/g} \"학교를 당장 멈추시오. – 그리고 설립자들을 모두 처형하시오.\""
    },
    {
      "Key": "7cc8ea22-8be6-4287-93c0-87621fc757ce",
      "Value": "{g|Culture8_3}[선택 시 효과]{/g} \"당신의 충고에 유의하겠습니다.\""
    },
    {
      "Key": "c83ce6c2-f51a-4c21-a46c-1570079f6eba",
      "Value": "\"스스로 결정하십시오.\""
    },
    {
      "Key": "89b550fa-918a-4270-b5af-2a9e9a28d4e1",
      "Value": "\"알고 계신지 모르겠습니다만, {name}, 왕국 사람들은 굉장히 교육받았습니다. 우리가 설립을 도왔던 학교는 어린이들로 가득찼습니다, 또한 지식을 갈구하고 과학에 헌신하고자 하는 젊은이들이 넘쳐납니다. 그래서 제가 생각했습니다. 대학을 설립하는 것은 어떨까요?\""
    },
    {
      "Key": "df921ff8-1666-40d1-826e-60ca1de5b2e6",
      "Value": "\"안녕하십니까, 전하. 학교 설립을 위한 우리의 노력이 매우 큰 성과를 거뒀음을 알리고 싶습니다. 왕국 백성들의 읽기 쓰기 수준이 계속해서 올라가고 있습니다. 그리고 읽고, 쓰고, 셈할 줄 모르는 어린이들이 매우 적습니다. 따라서 다음 단계를 제안하고 싶습니다. 바로 수도에 대학을 여는 것입니다.\""
    },
    {
      "Key": "21952e74-625b-4059-a845-51eae062d38c",
      "Value": "\"무분별한 변덕으로 천민들을 위해 학교를 열었던 것이 결실을 이뤘군요. 어제 청원을 하나 받았습니다. 수도의 교사들이 대학을 설립해달라더군요.\""
    },
    {
      "Key": "2f79a8fc-2c27-4cbd-9312-66a308ef84a1",
      "Value": "\"상상해보세요. 전 세계 지식인이 우리 {mf|남작령|남작령|왕국|왕국}을 찾을 거예요! 자기 책도 가져오겠죠! 마법 스크롤이나 새로운 포션 제조법도 가져올 거고요... 자기 이름을 내건 교습소를 열고, 그러면... 연금술사 위인이 탄생할지도 모르겠네요! 다른 나라에서 엄청 질투하겠다...\""
    },
    {
      "Key": "fc71604d-4f60-49e2-9c2c-238aab49381c",
      "Value": "\"온 아비스탄에서 몰려온 지식인이라. 분명 교역 호재로 작용하겠지요. 연구가는 책과 마법 스크롤, 연금술 시약, 포션을 입수할 수 있을 테고요. 많은 이들이 우리 왕국을 선망할 겁니다. 왕국도 부강해지겠지요. 좋지 않은 결과를 상상하기가 어렵군요. 하지만 폭군의 유일한 적은 자유 의지라는 점을 기억해두십시오. 지식인 대학을 설립하면 그곳은 자유사상의 온상이 될 테니까요.\""
    },
    {
      "Key": "a7e93f71-6174-401b-a646-875bcc8e129f",
      "Value": "\"이례적인 비용은 차지하더라도, 대학은 우리에게 전혀 득이 되지 않아. 대학에는 자유사상이라는 위험이 도사리고 있지. 소위 지식인이라는 자들은 권력을 우습게 봐. 그런 사상이 왕국에 질병처럼 퍼질 텐데 거기에 무슨 경제적, 외교적 이득이 있을까. 이 청원은 반드시 기각해야 해.\""
    },
    {
      "Key": "5a98b4ae-cd6e-45cf-b4cb-076ae7a19533",
      "Value": "\"말 잘 하셨습니다! 즉시 착수하도록 하지요. 하! 절 쫓아냈던 까탈스러운 학술원 놈들이 지금 이 장면을 봤어야 했는데!\""
    },
    {
      "Key": "1030c774-3ebb-4fc5-bc9a-8790c81dadf8",
      "Value": "\"이는 정신 그 자체를 위한 투자입니다. 생각한 것 보다 더 빨리 성과가 있을 것이며, 우리가 죽고 난 뒤에도 그 결실은 거둘 수 있을 것입니다.\""
    },
    {
      "Key": "54a59c42-336d-441d-86f7-6fa2c1d44b67",
      "Value": "\"옳은 선택을 하시는 겁니다.\""
    },
    {
      "Key": "92aedbcd-78ad-4283-a975-af5c4c185395",
      "Value": "\"아, {name}! 학교를 열 수 있을 때 열어야 했어! 이젠 다른 사람들이 열고 있어. 이로리의 신자들이 수도에서 교육을 위한 학교를 열었어. 지금 열린 토론을 하고 있지. 오늘의 논의 주제는 '{mf|왕|여왕} 과 {mf|그|그} 내각은 성공했는가?' 라더군!\""
    },
    {
      "Key": "651dbfab-5be0-487e-99a3-da7202024e29",
      "Value": "\"우리가 놓친 기회를 다른 사람이 채갔군요. 이로리의 신자들이 수도에 첫 번째 학교를 열었습니다. 계몽을 위한 학교를요. 지금 열린 토론을 하고 있더군요. 참가자들은 이 땅의 군주가 성공적으로 통치했는지 아닌지를 토론하고 있습니다.\""
    },
    {
      "Key": "c904e4be-ca25-4c1b-b10e-88cccebef128",
      "Value": "\"얼마 전 까지만 해도, 백성들이 무지하고 자족하는 것으로 평화를 유지할 수 있었는데. 이제 수도에 계몽을 위한 학교가 세워졌어. 이로리의 신자들에 의해 세워졌고, 지금도 정부의 성공을 논하는 토론이 이루어지고 있지.\""
    },
    {
      "Key": "6c905935-4a81-48ac-a539-9385f80f9b2f",
      "Value": "\"매일마다, 불충한 시민들이 썩어가는 가지처럼 국가를 좀먹고 있습니다. 자비 없이 이들을 제거해야 합니다. 이 토론자들을 해산시켜야 합니다. 그리고 발의자들은... 이 토론을 조직한 토론자들은 목숨을 거둬야 합니다. 옥좌에 도전하는 자는 오래 살지 못할 것임을 일깨워주시지요.\""
    },
    {
      "Key": "d1e31997-81f9-44ff-aeba-8273c6df0b3a",
      "Value": "\"제 소견으로는, 학교를 닫지도, 지원하지도 말아야 한다고 생각합니다. 시민들이 지원금을 일종의 뇌물이라고 생각할지도 모르니까요. 그리 틀린 말도 아니지 않습니까? 대신, 허락 해주신다면 토론에 참여하고 싶습니다. 직접적으로 토의를 한다기 보다는 관전자 및 논평가로서요. 현 상황에 대해 충분히 설명해줄 수 있는 상황이지만 신하들도 자신들의 걱정이나 두려움에 대해 이야기할 수는 있어야 하니까요.\""
    },
    {
      "Key": "bae017ab-9419-4da7-84c6-e0f3025335db",
      "Value": "\"더 나은 주제를 선택할 수도 있었을 텐데... 하지만 그렇다고 이 자유 연설을 체포와 억압으로 대해선 안 됩니다. 사람들이 자기 마음 속에 있던 말들을 꺼내게 내버려둡시다. 이런 토론과 학교 자체는 분명 이득이 될 겁니다. 우리의 평판을 높여줄 테니까요!\""
    },
    {
      "Key": "a6b0acf5-6c47-47a9-b8f6-69eaffb147b0",
      "Value": "\"바로 그렇다! 우린 두려울 것이 없지.\""
    },
    {
      "Key": "6ffe2f4b-04ae-4638-a534-0187a0281314",
      "Value": "{n}이야기꾼이 당신에게 미소짓는다.{/n} \"옛날엔 저도 정치나 통치학에 대한 것이라면 보다 열정적으로 임했었지요. 많은 젊은이들도 제 연설을 높이 평가했고요. 좀 지나치게 높게 평가한 감이 있긴 하지만... 그런 청년기의 열정이 아직 제 안에 남아있는지 한 번 확인해보고 싶습니다.\""
    },
    {
      "Key": "4cffebb6-1e69-47a9-b906-9223f4093e70",
      "Value": "\"알겠습니다… 전하가 그러시겠다면.\""
    },
    {
      "Key": "32543a99-1c4d-4826-ad1b-31d08fbebc09",
      "Value": "\"충분하지 않을 겁니다. 그래도, 아예 없는 것 보단 낫겠죠.\""
    },
    {
      "Key": "1ff9fa9f-1946-41bb-b33c-c40e3c2fd0b5",
      "Value": "\"멋집니다. 그렇게 하지요.\""
    },
    {
      "Key": "c956defb-8899-469f-aa92-29f6ba459594",
      "Value": "\"학교를 지원하겠습니다. 우리 비평가들에게 우리가 얼마나 관대하고 열려있는지 보여주도록 하지요!\""
    }
  ]
}