{
  "$id": "1",
  "strings": [
    {
      "Key": "59e5d20e-dff4-42cf-8123-e75147aded15",
      "Value": "[농담삼아 둘의 이마를 매만진다] \"너희의 죄는 사해졌노라. 이제 잊어버리도록 하거라!\""
    },
    {
      "Key": "dc5df8fa-e629-4430-b151-e55f96ade3ee",
      "Value": "\"지금 우리는 함께이지 않습니까 - 중요한 건 바로 그겁니다.\""
    },
    {
      "Key": "f27f8938-bf22-4526-ba4f-b3c46f158ca1",
      "Value": "\"우리가 원정과 하나 이상의 전투를 앞두고 있다는걸 잊은건 아니겠지요? 잡담은 그만합시다, 떠날 시간입니다!\""
    },
    {
      "Key": "57fa54b4-73b5-417f-ad9b-0fea8af3ca1f",
      "Value": "{n}당신과 옥타비아, 레곤가르는 어젯밤 너무 바빠서 잠을 거의 못잤습니다. 아침이 되자, 옥타비아는 텐트 밖으로 나와, 기지개를 폅니다.{/n} \"아.. 이게 인생이지! {Name}, 레그, 둘 다 내가 얼마나 당신들을 사랑하는지 짐작도 못할꺼에요. 서로 싸우고 의심하고 화나게하는데 시간을 보내다니 우린 얼마나 어리석었나요. 내가 이유없이 했던 이런저런 시험이며 비난으로 당신들 골치를 썩힌걸 생각할 때마다, 시간을 되돌려 내 자신을 쥐어박아주고 싶다니까요.\""
    },
    {
      "Key": "504841e6-8b2d-4605-a281-f8bb02edd6c5",
      "Value": "\"이유가 없진 않았지. 머리를 쥐어박아줘야 할 사람이 있다면, 그건 바로 나야. 네 꼭지를 돌게했던 건 나였어, 기억나? 난 네가 날 필요치 않아서 버리려 한다고 상상했었지... 결국 널 겁먹게 했고 나에게서 멀어지게 만들었잖아!\""
    },
    {
      "Key": "1ad49a4c-8a6c-4642-9f8f-5533535dfd1f",
      "Value": "\"기억하기도 겁나. 우린 그 때 거의 헤어질뻔했지. 상상해봐— 우린 {g|Numeria}누메리아{/g}에서 살아남았고, 자유를 얻었고, 그리고 나선 모든 걸 버릴 뻔 했지., {Name}이 곁에서 우리 정신줄을 잡아줘서 참 다행이야!\""
    },
    {
      "Key": "1250fff5-a344-4aab-97ea-96e0ebc6b417",
      "Value": "\"아니, 아니, 우린 기억해야해 - 그래야 다시는 그런 짓을 안하지.\""
    },
    {
      "Key": "2c4921b3-2532-4d84-bcde-2fd1eedb056b",
      "Value": "\"음... 우린 너무 일찍부터 생존하는 법부터 배우며 자라와서, 평범하게 살아가는 법을 배울 기회가 전혀 없었어요. 남들이 어렸을 때 이미 겪었던 성장통을 우린 이제야 겪어야하고요. 그러니.... 우릴 섯불리 판단하진 말아줬으면 해요!\""
    },
    {
      "Key": "80e2d495-678c-4339-a797-ac5392574fb7",
      "Value": "\"알았습니다, 물론이지요. 내가 지나쳤습니다. 미안해요!\""
    },
    {
      "Key": "3bbce5d0-00a7-4d17-8f1e-f897843314de",
      "Value": "\"얘기 정돈 해도 되잖아. 적들은 여기서 멀리 떨어진 곳에 있고, 가는 길은 천년이 지나도 변하지 않을꺼고. 좀 더 기다려도 될 것 같은데... 좋아, 알았어, 난 준비됐어. 가자고.\""
    },
    {
      "Key": "bccefa48-d936-4989-8cef-bbf44c071e39",
      "Value": "\"맞아. 하지만 나 자신은 내가 제일 잘 아는데... 내가 뭔가 멍청한 짓을 하는 건 시간문제일꺼라는 걱정이 드는군.\""
    },
    {
      "Key": "d8270661-e922-4a8a-bbd0-c109ba105f0e",
      "Value": "{n}옥타비아는 레그의 어깨를 건드립니다.{/n} \"난 언제나 네가 날 묶어두고 소유하려 한다고 느껴왔어... 하지만 네가 진정 원한건 오직 나에게 속하는 거였지. 그저 내가 널 떠나지 않는다는걸 알기 위해서 말이야. 넌 수없이도 얘기해왔지만, 난 듣지 않았어.\""
    },
    {
      "Key": "12c3cdfc-8405-42df-937c-82a969f83e5e",
      "Value": "{n}하프오크는 고개를 끄덕입니다.{/n} \"그리고 난 네 말을 듣지 않았고. 내가 완전 바보처럼 행동하지 않았다면 날 의심할 이유도 없었을꺼야.\" {n}그는 당신에게 고개를 돌립니다.{/n} \"그리고 네가 없었다면 우린 영원히 서로를 이해하지 못했겠지. 여전히 싸우고 있거나 - 아니면... 윽, 생각조차 하기 싫어!\""
    },
    {
      "Key": "9721a3d4-1529-413f-830a-bbe256d398d1",
      "Value": "\"그만!\""
    }
  ]
}