{
  "$id": "1",
  "strings": [
    {
      "Key": "61aa2571-c0f9-4977-a980-7f982ec24887",
      "Value": "\"옥타비아, 왜 넌 항상 머리를 치장하는 거야, 응? 굳이 그럴 필요가 있어? 누구한테 잘 보이려고? 여기 트롤 말고 누가 있는데?\""
    },
    {
      "Key": "72add38f-336b-43ea-a83b-ac42a5685252",
      "Value": "\"사람마다 마음이 약해지는 부분이 다르잖아. 난 예쁘게 보이고 싶어. 노예 수용소에서는 그럴 기회가 없었거든.\""
    }
  ]
}