{
  "$id": "1",
  "strings": [
    {
      "Key": "2c3fa435-eb26-4004-9270-259c47cba12a",
      "Value": "\"여긴 뭐하는 곳이지?\""
    },
    {
      "Key": "f00bd158-e564-4c97-a7d5-587674650eb1",
      "Value": "\"누군가를 찾고 있는 중이야. 나를 도와줄 수 있을까?\""
    },
    {
      "Key": "ef304203-141b-493a-8aa7-adbc5383dbaa",
      "Value": "\"이곳에서는 누구든 들이도록 허락해주나?\""
    },
    {
      "Key": "9d47591a-14b3-418b-b32e-e3a4ddab08de",
      "Value": "\"라마슈투의 사교도가 네 산장에 숨어있어. 나는 그들을 찾아야 해.\""
    },
    {
      "Key": "8abc7d3e-5ac5-4d0c-92c5-1dc49574a5c9",
      "Value": "\"그럼 적어도 사람들이 언제 이 산장에 들어왔는지는 기억하겠지?\""
    },
    {
      "Key": "fb0469e3-785c-4039-b265-6465db702104",
      "Value": "\"덤라. 너의 방을 조사하고 싶다.\""
    },
    {
      "Key": "499c444c-73ea-4bdb-a992-d2e071b42ca7",
      "Value": "\"여기서 지낸지 얼마나 됐지?\""
    },
    {
      "Key": "0442d6a5-3b25-4849-ad05-c223afc698f8",
      "Value": "\"이 곳은 여행자 여관 치고는 한적하군...\""
    },
    {
      "Key": "a828e780-ce4e-433d-bc05-c7dcfa21ea1c",
      "Value": "\"이 지역의 주요 사냥감은 뭐지?\""
    },
    {
      "Key": "6590f479-0e52-4b0d-968a-d2e01fa884ba",
      "Value": "\"들어봐... 너를 용의자 목록에서 빨리 빼줄수록, 너도 그 만큼 빨리 이 귀찮은 일에서 벗어나는거야. 나를 도와서 방 열쇠를 주면, 네가 눈치채기도 전에 끝내놓을께\""
    },
    {
      "Key": "c82b949c-7949-4578-a2fe-c4b3a3b749cb",
      "Value": "\"두번 묻지 않겠어! 젠장! 지금 당장 열쇠를 테이블 위에 올려놓지 않으면, 영주에게 말대답한 걸 후회하게 될꺼다!\""
    },
    {
      "Key": "b5970f2a-1c07-4ef3-8894-2b8b3a3e6570",
      "Value": "\"이건 나중에 다시 물어보겠어.\""
    },
    {
      "Key": "68513759-d676-442c-a42d-fdab5c6100cc",
      "Value": "\"파는 물건을 좀 보고 싶은데.\""
    },
    {
      "Key": "e41b9bed-ed10-4180-8571-ede7e3947f67",
      "Value": "\"이제 가봐야겠어.\""
    },
    {
      "Key": "fa5f8e5e-3378-4d40-9316-bb7a11e80576",
      "Value": "\"여기서 하룻밤 묵어갈까하는데.\""
    },
    {
      "Key": "fac4d068-07cf-45f2-aa70-eee3caa17f0d",
      "Value": "\"다른 질문을 해야겠어...\""
    },
    {
      "Key": "45425540-b230-4d52-adc0-75d38d01e771",
      "Value": "\"범죄가 발생했어. 덤라. 범인을 찾으려면 당신 도움이 필요해.\""
    },
    {
      "Key": "76e36294-f25f-4d41-9592-054651516f41",
      "Value": "\"손님들이 누군인지는 알고있나?\""
    },
    {
      "Key": "3e875e5f-0181-4705-95e3-64d559510cfc",
      "Value": "\"너의 산장으로 이어지는 발자국이 있었어...\""
    },
    {
      "Key": "994b1e5b-927d-4137-b6b9-13f902c053d6",
      "Value": "\"네 산장은 이 주변에서 유일하게 있는 집이야...\""
    },
    {
      "Key": "93524084-4d43-4dfb-a2b3-224939686415",
      "Value": "\"네 산장은 라마슈투의 성소에서 몇시간 거리에 있지...\""
    },
    {
      "Key": "3ca68b7a-b685-462a-99cc-8c0fcedbd08f",
      "Value": "\"너와 말싸움 할 생각은 없어.\""
    },
    {
      "Key": "97fd7556-eb1b-417f-84ff-ff54e28896eb",
      "Value": "\"말투가 마음에 들지 않는군. 덤라.\""
    },
    {
      "Key": "9d910e5f-f0f1-49da-9568-d1b6d1bd2f6d",
      "Value": "\"손님들 말이야. 덤라. 여기서 하룻밤 보내겠다고 하는 사람은 다 허락해주는건가?\""
    },
    {
      "Key": "7a5dfa04-a53b-4aa3-a68c-00065c1fb2bf",
      "Value": "\"내 말은 라마슈투의 추종자들은...뭐랄까...자유로운 관계를 맺는걸 선호한다는 뜻이었어.\""
    },
    {
      "Key": "4cc5a672-dcd3-4590-ac1c-a3197515a6cd",
      "Value": "\"말실수를 했어. 내가 한 말은 잊어.\""
    },
    {
      "Key": "60793920-b9b3-4b8a-8b48-890a604c090b",
      "Value": "\"도움을 완고하게 거부하려 하다니 의심스러운데...\""
    },
    {
      "Key": "c0beb2c7-68ec-4c34-950b-feb9b64de71c",
      "Value": "\"너를 제외하고, 얼마나 많은 사람들이 지금 이 산장 안에 있지?\""
    },
    {
      "Key": "f13a4abf-cc59-4180-893f-73524e9ddf19",
      "Value": "\"사람들이 말하길 네가 회장에 마지막으로 왔다고 하던데...\""
    },
    {
      "Key": "1f34258e-5358-4a35-81e4-4d4b7f943164",
      "Value": "\"네 산장에 대해서는 충분히 들은거 같아.\""
    },
    {
      "Key": "6a3637c2-bcca-4d63-969e-0b5a9e07774d",
      "Value": "[방값을 지불합니다]"
    },
    {
      "Key": "61e9dbc3-a3bd-49a8-9d2b-957b7b7c0d1f",
      "Value": "\"나는 마음이 바뀌었다.\""
    },
    {
      "Key": "d337fcdf-1028-491a-a846-4eca5666897e",
      "Value": "\"7골드?! 나는 이 땅의 통치자야. 무료로 숙박하면 안 되나?\""
    },
    {
      "Key": "507037a7-b0f4-4cb2-be22-ce639a565ac1",
      "Value": "[방값을 지불합니다]"
    },
    {
      "Key": "b614a3ab-45d1-400c-a90b-a14269516399",
      "Value": "\"손님으로 헬나이츠가 온 걸로 아는데...\""
    },
    {
      "Key": "f2997929-1941-4938-9ee9-6aaf17925465",
      "Value": "{n}여자는 당신을 조심스럽게 바라보고는 당신의 동료들도 빠르게 훑어봅니다.{/n} \"{mf|영주님|영주님|전하|전하}...\" {n}그녀는 단어를 신중하게 선택합니다.{/n} \"정말 뜻밖의 방문이군요. 나는 이곳의 주인이고 이름은 덤라입니다. 이 늦은 시간에 제가 뭘 도와드리면 될까요?\""
    },
    {
      "Key": "b7e14d60-fa8c-4bfd-b0b8-251433422efb",
      "Value": "\"네?\""
    },
    {
      "Key": "76d8fae3-4b70-40b5-ae52-52ead2807dda",
      "Value": "{n}덤라는 한마디도 없이 당신을 쳐다봅니다.{/n}"
    },
    {
      "Key": "5ad45e3e-b589-4a0a-8c86-3f4932440fd9",
      "Value": "{n}튼튼하고, 무뚝뚝한 얼굴의 드워프가 당신 앞에 서서 그녀의 엉덩이에 손을 짚고 있습니다. 얼굴의 주름살에도 불구하고 그녀는 자기 스스로를 보호할 만큼은 충분히 건강해 보입니다.{/n}"
    },
    {
      "Key": "d51424c7-de53-418c-a14c-9628affeba5a",
      "Value": "\"보면 모릅니까?\" {n}덤라는 투덜거립니다.{/n} \"사람들이 사냥 후에 휴식을 취하며 맥주 한두잔씩 즐기고 허기를 채우는 곳이죠. 가장 가까운 선술집은 여기서 멀리 떨어져 있으니까.\""
    },
    {
      "Key": "fb5ede7e-a040-4cc1-8e0b-42ac676bcd48",
      "Value": "{n}덤라는 두 주먹을 움켜 쥐었지만, 손은 그녀의 엉덩이에 그대로 두고 있습니다. 그녀는 아무말도 하지 않고, 그저 반항적인 표정으로 당신을 쳐다봅니다.{/n}"
    },
    {
      "Key": "1336fce7-dfc1-4ac6-9f15-a755167697cc",
      "Value": "{n}덤라는 잠시 침묵 하더니, 고개를 끄덕이며 허리띠에서 낡고 어둡게 바랜 열쇠를 꺼냅니다.{/n} \"그러면 마음대로하시죠.\" {n}그녀의 눈이 가늘어집니다.{/n} \"하지만 조심해요... 내 속옷은 뒤지지 말아요... 아니면 당신 손을 갈고리로 꿰어버릴 테니까. 알겠어요?\""
    },
    {
      "Key": "049c0aef-4a74-4acc-a93b-a0333748bd2d",
      "Value": "{n}덤라는 그르렁거리며 눈이 가늘어집니다.{/n} \"제가 열쇠를 드린다고 칩시다. 당신은 문따고 들어가서는 이거 수상하군...저것두 수상하고..이럴게 뻔한데 저한테 좋을게 뭐있습니까! 저는 허락할수 없습니다! 산장을 뒤지던 말던 마음대로 하세요. 하지만 제 방에는 못들어갑니다!\""
    },
    {
      "Key": "714208b7-0bc2-45a7-9109-b3af41cd247b",
      "Value": "{n}덤라는 한동안 당신을 노려보다가, 투덜 거리며 마침내 허리띠에서 낡고 어둡게 바랜 열쇠를 꺼냅니다.{/n} \"마음대로 하시죠...{mf|영주님|영주님|전하|전하}.\""
    },
    {
      "Key": "74479000-2823-456f-b65a-67fd1ba3e403",
      "Value": "\"그렇게 나온다는 거지..?\" {n}덤라가 찡그립니다.{/n} \"뭔가 마음대로 되지않으면, 당신네들은 그저 주먹이나 휘둘러대고 무기나 들이밀고는 하지. 나에겐 안통합니다! 저는 {g|Erastil}에라스틸{/g}의 보호아래 있습니다. 사냥꾼의 신께서 누군가 저를 해하도록 두지 않을껍니다!\""
    },
    {
      "Key": "b97e8c67-58b2-4bab-9568-9cdaf1b78f68",
      "Value": "\"이제 그만 가도되나요?\""
    },
    {
      "Key": "e8d0bbf6-d3a1-4a82-bfe7-7c9ec3e948a9",
      "Value": "{n}덤라는 잠깐 당신을 노려보고는 쉰 목소리로 웃습니다.{/n} \"{g|Lamashtu}라마슈투{/g}의 추종자? 그것 참 대단한 이야기를 지어 내시는군요. {mf|영주님|영주님|전하|전하}. 다음에는 제가 {g|Rovagug}로바거그{/g}라도 지하 창고에 숨겼다고 말하시겠군요? 내가 사교도를 숨겼다는 증거는 뭡니까?\""
    },
    {
      "Key": "c2b61e62-04e6-40ac-8acb-3459e6a8dace",
      "Value": "{n}덤라의 얼굴이 빨갛게 변합니다.{/n} \"아니 그게 무슨 뜻으로 말하는겁니까?\""
    },
    {
      "Key": "cc6e2456-80c1-4f19-aecb-639c8d2e9221",
      "Value": "{n}덤라는 눈을 가늘게 뜨고 당신의 모습을 훑어봅니다.{/n} \"여러해 동안이요. 주변 평지던 늪지던 모든 이웃들을 다 알고지내죠.\""
    },
    {
      "Key": "25ff03d7-7c87-472d-8fa7-b1e45b6e2567",
      "Value": "\"여긴 여관이 아니에요.\" {n}덤라는 방을 둘러 봅니다.{/n} \"여긴 내 집이에요. 나는 먹고 살기위해 사냥을 하고, 단지 너무 멀리까지 와버린 지친 사냥꾼들에게 이곳에서 하룻밤 묵게 해줄 뿐입니다.\""
    },
    {
      "Key": "b053a16f-324f-4284-bdad-3fa55444ce0c",
      "Value": "\"평지에서는 여우와 사슴, 늪에서는 새들을 잡으러 갑니다. 물론 더 위험한 일에 부딪힐 가능성은 언제나 있죠.\""
    },
    {
      "Key": "41f52dca-1469-4c77-abd8-0eb937e30197",
      "Value": "{n}덤라는 눈을 감고 기억을 떠올리려 합니다.{/n} \"나는 내 덫을 확인하러 갔었는데... 내가 없을때 몇몇 사람들이 도착했어요. 그래서 확실하게 말해드릴 수는 없을 것 같군요. {mf|영주님|영주님|전하|전하}.\""
    },
    {
      "Key": "bce95e12-f950-4a43-bdc2-9854c9ae09d7",
      "Value": "\"제가 말하지 않은게 또 있나요?\""
    },
    {
      "Key": "cddb9570-da64-4c25-a814-d37461790205",
      "Value": "{n}튼튼하고, 무뚝뚝한 얼굴의 드워프 여성이 당신 앞에 서서 그녀의 엉덩이에 손을 댑니다. 그녀의 주름살에도 불구하고 그녀는 자기를 보호할 정도로 건강해 보입니다.{/n}"
    },
    {
      "Key": "d8ca19dd-cfbc-45f5-848f-7d5a9e25aaff",
      "Value": "{n}그녀는 당신을 위아래로 훑습니다.{/n} \"여기 처음이죠? 규칙은 간단해요. 다른 손님들을 괴롭히지 말고 자기쓰레기는 스스로 치우기, 그리고 저를 귀찮게 하면 추방당할 겁니다. 제 이름은 덤라에요. 하지만 필요한 것이 있더라도 저를 부르지는 마세요. 손님들은 스스로 알아서 하니까요.\""
    },
    {
      "Key": "175d049f-5340-48db-a818-b65dc3485797",
      "Value": "\"그래서 이 범인이 뭘 잘못했죠?\" {n}덤라의 목소리가 두꺼워졌고 입꼬리가 내려갑니다.{/n} \"누군가가 주인인 땅에서 허락없이 사슴이라도 쐈나요? 그럼 이제 그 범인은 자신이 마치 사냥감이라도 된 듯 도망쳐야 겠군요...무슨일이 일어났던간에 나는 좀 빼주세요.\""
    },
    {
      "Key": "869810e1-f6a9-49f0-bde0-3f8267867705",
      "Value": "{n}덤라는 팔짱을 끼고 턱을 들어올립니다.{/n}"
    },
    {
      "Key": "e34e60ca-3581-4bce-9841-e547a9e7066f",
      "Value": "\"그게 어떻다는거죠? 마을 사람들은 이 산장에 매일 들립니다. 평지와 습지 사람들 모두.\""
    },
    {
      "Key": "72b89001-37c5-4e77-9152-c7aa13720952",
      "Value": "\"그래서요?\" {n}그녀는 턱을 들어올립니다.{/n} \"길을 잃어버린 사람들에게 피난처를 제공해주는 것이 나쁜 일인가요?\""
    },
    {
      "Key": "5053c39d-bcef-4791-96ec-4012a6f13999",
      "Value": "\"{mf|영주님|영주님|전하|전하}, 됐습니다!\" {n}드워프는 손을 꽉 움켜쥡니다.{/n} \"여기 {g|Stolen Lands}도둑맞은 땅{/g}에서는 툭하면 마주치는게 고블린 소굴, 저주받은 유적, 무슨 역겨운 사원 같은 것들입니다!\""
    },
    {
      "Key": "370d9bcb-4b59-456f-b6ef-31216d2a74f3",
      "Value": "\"그렇겠죠\" {n}드워프는 눈살을 찌푸리며 눈은 점점 좁아집니다.{/n} \"만약 폭도들이 당신 집에 들이닥쳐서 당신과 손님들을 괴롭히기 시작한다면 어떻게 할 겁니까? 제가 당신 앞에서 고개 숙이며 고분고분하기를 바랬다면, 그건 착각한겁니다!\""
    },
    {
      "Key": "85945186-2e73-4dd3-807f-67bd683be275",
      "Value": "{n}덤라는 당신을 노려보면서 낮은 소리로 중얼거립니다.{/n}"
    },
    {
      "Key": "87e7e1e9-7d62-4cd8-ad33-0038e66db3e4",
      "Value": "{n}덤라는 몸을 곧게 펴고 천천히 숨을 들이쉬자, 목에서 그릉거리는 소리가 납니다.{/n} \"이봐요. 당신이 영주 일지는 몰라도, 나는 당신의 그런 추잡스러운 말은 듣지 않을 거요!\" {n}그녀는 카운터에 침을 뱉습니다. 그리고는 습관적으로 바로 걸레로 닦아내기 시작합니다.{/n} \"당신 같은 사람이, 나에게 그런 나쁜 평판을 낙인 찍으면 제 인생은 어떻게 되겠습니까?\""
    },
    {
      "Key": "d0df3326-0f85-4eb4-9518-f88852414e56",
      "Value": "{n}덤라는 눈을 깜박이며 당신이 한 말을 깊이 생각합니다.{/n} \"물론. 모두 들이죠. 밖에서 모닥불로 몸을 녹이거나 비를 맞는 사람들을 그냥 보고만 있습니까? 나는 당신네 무리도 들어오게 허락 했지만, 당신들은 내 손님들을 두려움에 떨게 하고 있을뿐이죠.\""
    },
    {
      "Key": "f5a4bff2-aba7-46f2-8dea-110bf2227e20",
      "Value": "{n}덤라는 천천히 머리를 흔들었습니다.{/n} \"좋을 대로 생각하시죠.\" {n}그녀는 찡그립니다.{/n} \"내 입장에선, 다른 사람들 일에 참견하는 사람을 싫어할 뿐입니다.\""
    },
    {
      "Key": "ebaf9be0-e347-4fff-a3ee-3758e1c80ee2",
      "Value": "\"모두 세 명이 저쪽에 앉아있어요.\" {n}덤라는 손님들을 향해 고개를 끄덕입니다.{/n} \"부엌에 있는 한명은, 여기 귀족 두 명의 하인인 것 같아요. 돈을 왕창 들고다니는 귀족들처럼 보이더군요.\""
    },
    {
      "Key": "f050e348-58d8-45cf-81b1-202112b18d39",
      "Value": "{n}덤라는 잠시 당신을 유심히 쳐다보고는, 투덜거리기 시작합니다.{/n} \"맞습니다.\" {n}그녀는 화를 참는 듯, 천천히 말합니다.{/n} \"저 서투른 여자가 내 냄비들을 떨어뜨렸을 때 내가 부엌으로 나갔었어요. 그게 어떻다는거죠?\""
    },
    {
      "Key": "5c985be0-bf43-4459-ab1d-6424722eb90c",
      "Value": "\"뭐가 더 필요해요?\""
    },
    {
      "Key": "4309c852-9fbc-4d12-b6b4-d63b4712cfc0",
      "Value": "{n}덤라는 표정을 바꾸지 않고 말합니다.{/n} \"7골드.\""
    },
    {
      "Key": "42556b23-58bd-433c-bef3-e146dafb8b25",
      "Value": "{n}덤라는 입술을 깨물고는 마지 못해 대답합니다.{/n} \"좋습니다. 여기 열쇠 받으시죠.\""
    },
    {
      "Key": "3ea496f1-2830-4e89-a4be-71927f24daa3",
      "Value": "{n}덤라의 눈이 작아집니다.{/n} \"그러면 10골드.\""
    },
    {
      "Key": "e925a2fb-1264-4a77-aafd-1ad84aec1072",
      "Value": "{n}덤라는 표정을 바꾸지 않고 말합니다.{/n} \"10골드.\""
    },
    {
      "Key": "5088ae1b-c237-4acc-b369-e5e1d29dffdc",
      "Value": "{n}덤라는 너털웃음을 짓지만 아무 말도하지 않습니다.{/n}"
    },
    {
      "Key": "52d8851a-9ae8-4274-bfe1-d58716481814",
      "Value": "\"열쇠 받으시죠. 좋은 밤 되시길.\""
    },
    {
      "Key": "f4cc6a8d-984f-47a1-a1e7-4651ab810002",
      "Value": "\"뭐? 누구한테 깡패라고 하는 거야?!\""
    },
    {
      "Key": "6b181fc3-cf1a-4cc1-bbf9-74b9a0fd1b6c",
      "Value": "{n}덤라는 옥타비아를 보고는 침묵하더니 어깨를 으쓱합니다.{/n} \"좋아요. 하지만 당신이 무슨 생각을 하는지 누가 알겠어?\""
    },
    {
      "Key": "5905bdd7-6d33-408c-9a74-9d9394643336",
      "Value": "\"그랬군. 내가 아이어다라 법원에서 몇번이나 그런 말을 들었는지 알아? 그렇게 말한 사람들은 대부분 유죄 판결을 받더군.\""
    },
    {
      "Key": "c3ca499c-3c05-42cf-bec9-0bf7fff54db7",
      "Value": "{n}덤라는 불만인 듯 손을 흔듭니다.{/n} \"그런 소리는 지옥에서나 해요. 저들은 앉아서 불쌍한 사람들을 겁준다고. 그들을 혼내주는 건 좋은 일이야.\""
    },
    {
      "Key": "b9c68612-9e82-423b-813e-c0114f0b1110",
      "Value": "{n}덤라는 못마땅한 눈빛을 보냅니다. 그녀는 당신과 대화하는 것이 영 달가워 보이지 않지만, 그렇다고 감히 공개적으로 거절하지는 못합니다.{/n}"
    },
    {
      "Key": "db75914c-9269-41b9-8f91-b149b48f13be",
      "Value": "\"내가 왜 그래야하죠?\" {n}덤라는 머리를 기울이고 당신을 훑어봅니다.{/n} \"나는 그들의 하녀가 아닙니다. 그들은 와서, 숙박비 내고, 조용히들 있는 걸요. 저들이 누군지 내가 왜 신경 쓰겠어요?\""
    }
  ]
}