{
  "$id": "1",
  "strings": [
    {
      "Key": "43433bb8-100e-4255-adfd-88f5f2642598",
      "Value": "\"처음에 나는 역병이 인간에게 유해한 자연 현상의 일부라고 생각했어. 독성 식물이나 가뭄, 벼락 같이 말이야. 하지만 이제 사악한 자의 짓이라는 걸 알게 됐어!\""
    },
    {
      "Key": "4935f49f-de8c-4778-a0a1-2596e7a256a9",
      "Value": "\"예상했던대로 큰 재난의 배후에는 종종 사악한 자가 있다.\""
    },
    {
      "Key": "f57601c4-3930-4874-97d7-5cdf36929444",
      "Value": "\"거대한 악. 무고한 희생자들. 용서 받을 수 없는 자들이고 잊을 수 없는 자들이지.\""
    },
    {
      "Key": "e4b61b4c-f40a-4d88-9829-0325b15a064f",
      "Value": "\"끔찍하군. 어떻게 이런 짓을 벌일 수가 있지? 그런 괴물을 불러들여서 무얼 할지 이해할 수가 없군. 어떻게 본성이 그렇게 악할 수가 있을까.\""
    }
  ]
}