{
  "$id": "1",
  "strings": [
    {
      "Key": "53454141-f3e9-40fa-b21f-4c80e552e15d",
      "Value": "\"도적들과 그들의 왕의 패배! 코볼트를 습격하는 트롤 제국. 질병. 세계의 절반을 지배... 그리고 지금... 나는 무엇도 만들어낼 필요가 없어!\""
    },
    {
      "Key": "3bb5a3bc-380a-4263-91db-948ee4f52865",
      "Value": "\"나는 위험과 죽음이 어떻게 즐거움을 선사하는지 이해하지 못할 거야.\""
    },
    {
      "Key": "5c69addb-eb64-4bec-ba56-16c62c1b2e51",
      "Value": "\"낭만주의의 도배와 저속한 과장은 아마추어의 특징이지. 오. 맞아. 너는 이해하지 못하지... 미안.\""
    },
    {
      "Key": "fd1c3a3c-f634-4bc3-8b9d-2927298f2399",
      "Value": "\"짧은 기간에 같은 사람에게 흥미로운 사건들이 연달아 일어나는 모습이 놀랍기만 해. 그걸 읽는 독자를 생각해 봐...\""
    },
    {
      "Key": "8e3813fa-f27d-4088-b243-714122fc7715",
      "Value": "\"그냥 지어내. 우리에 대해 쓰지 말고. 나는 더더욱.\""
    }
  ]
}