{
  "$id": "1",
  "strings": [
    {
      "Key": "8f433e51-e37b-4b61-bed7-6ce9b8bbba98",
      "Value": "\"넌 매번 전투 때마다 격렬한 곳에 뛰어드는데, 왜 갑옷을 입지 않는 거지? 그렇게 하면 최소한 우리가 네가 죽었을 때 조각들을 찾을 필요가 없잖아.\""
    },
    {
      "Key": "7217f3ee-3864-4b4f-8406-87318100fcc6",
      "Value": "\"자, 이제는 죽은 놈이 나를 묻으려 계획하는구만. 내가 널 아직 묻지도 않았는데!\""
    }
  ]
}