{
  "$id": "1",
  "strings": [
    {
      "Key": "d8d51625-8654-4f71-bdd2-3760e6bc8e41",
      "Value": "\"네가 들은 그 목소리... 미안하지만 정말로 신의 목소리야? 너 어디 아픈 거 아니지?\""
    },
    {
      "Key": "e4e237b0-0f3b-441e-a1a3-52177afb0916",
      "Value": "\"물론. 나는 그로투스의 목소리를 듣는다. 항상 그의 말을 이해하는 건 아니지만... 미쳤다고 생각하겠지만 귀를 닫고 진실을 감추는 것이 더 미친짓이야.\""
    }
  ]
}