{
  "$id": "1",
  "strings": [
    {
      "Key": "c554cb0c-f9e8-4a57-97bd-7bc7eeea45d4",
      "Value": "\"사람이 이렇게 많은데, 정확히 누가 남작위를 받게 되는 거지?\""
    },
    {
      "Key": "cc2128b2-8ba0-4bb6-b71b-eb43ae2514b9",
      "Value": "\"우리가 남작령을 갖게 도와준다고? 그럼 당신은 무엇을 얻지?\""
    },
    {
      "Key": "b9c65bf3-dcd8-4cad-a0fe-9580b22feacf",
      "Value": "\"우리가 기대할 수 있는 보상은 무엇이지?\""
    },
    {
      "Key": "54f818f6-5649-4338-9989-1c0d3a6bbf35",
      "Value": "\"알겠다.\""
    },
    {
      "Key": "968fdc3f-46f4-4652-a369-ecafd9486ae9",
      "Value": "\"왜 그냥 수사슴 군주를 남작으로 인정하지 않는 거지?\""
    },
    {
      "Key": "d5546c72-da6e-44a9-a507-ec81d6554bbb",
      "Value": "{n}구레나룻이 덥수룩하고 단안경을 쓴 중년 남자 시장은 밝은 미소를 지었습니다.{/n} \"저희의 부름에 응해주신 여러분께 진심으로 감사인사를 드립니다. 수가 많진 않지만, 어쩔 수 없지요. 이 일은 최고 중에 최고가 필요하니까요! 그리고 제 앞에는 강하고 두려움이 없는 진정한 영웅들이 보이는군요. {g|Restov}레스토프{/g}가 필요로하는 그대로입니다!\""
    },
    {
      "Key": "be9990a8-031f-4a5e-a7de-51d2508eb096",
      "Value": "\"환영합니다, 여러분! 저는 {g|Swordlords}소드로드{/g} 자만디 알도리입니다. 여기는 {g|Restov}레스토프{/g}의 시장이신 요셉 셀레미우스 공입니다. 제 저택에 온 걸 환영합니다.\""
    },
    {
      "Key": "9a4bc5a6-f6db-436a-ab80-9f80f1c763a3",
      "Value": "\"감사합니다. 시장님. 바로 본론으로 들어가지요. {g|Brevoy}브레보이{/g}의 국경 너머에 있는 {g|Stolen Lands}도둑맞은 땅{/g}이라 불리는 지역이 있습니다. 이곳은 분쟁 지역이며 인근 국가에서 오랫동안 영유권을 주장해 왔지만 진정으로 받아들여지지 않았습니다. 법적인 전문성으로 여러분들을 지루하게 하지는 않겠습니다. 그곳을 점령할 힘과 용기가 있는 자라면 누구나 남작을 지칭하고 그곳의 지배권을 주장하기에 충분합니다. 물론, 그 어떤 주변국도 그것에 대해 이의를 제기하지 않을 것입니다. 당연히, {g|Restov}레스토프{/g}는 가장 먼저 이 새로운 국가의 정당성과 설립자의 고결한 칭호를 인정할 것입니다.\""
    },
    {
      "Key": "dbe9e338-22ae-43bc-b383-f202910c2a01",
      "Value": "\"불행히도 당신과 이 작위 사이에는 심각한 장애물이 있습니다. {g|Stolen Lands}도둑맞은 땅{/g}에 있는 수사슴 군주라고 불리는 도적 우두머리는 자신이 이 땅의 정당한 주인이라 자칭하고 있으며, 아직 아무도 그의 권력에 도전하지 못했습니다. 저에게 그의 머리를 가져오면 합법적인 통치자로서 도둑맞은 땅을 지배할 수 있을겁니다. 혹시 질문 있으십니까?\""
    },
    {
      "Key": "66ddb3ca-691b-4fac-844a-1cd9f309dd51",
      "Value": "\"당연히 내가 되겠지. 내가 바로 이 팀의 리더다. 걱정하지 말도록. 내가 널 쓸모있게 써줄테니!\""
    },
    {
      "Key": "206e8ea7-6901-435b-b958-49fd052671e0",
      "Value": "\"아직 시작도 안했는데 넌 벌써 보상금 분배에 대해 이야기 하는구만.. 왜 우리가 성공할거라 생각하는 거지? 누가 작위를 받을지는 거기서 죽어갈 때엔 아무런 의미도 없을텐데..\""
    },
    {
      "Key": "377a2987-5899-471b-b9ba-8f3e95b593f8",
      "Value": "\"우리는 당신들 모두 고귀한 칭호를 받을 자격이 있다고 믿습니다. 원정 기간 동안 누가 가장 지도자에 적합한지 결정하는 것은 팀에게 달려있습니다.\""
    },
    {
      "Key": "003bc9d2-7ced-4974-a79d-d2af3c1268e5",
      "Value": "\"쓸데없는 질문 좀 하지마! 왜 니가 그걸 신경쓰는거지? 그들이 무엇을 얻을지 왜 얻어야 할지는... 알도리 여사와 내가 논해야 할 것들이다! 네놈이 알아야 할 이유 따윈 없지. 넌 그냥 무식하게 칼만 휘두르면 돼!\""
    },
    {
      "Key": "c2b3fd32-7056-4250-abb0-bfb2899ac4e6",
      "Value": "\"물론 우리는 이 모험으로부터 이익을 얻을 수 있지요. 하지만 만약 우리가 당신을 앞세워 당신이 세운 국가를 멀리서 통치하는 것이 걱정된다면 이러한 우려는 사실무근이라는 것을 알아두세요. 우리는 그 지역의 안정에만 강한 관심을 가지고 있다는 것만은 알아주셨으면 합니다. 우리는 도적떼나 괴물무리가 아니라 협상할 수 있는 통치 세력이 필요한 겁니다.\""
    },
    {
      "Key": "8c6c976a-f4d3-4083-9ed7-762cb877f0dc",
      "Value": "{n}시장의 눈썹은 너무 치켜 올라가서 그의 단안경을 거의 떨어뜨릴뻔했습니다.{/n} \"고귀한 작위와 자신의 땅을 넘는 보상이 있다고 보십니까?\""
    },
    {
      "Key": "a824fb0e-ba86-4520-98c0-f37b77db9e3c",
      "Value": "\"원정 준비와 필요한 장비에 대한 비용은 저희가 부담할 것입니다. 만약 당신이 승리한다면, {g|Restov}레스토프{/g} 또한 귀하의 국가 설립을 위한 재정 지원을 제공하기 위해 상당한 금액을 귀하에게 할당할 것입니다. 본질적으로 우리는 당신이 스스로 자본을 구축하도록 도울 것입니다. 그러한 보상으로 만족해주셨으면 좋겠군요.\""
    },
    {
      "Key": "5e7311fa-330e-4e73-9df9-862b2b45d30a",
      "Value": "\"순전 말뿐이로군... '상당한', '재정'... 이딴 단어들을 들으니 배가 고픈데.\""
    },
    {
      "Key": "02a7e689-bf44-4667-a226-afa5832011e6",
      "Value": "{n}자만디는 웃습니다.{/n} \"물론 당신의 명예를 위한 공식 연회도 있을 것입니다. {g|Restov}레스토프{/g}의 유명인사들이 모두 모여 당신의 업적을 기릴 것입니다!\""
    },
    {
      "Key": "c6cd1e0a-ca20-475f-8560-1895ede082d7",
      "Value": "\"이제 말이 통하는구만!\""
    },
    {
      "Key": "ef4b7180-24ca-4114-9eb7-9aaae40af7dc",
      "Value": "\"훌륭합니다. 모험은 내일부터 입니다. 지금은 여러분 서로에 대해 더 잘 알기 위해 시간을 들이시거나, 바로 객실로 가셔서 휴식을 취하시면 되겠습니다. 객실에서 여러분은 저희가 미리 준비한 공급품을 발견하실 겁니다. 이 탐험에 참여하기로 동의해주셔서 다시 한 번 감사드립니다. 행운을 빕니다!\""
    },
    {
      "Key": "74c440fd-e2b9-4f76-8b76-509033cf9b2d",
      "Value": "\"좋은 지적이군. 이 수사슴 군주란 녀석은 이미 그 지역에서 상당한 권력을 과시하고 있어. 많은 귀족 혈통들이 사실 운 좋은 도적떼부터 시작하지 않았었나?\""
    },
    {
      "Key": "75e74cb1-0d7a-4c1e-9089-80a1f945a9a6",
      "Value": "{n}{g|Swordlords}소드로드{/g}는 그녀를 차갑게 쳐다보며 대답합니다.{/n} \"아마도 우리가 유지해야 할 기준이 있기 때문이겠지요. 이 방에는 모험가부터 심지어 '요행을 바라는 승냥이' 까지 많은 이들이 있습니다. 하지만 도적들의 우두머리에게 작위를 준다? 제가 숨이 붙어 있을 때까지는 절대 있을 수 없는 일입니다\""
    },
    {
      "Key": "12e1248c-0ae7-47dd-8a94-5732336b62f6",
      "Value": "{n}자만디는 크게 헛기침하며 논쟁을 멈춥니다.{/n} \"그 질문에 답하자면...\" {n}그녀는 사람들의 목소리가 잦아들고 그녀에게 주의를 기울일 때까지 기다립니다.{/n}"
    },
    {
      "Key": "b6b47c65-83d0-4c9e-9613-7b0d193bba26",
      "Value": "\"다시 한번 이 부름에 응답한 것에 대해 진심으로 감사드립니다! 여러분의 눈에서 불길이 타올라 용기를 드러내는군요. 진정한 영웅을 구별하는 흔들리지 않는 의지가 여러분에게 보입니다. 오. {g|Restov}레스토프{/g}의 영웅들이여. 여러분을 지켜볼겁니다. 여러분이 승리할 것을 절대로 의심하지 않습니다. 위업을 향해 앞장서서 승리를 거두십시오!\""
    },
    {
      "Key": "0d5cd393-4ba9-411c-a4fd-2c77c68f0473",
      "Value": "{n}티플링 소녀가 옆에 서서 허스키한 목소리로 말합니다.{/n} \"이게 무슨 냄새지? 권모 술수의 냄새인가?\" {n}자신의 말을 듣는 당신을 보자 그녀는 윙크합니다.{/n}"
    }
  ]
}