{
  "$id": "1",
  "strings": [
    {
      "Key": "02ed26ae-c3da-4310-89c8-254a2f1fc624",
      "Value": "{n}하림은 가만히 턱수염을 만지작 거린다.{/n} \"우리에게 와서 살려달라고 애원하던 셰게 가문을 기억해? 너는 그때 돕기로 동의했지만, 우린 그럴 여유가 없었어. 가끔 그들이 어떻게 됐을지 궁금해...\""
    },
    {
      "Key": "9b7fb679-5cee-4c27-b8ff-46699e39ea96",
      "Value": "\"아마 죽거나, 불명예스럽게 집으로 돌아갔겠지... 그게 무슨 차이가 있겠어? 우리에겐 모두 교훈이 됐지, {Name}: 죽은자의 보물을 쫓지 말라, 그것과 함께 할 것이 아니라면. 그들을 망친건 놈들의 오만함이야. 오만과 탐욕...\""
    }
  ]
}