{
  "$id": "1",
  "strings": [
    {
      "Key": "a9c0e9dc-e514-4675-b396-09eaefa555a9",
      "Value": "\"넌 어느 나라에서 왔지?\""
    },
    {
      "Key": "ac0cdb10-1a7f-4be2-ba21-40f7f73a8273",
      "Value": "\"왜 이곳에 왔어?\""
    },
    {
      "Key": "6c19e74a-3cec-489f-b68f-b009f22d84aa",
      "Value": "\"여기 머무를건가?\""
    },
    {
      "Key": "065736ec-117e-4750-ac3a-1db6f004cf0b",
      "Value": "[10골드를 줍니다] \"너는 여행자 맞지... 나의 이웃에 관해 흥미있는 정보라도 있어?\""
    },
    {
      "Key": "8ddb92ad-6a0c-4322-bb55-5043be8c69ce",
      "Value": "\"나의 이웃에 관해 흥미있는 정보라도 있어?\""
    },
    {
      "Key": "1c77f674-89f3-4c9c-a182-173b7f2fe38c",
      "Value": "\"브레보이는 어때?\""
    },
    {
      "Key": "b513a0e6-f387-41c6-baca-a04a0a2d9625",
      "Value": "\"미본에서 소식 없나?\""
    },
    {
      "Key": "ad4d4a58-fcbe-4821-8452-3c056c909f71",
      "Value": "\"피탁스에서 무슨 일이 벌어지고 있지?\""
    },
    {
      "Key": "ddda3c98-0878-4618-a18e-b062ad68765f",
      "Value": "\"지금은 충분하다.\""
    },
    {
      "Key": "867d32ed-e0c8-4702-a408-208a1fb54cfb",
      "Value": "\"누군가 내 땅에 대해 물은 적이 있어?\""
    },
    {
      "Key": "aa7bbf91-d02c-4a44-9f3c-f73b74c172ca",
      "Value": "\"안녕히.\""
    },
    {
      "Key": "756f7bd3-dcbe-4bae-97e3-7a590182b8dc",
      "Value": "\"잠깐만요! 만날 사람이 있어요.\""
    },
    {
      "Key": "1326a4e6-9a76-4c62-a5d9-5a35465813bb",
      "Value": "\"자! 이쪽은 책 행상인 깃펜 테시예요! 테시가 없었다면 전 고향에서 무나 키우고 있었을 걸요.\""
    },
    {
      "Key": "caca4a2f-dae5-47a0-b3db-034284e01053",
      "Value": "{n}무거운 누더기를 입은 통통한 여성 테시는, 이빨 빠진 자리까지 드러나는 환한 미소로 당신을 환영합니다.{/n} \"만나서 반갑습니다, 남작님! 이 쪼그만 녀석을 지켜줘서 고마워요!\""
    },
    {
      "Key": "03a4b8ef-4bb3-4a8b-ab7b-fde4292f4452",
      "Value": "\"지금 어디서 온건지를 물으시는건가요 아니면 평상시 때를 물으시는건가요? 저는 지금 막 {g|Mivon} 미본{/g}에서 왔어요. 평상시때로 말하자면, 세상 방방곳곳에서 왔다고 할 수 있죠. 여기저기 떠돌고 있어서 수풀에서 잠을 청하고 바람이 가는 길을 따라가고 있죠! 하하!\""
    },
    {
      "Key": "77c1064b-0e19-4fd8-8349-76bee6719778",
      "Value": "\"소문에 {g|Stolen Lands}도둑맞은 땅{/g}에 제대로 된 도시가 생겼다고 들었어요. 바로 인쇄소가 있는 도시죠! 게다가 그 인쇄소엔 제 오랜 친구가 주인으로 있구요! 그래서 그녀를 보러 들렀어요. 책도 몇권 사갈까 해서요.\""
    },
    {
      "Key": "397e2620-cd48-42be-a949-3b3b9157153c",
      "Value": "\"저요? 잘 모르겠어요. 아마 당분간은 여기서 지내지 않을까요. 이곳 사람들은 괜찮아 보여요. 적어도 책을 읽으니까요. 다시 말하지만, 저는 이곳에 인쇄소가 있다고 해서 찾아왔고, 몇 년 동안 보지 못한 린지를 만나러 온 거예요. 여기가 지겨워지면 다시 길을 떠나겠죠.\""
    },
    {
      "Key": "c2c31313-a74b-403c-b21f-cb6ec620516a",
      "Value": "{n}테시는 돈을 숨기고 알겠다는듯이 미소 짓습니다.{/n} \"물론이죠! 누구에 대해 듣고 싶어요?\""
    },
    {
      "Key": "83fd332a-3dc2-435b-bd58-93cee8e28e04",
      "Value": "\"물론이죠! 누구에 대해 듣고 싶어요?\""
    },
    {
      "Key": "33091f9a-752d-4e9e-971c-17943a02317a",
      "Value": "\"또 물어봐요! 우리 행상인들은 소문을 걸러 내는데 능숙하죠.\""
    },
    {
      "Key": "ae11f6db-e9d9-4d05-a914-5336e5e0cb86",
      "Value": "\"나를 스파이로 쓰려는 건 아니겠죠? 나를 마법으로 탐지하거나 린지에게 물어 봐도 좋아요. 나는 소문을 좋아하지만 염탐꾼은 아니에요. 나는 책 장사꾼이라고요.\""
    },
    {
      "Key": "59cf4b31-11c2-4ced-9640-727e9e39f0fc",
      "Value": "\"안좋아요. {g|Restov}레스토프{/g}의 사람들이 칼을 갈고있어요. 왕실이 사라졌으니, 뭔가 큰 소동이 일어날 때까지는 시간 문제일 뿐이죠. 모두 알고 있고 아무도 원하지 않지만 피할 방법이없는 것 같아요. \""
    },
    {
      "Key": "0e689963-78de-4558-9823-cee475b6aa2d",
      "Value": "\"평소대로에요. 음모와 결투가 난무하고! {g|Brevoy}브레보이{/g}에서 도망친 도적들이 밀려들어온 것 같아요. 소문으로는 귀족 가문들이 의도적으로 {g|Mivon}미본{/g}을 긴장시키고 있어서, 그곳의 알도리는 {g|Restov}레스토프{/g}에서 대학살이 시작되도 도와 줄 수 없을꺼라고 하네요.\""
    },
    {
      "Key": "87cfb7b8-feff-464e-b2cb-de33c86c0386",
      "Value": "\"이로베티가 지배하는데 뻔하죠. 잔치에, 퍼레이드에, 처형에... 왕은 도시 소유인 무역 회사의 재산을 횡령했어요. 이로베티는 {g|Numeria}누메리아{/g} 어딘가에서 마약성 물약을 팔던 도적단을 불러들였다고 해요. 그는 주변 땅으로 수상한 탐험대를 파견하고 있지만 무엇을 찾으려 하는지는 아무도 몰라요... 아무도 그 괴짜의 머릿 속을 알 수가 없어요. 그게 그가 항상 이기는 비결이예요!\""
    },
    {
      "Key": "effa2797-ecf9-41ef-b9f1-9f6e44352570",
      "Value": "\"그 질문에 답하자면... 다른 이들도 당연히 관심이 있어요. {g|Restov}레스토프{/g}의 사람들은 당신을 영주 자리에 놓은 것을 잘한 일인지 판단하고 있고 {g|Mivon} 미본{/g}과 {g|pitax}피탁스{/g}는 당신의 힘이 어느 정도인지 가늠하고 있죠. 아무도 당신에 대해 아는 게 없어서 대비만 세우고 있는 상황이랄까요.\""
    },
    {
      "Key": "833f20b7-77ff-46fa-a0f7-dfaf44b874fe",
      "Value": "\"좋은 하루 되세요! 린지를 잘 돌봐주고요!\""
    }
  ]
}