{
  "$id": "1",
  "strings": [
    {
      "Key": "fd0f6cdd-eac3-44e5-a406-c09c6219f05d",
      "Value": "\"파괴해. 트리스티안.\""
    },
    {
      "Key": "5a6640c2-49ca-43e4-b530-b141e8c0d73d",
      "Value": "\"이 망할 유물을 내 손으로 부숴버리겠어!\""
    },
    {
      "Key": "ea02bd96-bda8-46ee-a4e4-0d06d6e3dbbb",
      "Value": "\"손대지 마. 나락의 눈은 내 거야.\""
    },
    {
      "Key": "fb4ca13a-1285-4c8e-a1af-1bb460addefa",
      "Value": "[조용히 지켜봅니다]"
    },
    {
      "Key": "7030f1da-5bf8-451c-9c32-776c21531e8f",
      "Value": "\"좋아. 파괴하자.\""
    },
    {
      "Key": "90393a37-13d5-4bef-8410-590c8243b67c",
      "Value": "\"어떻게든 내가 눈을 가질 거야!\""
    },
    {
      "Key": "5d346110-0f44-4901-88c9-3d281af80a55",
      "Value": "[공격] \"네가 틀렸어. 눈은 너를 쓰러뜨리지 못하겠지만 나는 가능하지!\""
    },
    {
      "Key": "0dd19da9-2995-42b1-ba37-87842d41b6c1",
      "Value": "\"고통은 끝났어. 너를 용서하겠다.\""
    },
    {
      "Key": "05c73b89-e07b-4025-9e56-8d1c5ac196ff",
      "Value": "\"너를 믿을 수 없어. 다시는 너를 믿지 못할 거야. 내 땅을 떠나라. 영원히.\""
    },
    {
      "Key": "b5a236c0-9de6-4ac9-9036-f038facb473f",
      "Value": "[공격] \"너도 예외는 아니다!\""
    },
    {
      "Key": "769b070a-acf7-4f8c-8552-d41d0f881123",
      "Value": "\"너를 용서하려고 노력하겠어. 내 땅에 머물러도 좋다.\""
    },
    {
      "Key": "d0bcc1b9-2eac-4f26-90f1-967a8db84df6",
      "Value": "\"잠깐! 묻고 싶은 게 있어...\""
    },
    {
      "Key": "18f2508c-3dfa-472a-85d8-9a090c0bd8a4",
      "Value": "\"너와 해야 할 일을 정했다.\""
    },
    {
      "Key": "5c42a3e4-db08-4fc7-ae7c-8c2db20f86f4",
      "Value": "\"트리스티안... 대체 넌 누구야?\""
    },
    {
      "Key": "5ee6fc1a-5d74-4f70-96b9-1536b9591abc",
      "Value": "\"나이리사가 누구야?\""
    },
    {
      "Key": "4dac2069-fb2a-49c0-8b5a-87c20d462bbc",
      "Value": "\"나이리사가 나락의 눈을 왜 원하는 거지?\""
    },
    {
      "Key": "4ffd8648-3a5c-4f01-869e-cfc5e82ed442",
      "Value": "\"자매가 필멸자의 몸과 신성한 선물에 대해 거짓말을 했어...\""
    },
    {
      "Key": "a2c315b8-dbb5-4754-bfc8-2f66b7a62718",
      "Value": "\"정화된 자들의 왕국에서 온 사교도들이 나를 죽이려고 했었지... 너도 관련이 있는 거야?\""
    },
    {
      "Key": "e558b19a-0365-4439-bd8d-a8a0db92d5a9",
      "Value": "\"도대체 그 역병은 무엇이지?\""
    },
    {
      "Key": "99c2538c-9360-425d-b4eb-6796e82bb1c1",
      "Value": "[트리스티안을 잡습니다] \"집으로 보내 줄게.\""
    },
    {
      "Key": "098bb6ec-f1e6-46c7-bff2-d3cf3e7eae5d",
      "Value": "\"나락의 눈을 찾으려는 나이리사에 대해 말해봐.\""
    },
    {
      "Key": "71636176-9dd1-4b4d-922a-1e88ca74f1c6",
      "Value": "{n}트리스티안의 눈은 얼굴잃은 자매의 눈에 비친 {g|Abaddon}나락{/g}의 눈에 집중되어있습니다. 그는 입술을 움직였지만 당신은 겨우 그의 말을 들을 수 있었습니다.{/n} \"악을 보지 않는 자는 유혹하는 것을 파괴할 것이며... 악을 물리치는 힘은... 되살아난 악은 반드시 파괴된다...\" {n}당신을 보지 않고 트리스티안은 나락의 눈에 손을 뻗습니다.{/n}"
    },
    {
      "Key": "92b563ba-421b-46cb-96bd-cfbe29732f6a",
      "Value": "\"안 돼!\" {n}창백해진 트리스티안은 당신을 봅니다.{/n} \"안 돼! 나락의 눈은 슬픔과 절망을 깊게 해서 필멸자에게 고통을 줘! 그러지 마. {name}. 그것은 파괴되어야 해.\" {n}트리스티안은 잠시 침묵합니다.{/n} \"나락의 눈 때문에 나는 모든 것을 잃었어. 다시 누군가가 쓰러지기 전에 그것을 파괴해야 해.\""
    },
    {
      "Key": "c0b49a38-43c0-45b8-bde2-57cc60e0b7c7",
      "Value": "{n}트리스티안의 눈에 눈물이 고였지만 그의 표정은 확고하고 말투는 단호합니다.{/n} \"나를 용서해줘.\" {n}그는 주먹을 쥐고는 갑자기 그의 눈에 불꽃이 일었습니다.{/n}"
    },
    {
      "Key": "cd109201-34e2-4e10-9c93-9fdef2460a7a",
      "Value": "{n}트리스티안은 머리를 흔듭니다.{/n} \"안 돼... 오직 방법은 하나야... 하지만 너는 아니야...\" {n}그는 한숨을 쉬고는 자매의 시체 옆에 무릎을 꿇습니다.{/n} \"이건 내 의무야. {name}. 내가 대가를 치르겠어.\""
    },
    {
      "Key": "19f32b92-ec99-4d85-ba30-e0e2efeb4458",
      "Value": "{n}트리스티안은 손을 뻗어 {g|Abaddon}나락{/g}의 눈을 자매의 눈에서 빼냅니다. 그리고 한걸음 물러서 손을 눈에 대고 다른 손으로 유물을 쥐고 하늘 높이 들었습니다.{/n}"
    },
    {
      "Key": "4ebf7585-a11c-412e-81aa-5b00fc4c4895",
      "Value": "\"자비로운 {g|Sarenrae}서렌레이{/g}시여! 당신의 사도의 기도를 들어주소서! 내가 저지른 일을 되돌릴 수는 없으나 다른 이들이 같은 길을 걷지 않게 할 수는 있습니다! 내게 용기를 주고 영원한 어둠 속에서 빛의 길을 걷게 하소서!\"\n{n}잠시 동안 어두운 방은 빛이 났고 눈부신 꽃이 트리스티안의 손바닥에 놓여있습니다. 성직자는 한숨을 쉬고는 신성한 불꽃이 타오르는 손바닥을 눈에 댑니다. 그의 다른 손은 {g|Abaddon}나락{/g}의 눈을 떨어뜨려 바닥에 깨뜨립니다.{/n}"
    },
    {
      "Key": "b53cda41-6c01-492a-ad6f-74002667405d",
      "Value": "{n}트리스티안은 당신을 고통스러운 눈빛으로 봅니다.{/n} \"{name}? 내 운명을 결정하기 전에 한마디만 할게. 나이리사는 사라졌어. 이제 그녀 때문에 침묵하지 않아.\""
    },
    {
      "Key": "73f9617d-c70c-4a5d-b351-d7b4dc0c8357",
      "Value": "{n}트리스티안은 손바닥으로 고통과 안도의 눈물을 흘리는 얼굴을 덮습니다. 그의 눈은 다시 불투명합니다.{/n} \"영원한 어둠을 대가로 나락의 눈을 파괴했습니다...\" {n}그는 씁쓸하게 웃습니다.{/n} \"{g|Sarenrae}서렌레이{/g}의 종에게 그녀의 빛을 빼앗기는 것보다 더 큰 처벌은 없을 테지만, 제가 저지른 모든 일들에 맞는 처벌이겠죠.\""
    },
    {
      "Key": "650960cb-0210-4a97-8a93-14d122a319c6",
      "Value": "{n}트리스티안은 떨리는 입술로 힘 없이 대답합니다.{/n} \"고마워.\"\n{n}성직자는 진정하려는 듯 깊은 한숨을 쉬었고 그의 목소리에 힘이 돌아옵니다.{/n} \"여기를 떠나 도시로 향할 거야. 걷다 보면 내 죄를 어떻게 갚을지 생각하기 쉽겠지.\" {n}그는 작별의 인사로 끄덕입니다.{/n} \"다시 만나길, {name}\"."
    },
    {
      "Key": "50c492f8-7510-4868-b233-d4fd8879629c",
      "Value": "{n}트리스티안은 당신의 말에 동의할 수 없어서인지 부끄러워서인지 손을 늘어뜨립니다.{/n} \"나를 용서해. {name}.\""
    },
    {
      "Key": "f7fbb61d-8a28-421f-949c-35f2ae9ba868",
      "Value": "\"다음에. 지금은 아니야. 나를 보내줘. 내가 악으로부터 세상을 구하게 해줘...\""
    },
    {
      "Key": "4d6c5318-aadb-44db-90f1-912d20f66ad8",
      "Value": "{n}공포의 그림자가 트리스티안의 얼굴에 지나갔지만 그는 침묵합니다.{/n}"
    },
    {
      "Key": "b014f1f2-708f-41b9-9b7e-07f91fd97597",
      "Value": "{n}트리스티안은 고개를 떨굽니다.{/n} \"나는 한 때 {g|Sarenrae}서렌레이{/g}의 충실한 종이자 전령인 데바였어. 필멸자의 기도를 듣고 여신님의 다른 종에게 그 기도를 전하는 것이 내 사명이었지. 나이리사의 덫에 걸리기 전까지는 말이야.\""
    },
    {
      "Key": "594fcc12-73c5-45e7-8eeb-a02b6f843c94",
      "Value": "\"그녀는 내 힘을 빼앗아가고 여신님과 멀어지게 했지. 그게... 내가 기억하는 전부야.\""
    },
    {
      "Key": "9e4324bb-2550-4be4-bedb-6f2e47f4d664",
      "Value": "\"나이리사는 자기를 섬기지 않으면 내 날개를 돌려주지 않고 다시는 {g|Sarenrae}서렌레이{/g}를 볼 수 없게 하겠다고 위협했고. 그녀는 내게...\" {n}트리스티안은 말이 없어지더니 그의 얼굴이 어두워졌습니다.{/n}\n\"너에게 다시 거짓말을 하는군. {name}. 내가 겁에 질리지 않았다면 나이리사는 나를 부수지 못했을 거야. 하지만 나는... 필멸자가 되는 것이 두려웠지.\""
    },
    {
      "Key": "3aa48fcb-fe1b-4677-b3a1-5ef3881e4c68",
      "Value": "\"님프다. 아름다운 생명체지. 가장 매혹적인 괴물이기도 해. 하지만 그녀가 누구인지 무엇을 원하는지는 나도 몰라.\""
    },
    {
      "Key": "92fa4a5c-b37c-4d7e-93db-efa0a7c95ccb",
      "Value": "\"나는 음의 에너지 세계를 통과할 때 그녀와 마주쳤어. 마치 시공간이 내 몸에 상처를 입히는 것 같았고. 내 자존심과 자부심을 따라 이 세계로 오게 된 거야.\" {n}트리스티안은 고개를 흔듭니다.{/n} \"그녀가 나를 쓰러뜨리는 데는 1초도 걸리지 않았지.\""
    },
    {
      "Key": "f9edeb17-af38-4622-ab7a-78d855be6f39",
      "Value": "\"도망가기 전 그녀는 내게 덫을 놓았고 나는 끔찍한 악몽으로 사로잡혔어... 그리고 깨어난 후에 나는 필멸자가 되어있었어. 나는... 선택의 여지가 없었어.\" {n}트리스티안의 목소리는 커지더니 절망적으로 변합니다.{/n} \"어떤 선택의 여지조차.\""
    },
    {
      "Key": "bd63f96f-a6ed-4fb8-abac-f0211e2d0cd8",
      "Value": "\"모르겠어. 그녀를...\" {n}트리스티안이 말을 바꿉니다.{/n} \"너를 파괴하지 못하고 그녀는 나에게 화가 났지. 그녀의 호의를 다시 되찾는 방법은 {g|Abaddon}나락{/g}의 눈을 찾아 가져가는 것이었어.\""
    },
    {
      "Key": "5b504155-820c-40fb-8caf-21b6456969a1",
      "Value": "\"그녀가 왜 그것을 원하는지는 모르겠지만 너를 포함해 그녀의 길을 막는 자들을 파괴하려고 했던 것 같아. 부탁이야. {name}. 제발 조심해. 그녀는 한번 기억한 적은 잊지 않아.\""
    },
    {
      "Key": "155afd86-d600-4c14-b51e-bcae2ebc46c0",
      "Value": "\"내가 나이리사의 마법에서 깨어났을 때 나는 필멸자가 되어있었어. 더 이상 천사가 아니었지. 나이리사가 나의 불멸과 여신과의 연결을 빼앗아갔다고 하더군... 하지만 자매의 말은 달랐어...\""
    },
    {
      "Key": "d7bd1531-c448-47e2-b68a-65440c39f20c",
      "Value": "{n}트리스티안은 깊은 숨을 쉬고는 고개를 듭니다.{/n} \"무엇이 진실이고 거짓인지 모르겠어. 이 전에는 나이리사가 나와 {g|Sarenrae}서렌레이{/g} 사이를 막는다고 생각했어. 하지만 지금은... 그녀가 거짓말을 하는 것 같아.\""
    },
    {
      "Key": "97c86b00-de92-4847-8887-b285d0f81ce0",
      "Value": "\"나는 거짓과 기만에 질렸어. 우리의 만남은 우연이 아니었어... 나를 {g|Temple of the Elk}엘크의 신전{/g}에 보낸 것은 나이리사였어. 그녀가 안개를 만들고 조드에게 환상을 심어주었지. 그 이후로 나는 너를 지켜보며 때를 기다렸어. 나이리사를 위해.\""
    },
    {
      "Key": "cbc6ebe4-9798-4ce0-86bc-a80e0836b06a",
      "Value": "\"하지만 그것은... 그게 전부가 아니야. 나는 네 영지에 역병이 퍼지는 것도 도왔어. 너도 알다시피...\" {n}트리스티안은 고개를 흔듭니다.{/n} \"보다카이의 무덤에서 일어난 일은 내가 저지른 일 중의 하나일 뿐이야.\" {n}트리스티안은 잠시 침묵합니다.{/n} \"그게 다야. 나를 원하는 대로 해.\""
    },
    {
      "Key": "248fa40f-a66d-42bc-9fbf-03d0a4ccbb32",
      "Value": "\"일부분은 맞아. 나이리사는 제일신자를 매혹해 네 머리를 가져오면 천국으로 인도해주겠다고 신도들을 속였지. 내 일은 너를 유인하는 일이었어.\""
    },
    {
      "Key": "62872d63-894c-4dfa-9f5b-8341b17d3c05",
      "Value": "{n}트리스티안의 얼굴에 그림자가 드리운 웃음이 나타납니다.{/n} \"하지만 나이리사는 내게 너를 유인하라고만 명령했었어. 너를 지키지 말라고는 안 했지. 그래서 전투에서 너와 함께 싸운 거고.\""
    },
    {
      "Key": "f998b738-ebe3-460f-9580-12b910c4960a",
      "Value": "\"그것은 나이리사의 창조물이었지. 필멸자를 죽게 해 {g|First World}태초 세계{/g}로 가는 문을 여는 이상한 식물은. 모두 아는 것은 아니지만... 내 지식을 이용해 두 세계를 동시에 연결하는 꽃을 심는 것이 내 일이었어.\""
    },
    {
      "Key": "7db43db7-968c-4bb3-b515-05e0f69748a7",
      "Value": "{n}트리스티안이 얼굴을 찡그립니다.{/n} \"나이리사가 한 일은 끔찍하지만... 내가 비난할 처지는 아니지. {g|Sarenrae}서렌레이{/g}가 보고 계시는데 그런 일을 저지르게 두고 싶지 않았어. 하지만 그녀의 신성한 빛을 잃을 거라는 두려움과 내 믿음이 흔들려... 나이리사의 명령대로 한 거야.\""
    },
    {
      "Key": "18b2b609-65ab-4de1-be6a-8c4249d60872",
      "Value": "{n}트리스티안은 서투르게 당신을 안습니다. 당신은 그의 심장박동을 느꼈고 그것은 미친 듯이 뛰었지만 이내 천천히 뛰기 시작했습니다. 걱정이 천사의 몸에서 떠난 것 같습니다.{/n} \"너에게 고맙다는 말도 모자라. {name}.\""
    },
    {
      "Key": "79180baf-c4b8-432a-89ff-83495f1883e0",
      "Value": "{n}한숨을 쉬며 트리스티안은 당신을 천천히 밀어냅니다.{/n} \"내게 생각할 시간을 줘. 혼자 수도로 갈게. 나는... 생각할 것이 많아 안녕히. {name}.\""
    },
    {
      "Key": "88d06b6f-0fa9-42f5-9b10-d6808446d14f",
      "Value": "{n}발레리는 깊은 한숨을 쉽니다.{/n} \"당신만이 결정할 수 있지만... 저라면 배신자는 다시 믿지 않을 겁니다. 절대로요.\""
    },
    {
      "Key": "b84e0159-3e25-4d45-a4e2-545e0d94d928",
      "Value": "\"다른 곳에서 너의 새로운 집을 찾기를 바란다. 트리스티안. 이렇게 되어서 정말 유감이야. 안녕히.\""
    },
    {
      "Key": "625eea14-91c7-4141-8b39-f2e5502cc835",
      "Value": "\"불쌍하구나. 정말 힘들었겠어! 노예보다 지독한 생활이었겠군...\""
    },
    {
      "Key": "a006f3a2-0475-4063-83b3-3ee2d4151a82",
      "Value": "\"우리는 신성한 빛의 천사와 함께 했었던 거군! 트리스티안이 무언가를 숨기고 있다고 생각은 했지만 이런 사실을 숨겼을 줄이야...\""
    },
    {
      "Key": "0cb9b259-ad46-4892-9b32-8674aca8945a",
      "Value": "\"그리고 내가 잘 못 알고 있었네. 트리스티안. 너를 다른 차원에서 온 전능한 생명체로 존중해 줘야 할지... 신성한 능력마저도 잃어서 세 배로 멸시해야 할지 결정을 못 내리겠네.\""
    },
    {
      "Key": "23f9321e-c72c-47bc-a14c-f9c0349d2ac2",
      "Value": "\"노예나 다름 없구나. 용기도 없어서 탈출도 못하다니. 게다가 마녀가 하라는 대로 움직이다니. 그리고 친구도 배신했어!\""
    },
    {
      "Key": "fa4155fb-af74-4655-9fcb-75bedc85d3d7",
      "Value": "\"그 님프는 정말 놀랍군.\""
    },
    {
      "Key": "8f07f88c-076f-4f06-b039-10732a97d3e6",
      "Value": "\"뭐? 그는 계속 거짓말을 했어.\" {n}아미리의 목소리에는 비꼼이 담겨있습니다.{/n} \"어떻게 화롯불에 같이 휴식하고 함께 싸우던 동료를 배신할 수가 있지?! 이런 역겨운 녀석은 처음이야. 그러고도 착한 척이나 하고 있다니!\""
    },
    {
      "Key": "918cabd0-0d41-4978-b5f7-7898c38939d9",
      "Value": "\"아아아! 말- 말하는거 그만! 머리 아파!\""
    },
    {
      "Key": "513fbb33-02eb-47ee-9a46-7175df5fad8a",
      "Value": "\"나이리사는 {g|Tors of Levenies}레베니스 바위산맥{/g} 아래에서 고대의 힘을 발견했어. 그녀는 보다카이와 나락의 눈에 대해 알고 있었지. 단지 무덤의 위치만 몰랐을 뿐.\""
    },
    {
      "Key": "a6616ca6-2006-4e1d-a980-d2407f7405f7",
      "Value": "\"얼굴잃은 자매와 {g|Numeria}누메리아{/g}의 야만인은 무덤의 입구를 찾기 위해 보내졌어. 하지만 네가 먼저 발견했고 내가 아니었다면... 나락의 눈을 차지했겠지.\""
    },
    {
      "Key": "a371d4ca-b41b-4ed1-863c-adff1a85896d",
      "Value": "\"서렌레이의 추종자일 뿐만 아니라 천사였군. 위선자이자 무고한 사람들을 죽인 죄가 있는 배신자이고. 너를 처음 볼 때부터 마음에 들지 않았어.\""
    },
    {
      "Key": "8fad8d8a-a823-4699-9591-dff9812692dc",
      "Value": "\"카디라를 떠났던 서렌레이의 추종자가 천사였다니!\""
    },
    {
      "Key": "bef59ca6-ddda-4af4-8492-aec975295f4b",
      "Value": "\"그를 사악한 페이 마법사로부터 구했어. 트리스티안이 진실을 찾게 도와줬다고. 그에게 빚진 것은 없으니 자신의 길을 가게 하자.\""
    },
    {
      "Key": "ab04accc-51f5-4792-acce-51793efaa84b",
      "Value": "\"나는 깨달음을 주는 아름다운 이야기 따위는 믿지 않아. 그는 우리를 한번 배신했고 다시 배신할 거야. 믿지 못하는 동료보다 나쁜 게 어디 있어?\""
    }
  ]
}