{
  "$id": "1",
  "strings": [
    {
      "Key": "a1816191-521d-4471-a895-6a728c89d3fd",
      "Value": "[아미리와 함께 갑니다] \"가자.\""
    },
    {
      "Key": "e07aadc9-4a0f-4276-a606-f8faab904ac2",
      "Value": "[캠프를 떠납니다] \"잠깐. 다른 일을 먼저 해야 해.\""
    },
    {
      "Key": "6cdb2ec8-85da-4e3b-b24a-0c6bed2e740c",
      "Value": "{n}아미리는 여섯 곰 부족 야영지 근처에서 당신을 기다리고 있습니다. 그녀는 주저하며 말을 합니다.{/n} \"그래서 어떻게 하지... 갈까?\""
    },
    {
      "Key": "0936e4d5-b995-4687-9d2a-15c6906e7622",
      "Value": "\"좋아. 빨리 해치우자.\""
    },
    {
      "Key": "0e12a356-e550-4805-80b8-3ef015330a0c",
      "Value": "\"좋아. 그들을 보고 싶지 않아.\""
    }
  ]
}