{
  "$id": "1",
  "strings": [
    {
      "Key": "4d10eb39-a4da-428b-a378-38a62251d56c",
      "Value": "[문을 조사합니다]"
    },
    {
      "Key": "57e6e965-4e33-42a5-b79a-d9fb646cd1b2",
      "Value": "[문의 기둥을 조사합니다]"
    },
    {
      "Key": "6b04f5b1-08b5-48be-b8b8-ed8addf511b0",
      "Value": "[떠납니다]"
    },
    {
      "Key": "5d642b8b-463f-4574-9b16-45d1bd3af7f8",
      "Value": "[무덤에서 가져온 향로를 켜서 문의 중앙에 달린 갈고리에 걸었습니다]"
    },
    {
      "Key": "18fc4fe4-19ff-4cd0-a98b-097fd97a6cda",
      "Value": "[문에 적힌 비문을 해석하려고 했습니다]"
    },
    {
      "Key": "83291e79-b6d2-480f-be07-11aced5b8b1d",
      "Value": "[문에 그려진 그림을 해독하려 했습니다]"
    },
    {
      "Key": "9a5d45db-74a4-42d5-8497-0c8b39abd02b",
      "Value": "[문에서 물러납니다]"
    },
    {
      "Key": "453254de-ad51-45a6-b6ad-14cd6c5b08b4",
      "Value": "[동그랗게 튀어나온 부분을 조사합니다]"
    },
    {
      "Key": "bca1047d-877a-4d68-9cda-c3b4bed75474",
      "Value": "[갈고리를 조사합니다]"
    },
    {
      "Key": "6766bf1c-c0e6-4805-b7fd-d2a96288ec0e",
      "Value": "[왼쪽 기둥을 조사합니다]"
    },
    {
      "Key": "cec49d96-282f-4f77-ac09-4da8bd33f658",
      "Value": "[오른쪽 기둥을 조사합니다]"
    },
    {
      "Key": "8cbc9224-26fd-46d3-96e9-b4846a8f017c",
      "Value": "[기둥에서 물러납니다]"
    },
    {
      "Key": "25250118-0e7e-41f6-a9fa-4ba1d41694bc",
      "Value": "[당신의 이름을 외칩니다]"
    },
    {
      "Key": "b23a3599-0a2b-4fb7-8332-c1ac2ab53c9e",
      "Value": "[문에 돌을 던집니다]"
    },
    {
      "Key": "1e9667d0-6931-4bbb-9b7a-cdcaf3dd7d97",
      "Value": "{n}거대한 문이 길을 막았습니다. 문 주위에 산에서 가져와 깎은 기둥들이 박혀있었고 매우 높아서 꼭대기는 안개로 가려졌습니다. 문은 봉인되어 있지만 자물쇠나 손잡이도 보이지 않습니다.{/n}"
    },
    {
      "Key": "03066bb9-95b1-4dd0-8068-a30596174c0e",
      "Value": "까마귀는 까악거립니다. \"하찮은 생물들아! 주인이 만든 창조물을 감히 쳐다보다니! 무릎을 꿇어라! 고대인에게 빌어라!\""
    },
    {
      "Key": "0e90f25a-6ce7-4457-b7fb-0fed3dba1b4a",
      "Value": "{n}문은 무슨 힘을 가해도 열 수 없을 것 같습니다. 그 무엇이 문에 달려들어도 부서지지 않을 것 같습니다.{/n}"
    },
    {
      "Key": "4c98a9b9-0618-449e-88c0-d1d477d09c4f",
      "Value": "{n}거대한 기둥들이 안개를 뚫었습니다. 이런 거대한 구조물을 지으려면 얼마나 많은 힘이 들지 상상이 가지 않습니다.{/n}"
    },
    {
      "Key": "dd048152-cfa4-447d-aa54-1cc3c2e7314f",
      "Value": "\"우리 주인님께선 전능하시다... 그분은 군대와 노예를 움직여 산도 옮길 수 있다...\" {n}까마귀는 까악 거립니다.{/n} \"여긴 그분께서 정복한 영토를 기념하는 곳이다... 주인님께서 곧 되찾을 영토 말이다.\""
    },
    {
      "Key": "094ceda5-69b4-48d7-9413-168ab932738b",
      "Value": "{n}세월과 비바람에 의해 많은 글씨들이 지워졌지만 당신은 몇몇 상징과 글을 해독했습니다. 그리고 그것들을 바탕으로 뜻을 유추했습니다.{/n}\n\"어둠 속에서 문은 열린다.\n희미함 속에서 진실은 스스로 모습을 드러낸다.\n슬픔 속에서 죽음은 복도로 걸어간다.\""
    },
    {
      "Key": "c33e72f0-9e08-439d-be39-82230182cbda",
      "Value": "{n}고대의 비문은 세월과 비바람에 의해 훼손돼었습니다. 해독하려고 시도했지만 소용이 없었습니다.{/n}"
    },
    {
      "Key": "03f5cc63-c71e-4cbd-891c-9f1d127d989b",
      "Value": "{n}문은 고대의 비문이 빼곡히 적혀있었고 숭배와 희생을 상징하는 묘사가 보였습니다... 하지만 읽을 수 있는 비문은 높은 곳에 있어 몇걸음 물러나서야 읽을 수 있었습니다. 양 문이 만나는 중간에는 동그랗게 튀어나온 부분이 있었고 3개의 검은 갈고리가 달려있었습니다.{/n}"
    },
    {
      "Key": "05d26725-86ce-4975-bd52-ea647745e14b",
      "Value": "{n}까마귀는 머리를 돌리고는 한쪽 눈으로 당신을 봅니다.{/n} \"여기에 쓰여있는 것은 더 이상 없다. 시간과 날씨가 지워버렸다... 이것을 읽으려면 너보다 현명한 자를 데려와 글을 읽게 해라... 너보다 현명한 자는 이해할 수 있다.\""
    },
    {
      "Key": "815b99fc-9243-411c-abfe-f9b55065871c",
      "Value": "{n}문에 새겨진 그림은 세명의 사이클롭스였습니다. 그것들은 열려있는 문의 그림 앞에 서있었습니다. 셋 모두 사이클롭스 해골 모양의 랜턴을 들고 있었습니다.{/n}"
    },
    {
      "Key": "2a03b7d6-af41-4293-809e-fee7b18a03fa",
      "Value": "{n}비바람이 조각을 닳게 했습니다. 당신은 흐릿한 형상이 무언가를 들고 있는 그림인 것을 보았지만 그것들이 무엇인지 무엇을 들고 있는지 알 수 없었습니다.{/n}"
    },
    {
      "Key": "bd3cdf02-3d8b-4d4e-91e5-01dbf5d412bc",
      "Value": "{n}까마귀는 까악거립니다.{/n} \"볼 거 없다. 볼 거 없다... 폭풍이 조각을 지워버렸다... 우리 주인이 너희도 그렇게 지워버릴 것이다.\""
    },
    {
      "Key": "3a7ed81a-e5a1-416b-8460-7fb35d2e3372",
      "Value": "{n}빛나는 향로에서 사이클롭스 해골의 눈구멍으로 연기가 피어오릅니다... 당신은 연기가 솟지 않는다는 것을 눈치 챘습니다. 그것은 당신을 둘러싸고 당신 주변이 어두워질 때까지 당신을 집어삼킵니다.{/n}"
    },
    {
      "Key": "283cdbee-d97e-4d4d-bd30-3e1350b097db",
      "Value": "{n}당신은 아래로 내려가서 다시 한번 문의 그림자 안에 섰습니다.{/n}"
    },
    {
      "Key": "d7fc55bc-71cb-4212-8a80-ad15d838908d",
      "Value": "{n}고대의 자물쇠가 문의 중앙에 있을 것이라는 당신의 생각은 틀렸습니다. 문은 자물쇠나 열쇠 구멍도 없이 단단한 벽처럼 봉인되었습니다. 아마도 문은 열릴 것 같지 않습니다. 아마도 안에서 봉인된 것 같습니다.{/n}"
    },
    {
      "Key": "89eb9a6d-91b7-4fe0-bc50-4591419b28f1",
      "Value": "{n}문은 거인과 같은 종족을 위해 지은 것 같지만 바닥에서부터 보통 사람의 어깨 높이에 둥그렇게 튀어나온 부분이 있었고 갈고리 세개가 달려있었습니다. 이 문이 거인을 위한 것이라면 갈고리를 그렇게 낮게 단 것이 이상했습니다. 가까이서 보니 갈고리에는 검댕이 묻어있었습니다.{/n}"
    },
    {
      "Key": "e309a46a-ac5e-47f6-a743-79a54d86e4b9",
      "Value": "{n}당신은 구조물을 전체적으로 보기 위해 다시 물러났습니다.{/n}"
    },
    {
      "Key": "b4f7644d-cd5a-414d-b98d-417b41ec89ce",
      "Value": "{n}기둥은 바깥쪽에 설치되어있어 문보다도 비바람에 영향을 더 많이 받았습니다. 당신은 기둥에 비문이 적혀있는 것을 간신히 알아보았지만 비바람에 심하게 지워져 읽을 수 없었습니다.{/n}"
    },
    {
      "Key": "e158b7fb-44ba-44a5-96ab-b2cd0fb7d88b",
      "Value": "{n}세월과 비바람이 발치 부분에 있는 조각은 지우지 못한 것 같습니다. 기둥은 복잡한 기하학적 문양과 선인장과 꽃의 그림과 이상한 의식을 치루는 의문의 인물들의 모습이 새겨져있었습니다. 자세히 보니 이 모든 그림을 모두 조사하려면 몇시간은 걸릴 것 같았습니다.{/n}"
    },
    {
      "Key": "7405c095-e2f0-40e2-96c8-47af4a801c90",
      "Value": "{n}돌이 곡선을 그리며 문을 때리고는 땅에 떨어졌습니다. 당신은 어색한 침묵 속에 잠시 기다렸지만 아무 일도 일어나지 않았습니다.{/n}"
    },
    {
      "Key": "e9a3b6c2-07eb-4cad-9fdf-738c76868512",
      "Value": "{n}당신의 외침은 메아리가 되어 산과 문을 울립니다. 마지막 메아리가 사라진 후 잠시 조용해지고는 계곡으로부터 울음 소리와 까악거리는 소리가 메아리가 되어 돌 벽을 울렸습니다.{/n}"
    },
    {
      "Key": "d92ffa0c-95f9-4eab-9dd4-6da716866a13",
      "Value": "{n}까마귀는 머리를 돌려 작고 검은 눈으로 당신을 꿰뚫어봅니다.{/n} \"{name}. 너의 이름을 기억하지. {race}.\""
    },
    {
      "Key": "e8258aa1-9577-44ec-b467-428a6b486f8c",
      "Value": "\"사이클롭스들은 눈 구멍을 통해 영혼이 나간다고 믿었어... 향로의 연기는 사후 세계로 가는 영혼을 상징할 거야.\""
    },
    {
      "Key": "29fd9839-ab27-4d5c-9ac1-e7520cb6d644",
      "Value": "\"그 말은 {g|Charon}카론{/g}의 아가리에 들어간다는 말이지.\""
    },
    {
      "Key": "e458cc7a-77a5-4df8-bee0-7cc0f1bcdd70",
      "Value": "\"나는 여기가 싫어... 다이몬 숭배자들을 카디라에서 사냥했을 때 같아. 분위기가 정말 똑같으니.\""
    }
  ]
}