{
  "$id": "1",
  "strings": [
    {
      "Key": "a983ff1c-4326-4b16-a187-649c59e99be6",
      "Value": "\"이오발드. 사실인가?\""
    },
    {
      "Key": "b8140f36-cf5c-4d30-9e53-a3bbf356ba2f",
      "Value": "\"너와 린지가 아카데미에 관해 쓴 글은 정말이야?\""
    },
    {
      "Key": "b68eb6b6-0aa0-4b77-aee2-e3a2c2f9a4d9",
      "Value": "\"린지. 어떻게 생각해?\""
    },
    {
      "Key": "26536b98-4442-4d74-9234-8954246af71d",
      "Value": "\"네가 옳다고 생각해. 린지. 이오발드, 당신이 좋아한 학생 때문에 죽은 학생은 뭐가 되지? 누구도 그의 작품을 보지 못하겠지. 또한 그는 두 번째 기회도 얻지 못할 거야.\""
    },
    {
      "Key": "9f10e0a9-dcad-4a4e-995b-3326c1504c7e",
      "Value": "\"네가 옳다고 생각해 린지. 셸린은 악당도 용서하라고 했어. 하지만 자신의 경력을 유지하라고는 하지 않았지.\""
    },
    {
      "Key": "b8647162-74bd-4bd2-a2fc-9085f09391f1",
      "Value": "\"네가 옳다고 생각해. 린지. 아름다운 글이라도 자신의 안전을 위해 글을 쓴다면 모두 헛수고야.\""
    },
    {
      "Key": "062e962e-130b-4723-a1ba-aa4b65fde522",
      "Value": "\"이오발드가 맞아. 이 잔인한 세상은 아름다움이 필요해. 우리는 그것을 보호해야 해.\""
    },
    {
      "Key": "e02ba682-d7d4-4281-aade-a931c4c88910",
      "Value": "\"이오발드가 맞아. 우리는 아카데미를 보호해야 해. 생각해 봐. 아카데미가 없었다면 너는 배우지도 못했을 거야.\""
    },
    {
      "Key": "ba1b5a68-6e3b-4bb7-86e8-755cff58def4",
      "Value": "\"이오발드가 맞아. 아카데미는 없애기에는 아까운 자산이야. 우리가 이로베티를 처리하고 우리가 경영하면 돼.\""
    },
    {
      "Key": "52b803b9-1b41-49d0-b5d4-8e4ed2e07765",
      "Value": "\"새로운 원고는 시적 표현이 덜했으면 좋겠어. 나를 실망시키지 말라고.\""
    },
    {
      "Key": "7d7b6eb0-c9d0-4e78-af0b-c9209b58cbad",
      "Value": "\"린지. 이 책이 니가 할 일에 집중하는 데 많이 방해 될까?\""
    },
    {
      "Key": "32661f47-f789-4527-9353-ea47a5ae71b0",
      "Value": "\"나는 이 늙은 거짓말쟁이는 필요 없어. 린지. 너는 새로운 원고를 쓰는게 좋겠어.\""
    },
    {
      "Key": "6187b42f-351e-4974-84bb-0657fcf2a72e",
      "Value": "\"교수님이, 나에게 계속 거짓말을 했다니 믿을 수가 없어! 변명하지 말라고. 나는 다 들었어! 괴롭히는 이들을 은폐하고, 심지어 너를 해고한게 이로베티가 아닌 아탈리아라니! 어떻게 그럴수 있어?!\""
    },
    {
      "Key": "b737cac3-cdf0-43c0-8aa6-3a83fb44fe66",
      "Value": "\"린지, 린지 진정해! 난 너를 속이지 않았어. 내 해임 상황에 대해서 물어보지도 않았잖아, 기억해? 그게... 알다싶이... 껄끄러운 주제였어.\""
    },
    {
      "Key": "ef7733bb-bd03-4311-9800-33d61031aabe",
      "Value": "\"나는 알론디 같은 너의 수제자는 아니었지만 기초는 기억해, 거짓말의 일곱 가지 종류같은 것들 말이야! 그리고 사실을 말하지 않음으로써의 거짓말에 대한 강의도 기억해! {g|Academy of Grand Arts}대 예술 아카데미{/g}에서 벌어지는 악행을 쓰라고 말했지만, 당신 때문에 학생이 죽었다는 말은 하지 않았어! 뭣 때문에 '껄끄러운 주제'를 회피하는거야?\""
    },
    {
      "Key": "a219d629-de12-499c-ba71-e45174ce5d97",
      "Value": "\"린지. 내가 다 해명할게!\""
    },
    {
      "Key": "053e5737-fb72-4442-bdcb-803380abfe30",
      "Value": "\"사실입니다, 전하. 저는 두려웠습니다. 학생들을 가르치는데 내 인생을 바쳤지만, 도덕성을 가르치지는 못했어요. 그래서... 이런 결과가 나온 겁니다.\""
    },
    {
      "Key": "6d5584dd-179c-4318-8095-c0e4ef557e45",
      "Value": "\"하지만, 지타렌 학장에 대한 존경 때문에, 나는 그런 고질적인 악행에 대해 믿지 않았습니다. 특히 그런 어린 녀석들일거라곤! {g|Shelyn}셸린{/g}은 걷지 못하는 자를 부축하지 말고, 걸을 수 있게 도우라고 했습니다. 그리고 나는 나와 학생들의 새로운 시작을 위해 당신의 땅으로 여행을 떠났었죠.\""
    },
    {
      "Key": "1f85524d-6dc6-4fdf-9dfb-5f867813bb4e",
      "Value": "\"직접적인... 거짓말은 없었어요. 그 순진한 녀석을 보호하기 위해 말하지 않은 것이 있다는 건 인정합니다. 하지만 나쁜 의도는 아니었어요! 이로베티의 악행은 이제 비밀이 아니고, 이 책은 폭군의 몰락을 가져오게 될 겁니다! 하지만 {g|Academy of Grand Arts}대 예술 아카데미{/g}까지 끝장내고 싶진 않아요. 수많은 학생들이 이로베티에 맞서기 위해 배우고 있죠. 우리가 모든 사실을 폭로하면 학교는 더 이상 유지되지 못할 겁니다.\""
    },
    {
      "Key": "143fe0ea-515c-4664-bdf2-6e933cd44f0b",
      "Value": "\"간단하게 말하자면. 책은 모두 거짓말이지, 안그래요? 당신의 '순진한' 동료들은 모두 이로베티에게 속아 넘어갔고, 당신은 모든 책임을 그에게만 떠넘기길 원하나요? 그래서 그들은 모두 깨끗이 풀려나기 위해서요?\""
    },
    {
      "Key": "19da92e5-e47a-48ba-b04c-06d3aab147ba",
      "Value": "\"이로베티가 만든 {g|Academy of Grand Arts}대 예술 아카데미{/g}는 보호해야 해. 악행과 괴롭힘이 넘쳐나는 곳이지만, 세상을 더 나은 곳으로 바꿀 잠재력을 가진 뛰어난 예술가들이 많으니까! 새싹을 짓밟지는 말아야 하지 않겠어?\""
    },
    {
      "Key": "a8d8f189-73f8-49e5-96d2-b63270dbbeea",
      "Value": "\"모르겠어요. 스승님은 세상은 물질이 전부가 아닌 이야기로 만들어진다고 여러만 말해줬잔아. 그리고 우리는 그 이야기들을 믿고 산다고. 하지만 이런 이야기들도 사실이여야 하지 않아? 사람은 근본적으로 이야기를 사랑하는 동물이라고 했지만 실제로는 사람은 단지 거짓말을 하는 짐승이라는 뜻이였어?\""
    },
    {
      "Key": "10f6c235-2753-4e36-89ee-064afb8e206c",
      "Value": "\"그렇다면 진실은 뭐야? 과거 사건의 정확한 진술? 우리는 역사가가 아니야. 음유시인의 이야기는 관객들을 감동시켜. 진실과 거짓이 우리의 소재인 거지. 조각가들의 대리석이 재료이듯 말이야. 그런 이야기들로 화를 내고 질투하거나 사랑하고 용기와 희망을 심어주는 거지. 이야기의 진실은 중요치 않아. 중요한 건 관객들이 어떻게 느끼느냐이지.\""
    },
    {
      "Key": "f8e72f27-7d5a-4e3f-bbb8-d679a71f021e",
      "Value": "{n}린지는 당신을 당황스러운 눈으로 봅니다.{/n} \"나는... 어떻게 해야 할지 모르겠어! 원고를 태우고 아카데미의 더러운 진실에 대해 쓰고 싶어. 하지만... 스승님이 맞다면, 이건 끔찍한 실수일까? 못된 녀석들이 벌을 받는 것보다 {g|Academy of Grand Arts}대 예술 아카데미{/g}를 구하는 것이 더 중요할까?\""
    },
    {
      "Key": "5b865187-d1c7-4598-9feb-c8ad48ee270e",
      "Value": "\"너는 통치자의 관점에서 보고 있어... 나는 쥐뿔도 모르겠지만! {g|Academy of Grand Arts}대 예술 아카데미{/g}를 구하는 것이 중요하다면 정말 그렇겠지.\""
    },
    {
      "Key": "1ca84e4e-ebd6-4d73-9177-81798698f409",
      "Value": "{n}이오발드는 머리를 숙입니다.{/n} \"네가 맞아... {g|Shelyn}셸린{/g}은 예술보다 인간의 목숨을 더 소중히 하라고 했어. 내 눈물이 눈 앞을 가리는구나. 사람들의 목숨보다 학생들의 작품이 더 중요한 나는 누구지? 우리가 부추긴 사람들의 선동으로 얼마나 많은 자들이 죽어야 하지?\""
    },
    {
      "Key": "65cde03a-3a64-4ae0-8bbc-557614f94ead",
      "Value": "{n}이오발드는 머리를 숙입니다.{/n} \"아탈리아가 나를 쫓아낼 때도 그렇게 말했어. 그녀가 맞았어.\""
    },
    {
      "Key": "bf8afdbd-45e0-4bcc-8910-549b17e005fa",
      "Value": "{n}이오발드는 머리를 숙입니다.{/n} \"나는... 네가 맞다고 생각해. 나는 자비를 너무나 베풀어 이런 불의가 일어났어.\""
    },
    {
      "Key": "c868cd26-efcf-4edb-9162-73b9082864af",
      "Value": "\"그런 것 같아... 죄가 없는 사람이 누가 있겠어? 우리의 예술로부터 진실만을 받아들인다면 그 모든 작품들은 헛된 거야. 그거야 말로 야만행위지!\""
    },
    {
      "Key": "51a839a5-d668-46ac-8163-65aaa980f61d",
      "Value": "\"네가 맞아. 이베로티는 돼지고 {g|Academy of Grand Arts}대 예술 아카데미{/g}의 규칙은 쓰레기였지만 그걸 극복한 내가 자랑스러워. 나는 누구에게서도 아카데미를 빼앗을 권리는 없어. 물론 다른 사람들도 말이야!\""
    },
    {
      "Key": "27c659e6-d0c4-4a91-b99f-3b87a99321a1",
      "Value": "\"미안해. 린지. 오늘은 내가 한 수 배운것 같구나. 책을 다시 쓰자. 너에게 내 잘못을 포함해 모든 사실을 말해줄게.\""
    },
    {
      "Key": "2513e680-c7a6-4317-92e0-3a3517472eb0",
      "Value": "\"만약에 진실이 밝혀져 {g|Academy of Grand Arts}대 예술 아카데미{/g}가 파괴된다면 더 이상 남아날 게 없어. 우리는 바로 일을 시작해야 해!\""
    },
    {
      "Key": "879df8b4-f3fa-4667-a323-768f32f02c01",
      "Value": "\"좋아. 선생님. 계획한 대로 책을 끝내자. 하지만 나에게 만은 빠짐없이 사실을 말하겠다고 약속해줘! 음유시인의 소명이 진실을 듣고 그것을 누설하지 않는 거라면 나도 같이 그 짐을 짊어지겠어.\""
    },
    {
      "Key": "fa0a7447-3741-47d0-9009-1625672848cd",
      "Value": "\"고마워. 린지. 빠짐 없이 모두 말해주마. {g|Academy of Grand Arts}대 예술 아카데미{/g}를 더 나은 곳으로 만들자!\""
    },
    {
      "Key": "8aaff3b7-347c-4d62-8c1e-b97093450e2a",
      "Value": "\"하지만... 나는 {g|Academy of Grand Arts}대 예술 아카데미{/g}의 진실은 몰라! 나는 더 알아야겠어!\""
    },
    {
      "Key": "d094df73-4892-4632-a5c0-681bfc7ab195",
      "Value": "\"빠짐 없이 모두 쓰겠어. 내 동료들의 죄와 나의 죄도. 그리고 내가 부정직했던 순간도... 말하겠어. 나머지는 너에게 맡기지.\""
    },
    {
      "Key": "8c8a9488-c540-41d2-9121-8241c37e54d9",
      "Value": "\"그게 .. 공평하네. 전하, 린지... 실망시킨 것에 대해 용서해줘.\""
    },
    {
      "Key": "eb495baf-6f0d-459b-ae4e-acccf2e73e94",
      "Value": "\"{g|Shelyn}셸린{/g}의 이름을 걸고 맹세하는데 아무것도 숨기지 않겠어. 진실이 드러나도록 노력할게.\""
    },
    {
      "Key": "9b9590f8-4cce-4270-824c-fd033d9d669f",
      "Value": "\"물론 아니지! 너의 연대기는 수 년간 공을 들였어! {g|Academy of Grand Arts}대 예술 아카데미{/g}에 관한 책은... 몇 달이면 완성될 거야.\""
    },
    {
      "Key": "75754610-cd8c-4b40-97e3-68015187bb22",
      "Value": "\"물론이지. 친절하게 대해주어 고맙다. 가자. 린지. 시간이 없어.\""
    },
    {
      "Key": "6a081822-4394-45ac-b86c-38bca8a1fae9",
      "Value": "{n}린지는 알론디를 봅니다.{/n} \"그리고 너는... 짐 싸고 떠나. 단 한마디도 하지 마. 너의 변명이나 사과는 관심 없으니까. 너를 다시는 보고 싶지 않아.\""
    },
    {
      "Key": "8a077e37-7c1d-44bf-aa2d-4b919383302d",
      "Value": "{n}알론디는 입을 다물고 침을 꼴깍 삼킵니다. 그는 말없이 끄덕이고는 떠났습니다.{/n}"
    }
  ]
}