{
  "$id": "1",
  "strings": [
    {
      "Key": "6c74dc38-fe20-46de-be29-feca71db4efc",
      "Value": "\"그는 이름을 받을 자격이 있다고 생각해.\""
    },
    {
      "Key": "613ee77f-37e1-4564-afe9-2f19a02b088c",
      "Value": "\"이름을 지어주는게 너에게 어려운 문제라면, 굳이 할 필요는 없어.\""
    },
    {
      "Key": "4f979709-09a9-4cf3-8d5f-5cbf191f2671",
      "Value": "[계속 침묵합니다]"
    },
    {
      "Key": "a44b3ade-c735-4039-ab08-e981a2909f5f",
      "Value": "{n}근처에 서 있던 늑대는 꼬리를 흔들고 에쿤에게 접근합니다.{/n}"
    },
    {
      "Key": "4976de0c-c563-461f-ac85-ee36013ccbda",
      "Value": "\"앗... 저길 봐. 에쿤! 이렇게나 충성심이 강한데! 이름을 지어줘!\""
    },
    {
      "Key": "40c36f06-1260-492d-952f-179711a96a34",
      "Value": "\"맞아. 너는 오랫동안 함께 해주었고, 많은 것을 함께 겪어주었지..\""
    },
    {
      "Key": "06ce05d0-7310-48bc-ac25-377965ecb783",
      "Value": "{n}은타비는 머리를 흔듭니다.{/n} \"마음은 가는대로 움직여야지. 왜 있지도 않은 감정을 만들어?\""
    },
    {
      "Key": "c20f8d5d-8640-483b-ad03-111e092cdb86",
      "Value": "\"그의 충성심은 인정할만 해. 하지만 운명을 결정할 준비는 안됐군.\""
    },
    {
      "Key": "eb1545c3-6e95-48dd-a575-28f77ddf0af9",
      "Value": "{n}Ntavi는 이해하며 끄덕입니다.{/n}"
    },
    {
      "Key": "e9894e64-9b1c-4f04-9246-9eab95e57183",
      "Value": "{n}개를 보고 잠시 생각하면서 에쿤은 미소짓습니다.{/n} \"네 이름은 오크보다.\""
    },
    {
      "Key": "7b00f533-bed4-46a4-9330-2884f1d0ef10",
      "Value": "{n}엘리나는 에쿤을 바라보며 잠시 온 세상을 잊은 것 같습니다.{/n} \"훨씬 좋은데요!\""
    },
    {
      "Key": "d120c83c-5e14-4c11-928e-bc3b30b6017b",
      "Value": "\"멋지고 늠름한 이름이인걸요! 잘 지었어요.\""
    },
    {
      "Key": "180ee5d3-e7ba-444b-a912-768ea6f590b9",
      "Value": "\"그건그렇고, 친구들....좀 재미없는 소리처럼 들리겠지만, 저는 꽤 피곤하네요. 곧 도시에 가야하니까 이제 짐을 꾸릴 때가 되지 않았을까?\""
    }
  ]
}