{
  "$id": "1",
  "strings": [
    {
      "Key": "cdb8fec6-bfca-4927-a2e0-0aa8bb501693",
      "Value": "\"제이탈. 그만해! 네 딸에게 그럴 순 없어.\""
    },
    {
      "Key": "0bc8c0bd-24c5-4a1c-91ae-b6fedd4097bb",
      "Value": "\"인생은 기쁨과 감정으로 가득해서 언데드로는 맛볼 수 없는 것들이야. 네 딸의 시체를 취해. 네가 바라는 대로 몸을 바꿔.\""
    },
    {
      "Key": "e27d0bda-bc7f-477c-94e0-534333a3fc8d",
      "Value": "\"언데드의 삶은 새로운 힘으로 가득하고 네가 자연의 법칙을 지배하게 해주지. 네 딸을 희생해서 너의 목적을 이뤄라.\""
    },
    {
      "Key": "700a667c-8b11-4ce1-b9d6-4155179cd9d0",
      "Value": "\"원하는대로 해. 네 선택은 신경쓰지 않아.\""
    },
    {
      "Key": "7f0d7cbe-8201-43ec-92ff-1fb072294404",
      "Value": "[제이탈을 공격합니다] \"더는 못참아! 네 악행은 더 이상은 못 봐줘!\""
    },
    {
      "Key": "0ff921ea-517e-4b31-88d1-37570a196dc3",
      "Value": "\"그녀는 네 딸이야. 사랑의 감정이 메마른 거야?\""
    },
    {
      "Key": "50690ff2-cceb-4ebd-b86f-f467762d6934",
      "Value": "\"딸을 키우느라 고생했을 텐데. 딸이 자랑스럽지 않았어? 이제 와서 희생하겠다는 거야?\""
    },
    {
      "Key": "4c546ae4-d2d9-4f97-84cf-d3c9ea2b57b2",
      "Value": "\"이게 바로 처음으로 노텔라라가 너에게 반항한 이유야. 늦기 전에 무의미한 폭력을 멈춰.\""
    },
    {
      "Key": "7283f0f5-53e0-4ae6-9b16-0b6d13fc5fb9",
      "Value": "\"네 인생이 지금 어떻게 됐는지 모르겠어? 계속해서 피를 흘리고 이러다 앞으로도 더 흘리겠어.\""
    },
    {
      "Key": "1fce4caa-0621-4b75-beb4-637aa439fa78",
      "Value": "\"가시 강의 캠프에 있던 소녀를 기억해? 언데드가 될 바에야 죽는 것이 나았어. 너는 파괴와 슬픔을 지녔어. 우르가쏘아가 네게 준 선물이지.\""
    },
    {
      "Key": "383c781f-e2b1-4645-9530-dfe0e3d2373d",
      "Value": "\"타네카를 기억해? 에네오의 짓을 비난할 수는 있지만 사실 우르가쏘아를 믿은 건 그녀이고 그로 인한 고생은 자신의 것이야.\""
    },
    {
      "Key": "9afc53f7-427e-433e-b717-55eab21332bf",
      "Value": "\"우르가쏘아가 너의 어두운 내면을 일께웠어. 하지만 네가 목표를 향해 끈기있게 나아가는 모습을 보며 너의 다른 모습을 보았어.\""
    },
    {
      "Key": "8ea594d7-ba99-4e15-b58a-1776f290f6cf",
      "Value": "[제이탈을 공격합니다] \"그렇다면 무력으로 멈출 수밖에.\""
    },
    {
      "Key": "7379d74f-edda-4253-87ed-0786642e4689",
      "Value": "\"더 이상 할 말이 없다.\""
    },
    {
      "Key": "f8c0b737-0f25-4e89-9b58-d7bbc84a6848",
      "Value": "\"타네카의 의식? 사용하면 어떻게 될까?\""
    },
    {
      "Key": "4cbcb028-d694-4aaa-bbea-a848bf9bc0ba",
      "Value": "{n}제이탈은 쓰러진 노텔라라에게 다가가서는, 그 자리에 석상처럼 얼었습니다. {g|Thorn River}가시 강{/g} 엘프 야영지에서 했던 의식과 다른 점은 없습니다. 그러나 인퀴지터의 발치에 누인 제물은, 나중에 가선 얼굴도 잊어버릴 낯선 엘프 소녀가 아닙니다. 아직 숨이 붙어있는 자신의 딸입니다.{/n}"
    },
    {
      "Key": "458324b0-4e5e-492c-b840-80eac159ac73",
      "Value": "\"... 들려.\" {n}제이탈의 목소리는 가라앉았고 당신은 그것이 당신이나 그녀의 딸도 아닌 중얼거림을 알았습니다. 잠시 동안 악의에 찼지만 의기양양한 누군가의 존재감으로 이상한 감각을 느낍니다. 그리고 그 기분은 사라집니다. 제이탈의 눈빛은 또렷해집니다.{/n} \"주인님. 준비 되었습니다.\""
    },
    {
      "Key": "c8d63eee-e027-4585-be4b-1835f25518cc",
      "Value": "{n}제이탈이 당신을 돌아봅니다. 언데드의 짙은 눈이 밤하늘을 꿰뚫는 벼락처럼 빛납니다.{/n} \"{g|Urgathoa}우르가쏘아{/g}의 뜻을 밝히겠다. 나는 여신의 축복을 받은 자, 허나 대가로 여신은 내게 희생을 요구하신다. 나는 완전한 언데드로, 우르가쏘아의 전령으로 거듭날 것이나, 그분은 피를 원하신다. 내 딸의 목숨을 여기 바치노라.\""
    },
    {
      "Key": "b0b6140a-bf98-4ca1-989c-ba58f01084c3",
      "Value": "\"그녀를 막아. {name}. 자기 딸을 죽이고 몸을 빼앗는 건 악인의 짓이야. 되돌릴 수 없을 거야. 제이탈이나 그 누구도.\""
    },
    {
      "Key": "ca276608-9cff-4556-ade0-da20af95f37d",
      "Value": "\"그녀는 곤경에 처했고 패배는 예상된 것이었다. 어머니와 딸 모두의 패배다.\""
    },
    {
      "Key": "7eb7984a-491f-44ba-a2bb-09cd7846637b",
      "Value": "\"내 소견을 말하자면 상황이 정말 안좋아졌고 너는 신중하게 결정해야 해. 신을 간섭하는 건 좋은 발상은 아니야.\""
    },
    {
      "Key": "69e58f05-735e-420e-b1fb-28bf78abe414",
      "Value": "{n}노텔라라는 입을 열려고 애쓰고 있습니다.{/n} \"그래서 너의 신에게 나를 바치겠다는 거야? 내 예상을 벗어나지 않는군!\""
    },
    {
      "Key": "7eb93cf3-4fd6-4e6f-9b9f-9ce8600a1989",
      "Value": "{n}제이탈이 당신에게 향합니다. 그녀의 눈은 차가운 불꽃처럼 빛납니다.{/n} \"{g|Urgathoa}우르가쏘아{/g}는 내가 선택하길 바라신다. 타니카의 의식을 사용해 살아있는 몸을 얻을 수도 있다. 내가 벤 아이는 내 불멸의 자원이 될 것이다. 나는 불멸이 되어 몸을 바꿔간다면 엘프의 수명조차 뛰어넘을 수 있을 것이다.\""
    },
    {
      "Key": "e23613e0-5f14-4ea7-96f6-47db15258af1",
      "Value": "\"다른 선택지도 있다. 나는 영원히 언데드로 남는 것이다. 내 마지막 희생의 댓가로 {g|Urgathoa}우르가쏘아{/g}는 나에게 새로운 힘을 줄 것이다. 나는 완벽한 언데드가 될 것이다. 어떤 선택이든 나는 그녀의 추종자이다. 내 여신님은 내가 딸의 생명을 취하길 원하신다.\""
    },
    {
      "Key": "50191765-a0ce-4531-a8da-6f4edb1a8601",
      "Value": "{n}제이탈의 눈은 공허하고 움직임이 없습니다.{/n} \"네가 무슨 말을 한지나 알아? 나는 {g|Urgathoa}우르가쏘아{/g}를 거스를 수 없어. 불복종은 용납하지 않을 거야. 너를 잘 섬겼지만 나는 해야할 일을 하겠다.\""
    },
    {
      "Key": "0da5efa3-ca4f-44fe-bbea-4053698e93f3",
      "Value": "\"그런 어리석은 감정에 내가 약해질 거라 생각했나?\""
    },
    {
      "Key": "03db623d-1972-4ee9-842f-3c7ed9e77029",
      "Value": "{n}제이탈의 어두눈 눈에 희미한 의심의 눈빛이 서립니다.{/n} \"나는... 후회할 것이다. 아마 가끔은 슬퍼할 것이다. 하지만 되돌아가지 않겠다.\""
    },
    {
      "Key": "c26a10b3-a2d3-41d1-9578-68617668db88",
      "Value": "\"선과 정의를 위해 나를 희생하라는 건가? 그런 감정은 {g|Kyonin}쿄닌{/g}에서 버린 지 오래다.\""
    },
    {
      "Key": "fdd0ae32-f90e-4c94-9144-07011f3a5246",
      "Value": "\"내 착한 후원자가 다시 나를 방해하는군! 그래도 변치 않은 것은 여전하군. 그런 면은 존중한다.\""
    },
    {
      "Key": "0b6bf7ea-90a1-4ac2-bf86-aa68e6fc0959",
      "Value": "\"내가 나를 비난한 건 기억나지 않아. 내가 {g|Kyonin}쿄닌{/g}에서 저지른 살인을 너도 알 테고. \""
    },
    {
      "Key": "6caf6bf7-2dd5-4bae-8016-b50f14263c25",
      "Value": "\"나는 그녀를 고문하려는게 아니다, 이는 단지 그녀의 젊음과 아름다움을 영원히 {d|Jaethal Kill Elf}지키기{/d} 위함일 뿐이다!\" {n}제이탈은 두 소녀를 비교하고 예전의 기억을 떠올리듯 자신의 딸을 한동안 쳐다봅니다.{/n}"
    },
    {
      "Key": "a9376940-a21c-4cc6-bd5b-a238756c4a07",
      "Value": "\"하지만 소녀를 언데드로 {d|Jaethal Keep Elf}되살리자고 건{/d} {name} 네가 아니었나?\""
    },
    {
      "Key": "f178dba3-8256-4be8-bbc9-4c34ee38c752",
      "Value": "\"그녀는 {d|Jaethal Taneka Dead}멍청하고 약해서{/d} {g|Urgathoa}우르가쏘아{/g}의 선물을 받을 자격이 없었다. 하지만 나는 다르다. 나는 바램대로 살 것이다. 나는 쥐새끼처럼 도망다니지 않을 것이다.\" {n}제이탈의 얼굴은 무표정하지만 타네카의 끔찍한 말로가 그녀를 흔든 것 같습니다.{/n}"
    },
    {
      "Key": "b72ff80b-cba1-4330-b75f-7b0367deb382",
      "Value": "\"그녀가 언데드가 되었다면 더 행복했겠지. 내가 그녀에게 그 선물을 주라고 {d|Jaethal Taneka Undead}설득했다면 {/d} 그녀는 아마 흉측한 존재로서 더 살았어야 했을 것이다. 그것은 {g|Urgathoa}우르가쏘아{/g}의 힘을 인정하지 않는 것이지.\""
    },
    {
      "Key": "ef4c2ad0-799e-4076-8555-59dc6616e3ca",
      "Value": "\"네가 맞다. 가끔 나는 삶을 느끼며 사는 것이 만족스럽지 않았다. 하지만 여신을 거절하면 그녀의 진노를 받아야 한다.\""
    },
    {
      "Key": "122770cf-422f-4b2f-b66f-c9781dd2d665",
      "Value": "\"어떻게 내가 최악이라고 말할 수 있지? 과거에는 기쁨보다 중요한 것이 없다고 하지 않았나?\""
    },
    {
      "Key": "55f17a8c-a6e3-4251-bf28-2b14cafe0fdf",
      "Value": "{n}노텔라라는 간신히 입술을 움직일 수 있었습니다.{/n} \"좋은 선택이야. {g|Urgathoa}우르가쏘아{/g}가 언젠가는 내 목숨을 빼았으라고 명령할줄 알았어 .\""
    },
    {
      "Key": "979912ed-cea3-4df1-a1d9-a86ee44bd85f",
      "Value": "\"네가 맞아. 이게 내 운명이야. 안녕히. 적어도 내 부탁은 들어줬으니.\""
    },
    {
      "Key": "c369489c-2175-4af0-a9d8-3dccb4972c8a",
      "Value": "\"그러라지. 내가 낳은 것은 내가 목숨을 거두는군. 빠져나갈 곳은 있었어.\" {n}제이탈은 자신이 맞다는 듯 얘기합니다.{/n} \"하지만 너는 아니다. 내 딸아.\""
    },
    {
      "Key": "c229c3e0-1dd9-4a26-bc9d-b1b1a96fa0fa",
      "Value": "\"좋아. 그럼 결정되었다.\""
    },
    {
      "Key": "56e57a25-c536-475d-b741-ddfd9c91a70a",
      "Value": "{n}제이탈은 갑자기 말을 멈추고 오랫동안 침묵했습니다. 그녀의 공허한 얼굴은 솟구치는 감정을 그대로 반영합니다. 그녀는 사진을 보듯이 당신과 그녀의 딸 그리고 풀과 나무, 하늘을 봅니다.{/n} \"오랜 길을 걸었다...\" {n}그녀는 마침내 말합니다.{/n} \"영원한 도피와 생명에 대한 희망을 가지고. 이제 결정할 때가 되었다... 이제 내가 끝내도 되는가?\""
    },
    {
      "Key": "be3304a0-3732-464e-a18a-c44b249b4fa9",
      "Value": "\"좋다.\" {n}제이탈은 그녀의 딸을보고 침착하고 평온하게 말합니다.{/n} \"나를 실망시키지 말아라. 딸아. 자신의 목숨도 가누지 못하는 평범한 것에게 모든 것을 걸었다고 기억하고 싶지 않다. 언제나 최고가 되어라.\" {n}제이탈은 딸의 어깨를 곧추 세우고 눈을 응시합니다.{/n} \"당신을 실망시켰습니다. 여신님. 당신의 선물을 거부합니다.\""
    },
    {
      "Key": "81363133-2759-4ec6-ad2a-fd2f3b2e5ddf",
      "Value": "\"나는 이 싸움에서 무엇도 기대하고 싶지 않다.\" {n}제이탈은 엄하게 말합니다.{/n} \"결정해라. {name}. 대화의 시간은 지났다. \""
    },
    {
      "Key": "b64a4d6d-e530-4d13-bb7f-25b5665a2045",
      "Value": "\"다시 태어나는 것이다.\" {n}제이탈은 딸을 봅니다.{/n} \"혈통의 힘은 위대하지. {g|Urgathoa}우르가쏘아{/g}가 이 죽은 몸에서 내 영혼을 뽑아내 이 살아있는 몸에 넣어 나는 다시 태어날 것이다.\""
    },
    {
      "Key": "3e326536-94c6-4e74-9d23-537cac84674b",
      "Value": "\"네가 낳은 딸을 말하는 건가?\" {n}노텔라라는 조용히 반복합니다.{/n} \"나는 너를 죽일 준비가 되어 있었다. 나는 죽음을 준비했었다. 하지만 내가 껍데기에 불과할 줄은...\""
    },
    {
      "Key": "076d124c-7aaa-427f-bb96-651488066a37",
      "Value": "\"그저 껍데기가 아니다. 딸아. 값진 선물이지.\" {n}제이탈은 무표정한 얼굴로 말합니다.{/n}"
    },
    {
      "Key": "e60bd246-7d4c-4717-a2a3-ebe5126e1b4f",
      "Value": "{n}노텔라라는 힘겹게 일어나서 머리를 들어 무언가를 말하지만 시간이 부족했습니다. 제이탈은 제빠르게 그녀의 손을 뻗어 알 수 없는 주문을 외웁니다. 어두운 불꽃이 그녀의 손에서 파도를 타고 잠시 노텔라라의 몸을 감싸줍니다. 소녀는 비명을 지릅니다. 불꽃이 사라졌고 그녀의 몸에 눈에 띄는 피해를 없었지만, 인형이나 동상 같이 눈동자가 완전히 비어 있습니다.{/n}"
    },
    {
      "Key": "2197e295-d776-4547-a1a9-9e0e950a714b",
      "Value": "{n}제이탈은 자신의 창조물을 오랫동안 관찰한 다음, 손짓을 취했습니다 — 그러자, 딸에게 씌인 무언가는 돌아서서 수도로 향했습니다. 그녀의 움직임은 무도회장의 영혼 없는 꼭두각시처럼 보입니다.{/n} \"나는 그것을 안전한 곳으로 보내겠다. 의식을 위해 몸을 준비하는 데는 시간이 걸릴 것이다. 하지만 그 시간은 달콤하겠지...\" {n}제이탈은 당신의 눈을 똑바로 봅니다.{/n} \"항상 빠져나갈 곳은 있다. 그렇지?\""
    },
    {
      "Key": "b1a17f3f-dd1b-4631-a46e-aaf27539d6b6",
      "Value": "{n}노텔라라의 눈이 커졌지만, 소리를 지르지는 않습니다. 그녀는 너무나 지쳤거나 자비를 구하기에 자존심이 너무 센 것인지도 모릅니다.{/n}"
    },
    {
      "Key": "08691f72-d567-4397-a965-6a0a99bd1ebd",
      "Value": "{n}잠시 동안 제이탈은 힘을 모으는 것처럼 긴장된 자세로 서있습니다.{/n} \"이것이 나의 새로운 시작이 될 것이다. {g|Urgathoa}우르가쏘아{/g}시여. 이 희생을 받아들이십시오!\""
    },
    {
      "Key": "29e398c3-9a19-48ab-b9e2-276247962ab1",
      "Value": "\"무슨 소리하는 거야? 그녀를 죽인다 해도 잔인한 것은 아니야! 너는 그것보다 더 악랄하고 끔찍해. 제이탈.\""
    },
    {
      "Key": "8b2f5006-c159-4f99-ab24-1bea3c4053b5",
      "Value": "\"오. {g|Sarenrae}서렌레이{/g}시여. 어떻게 이런 악을 용납하겠습니까? 제가 옳은 선택을 하는 것입니까? 그는 올바른 지도자입니까?\""
    },
    {
      "Key": "5a3c0b9c-801b-4891-8cdc-ef099e62f308",
      "Value": "\"네가 하는 짓을 알겠지. {name}... 하지만 보고만 있을 수는 없다! 어머니를 배신하고 그녀의 손에 죽다니... 너무나 잔인한 운명이야!\""
    },
    {
      "Key": "6509afe7-abb7-43ce-aa13-c412547e2bca",
      "Value": "\"그래. 제이탈. 해야만 한다.\""
    },
    {
      "Key": "8ae12b14-f9b6-4d28-b50c-50c50860ee2b",
      "Value": "{n}하림의 목소리는 깊고 엄숙합니다.{/n} \"모든 일에는 끝이 있는 법이야. 너의 자존심과 삶에 대한 미련조차 말이지. 과거는 잊어버려. 제이탈. 오래 전에 해야만 하는 일이었어.\""
    }
  ]
}