{
  "$id": "1",
  "strings": [
    {
      "Key": "ec7a58ab-063b-480d-a308-629d91549065",
      "Value": "{n}거울은 당신의 손길에 반응하고 과거의 이미지를 보여줍니다. 전투의 소리가 멀리서 사라지고 마지막으로 살아남은 병사가 회관에 쓰러져 많은 상처에서 피가 바닥에 번집니다. 마법사는 냉정하게 그의 동료의 몸을 밟습니다. 그의 열렬한 시선은 한 곳에 고정되어 있습니다. 나이리사는 방의 뒤쪽 벤치에 앉아 허공에 발길질하고 있습니다.{/n}"
    },
    {
      "Key": "5173d2bd-bfc9-4c02-ab8a-c5a39d4f9cae",
      "Value": "\"페이 여왕! 너는 우리를 바보로 만들었다!\" {n}마법사가 화가 나서 말합니다.{/n} \"너는 우리에게 불멸과 권력을 약속했지만, 죽음을 우리의 정맥에 쏟아 부었다. 나의 나라는 폭동에 사로잡혔고 마법사들은 스스로를 지키지 못한 채 죽었다. 그러나 나는 이렇게 끝내지 않겠다. 나는 {g|First World}태초 세계{/g}로 향하는 길을 발견했다. 나는 먼 길을 왔다. 나는 {g|LanternKing}등불왕{/g}이 나를 도울 거라 확신한다 — 그리고 너에게 대답을 요구할 것이다!\""
    },
    {
      "Key": "dceb7419-02b9-4349-828c-791119c73638",
      "Value": "{n}나이리사가 웃습니다.{/n} \"화나고, 지식에 굶주린 나의 야생 고양이야. 네가 쉽게 포기하지 않을거라 생각했다. 하지만 너무 늦었어. 끔찍히, 끔찍히 늦었다. {g|First World}태초 세계{/g}로 향하는 길은 널 위한 속임수였다. 너는 내 문으로 가는 길을 찾기 위해 이백 년을 보냈다. 너의 나라는 폐허가 되었다. 너의 모든 결사단이 죽었다. 내가 너를 풀어주더라도, 너는 바위와 뼈를 지배하기 위해 돌아갈 뿐이다. 내 거울을 보고 네 자신을 들여다 보아라! \""
    },
    {
      "Key": "34e7a7ca-c202-49d6-acf0-131b099f6ef8",
      "Value": "\"너는 항상 하던대로 거짓말 하는군...\" {n}마법사의 말이지만, 그의 목소리엔 의심이 묻어나옵니다. 그는 돌아서 거울을 보았고, 잠시 동안 당신은 그와 눈을 마주칩니다. \n그리고 거대한 그림자가 그의 얼굴에 떨어집니다. 그것을 던지 생물은 거울 너머 어딘가에 있습니다. 당신은 그것을 볼 수 없지만, 당신은 마법사를 때려 눕힌 사악한 힘의 타격을 느낍니다. 그는 비명을 지르거나 신음조차하지 않고 그냥 바닥에 쓰러집니다.{/n}"
    },
    {
      "Key": "6a7c350f-f051-4429-9fc0-21370f3ac9f4",
      "Value": "{n}나이리사는 자리에서 일어나 천천히 접근합니다. 그녀는 죽은 마법사의 머리카락을 부드럽게 빗어 귓가로 넘긴 다음 마법 랜턴을 집어듭니다.{/n} \"{g|LanternKing}등불왕{/g}은 나를 잊지 않았다. 그는 나에게 새로운 장난감을 보냈구나. \" {n}나이리사는 죽은 마법사를 보고 보이지 않는 그림자에게 고개를 끄덕입니다.{/n} \"시체를 가져가라. 지하의 네 창고에 시체를 숨겨라. 나는 집에서 그것들을 밟고 다니고 싶지 않으니 말이다.\""
    },
    {
      "Key": "76a79473-404a-442d-befe-b9b6813a34e6",
      "Value": "{n}환영이 사라집니다. 잠시 후 마법사의 원래 반영이 돌아옵니다.{/n} \"죽었어! 나는 죽었다! 왜 집이 나를 놓아주지 않는 거지? 마치 이야기가 끝나지 않은 것 같군. 마지막 거울을 찾아라. 부탁한다!\""
    }
  ]
}