{
  "$id": "1",
  "strings": [
    {
      "Key": "fd7b72c3-a382-460c-880d-617a570dacff",
      "Value": "\"누구도 녹 녹 영웅 될 거라 생각하지 않았다. 녹 녹도 못 믿었다. 하지만 매일 노력한다!\""
    },
    {
      "Key": "9a6d1773-ed31-4ae9-9a30-7dbedc55c387",
      "Value": "\"그렇게 믿으라고. 세상이 너를 보고 웃을 때 네 믿음의 힘이 목적을 이루게 도울 테니.\""
    },
    {
      "Key": "adfb09f8-8174-4df0-9504-49ffac905692",
      "Value": "\"영웅이 되기 위해서는 영웅처럼 용감해야 한다. 다른 녀석이 뭐라 하던 상관 없다. 너 자신을 믿어라!\""
    }
  ]
}