{
  "$id": "1",
  "strings": [
    {
      "Key": "a79336a6-1c5b-400a-ae6d-fcebda888928",
      "Value": "\"서렌레이의 신도가 되어 볼 생각 안해 봤어? 너의 영혼은 자비롭고 선하지. 햇볕이 잘드는 우리 사원을 좋아할 거야.\""
    },
    {
      "Key": "7a700934-498d-4934-952e-43178b1fec3d",
      "Value": "\"미안하지만 그건 통하지 않아. 나는 사원이 싫어. 정말로! 내가 사원에서 웃으면 촛불이 다 꺼져버려서.\""
    }
  ]
}