{
  "$id": "1",
  "strings": [
    {
      "Key": "a14e2c92-09db-4a20-a74c-049232c28bbb",
      "Value": "\"하굴카는 살아있다. 그는 여전히 지배자이지. 그에게 가면 배고프거나 외롭지 않아도 될 거야. 자식을 가질 수도 있을 것이다.\""
    },
    {
      "Key": "6600045e-834c-4ab5-abc6-41c9c207f2fd",
      "Value": "\"나는 그의 죽음을 원하지 않았다... 카르가드는 나에게 선택의 여지를 주지 않았다. 우리는 싸울 필요가 없어. 나는 너를 한 번 살려 줬다. 오늘도 평화롭게 지내자.\""
    },
    {
      "Key": "d4f79286-c12f-4569-9e5a-c1261b33731f",
      "Value": "\"너를 보는 것이 좋았다. 나는 가야 해.\""
    },
    {
      "Key": "c863770e-3d9d-4c10-8500-b9bd6a3c78f5",
      "Value": "\"나는 너에게 기회를 주었지만 너는 그것을 받아들이지 않았다. 너를 죽이는 것 만으로도 무고한 이를 해끼치지 않을 것임을 확신 할 수 있다... 전투 준비!\""
    },
    {
      "Key": "209c19bb-0ce1-4778-8ccb-f1518698d386",
      "Value": "\"너를 살려 두는 것은 실수였다. 트롤에게 죽음을!\""
    },
    {
      "Key": "e9d47b86-0559-4270-a8dd-05c26b34241a",
      "Value": "\"우리는 너를 안다! 보바!\""
    },
    {
      "Key": "6831f22b-b547-4691-b57b-dd06262e9078",
      "Value": "\"우리는 너를 전에 보았다. 보바는 아버지 카르가드를 죽인다.\""
    },
    {
      "Key": "735f0940-eb1e-4969-a241-da1896ce6919",
      "Value": "\"아니. 카르가드는 네가 죽이고... 그리고 카르가와 아르가드는 너를 죽인다.\""
    },
    {
      "Key": "9815daf2-0ab4-4acc-8789-b0153e8f0c32",
      "Value": "{n}에쿤의 얼굴은 굳습니다. 그의 가늘게 뜬 눈만이 그의 영혼 속에서 일어나는 일을 보여줍니다.{/n}"
    },
    {
      "Key": "321a22d2-38d0-4df4-ab0c-0ba3bc5314d5",
      "Value": "\"평화는 없다. 너는 카르가드를 죽이지 않고 그가 너를 죽인다. 너는 우리를 죽이지 않는다. 그러면, 우리는 지금 너를 죽인다.\""
    },
    {
      "Key": "0e51e82e-3e15-4cd2-b3e2-161ed1d2c847",
      "Value": "{n}에쿤은 화살통에서 화살을 꺼냅니다. 그의 부드러운 목소리는 갑작스러운 침묵 속에서 고통스럽고 뚜렷합니다.{/n} \"그리고 여전히 나는 옳았다.\""
    },
    {
      "Key": "163b3053-ce13-4567-be96-5abdc0dc2652",
      "Value": "\"보바는 먹기 위해 있는 거야. 우리가 너를 죽이고 너의 다른 보바를 죽이고 모두를 죽여서...\""
    },
    {
      "Key": "6da03ee8-f611-458f-80ed-3cd297c38043",
      "Value": "\"보바에게 죽음을!\""
    },
    {
      "Key": "2116e645-9263-422d-9bcf-cc94c3646775",
      "Value": "\"우리는 오랫동안 혼자였다. 배고프고, 기다리고 수색한다. 지금 보바는 여기에 있다.\""
    },
    {
      "Key": "793e143b-039e-41d1-b8ab-5ee065885eef",
      "Value": "{n}침묵은 영원히 지속되는 것 같습니다. 작은 트롤의 눈은 당신을 먹잇감 보듯 봅니다. 분명히 당신의 피를 갈망하고 있습니다. 마지막으로 그들 중 하나가 말합니다.{/n} \"좋아. 보바. 좋아.\""
    },
    {
      "Key": "efb15307-7710-4236-bf5e-aa974d61b7b1",
      "Value": "{n}애쿤은 그의 주먹을 꽉 쥡니다.{/n} \"그들을 살려두면 너는 무고한 사람들을 죽이게 되는 것이다. 나는 왜 그런지 이해하지 못한다.\""
    }
  ]
}