{
  "$id": "1",
  "strings": [
    {
      "Key": "0a77b3a6-b158-4241-902a-c25290c68748",
      "Value": "\"무슨 일이 있었지?\""
    },
    {
      "Key": "68169063-e500-445d-9130-eb7b1456ebd9",
      "Value": "\"트리스티안을 찾으러 왔다. 그를 건네라. 그러면 길을 막지 않겠다.\""
    },
    {
      "Key": "ea993b88-9c5f-4812-a526-065de6aeb466",
      "Value": "\"좋아. 나이리사가 어디로 갔는지 말해!\""
    },
    {
      "Key": "0fdd3aca-3861-4561-9e1f-9514d2baa425",
      "Value": "\"너같은 녀석은 뻔해. 네가 누군지 밝혀!\""
    },
    {
      "Key": "40505003-4b01-4320-8c22-0d2815b6c5cc",
      "Value": "\"자매들이 네게 무슨 말을 한 거지?\""
    },
    {
      "Key": "887e1e93-64b8-44b7-9fa3-b0816558ecf1",
      "Value": "\"트리스티안. 들려? 일어나!\""
    },
    {
      "Key": "47e27fd2-7ced-4703-9263-f51f9edd9baa",
      "Value": "\"트리스티안. 나이리사가 네게 무슨 말을 했던지 그건 거짓말이야! 너는 그녀의 통제에서 벗어날 수 있어!\""
    },
    {
      "Key": "244b328c-10e4-4a57-b566-5a53e1df1652",
      "Value": "\"기다려! 더 알아야 할 게 있어!\""
    },
    {
      "Key": "61dd772a-f51f-46ac-ada8-d0a64d9572a9",
      "Value": "[공격] \"죽을 준비 해라!\""
    },
    {
      "Key": "fb9e538c-7649-4314-945e-d3efdb9ab365",
      "Value": "\"결국 그 일이 일어날 것이다.\" {n}얼굴잃은 자매는 {g|Abaddon}나락{/g}의 눈을 가리킵니다.{/n} \"우리 여왕님은 나 같은 것에게 큰 상을 주셨다. 내 몸과 영혼은 위대한 힘의 그릇이 될 것이다.\""
    },
    {
      "Key": "74bd6e44-e69c-4f9a-b15c-5f9d02f4d0fe",
      "Value": "\"좋아. 하지만 자신의 목표와 본모습을 숨기고 너를 계속 속여왔던 자를 원하는 거야? 내 말은... 이 녀석이 나처럼 다른 차원에서 온 존재라는 걸 알고 있었어? 이제 {g|Sarenrae}서렌레이{/g}의 천사에게 남은 것은 껍데기 뿐이로군.\""
    },
    {
      "Key": "aa865078-f888-4569-a93a-af0c0c3ad3f7",
      "Value": "\"이 땅은 네가 나타나기 전부터 우리의 땅이었다. 이 벽들은 너와 같은 녀석들이 나이리사의 목표를 이루는 것을 지켜보았지. 우리가 그를 가르쳤다. 그에게 길을 알려주고 무엇을 믿고 섬겨야 할지 알려주었지.\""
    },
    {
      "Key": "54d8c5dc-51e7-4a53-a8b7-d8d6f6084ee4",
      "Value": "\"{g|First World}태초의 세계{/g}로부터 온 사절이자, 그녀의 의지에 맞서는 녀석들을 처리하는 하인이지. 내 막중한 의무에 어떠한 의문도 품지 않는다. 나는 내 적들이나 운명에 굴하지 않을 거고 너 같은 녀석에게 무릎 꿇지 않겠어.\""
    },
    {
      "Key": "3bc93be5-a4e3-46c9-9fc2-cadbd6be3e11",
      "Value": "\"그녀는 {g|Abaddon}나락{/g}의 눈이 보여주는 것을 찾으러 떠났다. 그녀는 돌아오지 않을 테지. 그녀는 여기에 남아 누구도 이곳을 떠나지 못하게 하라고 명령했다.\""
    },
    {
      "Key": "543843fa-678b-46b2-8ca8-2ec932b8ef4b",
      "Value": "\"상처 입은 종달새가 직접 그가 실패한 일을 보고하러 여왕님에게 갔구나!\" {n}자매는 무릎 꿇은 트리스티안에게 말합니다.{/n} \"이 멍청이는 단순한 명령도 듣지 못함을 증명했다. 너 때문이다! 우리의 여왕은 나락의 눈이 보여주는 것을 원한다. 그리고 나는...\" {n}여자는 말합니다.{/n} \"나는 여기에 남아 더 이상 쓸 모 없는 녀석들을 없애라는 주인님의 명령을 받았다.\""
    },
    {
      "Key": "8d5ebfde-dc14-4826-8dd8-b19e32246bf5",
      "Value": "\"그녀는 떠났다. 어디로 왜 갔는지는 네가 알 바가 아니야. 나는 여기에 남아 그녀를 위해 여기를 청소해야 한다.\""
    },
    {
      "Key": "4304e2d4-a1d6-4533-bdb8-9af366bb7ea0",
      "Value": "\"그녀는 이승과 저승의 여왕이시다.그녀는 꿈의 지배자이자 모든 인간의 욕망의 구현체이다. 그녀는 분노이며 이 땅을 먼지로 만들 것이다.\""
    },
    {
      "Key": "68301b5f-fc24-4fc0-ad21-1550febb619b",
      "Value": "\"나는 나이리사님을 섬긴다. 필멸자여.\"\n{n}당신이 그 이름을 들었을 때 등골이 섬짓함을 느낍니다. 초자연적인 추위가 잠시 당신의 몸을 관통했지만 그 기분은 곧 사라집니다.{/n}"
    },
    {
      "Key": "8bc5d9a2-91a6-4e80-8b69-82890de1bd32",
      "Value": "\"나이리사님은... 필멸자의 희망과 약점을 파고 드시는 꿈의 여왕이지. 아르막은 그의 책에 나오는 위대한 전설을 믿고 움직인다. 트리스티안은 나이리사님이 자신의 신성력과 날개를 가져가고 필멸자로 만든 장본인이라는 거짓말을 믿고 따르는 녀석이지...\""
    },
    {
      "Key": "9e08f000-cf15-4d43-8da5-34179df389de",
      "Value": "{n}얼굴잃은 자매는 부러진 인형처럼 움직입니다. 그녀의 발은 불안정하고 마치 보이지 않는 실에 움직이듯 몸이 앞뒤로 흔들립니다. 그녀의 손은 덜렁거리고 옷은 피로 물들었습니다. 눈 한쪽에는 {g|Abaddon}나락{/g}의 눈이 박혀있었고 그것은 사악한 붉은 빛으로 빛납니다.{/n}"
    },
    {
      "Key": "543d0200-85d7-4710-933f-ee0a68afb5ca",
      "Value": "{n}얼굴잃은 자매는 당신을 봅니다. 후드 아래에 숨겨진 그녀의 얼굴에는 회색 눈이 분노로 빛납니다.{/n} \"너였구나! 네가 내 자매의 희망을 빼앗았어! 네가 그녀가 고통받게 하고 우리에게도 고통을 주었어!\" {n}그녀는 잠시 멈추더니 차갑게 말합니다.{/n} \"그러니 너는 죽을 것이다.\""
    },
    {
      "Key": "333d56c2-146a-4330-9a0b-0744987c64ba",
      "Value": "\"나의 언니가 떠났다... 너는 늦었어...\" {n}여자는 당신을 돌아 봅니다.{/n} \"나락의 눈이 나의 자매가 원하는 길을 예견할 힘을 주었어. 그녀는 이미 길을 떠났다.\""
    },
    {
      "Key": "fc330f4c-64f7-42b1-9c10-848befba9700",
      "Value": "{n}{g|Sarenrae}서렌레이{/g}의 성직자는 당신을 보지도 않습니다. 그는 여신에게 절망적으로 기도하고 있었습니다.{/n}"
    },
    {
      "Key": "c010853a-7e0c-4ad2-8979-0d85a718a47c",
      "Value": "\"이 종달새는 날개를 잃어 쓸 모가 없어졌다. 너와의 일이 끝나면 그를 없앨 것이다.\""
    },
    {
      "Key": "73b89598-72f8-4b3a-bf90-72657c12c79e",
      "Value": "{n}악몽에서 깨어난 듯 트리스티안은 얼굴을 찡그리고는 고개를 듭니다.\"{/n} \"거짓이라고?... 모두 거짓말이었던 거야?\""
    },
    {
      "Key": "4106bfad-0393-40e3-ae7c-88211e91bb86",
      "Value": "\"...모두 너를 조종하기 위한 것이었다. 네 땅을 다스리기 위한 약속은 미끼였지. 그리고 너는 속은 거야. 너희 모두.\" {n}그녀는 어깨를 핍니다.{/n} \"그만. 너는 쓸 모가 없으니 여기서 너와 트리스티안을 없애야겠다. 망각을 맞이할 준비를 해라.\""
    },
    {
      "Key": "d3ce7c3f-a1cf-4ca1-a285-1760f229b595",
      "Value": "\"왜 우리가 그를 구해야 하냐고? 그는 우리의 친구이기 때문이야!\""
    },
    {
      "Key": "7d08791d-35ae-4924-9d9a-426b6c84c9cd",
      "Value": "\"아마도 그를 얼굴 없는 흉물에게 남겨놓고 가야하나? 왜 배신자를 거두려 해? 그냥 죽여버리고 괴물 밥으로 던져버리자.\""
    },
    {
      "Key": "2e736faf-1d34-4238-ab5a-52af0bc9548d",
      "Value": "\"내게 말 할 기회를 주지 않아 안타깝군. 나는 {g|First World}태초의 세계{/g}를 수년 동안 연구했지만 {g|Material Plane}물질계{/g}로 영역을 확장하는 것은 최초인 것 같아. 노움 대탈출 이후로 최고의 사건이군.\""
    },
    {
      "Key": "cec42e8e-b7b5-4173-9540-f4d5d5ccf109",
      "Value": "\"트리스티안이 너를 배신했다. 그는 나이리사님의 저주를 받아 보다카이의 무덤을 찾기 위해 너를 이용했지. 그는 {g|Abaddon}나락{/g}의 눈을 훔쳤고 그것이 숨겨진 곳을 보여줄 수 있는 물건이었지. 나락의 눈이 내게 장소를 보여주어...\" {n}그녀는 말을 멈추었고 표정은 굳었습니다.{/n} \"아니. 이걸로 충분하다. 네가 죽는 것은 확실하지만 이런 정보는 말하지 않는 것이 좋겠지.\""
    },
    {
      "Key": "4eae6d01-609d-4519-982f-812273994074",
      "Value": "\"우리는 너처럼 감정 없는 페이가 아니야. 트리스티안은 내 친구도 아니었고 앞으로도 그럴 일은 없어. 하지만 그를 네 손에 버려두는 것은 비인간적이지.\""
    }
  ]
}