{
  "$id": "1",
  "strings": [
    {
      "Key": "1a08649f-db7e-4dec-bf9a-d4111994189e",
      "Value": "\"너 누구야?\""
    },
    {
      "Key": "837c248a-5f99-4090-8e10-ff0353b648ad",
      "Value": "\"하림. 전에 너는 맨손으로 금속을 깨뜨렸어!\""
    },
    {
      "Key": "b862bbfc-9ef3-40c9-b905-aadbdd270da0",
      "Value": "\"어쨌든. 이제 안전한가?\""
    },
    {
      "Key": "fc93c577-2d1c-426c-9459-6bb310a0c8e5",
      "Value": "\"야르물드, 무슨 소리야? 하림에게 숨겨진 힘이라고?\""
    },
    {
      "Key": "90f8e793-2672-4f8c-9800-04dbab684cd3",
      "Value": "\"하림. 그의 말이 일리가 있어. 토락의 저주는 실제로는 신들의 준 재능이었고, 너의 친구들이 단순히 이해하지 못한게 아닐까?\""
    },
    {
      "Key": "1d1918c1-f893-4ee9-ad5b-ebfb936977d6",
      "Value": "\"어떻게 증명할 수 있어?\""
    },
    {
      "Key": "5586bcb9-ef73-4f62-bb78-bbd41b08331e",
      "Value": "[하림에게 모루의 심장을 줍니다] \"이것이 토락의 것이라면 그들의 종에게 줘버려.\""
    },
    {
      "Key": "c88c4b68-6260-4c42-8f57-615c5ad7fbe3",
      "Value": "\"이것이 토락의 것이라면 그들의 종에게 줘버려.\""
    },
    {
      "Key": "51c9cc86-1724-49ea-b015-f0950118f230",
      "Value": "\"너는 누구에게도 빚이 없어. 토락과 그의 종들에게는 더욱.\""
    },
    {
      "Key": "b3abd854-27e2-4bfb-b2ec-466c23fcd9f3",
      "Value": "{n}골렘이 움직임을 멈춥니다. 내부에서 무언가가 조화롭게 진동하기 시작하자 우리가 입힌 상처들이 빠르게 사라져갑니다. 하림이 금속 괴물에게 다가가서 위아래로 훑어봅니다.{/n} \"불멸의 금속으로 만들어진 무적의 동상... 우리 종족의 공허한 자부심에 대한 또다른 증거로다. 모든 장인들은 영원히 남을 창조물을 만들길 원하지만... 무엇을 위해 그런단 말인가? 어차피 존재란 찰나에 불과한 것을... 하! 장인들이란...\""
    },
    {
      "Key": "0af4a069-b272-4d09-b90f-8703fdf8a6df",
      "Value": "{n}하림이 열쇠를 잡아당기자, 열쇠가 꼽힌 자물쇠가 골렘의 몸체에서 통째로 뽑혀 나옵니다. 하림은 놀라서 그 자리에 멈춰 섰지만, 골렘은 세상에서 가장 단단한 금속이 아닌, 썩은 나무로 만든 인형처럼 조각나 쓰러집니다.{/n}"
    },
    {
      "Key": "14c07ccc-0bcd-41f4-9d0a-c2b6cf675783",
      "Value": "{n}목에 {g|Torag}토락{/g}의 거대한 상징을 두른 회색머리의 지도자 드워프가 골렘에게서 벗어나기 위해 올라갔던 언덕에서 뛰어 내립니다. 그는 하림과 그가 한 일을 보곤 놀라움을 금치 못했습니다.{/n} \"어떻게? 어떻게 한거지? 이건 불가능해. 불가능하다고!\""
    },
    {
      "Key": "414554fa-8967-43bb-8aad-0b59aa804852",
      "Value": "\"나는 모른다! 모른다고!\""
    },
    {
      "Key": "e7486254-98ba-4637-91b6-bef30047cf2c",
      "Value": "{n}드워프는 당신에게 격식을 차려 인사합니다.{/n} \"용서하십시오,  {mf|영주님|영주님|전하|전하}. 너무 놀라 경황이 없었군요. 저는 야르물드 셰게, {g|Torag}토락{/g}의 팔라딘이자 이 그룹의 대장입니다. 일족 전체를 대신하여 당신의 도움에 감사드립니다!\""
    },
    {
      "Key": "3e45de9d-afad-4057-82c8-c4de1f1bedb8",
      "Value": "\"뭐? 언제 그랬지? {Name}? 혹시... 그 모루 말하는 건가? 그래. 내가 그랬지... 하지만 왜? 나는 {g|Groetus}그로투스{/g}에게 그것이 의미하는 바를 물었지만 아무런 답을 듣지 못했다... \" {n}하림은 깊은 생각에 잠긴 채 그의 수염을 손가락으로 꼬으고 있습니다.{/n}"
    },
    {
      "Key": "e8c3166e-a6c1-40ea-946a-d6da37c17b7f",
      "Value": "\"예, {mf|영주님|영주님|전하|전하}!  {g|Torag}토락{/g}이 당신이 걷는 땅에 축복을 하시길! 당신이 우리를 구했습니다! 셰게 가문은 당신에게 빚을 졌습니다! 우리는 당신의 친절한 조력에 보답할게 없지만... 그건 오직 일시적인 일입니다. 절 믿으세요! 우리가요새 안으로 들어가는 길을 찾고 우리 조상님들의 유산을 회복한다면 누구도 우리 부족을 무시하지 못하게 될 걸 보시게 될겁니다!\""
    },
    {
      "Key": "89300fe9-ed8d-402a-bace-15e73f9fabdc",
      "Value": "{n}하림은 씁쓸하게 조소합니다.{/n} \"저들 좀 봐라! {Name}! {g|Torag}토락{/g}의 참된 자녀로구만! 탐욕스럽고 자만심에 눈이 먼 자들이야! 죽음을 가까스로 피했지만 환상의 보물에 눈이 멀어 다시 짐승의 아가리 속으로 뛰어드는군... 그들을 떠나게 하려고 궁리했지만 그들을 여기 있도록 허락하고 하는 것을 지켜 보자고. 제 무덤을 판다면 내버려두자구.\""
    },
    {
      "Key": "1c08a15f-8711-4a7b-892c-cbc2bb00c08a",
      "Value": "\"고맙다. 너는 우리나 우리 신에게 아무런 애정이 없는 줄 알았는데... 아, 아니야, 그렇게 빨리 얼굴 찌푸리지 말라고. 난 너에게 설교할 생각은 아니었으니까. 하지만 네가 말하길 네가 맨손으로 부술수 없는 것들을 부순다 했지? 부디 이것에 대해 이야기를해주겠나. 내 생각에 네 안에 있는 힘이 어떠한 것인지 알 것도 같아.\""
    },
    {
      "Key": "57309832-472a-4fd8-8577-0455355f9b68",
      "Value": "\"타오르는 손바닥이라 하네.\" {n}하림의 목소리는 약하고 생기가 없습니다.{/n} \"트롤들이 더럽힌, 버려진 {g|Bronzeshield Fortress}청동 방패 요새{/g}의 마법 모루 말일세. 내 주먹이 닿자마자, 모래로 만든 성처럼, 속이 썩어 문드러진 나무처럼 부서졌지. 마치 스러져 먼지로 돌아가길 기다렸다는 듯이.\""
    },
    {
      "Key": "09133720-49cd-4a4d-8cd9-83d56257752d",
      "Value": "{n}야르물드는 조심스럽게 목에 걸린 {g|Torag}토락{/g}의 망치를 잡습니다.{/n} \"그럴 수...\""
    },
    {
      "Key": "3cbb795f-6635-41e8-8b7c-a794aedfe144",
      "Value": "\"파괴자(the Unmaker)의 손길. 이건 드문, 매우 드문 신들이 내린 선물이다. 한 세대에 한 명 나올까 말까하는 재능이지. 난 누가 이 능력을 준 것인지는 말할 수 없어. {g|Torag}토락{/g}일 수도 {g|Groetus}그로투스{/g}일 수도 있다. 아니면 우리가 알지 못하는 다른 근원에서 온 것일 수도 있다. 이 힘은 적당한 수명을 넘어 살아온 것들에게 죽음을 줄 수 있는 힘이다. \""
    },
    {
      "Key": "d38aad76-095e-45f5-bb2e-795688903f78",
      "Value": "\"병든 것들, 이런 결함을 가지고 창조된 것들.. 이런 골렘처럼. 더럽혀진 그 모루처럼. 드워프가 만든 강건한 창조물들. 이것들은 죽음을 간구하지만 어쩔수 없이 계속 그 존재가 지속되어야만 하지. 파괴자의 손길로 축복받은 드워프만이 그들의 고통을 끝낼 수 있다.\""
    },
    {
      "Key": "e76b94bf-643c-4d3e-9719-6e51867912ad",
      "Value": "\"말도 안돼. 나는 그런 것을 들어본 적이 없어! 만약 {g|Groetus}그로투스{/g}가 내게 이 힘을 줬다면... 왜 그따위 돕지도 않는 겁쟁이 신-배신자 신을 쫓는 성기사에게서 그걸 알게 되어야만하지? 신들의 은총... 네가 그걸 증명하던지 아니면 거짓말인 걸 인정해라!\""
    },
    {
      "Key": "ca1d8a7e-24ff-4df9-9f2d-d1ebcc4938d7",
      "Value": "{n}야르물드는 하림이 그에게 퍼붓는 모욕을 차분히 듣습니다. 그가 욕을 모두 뱉어냈을 때 그 성기사는 조용히 대답합니다.{/n} \"그래, 난 그걸 증명할 수 있다.\""
    },
    {
      "Key": "02ce0f97-16f5-4eb4-adf3-9b5632ca0010",
      "Value": "{n}하림은 마치 이가 시린 듯 찡그리지만 끄덕입니다.{/n} \"가능하다니... 하지만 그럼 {g|Torag}토락{/g}의 추종자들은 내가 생각한 것보다 훨씬 어리석고 눈멀었다는건가! {Name}. 만약 이게 사실이면 내 불행은 저주도 아니고 그저 내 일족의 누구도 신의 은총을 알아차리지 못할 만큼 멍청하다는 얘기야!\" {n}사제는 머리를 흔들고는 성기사를 바라봅니다.{/n} \"네 말을 증명할 수 있다고 했지, 야르물드. 너에게 도전한다.\""
    },
    {
      "Key": "4069fee3-9015-4705-bd2a-575293ee0610",
      "Value": "\"파괴자의 손길은 파괴의 힘일 뿐만 아니라 물품의 심장- 창조자에 의해 모든 사랑과 노력이 쏟아부어진 결정체를 취할 수 있다.  {g|Torag}토락{/g}의 자비여, 한 번 더 골렘을 쳐 봐. 파괴를 완성하고 그것의 심장을 우리에게 보여줘!\""
    },
    {
      "Key": "269aaed6-4b5f-434b-83ae-254761b2b979",
      "Value": "{n}하림은 잠잠한 골렘을 우울하게 보았고 어깨를 으쓱하더니 주먹으로 내리칩니다. 골렘은 산산조각이 났고 몸을 기울여 조각들 사이를 구석구석 찾습니다. 하림은 희미하게 빛나는 푸른색 보석을 줍습니다. 그는 보석을 살피고는 당신에게 돌아옵니다. 그 사제의 얼굴은 슬프고 당황스럽습니다.{/n} \"{g|Torag}토락{/g}이 내린 망할 재능이라니... 이제는 어떻게 하지?\""
    },
    {
      "Key": "df6695e1-3478-4b0e-8405-e134044725a4",
      "Value": "\"네가 옳아.\" {n}하림은 보석을 바위 바닥으로 던졌습니다. 그것은 조각이 나서 빛을 잃습니다.{/n}"
    },
    {
      "Key": "c14bf92c-cf72-4780-94ed-256b79ea5a60",
      "Value": "\"스스로 무덤을 계속 파고 싶다면 계속 해라. 막지는 않겠다. 언젠가 너를 묻어줄 날이 올지도 모르겠지. 지금은 작별하자.\""
    },
    {
      "Key": "354cc2c4-eeb3-434c-9aa8-9e5bf66376d9",
      "Value": "{n}하림은 보석을 야르물드에게 건네줍니다.{/n}"
    },
    {
      "Key": "09134f97-f33f-4d15-a57a-b822571437d5",
      "Value": "{n}하림은 보석을 야르물드에게 건네줍니다.{/n}"
    },
    {
      "Key": "e42142ba-6533-4ec7-a520-a048dcc21963",
      "Value": "\"내 재능을 알게 해주어 고맙다., 야르물드. 하지만 내가 {g|Torag}토락{/g}과 화해하리라고 기대하지난 마라...그리고 내 일족들과도.  네가그걸 잘 사용할 방법을 찾는다면 좋아. 그렇지않더라도 나는 상관 않겠다. 입구를 찾던지 산으로 돌아가던지 나는 상관 않아.\""
    },
    {
      "Key": "632a9f82-21ea-411a-91f7-e53b91b34801",
      "Value": "{n}야르물드는 머리를 숙입니다.{/n} \"고맙다. 하림. 이 선물은 잘 쓰도록 하지. 예전처럼 되어서 미안하지만 자네의 결정을 존중하니 설득하지는 않겠어. 잘 가라.\""
    },
    {
      "Key": "ebcf22a6-44ce-4c51-b080-df24b3df8488",
      "Value": "{n}야르물드는 고개를 숙입니다.{/n} \"잘 가게. 하림.\""
    },
    {
      "Key": "3ea11a93-83f5-4958-a073-fdae3e88497f",
      "Value": "\"네가 대화를 원한다면.. 흠, 난 심지어 너를 보고 싶지도 않았는데! 우리는 서로 할 말이 없어. 이건 그냥 내가 필요해서야.  {g|Torag}토락{/g}의 위대함에 대한 또다른 설교를 어디 한번 들어보지!\""
    },
    {
      "Key": "00153372-662d-473b-a178-31018881cbdc",
      "Value": "{n}성기사는 하림의 분노에 겸손한 인사로 답합니다.{/n} \"나는 사제님께 설교할 만큼 교만하지는 않아. 너의 믿음은 너 자신의 선택이다. 나는 묻는 사람이 아니고 그저 너의 영적 여정을 알고 싶었을 뿐이야.\""
    },
    {
      "Key": "a3eaa753-c89e-45e7-89de-d0d7f4dffc98",
      "Value": "\"네가 {g|Groetus}그로투스{/g}의 사제 하림이겠군? 너와 네가 겪었던 흔치 않은 여정에 대해 이야기를 많이 들었다. 너와 대화하고 싶다.\""
    },
    {
      "Key": "f4fa7ec5-dd4b-4247-aa1a-f0decb75feb8",
      "Value": "{n}이에 반해 하림은 경멸스럽다는 듯이 오직 콧방귀만 뀝니다.{/n}"
    },
    {
      "Key": "d7fb7bf5-2e1e-4b9e-885a-b1381e8afd57",
      "Value": "{n}하림이 당신을 봅니다.{/n} \"신들의 선물, 신들의 저주... 이것들이 다 똑같다고 생각하게 되는군. 여기에 와줘서 고맙다. 나는 야르물드와 얘기조차 하지 않았을 거야. 하지만 지금은.... 생각할 게 많다. 가자. {Name}. 셰게 가문은 내버려 두자고.\""
    },
    {
      "Key": "b31e950c-8d9b-4483-ae83-4eb1479116e3",
      "Value": "\"오! 아다만틴을 맨손으로? 이 짐승! 실토해. 언제 그렇게 강해진 거야? 밤중에 기도 대신에 근력 단련이라도 했어?\""
    },
    {
      "Key": "b2f1b8c2-04d0-474e-a7a3-b0d9a62a267d",
      "Value": "{n}에쿤은 성기사에게 인사합니다.{/n} \"창조의 아버지가 결코 너를 떠나지 않기를.\""
    },
    {
      "Key": "57aaf698-1a17-49d9-a407-be3e17a9df22",
      "Value": "\"토락께서 그대를 축복하기를.\""
    },
    {
      "Key": "91f78ac2-3e56-4ca7-af8b-70686f049e9b",
      "Value": "\"아하, 드워프들의 전형적인 감사법이로군...그냥 너도 알다시피, {Name}. 그들이 값을 수 없는 빚을 지게되었다고 말하면 그건 진짜로 절대 빚을 갚지 않는다는 걸 의미하지.\""
    },
    {
      "Key": "2319b43d-3e71-46ad-8abc-0b26f4a0249e",
      "Value": "\"그래서 부서진 쇳조각에서 보석을 취할 수 있나? 잘됐군! 넌 부자가 되겠어!\""
    },
    {
      "Key": "ea137374-42bc-4887-bb4d-d5b5f3ff3244",
      "Value": "\"아주 현실적인 젊은 친구로군. 하지만 유감스럽게도 이런 유물들의 심장은 멀쩡할 때 더 가치가 있다고.\""
    },
    {
      "Key": "9425919d-39d1-4391-91cc-0addcf399bb1",
      "Value": "\"신들에게 재능을 받는 건 매우 위험한 것임을 나 만큼이나 너도 잘 알 텐데.\""
    },
    {
      "Key": "1f9ecc5f-1bc8-4e24-a00c-ace7fb1365a2",
      "Value": "{n}에쿤은 머리를 흔듭니다.{/n} \"신성모독이다.\""
    },
    {
      "Key": "e50ee8e4-3cb4-462d-9f6c-a8a44c537d33",
      "Value": "\"흥! 그것 참 재밌다! 우리 부족의 보잘것 없는 놈도 물건을 부술 줄 안다고. 그리고 넌 그걸 재능이라고 부르다니!\""
    }
  ]
}