{
  "$id": "1",
  "strings": [
    {
      "Key": "e3a34ed8-eaf3-443a-ab2a-1c8895c7c044",
      "Value": "\"좋은 소식입니다, 전하! 반홀드의 영주 {d|Varn}메이가르 반{/d}이 당신과 동맹하기를 원하며 두 땅 사이에 교역로를 건설하고자 합니다. 여기 {g|VarnHello}반 남작의 편지{/g}입니다. 읽어보시지요!\""
    },
    {
      "Key": "794562d8-462c-4821-acb6-e6f4b0c1ddc8",
      "Value": "\"좋은 날입니다, 전하. 배달부가 우리 수도 동쪽 식민지의 통치자인 {d|Varn}메이가르 반{/d}으로부터 {g|VarnHello}편지{/g}를 전달해 왔습니다. 전령의 말을 믿을 수 있다면 그는 당신에게 유리한 제안을 해 왔습니다. 그는 당신의 영토와 교역로를 건설하기를 바랍니다.\""
    },
    {
      "Key": "5023b13f-af54-4af7-b734-f4d4d9b5bfb8",
      "Value": "\"오, 봐봐. {g|VarnHello}당신에게 온 편지야{/g}! 알도리의 명령을 받는 놈들 중 하나가 보낸것 같군. {d|Varn}메이가르 반{/d}에 대해 들어 본 적 있나? 없다고? 재밌군. 그는 너에 대해 많이 알테니 말야. 교역로를 건설하게 만들 만큼 아주 달콤한 말들이 적혀있더군.\""
    }
  ]
}