{
  "$id": "1",
  "strings": [
    {
      "Key": "e78458a9-186a-445d-a5a6-bc1f02aa8476",
      "Value": "\"여기서 무슨 일이 일어난 거지?\""
    },
    {
      "Key": "862c01b2-e5b0-4b62-9dbe-92f97b6185a8",
      "Value": "\"길을 비우고 이 사람들이 지나가게 해!\""
    },
    {
      "Key": "c761164b-db02-4dab-bc62-9545cb6322bb",
      "Value": "\"여기에 너희들이 자리잡은 것도 나쁘지 않아보이는군. 나를 위해 일해 보는 게 어때?\""
    },
    {
      "Key": "e900e36d-fac2-4824-b8c0-3aa938094d55",
      "Value": "[공격] \"도망 칠 수 있을때 도망 쳤어야지.\""
    },
    {
      "Key": "3cb6ca7e-2110-475e-a63b-5615d984481e",
      "Value": "\"나는 이 땅의 {mf|영주|영주|왕이|여왕이}다. 난 누구에게도 이 다리를 지키라고 명령하지 않았어.\""
    },
    {
      "Key": "0963018e-3dc6-44d6-9677-72b2e621f99b",
      "Value": "\"수사슴 군주? 수사슴 군주는 죽었어. 무슨 허튼 소리를 하는거지?\""
    },
    {
      "Key": "e1db1c1e-242d-41f1-9ab7-35dcb2dfe216",
      "Value": "\"다리를 지나는 사람들을 갈취할 권리는 누가 준거지?\""
    },
    {
      "Key": "adeb5ebc-79ed-4807-8ff6-7fc7ac08f8e2",
      "Value": "\"네가 말하는 괴물들이란 뭘 말하는거지?\""
    },
    {
      "Key": "6e0ea7e5-39e4-4c90-bca0-f45c643950d9",
      "Value": "\"충분히 들었다.\""
    },
    {
      "Key": "e2881bdc-378e-4086-91bd-f1a8dd3c817a",
      "Value": "\"너의 '수사슴 군주'는 어디 있지?\""
    },
    {
      "Key": "caf5b1ae-9774-4671-b3d0-f30262e9b575",
      "Value": "\"가봐야겠어.\""
    },
    {
      "Key": "9b6f3efe-abd0-479c-8770-ceb537d57ea0",
      "Value": "\"일은 잘 되가고 있나?\""
    },
    {
      "Key": "cfda97e4-ee77-4b32-a315-49c72e94f2f1",
      "Value": "[공격] \"내 땅에서 도적들이라면 이제 지긋지긋하다!\""
    },
    {
      "Key": "56dea9d8-6667-4709-9d9a-a589289cdea7",
      "Value": "{n}당신 앞에 서있는 이 도적은, 뒤의 다른 전사들과 마찬가지로 잘 무장되어 있습니다. 그는 당신을 향해 돌아섭니다.{/n} \"이봐. 줄을 서! 대체 어디 가는...\" {n}그 남자는 따라와 얼굴을 보고는, 당신을 알아봅니다.{/n}"
    },
    {
      "Key": "4ad89787-1077-4556-a169-a0e1e39be3b1",
      "Value": "\"세상에! {mf|영주님|영주님|왕|여왕님}이시잖아! 이런 젠... 여긴 무슨일로 오신겁니까?\" {n}그 남자는 어떻게 해야할지 몰라 얼굴이 붉어진 동료들을 힐끗 쳐다봅니다.{/n} \"어, 음, 으.. 물론 지나가셔도 좋습니다, {mf|영주님|영주님|전하|전하}!\""
    },
    {
      "Key": "ee9a971a-bbef-4659-b38d-11b1ee58183e",
      "Value": "\"네, {mf|영주님|영주님|전하|전하}?\""
    },
    {
      "Key": "e003a6cc-887a-4e76-95c3-0a686ae5616b",
      "Value": "\"그게.. 지금..우리는... 다리를 지키고 있습니다, {mf|영주님|영주님|전하|전하}! 괴물들이랑 뭐 그런 비슷한것들로부터 말입니다. 수사슴 군주의 명령입니다.\""
    },
    {
      "Key": "3718bc54-cb46-44a0-ae90-8ad8953690a4",
      "Value": "{n}도적이 침을 삼킵니다.{/n} \"아......그러니까... 명령은 명령입니다! 우리는 수사슴 군주의 부하입니다. 그가 말하길, 다리를 지켜라 하길래, 우리는 다리를 지키는거죠!\""
    },
    {
      "Key": "c4b3a2a0-dbd6-45b2-b2ee-4559749d3fe7",
      "Value": "\"눈이 삐셨나요, {mf|영주님|영주님|전하|전하}! 그는 살아있습니다! 직접 보세요. 저기서 우리를 지켜보고 있잖습니까!\""
    },
    {
      "Key": "9dc6fae7-e3dc-4483-ab1d-638ec54828e5",
      "Value": "\"우리도 남들처럼 먹고 살아야죠. 돈 없으면 배고파 죽을겁니다.\""
    },
    {
      "Key": "7dfcec28-3485-41ac-8d88-40e531033773",
      "Value": "\"어... 그러니까... {mf|영주님|영주님|전하|전하}...온갖 종류들이죠, 온갖 종류들! 얼마 전엔 히드라가 강 건너편에서 나타났었습니다. 그렇지, 친구들?\" {n}전사들은 고개를 끄덕입니다.{/n} \"뚱뚱하고 송곳니가 긴 놈이었죠! 자, {mf|영주님|영주님|전하|전하}, 만약에 그 괴물이 다리를 건너는 마을 사람들을 잡아먹으면 어떻게 합니까? 아니면 고블린이 몰래 기어들어와서 돌아다니는 가축을 훔펴간다거나!\""
    },
    {
      "Key": "6868988a-b6d4-43ea-b85c-74bbbcd6a9d8",
      "Value": "{n}남자는 침묵합니다. 뒤에 선 사람들은 자기 발끝만 내려다보고 있습니다.{/n}"
    },
    {
      "Key": "a6915105-cf12-4eee-81ae-9e7b5643f580",
      "Value": "\"하지만... 하지만...\" {n}남자는 숨을들이쉬며 몸을 숙입니다.{/n} \"저는 그저 부하일 뿐입니다. 나는 돈을 거두고 그리곤 길을 지나가게 할 뿐이에요. 이 문제는 수사슴 군주와 직접 얘기하는 게 좋겠습니다. 그와 한번 얘기해 보세요\""
    },
    {
      "Key": "8a1f972a-4941-405d-a0a8-396733fa1bef",
      "Value": "{n}남자의 눈이 밝아지더니, 곧 걱정스러운 표정이 얼굴에 교차합니다.{/n} \"나와 내 부하들도 그러고 싶습니다, {mf|영주님|영주님|전하|전하}! 하지만 저와 여기 친구들은, 이미 수사슴 군주 밑으로 들어간터라... 이 문제는 그와 한번 이야기해 봐주시는게 어떨까요?\""
    },
    {
      "Key": "95a6940f-f59a-4a83-9c12-f3de037893d0",
      "Value": "\"저기, 보이죠? 바로 저깁니다. 그에게 한번 가보시죠.\""
    },
    {
      "Key": "0d6f1458-e4d5-41ac-ad48-6ba9876df92a",
      "Value": "{n}남자는 밝게 웃습니다.{/n} \"식은죽 먹기죠! 전처럼 하면 되지만 지금은 {mf|영주님|영주님|전하|전하}께서 허락했으니 돈 버는게 더 쉬워졌죠!\""
    }
  ]
}