{
  "$id": "1",
  "strings": [
    {
      "Key": "933146f1-b8f7-4591-b86e-ab8029a606ea",
      "Value": "\"나는 여행이 좋아! 멋진 광경에 모험에 새로운 사람들... 많이 걷는 것만 빼면 좋지.\""
    },
    {
      "Key": "f286dfc8-7ba0-4b24-99d0-6fd6251ecb4c",
      "Value": "\"가끔 신이 내 동료들을 나와 같은 크기로 만들지 않아서 슬퍼... 보폭이 너무 넓단 말이지.\""
    },
    {
      "Key": "706ffed0-30ac-402c-ba0d-681b6db53c1f",
      "Value": "\"그리 많이 걷지도 않았어! 내 동료들은 여행을 다녀오면 키가 컸어. 발바닥에 굳은살이 박혀서 말이지.\""
    },
    {
      "Key": "f47b39fa-01f0-4276-9416-4d83d5555761",
      "Value": "\"몸무게가 그리 무겁지 않아서 다행이라고 생각해.\""
    },
    {
      "Key": "df6de7df-6fad-41d8-aca0-e714de6eee3d",
      "Value": "\"서렌레이의 종에게 불가능함이란 없어. 바란다면 네 굳은살을 좀 봐주지.\""
    },
    {
      "Key": "76b65012-10d2-49a4-b497-4138d8fba588",
      "Value": "\"하루에 500골드만 내. 그러면 너를 짊어주지. 왜. 냄새나? 너에게 걸맞는데? 하하하!\""
    }
  ]
}