{
  "$id": "1",
  "strings": [
    {
      "Key": "f3e6162c-5262-4a77-b4b2-d3aed7670182",
      "Value": "\"모험과 영웅을 상상했을 때 이것은 기대했던 것이 아니었어. 물론 흥미진진한 전투가 있었지만... 끔찍한 질병은 아니었어... 그리고... 피가 넘쳐흘렀어...\""
    },
    {
      "Key": "f4ddb58e-b02d-435e-a902-1a060a3263b3",
      "Value": "\"서렌레이여. 그들에게 자비를 베푸소서.\""
    },
    {
      "Key": "38124afa-b0dc-4eea-b067-2982a5e4aed5",
      "Value": "\"인생은 잔인해. 죽이지 않으면 죽임을 당하지. 동정할 여유가 없다.\""
    },
    {
      "Key": "2f3bbf52-9f23-4f4c-9e74-f3130463895a",
      "Value": "\"단명한 사람들의 슬픈 운명이야. 수중에 몇푼 가지고 몇년을 발악했지.\""
    }
  ]
}