{
  "$id": "1",
  "strings": [
    {
      "Key": "ad2ee9ab-18c4-46d2-816a-5100b7ba7242",
      "Value": "\"Trebricent가 이로베티의 바드들 중 우두머리라고 생각해! 아카데미에서도 그 녀석의 작품은 정말 짜증났거든...\""
    },
    {
      "Key": "eb1669d0-48ec-43ab-ac61-885c9fd5ef93",
      "Value": "\"통치자를 잘못 선택한 또 다른 바보로군.\""
    },
    {
      "Key": "57e24613-5402-4065-998e-cbdb4a48b892",
      "Value": "\"내 삶에 반영할 때 이해할 수 없어. 정말 이로베티에 환장한 거 아닌가? 아니면 그의 장화를 핥는 데에 익숙해져버렸나?\""
    },
    {
      "Key": "64b57fc4-87f3-4bec-a104-18d1b74c7826",
      "Value": "\"그라면 두려워서 죽고 싶지 않았을 거야. 그의 주인을 배반하고 우리에게 합류할 수도 있었을걸. 하지만 그는 끝까지 싸웠어.\""
    }
  ]
}