{
  "$id": "1",
  "strings": [
    {
      "Key": "076caef5-2bea-488f-94e8-e1d3e473eff5",
      "Value": "[떠납니다]"
    },
    {
      "Key": "4a6ea337-78da-4fe8-ae55-dbb533346a71",
      "Value": "[보석을 가져갑니다]"
    },
    {
      "Key": "8fd109ef-973f-40f0-a860-dad1ce150d40",
      "Value": "[꽃을 모아 시체 주위에 뿌렸습니다]"
    },
    {
      "Key": "e06cc061-4816-4bba-968e-f089bc24b071",
      "Value": "[대낫 나무에서 얻은 반지를 시체 위에 올렸습니다]"
    },
    {
      "Key": "31317437-60ea-4683-8cb1-60bff9f08410",
      "Value": "[탐지 마법을 시전합니다]\"이 여자에게 무슨 마법이 걸렸는지 보자고...\""
    },
    {
      "Key": "d229b862-9b13-4ec2-9533-49fd7b4a6508",
      "Value": "\"거기 누구야? 모습을 보여라!\""
    },
    {
      "Key": "33d8c8f4-2ef5-4d27-a012-ade3b1e8b750",
      "Value": "{n}아름다운 소녀의 시체는 빈터의 한가운데에 놓여 있습니다. 그녀의 화려한 드레스에 검은 핏자국의 얼룩이 수놓여졌습니다. 소녀의 죽음 이후로 수년이 지난 지금도 시체는 부패의 징후가 없습니다. 그녀의 창백한 손은 흰 백합을 움켜 쥐고 가슴에 평화롭게 올려져있고 신선한 꽃의 화환이 그녀의 머리에 씌여져있습니다. 그녀의 몸에는 보석, 목걸이, 귀걸이, 반지가 달려 있습니다. 당신이 보석을 살필 때 당신은 모든 방향에서 속삭임을 들었습니다. 그것은 요정(페이)이였지만 수많은 목소리에도 불구하고 아무 형체도 볼 수 없었습니다.{/n} \"꺼져! 니타가 잠들게 두지 않으면 후회하게 해줄 거야.\""
    },
    {
      "Key": "9e9b3f85-6911-4c13-b180-c11303c48325",
      "Value": "{n}페이의 위협을 무시하고 당신은 시체의 금붙이를 모읍니다.{/n}"
    },
    {
      "Key": "673ef48d-9e51-457d-86ec-43ed94552d00",
      "Value": "{n}대낫 나무에서 찾은 반지가 부드럽게 빛납니다. 그 때 당신은 흐느껴 우는 여자의 희미한 소리를 듣지만 이상하게도 멀리 떨어진 곳에서 오는 것처럼 사라집니다.{/n}"
    },
    {
      "Key": "1f6aa6c1-bccc-47e3-94f5-b75aa58825e6",
      "Value": "{n}당신은 신선한 꽃을 모아 여자의 시신 위에 놓습니다.{/n}"
    },
    {
      "Key": "849bf331-fa05-4339-a37e-010538eaecac",
      "Value": "{n}당신은 소녀의 가슴 위에 빛나는 반지를 놓았고 어디선가 안도의 한숨을 들었습니다.{/n}"
    },
    {
      "Key": "9f6b4d00-005f-4a20-8989-5ed8426f6538",
      "Value": "\"우리가 널 찾을거야...\" {n}속삭임은는 숲에서 들려오는 것 같습니다.{/n} \"너는 후회할 거야...\""
    },
    {
      "Key": "128efd08-5367-4af4-8fa9-1cbc24ed70e2",
      "Value": "{n}시체는 부패를 막아주는 강력한 보존 마법에 걸린 것 같습니다.{/n}"
    },
    {
      "Key": "aab54ed1-ae7b-43dd-a564-6ea7169ab366",
      "Value": "{n}페이의 위협은 중얼거림이 되어 침묵 속으로 사라집니다.{/n}"
    },
    {
      "Key": "e9ed9373-d796-4975-a5a5-858bd361b541",
      "Value": "{n}낄낄 거리는 소리와 당신을 노새의 성기에 비유하는 조롱이 유일한 대답이었습니다.{/n}"
    },
    {
      "Key": "477b13c3-5997-4baf-bde6-e80a86edeb24",
      "Value": "\"이봐. 누가 웃고 있지? 이리 와. 겁쟁이들아. 얼굴을 맞대고 비웃으라고!\""
    },
    {
      "Key": "851c5016-a33d-43d3-8fd8-7725d636243c",
      "Value": "\"여기는 페이의 땅이야. 농담이 잔인할 수 있지만 그들의 마음은 악하지 않다. 그들의 화를 돋구는 것은 현명하지 않아.\""
    },
    {
      "Key": "3267ee09-b95c-4902-81e0-613bd8f31330",
      "Value": "\"오. 설마 나를 화나게 하는 것이 현명하다고 생각해? 내가 이 버러지들을 잡으면 누가 웃는지 보자!\" {n}하프오크는 보이지 않는 페이에게 주먹을 흔듭니다.{/n}"
    },
    {
      "Key": "f9daf864-e276-4a91-8bee-e2d407e81b46",
      "Value": "\"슬프고 낭만적이야... 그녀가 누구든 누군가 정말 그녀를 사랑했을 거야!\""
    }
  ]
}