{
  "$id": "1",
  "strings": [
    {
      "Key": "78c04e2a-d118-4a0c-b808-91fd30e194f0",
      "Value": "\"당신이 기술 연맹에 속한 당신의 적들에게 복수를 한 들 무슨 상관이겠습니까? 그들은 늦으나 빠르나 결국 죽게 될 것입니다.\""
    },
    {
      "Key": "557e471b-9bb3-4c38-bcc4-09784320e843",
      "Value": "\"넌 앞으로 니 적들이 어떻게 지내는지 상관안하는지 모르겠지만, 난 아니야. 난 되도록 빨리 그것도 내 손으로 끝내고 싶어. 따뜻한 침대에서 그들이 끝을 맞이할게 아니란 말이지!\""
    }
  ]
}