{
  "$id": "1",
  "strings": [
    {
      "Key": "5ff04a0e-e2e8-49b5-882f-9cdf82c5d85f",
      "Value": "\"우리가 기술 연맹의 노예였을 때 우리는 코볼트가 드래곤의 후손이라고 배웠어. 아직도 그게 사실인지 거짓인지 모르겠어.\""
    },
    {
      "Key": "bbc4ebc5-50bf-4f9d-a08a-7b11405ceac5",
      "Value": "\"용처럼 웅장하고 커다란 생물이 작고 우스꽝스러운 코볼트를 낳았다니 상상할 수가 없어!\""
    },
    {
      "Key": "b6ff4e08-cf92-474d-b922-c5d7aee2771e",
      "Value": "\"사실이야. 오늘날에도 코볼트는 항상 용을 언급하지. 나는 한 때 그들에 관한 글을 쓴 적이 있는데... 압살롬의 등반가가 방해해서 그만두었어.\""
    },
    {
      "Key": "370f9d6a-22d9-4451-9b15-b21b76e7bb67",
      "Value": "\"높은 목표 없는 삶은 정신의 퇴보로 이어진다. 그들의 경우에는 영과 육체 모두였어.\""
    },
    {
      "Key": "7f6f1163-2ca8-4ff3-9cfb-ca4533d34453",
      "Value": "\"누가 알겠어... 잠깐! 혹시 드래곤이 코볼트의 후손이 아닐까?!\""
    },
    {
      "Key": "40c25f2e-f9b0-47b4-9e06-7611221bc1b8",
      "Value": "\"누가 알겠어... 잠깐! 혹시 드래곤이 코볼트의 후손이 아닐까?!\""
    }
  ]
}