{
  "$id": "1",
  "strings": [
    {
      "Key": "8e674e9f-ad8d-4b10-8c3c-29d11510eba6",
      "Value": "\"다른 곳 보지 마! 네 도움이 필요해.\""
    },
    {
      "Key": "a9bc4d1e-1f96-417d-904a-d17bbd32bbd9",
      "Value": "\"기도의 불씨가 바닥났어. Dawnflower. 나에게 힘을 주소서.\""
    },
    {
      "Key": "ece812e5-eba5-44e7-8f18-2cd0f22eb270",
      "Value": "\"네가 기도할 때가 좋더라. 순수한 목소리와 순수한 영혼.\""
    },
    {
      "Key": "97cb15a3-da34-43a6-b8d7-18cb05d40202",
      "Value": "\"또 기도가 바닥났어? 이제 무기사용하는 법도 배워야겠군.\""
    },
    {
      "Key": "09144645-727c-43e8-a113-d395a17a8c35",
      "Value": "\"항상 다른 사람들을 돕겠다는 기도만 하잖아... 그게 나에게 많은 의미가 돼. 나는 성실에서 허영심을 분리하는 방법을 배워.\""
    },
    {
      "Key": "ed80ccac-a5f8-4499-b574-ed86a71b0980",
      "Value": "\"오. 여신님. 힘을 주세요... 힘이 없어요. 여신님. 하하하!\""
    }
  ]
}