{
  "$id": "1",
  "strings": [
    {
      "Key": "1c4d429a-47ac-458a-ab62-535fab5d4f57",
      "Value": "\"세계는 슬픔으로 가득해. 그로투스가 오지 않은 세계들이 그렇지. 하지만 여기는 정말 인상적이야.\""
    },
    {
      "Key": "cb280bc6-ca0c-4afa-b9ef-df1e7723186b",
      "Value": "\"감동이라도 했나. 마치 멸망을 본 것처럼 말하는구나. 언제나 그로투스를 붙이면 되는 거야?\""
    },
    {
      "Key": "cf13d0fb-59c7-4fd8-b94f-1294a836db11",
      "Value": "\"식량이라도 찾아 보라고. 그리고 다른 곳에서는 그런 암울한 생각은 접어.\""
    },
    {
      "Key": "ab6c376d-c5c2-4bd9-aaad-e7705e29cf74",
      "Value": "\"놀라운 곳이야... 그리고 주민들도 놀라워. 여기서 지겨운 하루를 보냈으니 이제 어디로 가야할지 알겠어.\""
    }
  ]
}