{
  "$id": "1",
  "strings": [
    {
      "Key": "f7b33224-44b4-4c6e-806e-f9f185e1de6e",
      "Value": "\"넌 쓰고 또 쓰는군, 린지...네가 죽은 뒤에 잊힌다면 도대체 뭐 때문에 쓰는 거지?\""
    },
    {
      "Key": "95200a15-b1a1-4e02-b3c4-4d58b4e25057",
      "Value": "\"그래서 나는 적어두는거야, 잊혀지지 않기 위해서! 내 이야기들은 세기를 이어갈거야! 그래, 세기를 말이지. 그것 미만으론 받아들이지 않을거야!\""
    }
  ]
}