{
  "$id": "1",
  "strings": [
    {
      "Key": "5386637f-336d-4d18-826c-38940a49b78a",
      "Value": "\"어쨌든, 주비, 부디 말해줘요.\""
    },
    {
      "Key": "e5c511ce-6e19-4238-ab61-70393cd2cb63",
      "Value": "\"아니, 네가 말해봐. 나를 이렇게 무례하게 대할 권리가 당신에게 있나? 난 나를 그런 식으로 간지럽게 부르라고 한 적 없어. 그러니 부디, 앞으로는 그렇게 천박하게 친밀감을 표현하는 건 삼가주지 않겠나?\""
    }
  ]
}