{
  "$id": "1",
  "strings": [
    {
      "Key": "87c69d1f-e0de-4d4e-b32a-6bdaa4946efa",
      "Value": "\"진정한 전사는 트인 곳에서 싸우지. 이로베티가 기습을 하곤 하는데 그녀석이 겁쟁이라서 그런 거야.\""
    },
    {
      "Key": "6ed80d07-26fc-4b79-a38e-fff6805f711b",
      "Value": "\"아니면 두뇌에 주름을 다림질하듯 펴버린 것이거나...\""
    },
    {
      "Key": "522e86b1-3efc-4d42-982f-7af3256461aa",
      "Value": "\"맞아. 그의 군대가 대규모 전투에서 멈추지 않을 것을 그는 알고 있었지.\""
    },
    {
      "Key": "048b0c96-34c7-4088-a5c2-84365dedc835",
      "Value": "\"진정한 전사는 패배를 모르는 법이지. 어떤 상황이라도.\""
    }
  ]
}