{
  "$id": "1",
  "strings": [
    {
      "Key": "1a83fd8d-97f7-4958-a61e-e15952abed1c",
      "Value": "\"발레리, 당신은 정말 강하고 고귀한 사람이군요. 당신이 싸우는 모습을 볼 때면, 서렌레이께서 로바거그와 맞서는 모습을 떠오른답니다.\""
    },
    {
      "Key": "6290976c-7a13-4941-a67d-8d2fb9796207",
      "Value": "\"그건... 내가 살면서 들어본 중 최고의 칭찬입니다. 수많은 찬사를 들어왔지만, 가장 마음에 듭니다!\""
    }
  ]
}