{
  "$id": "1",
  "strings": [
    {
      "Key": "376d8d3f-6dec-458c-84d1-1447e508baf2",
      "Value": "\"그래서, 그는 어디 있지?\""
    },
    {
      "Key": "efff3920-6e1e-48f4-951d-d77016d76e9a",
      "Value": "\"나는 이 모든 일에 대해 관여하고 싶지 않습니다.\""
    },
    {
      "Key": "f922b077-8885-48b3-a4a6-50f4df10dff6",
      "Value": "\"좋아. 기회가 있다면 곧 우리는 죽은 자의 계곡을 방문거야.\""
    },
    {
      "Key": "639b72c1-d6ab-4b7d-875a-9a9261ee7543",
      "Value": "\"난 이 일에 대해 널 돕지 않겠어.\""
    },
    {
      "Key": "58ff0b39-2f87-4576-a164-9db62bffa968",
      "Value": "{n}제이탈이 단호하고 자신만만한 걸음걸이로 알현실을 가로지릅니다. 이단심문관은 급히 전할 소식이 있어 보입니다.{/n}\"마침내. 그 잡종에 대한 소식을 입수했어. 우리 영토에서 멀리 떨어진 곳에 숨었을 거라 생각했는데, 아니더군. 가까운 곳에 있었어.\""
    },
    {
      "Key": "6f36cf3e-7e14-4fd6-8b41-e16765c05512",
      "Value": "\"{g|Valley of the Dead}죽은 자의 계곡{/g}에서 멀지 않은 곳에 있었지. 언데드를 이 세상에서 지워버리려 필사적인 파라스마 교도들에게 딱 들어맞는 장소로군. 이런 결정은 어쩌면 보다카이를 처리하기 위한 것이었겠지만...난 좀 다른걸 의논해 보고 싶군. 이 잡종이 어떤 가난한 순례자 여성을 추격하는 것이 목격되었어. 내 수하들이 찾아낸 것으로 판단해 보자면, 그녀에 대해 알아내는 것은 꽤나 흥미로울 것 같더군.\""
    },
    {
      "Key": "49898c89-395c-42a9-8225-b5e61fd32d1d",
      "Value": "\"어떻게 이럴 수 있지, 그 녀석이 널 속이고 자기의 계획에 끌여들였는데도?\"{n}제이탈은 실망감을 숨기지 못했습니다.{/n}\"좋아, 원하는 데로 해. 그러나 이건 근시안적인 결정이야. 아주 근시안적이지.\""
    },
    {
      "Key": "865070d3-5a85-49d4-a155-c7e8d84ab71d",
      "Value": "\"이 잡종을 추격하기 위해서, 나는 도둑들, 부랑아들, 도굴꾼들 같은 모든 종류의 쓰레기들을 다루어야 했어. 그 중 하나가 에네오의 위치를 찾아냈고, 그 가난한 여성에게 사기칠 기회를 놓치지 않고 그녈 등쳐먹었지. 그녀의 손가방에서 이 도둑은 몇몇 불길한 글들을 찾아냈어. 그 글들이 적힌 종이들이 저주받았다고 생각하곤, 그는 자신에게서 그것들을 떼어놓을 요량으로 그걸 내게 주었지. 그것들이 무엇이었는지 알아? {g|Urgathoa}우르가쏘아{/g}의 추종자들의 신성한 책인 \"굶주림을 받들라\"의 발췌본이었어.\""
    },
    {
      "Key": "45f44f4e-86fc-40d4-9296-4c17ed40159c",
      "Value": "\"난 그 훔친 서류들을 자세히 살펴보았지, 그 문서의 원래 주인은 {g|Urgathoa}우르가쏘아{/g}의 고위 여사제인 것 같아. 이 잡종은 나의 여신의 모든 추종자를 세상에서 박멸하려는 중이야. 놈은 흔적을 지우는데 능하지만 드디어 놈을 잡을 기회가 왔어. {g|Valley of the Dead}죽은 자의 계곡{/g}으로 가서 놈이 여사제를 죽이기 전에 찾아내자. 그리고 놈이 여사제를 찾아오면... 글쎄, 신의 종이라면 응당 행동으로 믿음을 증명해야 하는 게 아닐까?\""
    },
    {
      "Key": "685346aa-134e-4928-b98f-a888635b60a5",
      "Value": "\"고마워. 이건...이건 내게 중요한 일이야. 그걸 말하고 싶었어. 나의 여신님으로부터 아무 말도 듣지 못하는 고요 속에 잠겨있다는 것에 지쳐가고 있었어. 이 여사제와 이야기해봄으로써 {g|Urgathoa}우르가쏘아{/g}께서 내게 바라시는 게 무엇인지 찾아내고 싶어. 난 해답을 원해. 다른 이들 가운데 누가 나를 죽인 사람인지를.\""
    }
  ]
}