{
  "$id": "1",
  "strings": [
    {
      "Key": "7c62af5e-0207-443c-ab76-ca1776f312fd",
      "Value": "{g|Culture7_1}[선택 시 효과]{/g} \"예술은 희생을 요구한다. 내 법령에 따라, 라지오 메수스는 매달 봉급을 받을 것이다.\""
    },
    {
      "Key": "d01ad077-fd2c-4ba0-9e4f-c7aa400631ad",
      "Value": "\"라지오를 후원하지 않을거요.\""
    },
    {
      "Key": "13a6fdf1-e924-4b92-bebb-efce5b73e66c",
      "Value": "{g|Culture7_2}[선택 시 효과]{/g} \"아주 좋아, 제이탈. 재무관이 필요한 것들을 제공할거야.\""
    },
    {
      "Key": "5e7db199-e111-434c-a04d-57d6bcf26543",
      "Value": "\"당신은 내 학예사야. 이 선택은 너에게 맡기지.\""
    },
    {
      "Key": "44e1ad84-1a98-4372-82b8-66dd65789deb",
      "Value": "\"{name}, 다시 한번 라지오에 대해 이야기하러 왔습니다. 여전히 오페라를 쓰는 중이고, 이젠 우리에게 재정 지원을 요구하고 있습니다. 작업 진행상황이 생각보다 늦고, 자금이 바닥을 치고 있어요. 하지만 그가 작업물을 좀 보여줬습니다만, 확실히 흥미롭더군요!\""
    },
    {
      "Key": "735e54d3-61e3-4f09-9ae9-f11868e7b6eb",
      "Value": "\"젊은 마에스트로 메수스에게 다시 한번 연락했습니다, 전하. 여러 어려움속에서도, 그는 여전히 당신의 도둑맞은 땅에서의 모험에 대한 오페라를 열심히 쓰고 있습니다. 지금 그는 재정 지원을 요구했습니다. 압살롬에서 가져온 얼마없는 자금이 바닥난 모양입니다. 우리가 돕지 않는다면, 그는 다시 한번 의뢰를 받아야 할 겁니다.\""
    },
    {
      "Key": "b98cdc15-74ce-41cb-b537-84405dbe05b2",
      "Value": "\"압살롬에서 온 젊은 작곡가 라지오 메수스가 저를 다시 찾아 왔습니다. 제가 예상했던대로, 오페라 작업을 계속 하는 중이더군요. 당신이 왕좌에 오르는 이야기 말입니다. 그는 빈털터리입니다. 오페라 작업에 온 힘을 쏟기 위해, 그 어떤 의뢰도 받지 않았기 때문이죠.\""
    },
    {
      "Key": "13be3879-448c-4e45-8ecb-a25135812b58",
      "Value": "\"우리가 그를 도와야 한다고 생각합니다. 그는 빈털터리예요, 그가 작업을 위해 최선을 다했다는 걸 알 수 있습니다. 그는 여전히 압살롬에서부터 입고 온 구멍 난 낡은 셔츠를 입고 있어요. 그리고 일주일 동안 빵과 물만 먹고 있고요. 절 믿어주세요, 그를 지원하는건 진정한 예술을 후원하는 겁니다. 지금 잃은 것 보다 수백 배는 더 벌어들일 수 있을 거예요!\""
    },
    {
      "Key": "dd2f7635-2f0b-4ce7-a58b-feab80300288",
      "Value": "\"제 조언은 - 창조적인 과정에 간섭해서는 안 되며 훌륭한 예술가는 동시에 여러 작품을 작업할 수 있어야 한다는 겁니다.\""
    },
    {
      "Key": "249f4e46-d62b-4563-a358-3ccbf951346e",
      "Value": "\"이로 인해 그가 결정을 내릴 때 우리가 개입할 수도 있을 겁니다. 라지오를 도와야 합니다. 그가 미끼를 물면, 명예를 위해서 후원자의 의견을 들어야한다고 설명해주십시오. 그리고 한 가지는 확실히 해야 합니다... 오페라에 우리가 개입할 수 있다는 사실을. 순진하고 은혜를 입은 그 아이라면 거절하지 못하겠지요.\""
    },
    {
      "Key": "d89c4e68-db85-46b7-a4f5-4ce538c76d61",
      "Value": "\"아 그리고, 한가지 더 질문할 게 있습니다: 글을 쓸 때 가장 관심을 기울여야 할 것은 무엇입니까? 청중에게 어떤 메시지를 전해야 합니까?\""
    },
    {
      "Key": "0be7aa8e-441f-4c31-9541-27f83650fa2f",
      "Value": "\"제게 말해 주십시요, {name}, 젋은 우리 친구의 생각을 어떻게 해야 할까요? 그가 글을 쓸 때 무엇을 항상 염두하도록 해야 할까요?\""
    },
    {
      "Key": "a146bf66-4ba3-47fb-8cb6-6afea3b644b9",
      "Value": "\"고맙습니다, {name}, 정말 고맙습니다! 당장 라지오에게 가서 모든 문제가 해결 됐다고 말하겠습니다!\""
    },
    {
      "Key": "4bb18731-2b8b-44a5-8872-155020e0443e",
      "Value": "{n}이야기꾼은 고개를 끄덕인다.{/n} \"모든 문제는 자기 스스로 극복해야 한다고 젊은이에게 전하도록 하겠습니다.\""
    },
    {
      "Key": "9f587a03-c2a1-40ab-bfd7-e4f25ba1f266",
      "Value": "\"라지오는 원하는 바룰 이룰 것입니다... 그리고 나중에 그 대가를 치르겠지요.\""
    },
    {
      "Key": "f5949202-9318-4874-99b9-3440112d3917",
      "Value": "\"명하신 대로 하겠습니다, 전하.\""
    },
    {
      "Key": "35a14444-dedf-4de7-b298-6b668cd15515",
      "Value": "\"제가 쭉 지켜봤던 압살롬에서 온 젋은 작곡가, 라지오 메수스에 대한 놀라운 소식이 있습니다. 저랑 어제 만났고, 뒤이어 그가 빚에 허덕인다고 말하더군요. 친구들이 호화롭게 사는데, 그에 발맞춰 살아가지 않을 수 없었다고 합니다. 그리고 이제 다른 삶을 사는 것을 상상조차 할 수 없다더군요. 물론, 이 난봉꾼들에게 그를 소개한 사람은 다름아닌 저입니다만...\""
    }
  ]
}