{
  "$id": "1",
  "strings": [
    {
      "Key": "45f33a33-2e8e-409c-b146-34816fc9a405",
      "Value": "[석관의 문양을 조사합니다]"
    },
    {
      "Key": "e7627ccd-d43d-4fa9-8b88-f53230c73860",
      "Value": "[석관 주위를 걸어다닙니다]"
    },
    {
      "Key": "79ebc84d-3b9e-449c-8ccf-d24f11764507",
      "Value": "[석관에서 물러납니다]"
    },
    {
      "Key": "592a1588-ce72-433f-ae76-fc90fd684596",
      "Value": "[석관의 뚜껑을 밀어서 엽니다]"
    },
    {
      "Key": "a28bfce7-020f-45bc-9b1c-3414d3cf3280",
      "Value": "[지렛대로 석관의 뚜껑을 엽니다]"
    },
    {
      "Key": "317e5932-2b77-4ed7-93c4-9f391524f150",
      "Value": "[석관의 뚜껑을 조사합니다]"
    },
    {
      "Key": "a4eaf39d-40ad-46c0-94f0-b9cf7106fa94",
      "Value": "{n}거대한 석관이 당신 앞에 있습니다. 희미한 불빛이 석관 뚜껑의 문양들을 비춥니다 .{/n}"
    },
    {
      "Key": "0d10a9b1-51ac-4717-ad89-467c9db8f697",
      "Value": "{n}뚜껑은 대리석을 통으로 깎은 것입니다. 그것은 고대 룬으로 덮여 있으며 매우 무겁습니다.{/n}"
    },
    {
      "Key": "6481acd5-a248-4083-95a0-fc2bddbabc8e",
      "Value": "{n}당신은 석관 뚜껑을 보다 잘보려고 가까이 다가갔고 희미하게 빛나는 표면에 기스가 나 있는 것을 보았습니다. 뚜껑을 보건데 이것은 밀어서 열고 닫는 방식입니다. 그리고 당신은 석관의 표면에 작은 구멍이 줄지어있는 것을 보았습니다. 그것들은 석관에 공기를 통하게 하려고 만든 것입니다.{/n}"
    },
    {
      "Key": "c2ee5066-297c-4216-aaec-e58197628b1a",
      "Value": "{n}모든 힘을 쏟아부어 당신은 대리석 판을 밀었습니다. 그 판은 쿵소리를 내며 바닥에 떨어졌고 그 소리가 어두운 방에 울립니다.{/n}"
    },
    {
      "Key": "ed06032e-916a-4079-ae30-2c30f87cbcc6",
      "Value": "{n}몇 차례 움직이는 데 실패하고 오랫동안 숨을 고르고 난 후에 마침내 대리석 판이 밀려납니다. 그 판은 쿵소리를 내며 바닥에 떨어졌고 그 소리가 어두운 방에 울립니다.{/n}"
    },
    {
      "Key": "3725f56b-8a30-4ae2-9ab7-a7ef55a9f13d",
      "Value": "{n}석관의 조각은 고대의 사이클롭스 제국을 묘사합니다. 그것은 사이클롭스 주인들에 대항해서 인간 부족이 대항한 것에 대해 이야기합니다. 그림을 판단할 때 폭동은 잔인하게 억압되었고 반란군의 지도자는 붙잡혔고 인간 군대는 도살되었습니다.{/n}"
    },
    {
      "Key": "136c5d3f-900e-454e-b1b3-456cd5e28974",
      "Value": "{n}으스스하게도 석관의 옆면은 긁힌 자국과 피가 말라붙은 자국이 있습니다. 누군가 여기에 묻혔고 여기에서 벗어나려고 애쓴 것 같습니다. 긁힌 자국에도 불구하고 내부에는 아무것도 없습니다. 석관은 비어 있습니다.{/n}"
    },
    {
      "Key": "aa944fcd-1ebb-41e6-a52b-4edab380f7d6",
      "Value": "{n}당신 뒤의 어둠에서 당신은 희미한 살랑거리는 소리를 듣습니다. 무의식적으로 등골이 오싹해집니다.{/n}"
    },
    {
      "Key": "208065d9-60d7-42f5-b0d3-c87f0b4191ad",
      "Value": "{n}갑자기 스르륵하는 소리가 들립니다. 석관의 뚜껑이 열리기 시작했습니다.{/n}"
    },
    {
      "Key": "d6079f35-a7fc-4eed-86f7-37deef1f9abd",
      "Value": "{n}당신은 석관 주변을 걸으며 바닥과 닿아있는 부분을 조사합니다. 당신은 먼지 속에서 최근의 흔적을 발견합니다. 누군가 최근에 여기에 왔습니다.{/n}"
    },
    {
      "Key": "0f3476f0-c0c5-4c31-92b4-8f11e323ea67",
      "Value": "{n}관에 새겨진 것은 이상한 이미지의 배열입니다. 외눈 박이 거인, 인간(?) 군대, 무너지는 집들... 당신은 그것을 이해할 수 없습니다.{/n}"
    },
    {
      "Key": "899635ae-26a5-4c56-a294-c5ceeed19e87",
      "Value": "{n}당신은 석관 주변을 걷지만 특별한 것은 보지 못했습니다.{/n}"
    }
  ]
}