{
  "$id": "1",
  "strings": [
    {
      "Key": "aaa24a44-830f-44b0-85c0-6fb57abd0cd4",
      "Value": "[에코라에게 말을 건다] \"여인이여, 당신이 무엇을 지키고 있는지 알려주십시오. 우리는 진실을 알고 싶습니다.\""
    },
    {
      "Key": "438158d4-3140-4327-ad0d-a08c5461a3d5",
      "Value": "\"내 의견을 묻겠다면 지휘관, 우리는 에코라를 처리해야 합니다. 저 다이몬 숭배자들을 나락으로 돌려 보냅시다!\""
    },
    {
      "Key": "97167975-a0a6-4e0f-bd1c-4afd19143fc6",
      "Value": "\"메이가르, 저 켄타우로스들은 우리와 반홀드 사이에 서서 반홀드를 위협하고 있어요. 그들은 물러나던지 죽어야 해요!\""
    },
    {
      "Key": "b1078d84-e0ec-4a83-a3fe-1fc99b1618e8",
      "Value": "\"메이가르, 제게 한가지 극약처방이 있습니다. 그냥 저 무리들을 둘 다 없애버리면 안 됩니까?\""
    },
    {
      "Key": "ccbb8b24-308e-43ae-9416-7de3fdcf8107",
      "Value": "\"메이가르, 에코라의 부족과 싸울 필요는 없습니다. 그들은 우리가 그렇듯 평화를 원합니다.\""
    },
    {
      "Key": "0b0a600a-707a-4e22-83ef-23f8cc507cc5",
      "Value": "\"에코라, 부디 내 지휘관의 말을 들어야합니다. 고대의 악에 대항해 우리를 이끌 수 있는 사람은 세상에 메이가르 반 뿐입니다.\""
    },
    {
      "Key": "8a3d0684-d9b8-4df8-9b5b-2523388a7bdd",
      "Value": "\"메이가르, 우리는 켄타우로스와 사교도들 모두를 제거해야 합니다. 둘 모두 반홀드의 적입니다.\""
    },
    {
      "Key": "82d36e54-e0a4-4dcd-87d4-c2cb19e60771",
      "Value": "\"따로 싸워서 우리의 노력을 낭비할 게 아니라, 힘을 합쳐서 함께 이 무덤을 내려가야 합니다.\""
    },
    {
      "Key": "fafc910d-13d2-4f70-83a0-57cc913072db",
      "Value": "\"악몽에서 봤던 장소를 지키고 있는 겁니까? 하지만 데스나 - 어머니 달은 선한 꿈의 신 입니다. 악몽을 보내는건 그분이 할일이 아닙니다. 뭔가 잘못되고 있는것 같은데요.\""
    },
    {
      "Key": "84260387-8c09-4e67-a767-9f830b09ccd0",
      "Value": "\"메이가르, 우리는 그 켄타우로스들을 설득 할 수 없습니다. 유감이지만, 우리는 그들을 죽여야 합니다.\""
    },
    {
      "Key": "675305cd-5def-40bb-b85e-e83311ceabd8",
      "Value": "\"우리는 그들 말을 들어야 합니다!\" {n} 젊은 켄타우르스가 에코라의 경비병들을 밀치고 나왔습니다.{/n} \"이 두다리 들은 지하에서 올라온 괴물로부터 저를 구해줬습니다. 그들은 우리의 적이 아닙니다!\""
    },
    {
      "Key": "64def3aa-7282-4ed8-9fee-7a6173605e73",
      "Value": "\"장군의 말에 동의하네. 나 또한 이러한 모순을 좋아하지 않네. 특히 Old Stump의 주민들이 우리에게 들려주고 있는 이야기 같은 것 말일세. archdaemon이 그들에게 번영을 안겨준다니... 말도 안 되는 소리군.\""
    },
    {
      "Key": "bc3a93a6-8aa9-4bc2-a22a-6f1983d44737",
      "Value": "\"딱하고 어리석은 놈, 아직도 할 말이 남았나? 이제 충분하다! 너의 시간은 끝났어! 너의 천년의 감시는 엉터리다. 주인께서 지금까지는 은총을 주지 않으셨지. 그러나 이제 그 시간이 왔도다. 너는 그분의 의지를 꺾지 못할 것이다!\""
    },
    {
      "Key": "b1702295-fc56-4a9c-98eb-18d37b559d61",
      "Value": "\"그래서 너는 지금까지 네가 뭘 상대하고 있는지도 모르고 여기까지 왔단 말인가? 답도 없이 멍청한 건가, 아니면 그만큼 절박한 건가? 나는 원래 너에게 세대와 세대를 거쳐 오랜 시간 내려온 우리의 노래를 불러줄 생각도, 그럴 시간도 없었다. 하지만 네게 영원한 노멘 수호자의 이야기를 말해주기로 하겠다. 최대한 간단하고 알기쉽게 설명해주지.\""
    },
    {
      "Key": "6458f4f6-ca63-435a-afb7-c472239d4d88",
      "Value": "\"하지만 네가 말한 것을 생각해봐라! 주인님께서 내려주신 힘과 영원을 거부하다니!\""
    },
    {
      "Key": "114f4f63-aeb6-4faf-92b9-217656bc685e",
      "Value": "\"너는 평화를 말하지만, 우리가 널 평화롭게 대할 것이라고 어떻게 확신하지? 널 무덤 안으로 들여보내야 할 이유를 아직도 모르겠군.\""
    },
    {
      "Key": "bf66eced-3b63-4f47-affd-f77d8d698cc4",
      "Value": "\"남아 있는 우리 부족이 너무 적기 때문이지요. 우리 부족에는 나와 같은 자가 열 명도 되지 않습니다. 어떤 식으로든 우리 세대가 이 수호를 수행하는 마지막 세대가 되겠죠. 모두가 이 사실을 알고 있지만 아무도 크게 말하고 싶어하지 않을뿐! 부탁입니다, 여사제여, 어머니 달을 위해 – 두 다리들이 무덤 안으로 들어가도록 해주세요. 더 이상 악을 감시하는 것은 아무런 의미가 없습니다. 우리는 그것을 물리쳐야하고 그렇지 못한다면 죽을 뿐입니다. \""
    },
    {
      "Key": "b6aa3cca-98c1-4890-83da-ca1f5b1a0a97",
      "Value": "\"네 손으로 직접 끝장내려고 구해준 건가?\""
    },
    {
      "Key": "7d872542-b202-4939-980b-2007d6787706",
      "Value": "\"대화의 시간은 끝이다, 인간이여. 너와 나의 부족에게는 유감스럽게 되었군. 우리의 아이들은 이 땅 위에서 죽겠지. 하지만 우리는 더 숭고한 목적이 있다. 우리에게 주어진 영원한 수호의 의무를 마지막까지 용감하게 관철하리라!\""
    },
    {
      "Key": "8fb6dcf2-db37-48a7-92de-c83fb444c3b9",
      "Value": "\"눈먼 멍청이들! 너희는 주인님의 선물을 받을 자격이 없다!\""
    },
    {
      "Key": "1ad17657-df69-4247-ae30-8f499b0fa533",
      "Value": "\"칼을 뽑지 마시오, 제발!\""
    },
    {
      "Key": "4e539567-ec41-46dc-b395-6ba50413604b",
      "Value": "\"그만, 이제 충분하다. 두 발로 걷는 자여, 너는 방금 너의 '동맹'이 얼마나 쓸모없는지 보여줬다. 나는 너를 믿지 않아. 부족원들이여, 무장하라! 죽을 각오로 싸워라!\""
    },
    {
      "Key": "e21f4931-d629-47a0-b46e-ff773fdccec6",
      "Value": "\"잘 들으시오, 에코라. 사이클롭스들은 진작에 깨어났고, 이미 주변에 숨어 있소. 그 말은 놈들의 대장이 예전처럼 평화롭게 잠이나 자고 있지 않다는 뜻이오.\""
    },
    {
      "Key": "58754999-89ed-46d3-b0a6-c28a4a2c4663",
      "Value": "{n}에코라는 망설입니다.{/n} \"너와 함께 가면 네가 사악한 악마의 마법을 탐했는지, 아니면 안에 갇힌 악을 물리치러 가는지 알 수 있겠지. 지금 여기서 너를 공격하는 것 보다는 그것이 더 합리적일거 같군.\""
    },
    {
      "Key": "4a99795d-4539-4e6c-a0b8-c88bfd403b50",
      "Value": "\"그건 너무 위험해, 그리고 우린 아직 너를 믿지 않는다, 이방인.\""
    },
    {
      "Key": "ee93de1b-b126-4f3e-a1cb-af89330d3585",
      "Value": "{n}의심의 그림자가 여사제의 얼굴을 스칩니다.{/n} \"네가 정중히 주장하는 바에 의하면, 우리 부족이 거짓 정보에 속아서 상상도 못할 희생을 치르며 이 땅을 수천년 간 수호하고 있단 말인가? 혹은 그냥 환상이라고? 참으로 뻔뻔한 소리로구나!\""
    },
    {
      "Key": "b7866c04-1b8f-4a1b-bd2b-cf5e099e9f40",
      "Value": "\"진심으로 네가 고대의 지식에 대해 나나 역대의 우리 조상님들보다 잘 이해하고 있다고 생각하나? 너 같은 이방인이?!\""
    },
    {
      "Key": "334364c5-5c40-43a2-bc63-9753aa329a5f",
      "Value": "\"내가 현자는 아니지만, 삶의 경험으로 하나 배운 건 있지. 내 집 지하실에 끔찍한 위협이 숨어 있을 때, 그 지하실 문 위에 앉아서 제발 나오지 말라고 기도나 하는 건 가장 멍청한 선택이란 거.\""
    },
    {
      "Key": "6c396146-24af-4e76-82cd-cfc2377c136c",
      "Value": "{n}왜인지, 놀랍게도 여사제가 미소짓습니다.{/n} \"옛날부터 내려온 아름다운 노래 천 곡, 천 가지도 넘는 기도와 주문들을 알고 있지만 지금처럼 단순하고 투박한 말에서 이렇게 큰 힘을 느끼기는 처음이군. 좋소, 반 남작. 우리가 해야 할 일이 있다면 그대를 따라 어둠 속으로 들어가겠소. 하지만 먼저 이 땅에 남아 있는 다이몬 숭배자들부터 쓸어버릴 것이오!\""
    },
    {
      "Key": "10fea62f-d2b9-4bfa-bb90-bf295bb5a811",
      "Value": "\"남작! 네놈이 주인님의 선물을 받을 자격이 있다고 생각한 내가 틀렸다! 너도 평범하고, 한심하고, 한치 앞도 분간할 줄 모르는 다른 놈들과 똑같구나!\""
    },
    {
      "Key": "df85a5d7-4c37-46c2-a522-7ae38128ae1c",
      "Value": "\"쓸데없는 소리! 반 남작, 너와 네 동료들은 주인님의 선물에 걸맞지 않다는게 분명해졌다! 이 한심한 생명체들과 함께 죽어라. 오직 가장 신실한 자만이 그 선물을 받으리라!\""
    },
    {
      "Key": "e41dac60-0557-462d-b4e3-ff2d84719f3a",
      "Value": "{n}대화는 갑자기 끝나고, 마치 서로 상대가 움직이길 기다리는 것처럼 긴장된 침묵이 허공에 감돕니다.{/n}"
    },
    {
      "Key": "a11b0128-1f04-458f-aaab-fd5de551c6b5",
      "Value": "{n}메이가르가 손을 들자 켄타우로스 대열에서 들리던 성난 속삭임이 줄어듭니다.{/n} \"에코라 경, 맞소? 나는 반홀드의 통치자 메이가르 반 남작이라 하오. 하늘에 맹세컨데 그대의 백성과 내 백성이 싸우는 것을 원치 않소. 이미 서로 피를 흘렸지만 계속 그럴 필요는 없지 않겠소. 우리가 원하는건 오직 죽은 사이클롭스의 공격으로부터 우리의 집을 지키는 것이오. 그리고 그러기 위해선 그 무덤을 처리해야 하지...\""
    },
    {
      "Key": "bf5868b5-99f9-4afd-87bb-56b50db9a09d",
      "Value": "{n}켄타우로스 대열 사이로 웅성이는 소리가 흐릅니다. 에코라의 눈이 분노로 험악해집니다.{/n} \"무덤 문제를 해결하겠다고!? 나보고 그 말을 믿으라는 건가, 반 남작? 널 믿고 노멘 부족이 수천 년간 지켜왔던 곳에서 철수하라니? 무덤은 필멸자의 손이 닿아선 안 되는 곳이야. 무슨 이유로 네게 접근을 허락할 것 같나?\""
    },
    {
      "Key": "433bd874-db29-42e5-93d0-c1b9037015d3",
      "Value": "\"아주 오래 전에 사이클롭스 제국이 이 땅을 지배했다. 어둠과 상상할 수 없는 잔인함의 나라였지. 그러나 어찌된 일인지 이 불길한 곳에는 자신의 혈족까지도 공포에 떨게 할 정도로 어둠으로 가득한 영혼이 하나 있었다. 우리가 결코 이름을 말할 수 없는 이 고대의 폭군은, 이 땅에 그의 요새를 건설했다. 그러나 그의 제자들과 신하들이 그에게 반기를 들고, 그의 성벽 안에 그를 가두었지.\""
    },
    {
      "Key": "d4fc262c-e2f8-4f71-8f8d-f4199bb1d198",
      "Value": "\"그러나 그는 죽은 것이 아니라 마법적인 잠에 싸여 있을 뿐이다. 수천 년 전 {g|Desna}어머니 달{/g}이 내 조상님들에게 악몽을 보내어 그의 안식처로 안내했다. 그분들은 그것을 발견하고 어리석은 인간들이 괴물의 수면을 방해하지 않도록 우리가 수호하라고 명령하셨다. 그것이 깨어나면 아무도 살아남지 못할 것이다.\""
    },
    {
      "Key": "117efa3d-259a-48fa-9401-9dd2f8f509b1",
      "Value": "\"아, 그리고 당신은...\"{n} Cephal의 목소리에 독기가 묻어납니다{/n} \"...당신이 무엇을 상대하고 있는지 안다고 우기는 거요? 여사제여, 당신네 부족이 수천 년 동안 이곳에서 서성이고 있었다는 것을 방금 인정하셨는데, 단지 어떤 고대의 노인들이 오염된 다람쥐를 주워먹고 나쁜 꿈을 꾸었다는 이유만으로 점점 미개해지고 죽어간다는 거요?\""
    },
    {
      "Key": "4c057779-243d-4099-b643-804fa26205c5",
      "Value": "\"안 돼! 아직 합의점을 찾을 기회가 있을거요.\""
    },
    {
      "Key": "06289e7a-93da-48c1-85a3-7272b9f72ed8",
      "Value": "\"우리는 당신이나 당신 부족을 모욕할 생각은 없소, 에코라. 무례함보다는 제안이 합당한지를 생각해 보길 바라오.\""
    },
    {
      "Key": "2eacbc1d-7fff-437b-8291-f2711b197bd4",
      "Value": "\"애초에 우린 그것을 원하지 않았소. 이것 보시오, 에코라, 우리는 여전히...\""
    },
    {
      "Key": "1703a0bc-cd24-4e31-a845-4b179833d56a",
      "Value": "{n}메이가르는 당신을 고맙다는 듯이 바라본다. 섬세하기까지 한 표정이다.{/n} \"자네가 도와주니 세상 든든하군.\" {n}그는 다시 에코라에게로 돌아선다.{/n}"
    },
    {
      "Key": "8897f171-68a6-446d-bea3-1be9a3ae5799",
      "Value": "\"나는... 알겠소.\""
    },
    {
      "Key": "4ec38f6b-8513-4232-a5ac-97f5adf15d84",
      "Value": "\"처음엔 다이몬 숭배자들과 연합하자는 충격적인 제안을 하더니, 이젠 배신을 논의하나? 이제 자네를 General로 임명한 게 잘한 일인지도 의심되기 시작하는데.\""
    },
    {
      "Key": "6ad7948c-f2d0-4037-ab5e-33b48344e7cb",
      "Value": "\"난... 이해해네, 그래도 나는 다른 결과를 바랐지. 이것은 우리 모두에게 실패일세, 장군. 우리는 각자 따로 행동했어.\""
    }
  ]
}