{
  "$id": "1",
  "strings": [
    {
      "Key": "756d0985-fbef-4f0d-b3bd-86103fc7cb8e",
      "Value": "\"족장이 되니 어때?\""
    },
    {
      "Key": "ef0eeb6b-9a4a-4e08-bd38-c93aef37bd26",
      "Value": "\"너희 부족 상황은 어때?\""
    },
    {
      "Key": "a198072f-3fa4-4a3a-b0a0-e230d3a8978d",
      "Value": "[공격] \"너희는 더 이상 필요 없어.\""
    },
    {
      "Key": "9927bc55-9fd2-4978-96ff-4aa6dc3e1557",
      "Value": "\"이만 가봐야겠어.\""
    },
    {
      "Key": "c7280b4b-f9b1-43ed-8715-4f05e89616d2",
      "Value": "\"안녕. 너희 {d|c41 Chief Ashman}동맹{/d}을 방문하게 되어 기쁘군.\""
    },
    {
      "Key": "d4ee8c91-e791-4a1f-bc34-df5b384e1f4f",
      "Value": "\"나는 사람들을 이끌어 본 경험이 있어. 이 부족이 갈라서기 전까지 나는 이 부족보다 더 큰 군대를 지휘했었지.\""
    },
    {
      "Key": "84d1f120-ad43-49f9-b35d-6d37ba3fb63f",
      "Value": "\" {g|Gorum}고룸{/g}은 우리에게 영광스러운 전투를 전해주지 않았다. 우리는 다음에 있을 전쟁을 대비해 힘을 회복할 거야. 너도 알다시피 평화로운 때가 가장 도망치기 좋지.\""
    },
    {
      "Key": "62824981-35c8-4d3d-977f-e195bd35d0ad",
      "Value": "\"네가 신뢰받을 수 없다는 걸 알고 있었어!\""
    }
  ]
}