{
  "$id": "1",
  "strings": [
    {
      "Key": "73dbd96e-9876-4abe-b6e1-bb3a85096435",
      "Value": "\"이 엠베스 여행자들은 누구이고, 무엇을 도와주겠다는 거지?\""
    },
    {
      "Key": "b3867ae2-5b30-40c2-b299-22525d7f6f3e",
      "Value": "\"누구를 사냥에 초대할 거지?\""
    },
    {
      "Key": "3fecd415-2118-4df6-b5f0-183e87aa64fa",
      "Value": "\"이로베티를 직접 초대하는건 어때?\""
    },
    {
      "Key": "51948bea-edaf-40de-9dad-d7b0873949e1",
      "Value": "\"미본 출신 알도리? 나는 소드로드들은 브레보이 출신일꺼라 생각했어.\""
    },
    {
      "Key": "ff8f232c-3292-4fd0-99ca-833e9c6ca4e5",
      "Value": "\"미본과 피탁스 간의 관계는 어떻다고 생각하지?\""
    },
    {
      "Key": "9b5eba29-42b5-4e5f-8c94-5156d9b92e2a",
      "Value": "\"좋은 생각이야. 손님들을 초대합시다.\""
    },
    {
      "Key": "87f73019-de5c-4caf-b59f-29ec5f8d22f2",
      "Value": "\"외부의 도움은 필요 없다. 이건 우리가 해결해야 할 문제야.\""
    },
    {
      "Key": "db00829b-c18b-4423-9d47-2a9ba72db556",
      "Value": "\"방해를 용서해 주십시오, 전하. 하지만 나쁜 소식이 있습니다. 환수들이 나라 곳곳에서 사람들을 공격하고 있습니다. 어느 누구도 그들이 어디에서 왔는지 알지 못합니다만, 이 상황이 이대로 계속된다면 심각한 문제가 될지 모릅니다.\""
    },
    {
      "Key": "ca695afd-816f-4c41-ba40-d42d43097e75",
      "Value": "\"다행스럽게도, 좋은 소식 또한 있습니다. {g|Embeth Travelers}엠베스 여행자들{/g}이 괴물들과 싸우는 데 도움을 주겠다고 제안했습니다. 이것은 이웃 국가 손님들을 몇명 초대하여 사냥에 동참시킬 수 있는 좋은 기회라고 생각됩니다. 어떠신지요?\""
    },
    {
      "Key": "226d4b47-5506-4860-9ed4-9bd80fef87bb",
      "Value": "\"전하, 저희는 문제들에 대한 보고를 받았습니다. 마법 생명체들이 당신의 백성들을 공격하는 것이 점차 위험한 수준으로 증가하고 있습니다. 누구도 그들이 어디로부터 왔는지를 알지 못하지만, 이를 미연에 방지하지 못한다면 그것은 진정한 재앙이 될 것입니다.\""
    },
    {
      "Key": "d784b351-020d-4c10-b667-202d4b62a8a5",
      "Value": "\"누군가 너한테 나쁜 소식을 들려준게 있어? 없다고? 그렇다면 내가 그 영예를 안겠군. 우리에게 새 문제가 생겼어. 난폭하고 굶주린 마법 생명체들의 침략이지. 이미 희생자들이 생겼고, 우리가 꾸물거리면 더 늘어나겠지. 우리는 그 놈들이 기어올라오는 지옥구덩이를 찾아서 막아버려야 해. 그게 아니면, 유감이지만 넌 백성없는 지배자가 될 위험을 무릅써야겠지.\""
    },
    {
      "Key": "b4133f0d-5d35-482e-819d-85d41a80a2ab",
      "Value": "\"{g|Embeth Travelers}엠베스 여행자들{/g}이 문제를 파악하는데에 도움을 제공하겠다고 하였습니다. 우리는 이웃 국가들로부터 손님들을 초대해 이 사냥을 외교적으로 전환할 수 있습니다. 어떻게 생각하십니까?\""
    },
    {
      "Key": "853e9089-4056-4344-9593-b2aa2624b530",
      "Value": "\"좋은 면을 보자면 우리는 기대치 못했던 동맹을 얻었습니다. {g|Embeth Travelers}엠베스 여행자들{/g}이 괴물들의 군대를 약하게 하는데에 도움을 주겠다고 제안했습니다. 일과 즐거움을 엮어 이웃국가들로부터 손님들을 초대해 우리의 작은 사냥에 참가시키는 것을 제안합니다. 어떻게 생각하십니까?\""
    },
    {
      "Key": "d8c597a3-233a-40f4-8e48-a2d15e4d2ef1",
      "Value": "\"엠베스(Embeth) 숲은 당신의 영지의 남부입니다. 위험한 곳으로, 사악한 페이들과 다른 마법적 생명체들이 들끓고 있습니다. {g|Embeth Travelers}엠베스 여행자들{/g}은 이런 위협들을 말살하는 것에 전문가들로 잘 알려져 있습니다. 그들은 많은 것을 요구하지 않습니다. 여행 경비에 대한 보상과 그들이 사냥한 것을 기념품으로 삼게끔 해주면 됩니다. 제가 보기엔 적당한 비용이라 여겨집니다.\""
    },
    {
      "Key": "d70167fc-f57e-417c-a30e-b90831b20ca6",
      "Value": "\"우리는 가장 가까운 이웃인 {g|pitax}피탁스{/g}와 {g|Mivon}미본{/g}과 관계를 맺을 필요가 있습니다. 이로베티 왕의 핵심층 중의 누군가와 미본의 알도리 {g|Swordlords}소드로드들{/g} 중 누군가를 초대토록 하겠습니다.\""
    },
    {
      "Key": "175ff5f4-63bb-4a7e-a4bd-f4b3e81998ab",
      "Value": "\"분명 정중하게 거절할 것입니다. 영주님의 영토에 발을 들이면 불리해질 걸 알고 있을겁니다. 이로베티는 배신을 일삼는 늙은 여우입니다. 다른 이들도 자신처럼 배신을 할 거라 생각합니다.\""
    },
    {
      "Key": "62221700-9c90-412f-ba73-649adfe58736",
      "Value": "\"{g|River Kingdoms}강의 왕국들{/g}끼리의 외교상황을 보여주는 전형적인 예시라 할 수 있습니다. 휴전 상태이지만 무장을 잘 갖추고 있고 국경지역에서 작은 분쟁만 일어나는 수준입니다. 분쟁요소는 많지만 정작 칼을 뽑지는 않습니다. 특히나 중립지역에서는 말입니다.\""
    },
    {
      "Key": "33c33513-d979-40d1-8b82-06ae1f8767c2",
      "Value": "\"저는 즉시 필요한 명령을 내리도록 하겠습니다.\""
    },
    {
      "Key": "c98b9c2e-e32a-4a3f-888c-2d3324ab7dc5",
      "Value": "\"말씀하신 데로.\""
    },
    {
      "Key": "a2dc1c87-7653-459e-8501-dbd240dcdcc0",
      "Value": "{g|Mivon}미본{/g}은 대부분 망명한 알도리에 의해 통치되고 있습니다. {g|Choral}정복자 코랄{/g}이 드래곤과 함께 {g|Restov}레스토프{/g}를 습격했을 때 도망친 알도리의 후손들이죠. 저는 그들에게 이 수치스러운 역사를 떠올리지 말라고 충고하고 싶습니다.\""
    }
  ]
}