{
  "$id": "1",
  "strings": [
    {
      "Key": "a255a8c0-c527-4dca-9abc-1bd6fbb94f0f",
      "Value": "\"너 이름이 뭐야?\""
    },
    {
      "Key": "065ddbb6-45d7-4cc3-9f95-e2abb42307cd",
      "Value": "\"왜 우는 거야?\""
    },
    {
      "Key": "bda1cb33-7e67-435f-8bcc-0fd8e33126a8",
      "Value": "\"무슨 일이 있었는지 말해 줄 수 있어?\""
    },
    {
      "Key": "f24e1f5c-6f70-4829-a7d4-5a721401c608",
      "Value": "\"나는 페이의 적이 아니야.\""
    },
    {
      "Key": "34370d35-cf02-419a-a29f-ca32b8f2d32b",
      "Value": "[공격합니다] \"너는 나를 위협해서는 안되었어!\""
    },
    {
      "Key": "5e5baf49-8c5a-4d1e-847f-08dd9b122b2b",
      "Value": "\"나중에 다시 이야기 해. 안녕히!\""
    },
    {
      "Key": "972ba846-cd5c-4cab-8e8f-2fe47bf941e2",
      "Value": "\"여행자들을 익사시킨 거야?\""
    },
    {
      "Key": "d2b332fd-13fa-40fd-8963-dd994b80076e",
      "Value": "\"대단한 이야기군. 하지만 그게 나와 무슨 상관이 있지?\""
    },
    {
      "Key": "c5f81c58-5a17-4764-b968-3e8eb8fa912b",
      "Value": "\"상자에 뭐가 들어 있어?\""
    },
    {
      "Key": "bfbedb94-066e-45d5-9202-3e2cdf05cef8",
      "Value": "\"누군가 상자를 다시 열려고 했다고? 그게 누구지?\""
    },
    {
      "Key": "c9332605-fb21-4e32-93f6-967008b4c21e",
      "Value": "\"나중에 다시 이야기 해. 안녕히!\""
    },
    {
      "Key": "86d50d73-fbb3-4b76-8279-ddcb56a552a1",
      "Value": "\"가능하다면 도와줄께.\""
    },
    {
      "Key": "4b021c7d-1c97-46f4-b9b3-ad7203212d74",
      "Value": "\"상자가 지금 어디 있는지 말해줄 수 있어?\""
    },
    {
      "Key": "028bb60a-60e8-4d17-9631-7681ba9f46ff",
      "Value": "\"생각해 봤는데 나와 상관이 없는 것 같아.\""
    },
    {
      "Key": "6e8088d5-b94e-4676-8b8e-c1ea2d40816d",
      "Value": "[공격] \"너 같은 생물들은 내 도움을 받을 자격이 없어!\""
    },
    {
      "Key": "c6ba4f5f-b15e-4231-bd2c-9830bc90532a",
      "Value": "\"이런 호의는 공짜가 아니라는 것은 알지?\""
    },
    {
      "Key": "2f52c423-c33d-4790-864f-e204080fcedc",
      "Value": "\"가서 네 짐을 챙겨. 대가는 바라지 않아.\""
    },
    {
      "Key": "4516cfce-096b-41cf-878f-45cc5cb3a913",
      "Value": "\"좋아.\""
    },
    {
      "Key": "fc0694c1-0746-4871-90ce-11b6c1236f10",
      "Value": "\"아니. 너 알아서 해.\""
    },
    {
      "Key": "6f9e55a2-306b-4b30-a834-dd73d119ef29",
      "Value": "\"나는 너를 도울 수 있어.\""
    },
    {
      "Key": "18c533a5-438e-4f05-800a-2d59e45a536c",
      "Value": "\"흠. 얘기해줘서 몇가지는 정리가 되었어.\""
    },
    {
      "Key": "44d8f4b2-af38-46e7-8e6e-f6fa6a5b8726",
      "Value": "[공격] \"어리석은 닉시가 사람들을 익사시키고 무사하게 둘 수는 없지!\""
    },
    {
      "Key": "480ea02f-01d7-47ba-9ad3-6763010e7bc8",
      "Value": "{n}날씬하고 머리가 흐트러진 닉시는 흐느끼고 있습니다. 낮선 사람을 발견하자 그녀는 놀랍니다.{/n} \"더는 안돼! 여기서 뭐하고 있는 거야? 뭘 원해? 저리 가! 내 가족이 너를 발견하면 너는 죽은 목숨이나 다름 없어!\""
    },
    {
      "Key": "ff5e5cc2-4e34-43b2-a8d1-94ba78abde89",
      "Value": "\"나는 리카야. 이 호수는 우리집이지. 우리는 다른 사람들도 이곳에서 살게 했지만. 하지만 그러지 말아야 했어! 그들이 여기에 집을 지었을 때 쫓아버렸어야 했는데. 지금은 그 녀석들이 우리에게 재앙을 퍼붓고 있어!\""
    },
    {
      "Key": "d2b5695b-9a45-41f0-9b1d-a3dd97a5a7b9",
      "Value": "\"그 사람들이 문제를 일으켰어. 큰 배에 있던 사람들 말이야! 그들은 {g|Tors of Levenies}레베니스 바위산맥{/g}에서 왔고 저 무서운 상자를 가져왔어. 심지어 호수에 있는 물고기조차 상자가 매우 사악한 걸 알고 있다구. 하지만 배에 있던 그 바보들은 그저 웃고는, 자기들을 {g|Charon}카론{/g}이 선택한 자들'이라고 부르면서 상자에 절하고 있었어. 카론이 자신들에게 곧 '보상'을 해줄 거라고 믿고 있어. 하지만 내가 그들에게 '보상'이 아닌 '보복'을 해주었지. 나는 그 녀석들의 배를 절벽에 부딪혀 난파시켰어!\""
    },
    {
      "Key": "24d403b8-7f45-43bb-b4e3-ce9ebdab3764",
      "Value": "\"그래! 그때가 그들을 본 마지막이었어! 그 사악한 상자도 가라앉았고.\" {n}닉시가 흐느낍니다.{/n} \"내가 그러지 않았다면 그들은 상자를 열었을 거야. 그러면 끔찍한 일이 일어났을 거야!\""
    },
    {
      "Key": "eefa6502-a694-442f-bcbd-e5b008882e17",
      "Value": "\"네가 적이라면 넌 지금쯤 가라앉아 호수 표면에 물방울이 되어 있었을 테지! 하지만 나는 여기에 있어. 봤지? 여기서 너와 이야기하고 있다구.\" {n}닉시는 다시 흐느끼고는 손바닥으로 두 눈을 문지릅니다.{/n}"
    },
    {
      "Key": "0ce6fae4-e0a4-4bbe-9c97-8d80917142f6",
      "Value": "{n}닉시는 손으로 얼굴을 가립니다.{/n} \"우리 가족은 나를 쫓아냈어. 내가 그 멍청한 배에 한 짓 때문에! 그 사악한 상자가 호수에 떨어졌을 때 모두 화가 났지만 나는 옳은 일을 하려고 했을 뿐이야.\""
    },
    {
      "Key": "508ab7df-6be9-4e25-a8d7-67a2f96e188d",
      "Value": "\"내가 어떻게 알아? 나는 단지 그 상자가 악한 것만 알고있어. 바보 같은 인간을 빼곤 모두 그걸 느낄 수 있어. 상자가 호수에 빠지고 난 이후로 물고기가 호숫가에서 뛰어 올라오기 시작했어. 늑대들은 호수에서 떨어진 북쪽에서 사냥을 하기 시작했고. 그런데 인간들은 그것을 열어보고 싶어했어! 처음에는 배의 사람들이 그러더니 이제는 다른 자들도 오고 있다구!\""
    },
    {
      "Key": "7e4a2838-b463-41cb-9560-ad074224232c",
      "Value": "\"닉시들은 이제 이방인에게 화가 났어. 모든 이방인은 문제를 일으킨다며 말이야. 이방인들은 여기에 끔찍한 고대의 물건을 가져왔고 이제는 다른 이방인들이 호수에서 그 상자를 꺼내 열어보려고 해! 닉시를 빼고 모두 쫓아내야 예전처럼 평화롭고 조용해질 수 있어!\" {n}닉시는 다시 흐느낍니다.{/n}"
    },
    {
      "Key": "d8c26394-b351-4080-a5aa-1fc9cefeb109",
      "Value": "\"이방인들이 더 왔어! 그들은 호수 근처의 동굴에 숨어 있어. 그들은 상자를 꺼내기 위해 갈고리와 큰 그물을 사용했다고! 그들은 보물이라며 기뻐했지. 어떻게 그게 보물일 수가 있어? 그건 외눈박이 해골 그림이 박힌 동전으로 장식된 크거 무서운 상자일 뿐이야. 어디에서 왔는지 모르지만 내가 결코 가보길 원하지 않는 곳에서 왔을 거야!\""
    },
    {
      "Key": "5cd9435b-818a-4b8c-b619-962854c2d6f7",
      "Value": "\"제발. 기다려!\" {n}닉시가 겁에 질려 당신을 쳐다봅니다.{/n}\" 너는 정말 강해 보이는구나! 그 사악한 상자를 없애줄 수 있겠어? 그러면 다른 닉시들은 나를 용서하고 더 이상 인간에게 화를 내지 않을 거야...\""
    },
    {
      "Key": "504941c3-e6cb-483f-811d-dacf050aad57",
      "Value": "\"호수 바닥이야. 하지만 동굴에서 온 그 낯선 사람들은 언제든지 그것을 낚을 수 있어. 그들은 배를 타고 갈고리와 그물로 이틀 동안이나 수색을 했어. 그들의 동굴은 북서쪽에 있어.\""
    },
    {
      "Key": "f1a2bdfd-2b9e-4323-b29d-c425ba44d799",
      "Value": "{n}닉시는 놀라서 뛰어오릅니다.{/n} \"고마워. 고마워. 고마워. 고마워! 조심해! 그 상자는 너무 오싹해...\""
    },
    {
      "Key": "b2484b4a-93e0-48ce-90bd-cf7db475a710",
      "Value": "{n}닉시는 상처 받은 듯 가슴 위에 손을 댑니다.{/n} \"좋아! 그럼 나 혼자서 알아볼 거야!\""
    },
    {
      "Key": "53021edc-8a23-4a04-a083-ad4cef30eb59",
      "Value": "\"저리가!\""
    },
    {
      "Key": "a6b4a96f-242c-441d-bc32-94328ec72fe6",
      "Value": "\"왔구나! 상자를 없앴니?\""
    },
    {
      "Key": "dee5ea4c-76ba-4199-947f-1367772eeb6e",
      "Value": "\"상자를 없애준다면 난파선에서 찾은 궤짝을 줄게! 그 사악한 상자처럼 으스스하지는 않다. 그냥 동전과 장신구가 들어있는 거지.\""
    },
    {
      "Key": "65c067d2-9022-4d5c-a0bb-471412e1181e",
      "Value": "\"하지만 나는 인간을 좋아해! 특히 인간 아이들은 어리버리하고 우스워! 서쪽에 있는 집에서 두 아이와 놀곤 했는데 무슨 이유에선지 오지 않아... 나는 내 가족이 인간과 싸우기를 바라지는 않아!\""
    },
    {
      "Key": "4bc1a2d0-1d82-442f-8926-1375ed9f0615",
      "Value": "{n}닉시는 훌쩍이며 진정하기 시작합니다.{/n} \"모든게 너무 슬퍼!\""
    },
    {
      "Key": "10ab5261-8f75-46fb-b9e2-46f0ae7e6fe8",
      "Value": "{n}닉시는 기뻐서 손을 번쩍 듭니다.{/n} \"네가 해냈어! 빨리 내 가족들에게 말해야 해! 네가 한 일에 대해 말하면 모든 이방인들이 다 나쁘지는 않다는 것을 알게 될 거야. 사이클롭스라고, 허? 우리 중 누가 그걸 처리할 수 있었을 지 의심되네!\""
    },
    {
      "Key": "aed0b9a7-8110-4ea1-8bca-d04a399123f6",
      "Value": "\"너에게 이 보상을 주고싶어!\""
    },
    {
      "Key": "6eb5af1c-2206-4788-8375-7a2047343e38",
      "Value": "{n}닉시가 겁에 질려 당신을 쳐다봅니다.{/n}\" 너는 정말 강해 보이는구나! 그 사악한 상자를 없애줄 수 있겠어? 그러면 다른 닉시들은 나를 용서하고 더 이상 인간에게 화가 나지 않을 거야...\""
    },
    {
      "Key": "e4b38cea-9c52-4e13-987a-2bd6fd5cdb6e",
      "Value": "\"뭐라고? {g|Charon}케런{/g}? 그건 좋지 않아. 아주 나빠...\" {n}하림은 찡그리며 턱수염을 쓰다듬습니다.{/n} \"고대의 사악한 신이지. 나는 역사가들만이 그를 기억할 것이라고 생각했는데. 요즘도 그런 신을 받드는 녀석들이 있다니... 흠...\""
    },
    {
      "Key": "f6cc8e30-db45-41ab-a7a5-2fdaac094e39",
      "Value": "\"{g|Charon}케런{/g}? 저도 그 이름을 압니다. 죽음과 악의 고대 신이죠. 그를 여전히 숭배하는 자가 있을 줄은 몰랐군요.\""
    }
  ]
}