{
  "$id": "1",
  "strings": [
    {
      "Key": "d6ce91c4-58ed-4e94-9433-5fe0d0f30464",
      "Value": "\"나한테 뭐라고 했지? 완벽태... 완변태... 그런 이상한 말로 놀리려고 하면 내가 이해 못 할 줄 알았어? 응?!\""
    },
    {
      "Key": "d6002d51-4326-4b3b-b670-27c57711f313",
      "Value": "\"일단 '완벽주의'라는 말은 욕이 아냐. 두 번째로, 너랑은 상관 없는 단어지. 널 모욕할 작정이었다면 네가 이해할 수 있는 수준의 짦은 단어를 골랐을 거야.\""
    }
  ]
}