{
  "$id": "1",
  "strings": [
    {
      "Key": "64043cf0-6eab-4e86-8018-f29f41b17245",
      "Value": "\"네 자매들에게 무슨 짓을 한 거야, 나이리사?\""
    },
    {
      "Key": "d6cf14b6-33a7-4268-92e4-2b5c21a2eab3",
      "Value": "\"네가 얘기한 '영역'이란 뭘 말하는거야? 왜 그들은 당신을 여왕이라고 부르는 거지?\""
    },
    {
      "Key": "ee6546aa-5b74-46eb-8350-9b439ace3720",
      "Value": "[공격합니다] \"꿈에서 너를 죽일 수 있는지 모르지만 시험해 보고 싶군!\""
    },
    {
      "Key": "5a0dbd04-7e8a-446d-a7ca-c12032fea4b0",
      "Value": "\"여왕님을 위하여!\""
    },
    {
      "Key": "ebaa64bb-26a6-42f9-9eb1-d15d119195d7",
      "Value": "\"나를 그렇게 부르지 마!\" {n}님프의 목소리는 웃음과 함께 울립니다.{/n} \"가장 어두운 시간과 가장 밝은 날, 너는 나를 그저 '자매'라고 불렀어. 다른 칭호는 필요하지 않아. 너의 노래와 웃음은 가장 행복한 순간에 나와 함께 했어. 나는 그들을 우호적으로 바꾸지 않을 거야. 내 승리의 시간은 거의 다가왔어! 언제나 나의 비밀, 슬픔, 그리고 기쁨을 함께 했던 것처럼 승리도 나누고 싶어. 내가 {g|Eldest}원로{/g}가 되어도 너희를 버리지 않을 거야. 내 영역은 봄, 사랑, 삶의 왕국이 될 거고 너희는 그곳에서 가장 환영받을 거야.\""
    },
    {
      "Key": "7d0947eb-7dfb-40fa-b2b4-c6ec32101344",
      "Value": "\"행복해야 해! 자매여!\""
    },
    {
      "Key": "1295057b-e6b1-4347-b90b-27985fb0c280",
      "Value": "\"승리하자! 자매여!\""
    },
    {
      "Key": "3bcf10cd-65ee-4f96-b6d6-601fc22be69e",
      "Value": "\"조심해. 나이리사. 너는 항상 우리 중에서 가장 용감하고 너보다 {g|Eldest}원로{/g}에 걸맞는 사람은 없지만 이 야심은 비싼 대가를 치를 거야.\""
    },
    {
      "Key": "6dfea8d5-7daf-4298-b698-2fa686497aaf",
      "Value": "{n}나이리사는 환하게 웃고 있는 에빈드라의 손을 잡습니다.{/n} \"언제나 가장 용감한 건 나였을거야, 에빈드라, 하지만 넌 언제나 가장 까다로웠어! 우리는 영원한 생명으로 축복 받았지만, 한편으론 창조를 하면 안된다는 규칙에 얽매어 매일을 살아가고 있어! 내 계획이 대담하다고? 그럴지도!\""
    },
    {
      "Key": "e7724e63-a66e-4855-bd0e-0b2c6f50d822",
      "Value": "\"나는 그저 우리가 감당할 수 없는 대가를 치르지 않았으면 해...\""
    },
    {
      "Key": "27065018-ec51-498e-b415-c02afe9e2640",
      "Value": "{n}님프들의 쾌활한 목소리는 사라지고, 환상은 얼어붙는 것 같습니다. 유령 같은 나이리사가 당신 앞에 서 있지만, 그녀의 눈은 당신을 인식하지 못하고 보는 것 같습니다.{/n}"
    },
    {
      "Key": "01aa0bd6-975d-499a-a4c8-8a059c24e7eb",
      "Value": "{n}님프의 아름다운 얼굴은 순간 분노로 일그러집니다.{/n} \"내가 그들에게 한 짓은 내가 당한 것에 비하면 보잘 것 없다! 하지만 너는 이해할 수 없겠지... 그 누구도... 그냥 가버려!\""
    },
    {
      "Key": "c997ce0d-1762-4bf7-ba0a-a62777305234",
      "Value": "{n}나이리사는 간신히 듣는 것처럼 머리를 기울입니다.{/n} \"그들의 목소리가 들려? 천 개의 목소리... 나는 들려... 그들이 나를 불러... 그러나 이건 내가 원하는 방식이 아니야! 나는 여왕이 되었어야 해. 대신 나는 왕국을 가루로 만들었지. 그리고 너는 도와주지도 않았지? 왜 너만 타락하지 않은 거야?!\""
    },
    {
      "Key": "4036645b-efc4-4f52-babc-9f0e4080de80",
      "Value": "\"이 꿈들은 어리석은 짓이야... 왜 내가 너의 위협이 내 악몽보다 형편 없는 걸 걱정해야 하는 이유는 뭐야? 사라져!\""
    },
    {
      "Key": "254429e8-035f-4aa7-a662-3ed435c3db79",
      "Value": "\"대단해요! 우리는 그녀의 꿈 속에 있어요! 그녀와 이야기를 시도해야 해요. 진짜 나이리사가 아닐지도 모르지만 중요한 일이에요. 꿈속에서는 현실 세계에서는 결코 말하지 않을 것들을 들을 수 있다구요!\""
    }
  ]
}