{
  "$id": "1",
  "strings": [
    {
      "Key": "7c1a62c8-6cc3-4a7c-8837-9ab37959d8c3",
      "Value": "\"넌 누구지?\""
    },
    {
      "Key": "73346472-1dd1-4220-9533-d3a833d24eaa",
      "Value": "\"그래. 실종된 소년을 찾고 있어. 그는 어디 있지?\""
    },
    {
      "Key": "cfdf0d39-e21b-49ca-b907-83783c24b93c",
      "Value": "\"아이? 여기 인간 아이가 있나?\""
    },
    {
      "Key": "3d940ad8-7aef-47b5-bc6d-4436dfbe1b17",
      "Value": "\"기분이 안좋아보이는데, 뭔가 잘못됐어?\""
    },
    {
      "Key": "6b70b6fc-5ad6-407e-8fa9-08112ffaef08",
      "Value": "\"너 내가 누구라고 생각해?\""
    },
    {
      "Key": "3293bb2b-1ecb-427e-b6c3-012c3f01d42b",
      "Value": "[카가르를 쉬머글로우 백작에게 안내합니다] \"나를 따라와.\""
    },
    {
      "Key": "486af58a-aa40-49b2-a29b-7d7973affca4",
      "Value": "[공격] \"나는 너의 부족 모두를 죽였어. 이제 네 차례야!\""
    },
    {
      "Key": "f969c7d4-924f-4426-96e9-ac70ad84c0b7",
      "Value": "[떠난다] \"안녕히.\""
    },
    {
      "Key": "1e94a692-45fa-4b49-92eb-a942c6086d66",
      "Value": "\"네 부족에 대해 말해봐.\""
    },
    {
      "Key": "c763c93e-842c-4f5d-87c4-9990b953b360",
      "Value": "\"왜 마을에 가지 않아? 너 추방되었어?\""
    },
    {
      "Key": "4ff8f4d5-82d9-4720-8a24-395402c19363",
      "Value": "[카가르를 쉬머글로우 백작에게 안내합니다] \"위대한 조상이 너를 데려오라고 했다. 서둘러.\""
    },
    {
      "Key": "0c9a6da6-d1fd-43a9-83d1-8247e2d5d178",
      "Value": "[카가르와 백작에게 갑니다] \"네가 옳았어. 사악한 영혼은 너의 위대한 조상인 척했어. 그를 막아야 해. 나와 함께 가자!\""
    },
    {
      "Key": "bbacb592-20d0-43be-81af-41c994b927a1",
      "Value": "[떠난다] \"이만 가봐야겠어.\""
    },
    {
      "Key": "be0b74f8-ba09-4bb2-ac7c-b67ef5b3a7ad",
      "Value": "\"역사가 없는 사람들은 야생 동물과 같다... 현명한 말이다 .이로리의 성직자가 설교에서 말한 것 같아.\""
    },
    {
      "Key": "ab8ae4fe-f17e-4039-b2f3-ef9cda9dadd8",
      "Value": "{n}늙은 도마뱀 인간은 무언가를 중얼거립니다.{/n}"
    },
    {
      "Key": "c3f44539-e015-4c53-bb47-4e8cadf406d3",
      "Value": "{n}늙은 도마뱀 인간은 흐릿한 눈으로 당신을 봅니다.{/n} \"네가 누군지 단번에 알아봤다. 온혈 동물. 네가 왜 온지 알고 있어...\""
    },
    {
      "Key": "1da9f8b8-29d7-4586-b041-67b7bffb048c",
      "Value": "\"마을 안이다. 살아있다. 지금은. 늙은 카가르는 모두 알고 있다. 카가르는 마을에 가지 않은지 오래되었다...\""
    },
    {
      "Key": "34fef902-9a42-435e-82e9-9fd2603a5280",
      "Value": "\"카가르는 아무도 없다. 카가르는 오래 전부터 마을에 가지 않았다. 하지만 거기에 아이 있다. 살아있다. 지금은.\""
    },
    {
      "Key": "34f3bb29-217e-425b-868e-816234a64fda",
      "Value": "\"늙은 딸랑이, 카가르라고 한다. 방울을 울리며 노래를 부르고 이야기를 한다. 카가르는 많은 것을 알고 있다. 부족이 어디서 왔고, 어떻게 살았고, 누가 승리했는지..\""
    },
    {
      "Key": "8a6e9e1b-0727-4e03-9879-56153054b00e",
      "Value": "{n}늙은 도마뱀인간은 깊은 한숨을 쉽니다.{/n} \"열 달 전쯤에 {g|Candlemere} 캔들미어 호수{/g}의 한가운데 있는 금단의 섬에서 밝은 빛이 나타났다. 그리곤 한 영혼이 족장 베스켓에게 찾아왔다. 그 영혼이 말하길 자신은 위대한 조상, 무적의 영웅 스트리쉬챠크라고 말했다. 베스켓은 그말을 믿었다.\""
    },
    {
      "Key": "aba780f1-1298-449c-9ce0-017173655915",
      "Value": "\"어린 아이를 찾고 있지? 그는 여기 있다. 살아있다. 다른 때 같았으면 이미 잡아 먹었겠지만 긴꼬리 부족은 지금 미쳐있다. 네가 그를 구할 수 있다. 구하지 못할 수도. 아마 구하기에는 너무 늦은 걸지도... 그래..\""
    },
    {
      "Key": "7cac337e-cedd-495d-b201-4b7373d377ad",
      "Value": "\"아스샤스타하. 우리의 죽음. 너는 모든 부족을 데려간다. 늙은 카가르 지금 데려간다!\""
    },
    {
      "Key": "0158be7f-c525-49cc-abbc-313742cc9c97",
      "Value": "\"기다려...\" {n}늙은 도마뱀인간은 당신이 등을 돌리자 말합니다.{/n} \"왜 그냥 가지? 왜 카가르를 살아있는 채로 두는 거야?\""
    },
    {
      "Key": "7529cf0e-3548-4bb9-972a-985bc803c173",
      "Value": "\"추방당하지 않았다. 카가르는 스스로 도망쳤다. 사악한 영혼이 우리 부족에게 찾아와서 위대한 조상인 척 행세를하며 긴꼬리 부족을 파괴했다. 대장은 영혼을 믿는다. 부족은 대장을 믿는다. 늙은 카가르만 유일하게 누구도 믿지 않는다. 그래..\""
    },
    {
      "Key": "5dca60ce-ca95-48bc-bfc0-4efd261717c9",
      "Value": "\"역사가 없는 자는 야생 동물과 같다. 지금은 살아도, 내일은 죽는다. 카가르는 기억을 간직하고 이야기를 아이들에게 전한다.\""
    },
    {
      "Key": "29ef65d5-03b4-40b5-bc6e-dbc400256a37",
      "Value": "\"긴꼬리 부족에 대해선 할 이야기가 많다. 아주 오래오래된 부족이다. 긴꼬리 부족이 위대한 제국을 만들던 때, 온혈인간들은 아직 세상에 나오지도 않았다 . 온혈 동물들이 자취 없이 오고 갈 동안, 우리 긴꼬리 부족은 달이 하늘에 떠 있는 한 이곳에 머문다. 전해오는 이야기가 그렇게 말한다. 카가르가 이 노래를 부족들에게 불러준다.\""
    },
    {
      "Key": "1526604c-8692-403a-a7a5-c551b43a7b84",
      "Value": "\"사실을 말하면, 긴꼬리는 작은 부족이다. 두꺼운 가죽 부족과 오랜 시간동안 전쟁을 해서 좀처럼 이기지 못했다. 온혈 동물과 평화를 지키지 않으면 그들의 언어를 배우지 않거나 날카로운 창을 사지 않으면 부족은 오래 전에 죽었을 것이다.. 그래..\""
    },
    {
      "Key": "77b0c528-633e-468c-aad0-984a54cbc2f7",
      "Value": "\"그 영혼은 이제부터 우리는 모두를 이긴다고 말했다. 정말로, 두꺼운 가죽과의 모든 전투에서 그들은 얼어붙어서 겁먹고는 도망갔다! 베스켓은 우리에게 과거의 영광이 다시 돌아온거라고 말했다. 하지만 영혼은 이상한 것들을 원하기 시작했다. 부족은 겁을 먹었고 이해하지 못했다...\""
    },
    {
      "Key": "f6b55b62-d050-4333-a92e-88501c216bd0",
      "Value": "\"늙은 카가르는 그것이 조상이 아니라 사악한 영혼이라 생각했다. 부족은 공포에 질렸고, 영혼은 공포를 먹고, 아주아주 강력해졌다. 부족을 안에서부터 갉아 먹은 것이다. 하지만 베스켓은 영혼을 여전히 믿고 영혼이 시키는 일을 한다. 그리고 부족은 두려워하면서도 족장의 말을 듣는다. 그런 멍청한 부족을 어떻게 구할 수 있지?\""
    },
    {
      "Key": "eb39f029-72fb-4137-acc6-c5b5df91f12e",
      "Value": "\"지금은 자신 스스로를 위대한 조상이라고 부르는 한 영혼이 영혼 오두막에 살고 있다. 그리고 부족은 미쳐간다. 긴꼬리 부족이 구원을 받을 수 있을까? 카가르는 알지 못한다...\""
    },
    {
      "Key": "2fbc049b-758d-4290-959e-babdf7bafcb5",
      "Value": "\"카가르는 위대한 조상이 거짓이라는 것을 마음 속으로 알고 있었다. 카가르는 그가 죽기를 바란다! 마을에서 도망쳐 숲에서 산다. 마을 주위를 돌며 노래를 부르고 부족의 지혜를 전한다... 하지만 지혜가 어디에 있지?\" {n}늙은 도마뱀 인간은 손을 흔들며 자신의 좌절감을 강조합니다.{/n}"
    },
    {
      "Key": "786ed1e0-c910-4355-84bc-e03b07086e79",
      "Value": "\"카가르는 마법을 안다. 영혼 오두막으로 온다면 사악한 영혼을 눈에 보이게 할 수 있다! 하지만 영혼도 그걸 알고 있다. 카가르가 마을에 들어간다면, 사악한 영혼은 오래 살지 못한다.\""
    },
    {
      "Key": "94a54356-1083-4c74-a21b-b78043a0d807",
      "Value": "\"그것이 부족의 운명이 되어야 한다. 안내해라. 온혈 동물.\""
    },
    {
      "Key": "1947832d-c61d-473c-94f3-f69e9d59d2bb",
      "Value": "\"잘 들어라. 온혈 동물. 영혼 오두막에 가면 겁먹지 말아라. 늙은 카가르는 거기서 마법 쓴다. 악령이 보일 것이다. 그러면 공격해라! 중요한 것은 겁먹지 않는 것이다.\""
    },
    {
      "Key": "79383b5d-6e35-4a56-87c3-0abfcef5b75d",
      "Value": "\"좋아. 온혈 동물. 안내해라!\""
    },
    {
      "Key": "9a6fa76e-9df0-44e1-856e-3bb8062984a6",
      "Value": "\"너는 현명하구나. 나도 딸랑이야! 우리는 음유시인이라고 부르지. 나에게 너희 부족의 노래를 들려줄래? 나도 노래를 불러줄 수 있어!\""
    },
    {
      "Key": "f79a7e37-f155-46b1-8941-c5be23a8dca5",
      "Value": "\"노래하기에는 때가 나쁘다. 부족을 구해야 한다. 그러면 노래한다.\""
    },
    {
      "Key": "515573fb-56e9-4a19-bca5-fb5fbe025cdd",
      "Value": "\"긴꼬리 부족은 온혈 동물 신을 믿지 않는다. 하지만 진실은 진실이고 지혜는 지혜다. 역사는 역사다.\""
    },
    {
      "Key": "1fb5aa6c-e0fa-49eb-9835-061c9d283a2f",
      "Value": "{n}어두운 도마뱀 인간의 눈은 빛납니다.{/n} \"아! 카가르는 알고 있었다! 긴꼬리 부족에게 희망은 있어!\""
    },
    {
      "Key": "ad2ffc63-6e3e-4c6f-9b9b-046536cbe933",
      "Value": "{n}카가르는 당신을 비웃는 눈으로 바라봅니다.{/n} \"두꺼운 가죽 부족은 온혈 동물을 믿지 않는다고 말한다. 항상 말하길, 온혈 동물과 얼마든 친구가 될 수 있지만 온혈동물들은 배반하고 파괴할뿐이라고 한다. 카가르는 믿지 않았다. 두꺼운 가죽 부족의 말이 옳았을수도.\""
    },
    {
      "Key": "52a48b3b-a850-42d6-8251-d8382515974f",
      "Value": "{n}늙은 도마뱀 인간은 당신을 말없이 순순히 따라갑니다.{/n}"
    },
    {
      "Key": "1c452455-5a5d-49c9-bbe8-cb28ec3e52b6",
      "Value": "{n}한 늙은 도마뱀 종족이 마을 담장 밖을 배회하고 있습니다. 그가 당신을 빛나는 검은 눈으로 바라봅니다.{/n} \"온혈 동물... 늙은 카가르는 네가 올 줄 알고있었다! 그래..\""
    }
  ]
}