{
  "$id": "1",
  "strings": [
    {
      "Key": "ccb0dea3-5756-4585-9166-9d39fdd37e57",
      "Value": "\"공격이 계속 올까?\""
    },
    {
      "Key": "f66bbf92-277e-4ff2-a3b3-1c9f7e7384e0",
      "Value": "\"누가 배후에 있든 간에 우리는 다음 공격을 대비할 것이다. 마음대로 하게 둘 수는 없지.\""
    },
    {
      "Key": "c61c9d54-bb58-451d-9032-1bc702a6eb33",
      "Value": "\"새로운 하루, 새로운 승리로군요, 전하! 공격을 또 다시 막아냈습니다. 게다가 백성들이 고마움의 표시로 선물을 보내왔습니다.\""
    },
    {
      "Key": "9b8a7889-3a37-4f7c-9081-a74474dece39",
      "Value": "\"당신을 공격한 페이는 분명 당신의 {mf|남작령|남작령|왕국|왕국}에 큰 피해를 입혔습니다, {mf|영주님|영주님|전하|전하}. 당신과 백성들 모두 최대한의 노력을 기울였고, 격퇴할 수 있었습니다. 전장에서 죽이지 못한 것들은 근처의 숲으로 도망쳐 들어갔습니다. 이제 한숨 돌리실 수 있으실 겁니다.\""
    },
    {
      "Key": "9b403382-d88b-4b64-8734-f0d561e11fdf",
      "Value": "\"당신을 공격한 페이는 분명 당신의 {mf|남작령|남작령|왕국|왕국}에 큰 피해를 입혔습니다, {mf|영주님|영주님|전하|전하}. 당신의 남겨진 백성들은 스스로를 지키거나 도망치는데 급급했고, 몇몇 마을은 산산조각났습니다. 몇 곳은 빈 집밖에 남지 않았습니다. 주민들이 전부 더 안전한 땅을 찾아 {mf|남작령|남작령|왕국|왕국}을 떠난겁니다.\""
    },
    {
      "Key": "e7c71411-94c8-4f64-a447-1840521c1aab",
      "Value": "{n}린지가 당신에게 이상하게 진지한 눈길을 향합니다.{/n} \"음, 우리 모두 공격의 배후가 누구인지 잘 알죠. 트리스티안이죠, 그렇죠?\""
    },
    {
      "Key": "c4b6040b-cc20-4217-99b6-5013d81ac98a",
      "Value": "\"트리스티안을 만날 날이 기대되네요. 제 머리를 뱅뱅 도는 의문을 쏟아 내고 싶어 죽겠어요. 왜 우리를 배신한 걸까요? 그렇게나 친절하고 상냥했는데. 우린 친구였다고요!\""
    },
    {
      "Key": "278944de-b977-498a-b9ea-52df0d1c41a7",
      "Value": "\"트리스티안은 부드럽고 온화했어요. 우리의 친구였다고요. 머리로는 트리스티안이 배신자니까 제거하는 것이 옳은 일이라고는 생각해요. 하지만 마음으로는 그 사실을 믿고 싶지 않아요. 트리스티안이 그... 그리워요.\""
    },
    {
      "Key": "062e8e94-695b-460d-bb8c-b3d0e2a8c064",
      "Value": "{n}이야기꾼의 말은 조용하지만 힘이 들어가 있습니다.{/n} \"어찌됐든, 트리스티안의 부재가 이 상황을 해결할 것이라는 생각은 들지 않는군요.\""
    },
    {
      "Key": "46578834-411b-4a8f-ac41-b9a9a4956f4b",
      "Value": "{n}이야기꾼의 말은 조용하지만 힘이 들어가 있습니다.{/n} \"어찌됐든, 트리스티안의 후회가 이 상황을 바꿀 것이라는 생각은 들지 않는군요..\""
    },
    {
      "Key": "1ceb0e65-5c6a-49ab-8480-9aaa9bc7b7e7",
      "Value": "\"저는 영원히 피는 꽃과 포탈에 관련해서만 힘을 빌려줬습니다. 나이리사의 군대를 이끌고 있는 자는 제가 아닙니다.\""
    },
    {
      "Key": "15290d76-ca62-4b98-8bef-a92093cb62f6",
      "Value": "\"저는 트리스티안이 공격의 배후에 있는 자들 중 하나였다고 확신합니다. 페이의 마법을 발견하기 전에도 한 번 말했었고, 지금도 그 생각은 변함이 없습니다. 트리스티안은 우리의 숙적에게 놀아난 것으로 보입니다.\""
    },
    {
      "Key": "bbc4cb1f-dc0e-46fb-97fe-892a84537ffc",
      "Value": "{n}이야기꾼이 끄덕인다.{/n} \"물론이지요. 전하의 영지는 적의 상상보다 훨씬 강대합니다. 차차 놈들도 깨닫게 되겠지요.\""
    }
  ]
}