{
  "$id": "1",
  "strings": [
    {
      "Key": "ff8a87d3-f896-4104-bd88-5d53a858bcd9",
      "Value": "\"뭐하는 거야?\""
    },
    {
      "Key": "3349bf67-44d9-405b-93b2-3eba86cdc14c",
      "Value": "\"도움이 필요해?\""
    },
    {
      "Key": "0cc692fa-2993-4254-a191-ff7375e901ef",
      "Value": "\"옹이 마녀가 나를 보냈다. 여기서부터 내가 맡겠다.\""
    },
    {
      "Key": "a83707d3-517b-435f-9e44-0168cdb0a65c",
      "Value": "\"꿈틀거리는 남자가 우리를 보내 너를 대신하라고 했다.\""
    },
    {
      "Key": "f799f928-63e7-4e08-88e9-5d9cbd2bf9c1",
      "Value": "\"다수의 샤이카의 이름으로 물러나라.\""
    },
    {
      "Key": "4df59e7c-efe5-4d88-abd5-0314192079c4",
      "Value": "[공격] \"죽어라. 말 많은 털복숭이!\""
    },
    {
      "Key": "ed4267a1-7108-4b88-938a-4897a82dd483",
      "Value": "\"귀찮게해서 미안하다.\""
    },
    {
      "Key": "aff6d77b-9d6d-4a5d-97a2-3c02175141ab",
      "Value": "[탐지 마법을 시전합니다]"
    },
    {
      "Key": "f96f3ba8-af59-4352-ad6f-15a02ceaab60",
      "Value": "{n}앞이 트이자 사티로스는 돌 기둥에 화를 내며 발길질하고 표면에 부자연스럽게 박힌 왕관을 떼어내려 합니다. 그의 주위에 거대한 보라색 벌레떼가 기어다니며 들끓습니다. 그는 당신 쪽으로 바라봅니다.{/n} \"뭐야? 너 누구야? 아니. 상관 없다. 그냥 꺼져!\""
    },
    {
      "Key": "986a78db-b9b7-40e3-941f-af1ca7cf88de",
      "Value": "\"꺼져!\""
    },
    {
      "Key": "922a404a-6226-450a-94bf-364f3728ee4b",
      "Value": "\"네 알 바 아니다! 벌레를 끼얹기 전에 저리 가버려!\""
    },
    {
      "Key": "448bc11a-b7f1-4a48-b9af-4c7c7f5991f6",
      "Value": "\"내 영광을 훔치려고? 어림도 없지! 꿈틀거리는 남자가 이것을 쫓으라고 나를 보냈다!\" {n}그는 당신을 의심스러운 눈으로 봅니다.{/n}"
    },
    {
      "Key": "507f37fa-a564-4ca0-b64f-5f35713390bf",
      "Value": "{n}사티로스가 의심의 눈초리를 보냅니다.{/n} \"쭈글탱이가 나한테 감히 명령을 해? 너. 늙은 주인한테 돌아가서 사냥꾼 팔드록스는 꿈틀거리는 남자에게만 충성한다고 전해라! 벌레들아! 저자를 공격해!\""
    },
    {
      "Key": "f46623b0-1870-4588-90bd-c96d3e668fea",
      "Value": "{n}사티로스가 당신을 수상쩍게 쳐다봅니다.{/n} \"내가 그 쭈글탱이 밑에서 일한다고?! 차라리 내 뿔을 잘라버리지! 보는 눈 없는 자신을 탓해라. 벌레들아! 저자를 공격해!\""
    },
    {
      "Key": "7ac122e0-b45f-452e-8da3-9473877945d4",
      "Value": "{n}사티로스의 표정이 구겨지며 귀는 축 쳐졌습니다.{/n} \"그런데 어째서? 나는 훌륭하게 일을 하고 있었다!\" {n}그는 벌레를 보고 어둡게 웃습니다.{/n} \"그러면 너를 멈추지 않을 것이다. 하지만 우연히 벌레가 조금씩 뜯어 먹었다면 그는 나를 단죄할 수 없다...\""
    },
    {
      "Key": "eb0bb331-caed-402b-a610-24b2f097c218",
      "Value": "\"거짓말! 사티로스를 속일 수 있다고 생각했어? 노파의 하수인 주제에! 내 주인의 벌레가 너의 살을 파먹을것이다!\""
    },
    {
      "Key": "78eff111-072c-4d9b-b7d7-6e3b4c019f88",
      "Value": "{n}사티로스는 의아해 합니다.{/n} \"{g|Shyka}샤이카{/g}? 그 자가 이 걸로 무엇을 하지?\" {n}그는 웃자 날카로운 이빨이 드러나고 눈썹이 올라갑니다.{/n} \"그러나 아무도 꿈틀거리는 남자의 일을 망칠 수 없다. 시간의 신이 너를 보냈다면 내가 너에게 할 일을 알고 계실 것이다...\""
    },
    {
      "Key": "d55a6ee7-1193-489d-9088-0a07afc55a77",
      "Value": "\"계속 움직이지 않으면 고맙겠어!\""
    }
  ]
}