{
  "$id": "1",
  "strings": [
    {
      "Key": "df095291-dba8-490a-9ae2-90070ae8c248",
      "Value": "{n}터발은 눈살을 찌푸렸습니다.{/n} \"안녕하십니까, {mf|남작|여남작|왕|여왕}님! 저는 제 빌어먹을 고향인 대거마크에서 당신의 땅에 발톱을 박으려 한다는 소문을 들었습니다. 젠장할 자식들!\""
    },
    {
      "Key": "15ba0b5a-7bdd-4d27-81b7-858abfd4c3ff",
      "Value": "\"좋은 날입니다, {mf|영주님|영주님|전하|전하}! 대거마크와의 전쟁이 꽤나 달아올랐군요, 그렇지 않습니까? 심지어 요즈음엔 반홀드에서도 녀석들이 종종 보입니다. 말씀드리건데, 그들은 어디에나 있습니다!\""
    },
    {
      "Key": "c7651c1d-4112-4032-a2c3-3f98897542ea",
      "Value": "\"저는 당신을 도와서 저 개같은 첩자놈들과의 전쟁에 기여하고 싶습니다. 이것을 드릴겠습니다. 잘 사용해주시길!\""
    }
  ]
}