{
  "$id": "1",
  "strings": [
    {
      "Key": "e5e2410a-04a4-40bb-a68d-3ca497de81ef",
      "Value": "\"네 수수께끼를 풀었어. 이제 다음으로 무엇을 해야 하지?\""
    },
    {
      "Key": "8a77f95c-797c-4a94-865e-04783b03e5b8",
      "Value": "\"그래서 꽃을 만든 것은 이 '여신'이었고, 내 모든 문제들은 다 그녀 때문이라는 건가?\""
    },
    {
      "Key": "854ae2c2-e662-41bb-bcad-9ad45f44847f",
      "Value": "\"아직 여기에 할 일이 남아있어. 나중에 다시 이야기하자.\""
    },
    {
      "Key": "ec3bee8b-da82-41b0-8e3d-4da979fdc9fa",
      "Value": "\"어쩌다 보니 이런 상황에 놓이게 되었지.\""
    },
    {
      "Key": "6153b2d7-2096-4990-84cc-48838d55d1bb",
      "Value": "\"그냥 지나가고 있었는데 남작 후보 중의 한 명이 된 것일 뿐이야.\""
    },
    {
      "Key": "ef6d1dc3-7c57-420b-8b2e-8030e008c243",
      "Value": "\"내 의무는 세상을 더 나은 곳으로 만드는 것이기 때문이지.\""
    },
    {
      "Key": "48399443-e204-444f-88c8-b713739e1dc6",
      "Value": "\"모험을 하기 위해서지! 항상 내가 바라던 것이었어.\""
    },
    {
      "Key": "70d2c62c-cc2e-4eb9-90f8-988314998e1c",
      "Value": "\"힘에 대한 갈망 때문이다.\""
    },
    {
      "Key": "b37d85ef-4e9a-46fe-9278-8cc73aea52df",
      "Value": "\"다른 사람들의 고통을 막아주기 위해서이다.\""
    },
    {
      "Key": "78ddc347-e673-4ce9-8d7b-f7dd6535866a",
      "Value": "\"그럼, 이제 시작할 시간이군. 갈라져서 두 세계의 꽃을 동시에 파괴해버리자.\""
    },
    {
      "Key": "081e9e40-f4b1-4380-ba38-2c96100a7eb0",
      "Value": "\"나는 여기 혼자 왔어. 꽃을 파괴하기 위해 다른 세계에 보낼 사람이 없었어.\""
    },
    {
      "Key": "567f2b75-e498-4c4b-a092-f70ef0058ee1",
      "Value": "\"조금 더 가면 도착한다.\""
    },
    {
      "Key": "2db4592e-4b66-49cd-abc0-e1bb265a9e8e",
      "Value": "\"꽃을 없애면 골라리온으로 돌아갈 수 있을까?\""
    },
    {
      "Key": "5448aba5-238e-499f-bc74-a702e03186d3",
      "Value": "\"어떻게 했지. 노움?\""
    },
    {
      "Key": "e9bd5d96-be9d-46f4-9611-455ca8a9e7d9",
      "Value": "\"트리스티안. 설명할 시간이 없다. 포털을 지나 꽃을 파괴해. 이것과 똑같이 생겼어. 그것이 모든 문제의 근원이야.\""
    },
    {
      "Key": "6af3c26e-36a8-46ee-8e07-e8a8ae2067d5",
      "Value": "\"도둑맞은 땅에는 질서가 필요하기 때문이지. 어떤 대가를 치뤄서라도.\""
    },
    {
      "Key": "eeebc789-b307-4de7-8e60-6ffb48b72d28",
      "Value": "\"세상은 통치를 받아야 할 필요가 있기 때문이지. 다른 사람이 아닌 바로 나의 규칙에 따라.\""
    },
    {
      "Key": "0f3d2633-526d-487e-b5c0-c417cacab6b4",
      "Value": "\"삶과 운명. 그것들은 모두 나에게는 유희 거리지.\""
    },
    {
      "Key": "dd2e9865-3a1f-4cbb-8c86-2130f9afb87e",
      "Value": "{n}익숙한 실루엣이 안개에서 나옵니다. 천천히 걸어나오는 것은 이전에 보았던 노움입니다. 그는 꽃 앞에 멈춰서 한동안 쳐다봅니다.{/n} \"잘 했구나. 하지만 이곳에서의 너의 일은 아직 끝나지 않았단다.\""
    },
    {
      "Key": "ede25768-abd3-403a-a7ee-e07e412ef89c",
      "Value": "{n}노움은 잠시 침묵을 지키다가 곧 말을 합니다.{/n} \"예라고도 아니오라고도 말할 수 없구나. 진실은 아침 안개와 같이 증발하지. 너의 고민은 네 선택의 칼날로 인해 흘린 피가 아니던가?\" {n}노움은 눈썹을 치켜 올립니다.{/n} \"너를 괴롭히는 이 문제는... 이것이 전부가 아니야. 더 많은 것이 있을 거야. 이것을 알아두렴. 도망치는 그림자를 발견해서 그것을 보려고 하면 사라질 거야. 그것은 그녀의 그림자란다. 네 등 뒤에 그녀의 발자국 소리가 들리지만 아무것도 보이지 않아. 그것은 그녀의 발자국이란다. 네가 들을 수 있는 것은 그녀가 들려주고 싶어서여서야. 왜냐고? 그래야 그녀의 칼날이 네 등 뒤에 꽃힐 거라는 걸 네가 알게 되니까.\""
    },
    {
      "Key": "d62e318e-1843-413e-b13a-8ab5d6074e2d",
      "Value": "\"네가 떠나기 전에 질문하나 해야겠구나. 너는 침입자의 이야기를 들었고, 그녀의 몰락을 보았단다. 사랑(Love)과 교만(pride)이 그녀에게 몰락을 가져왔지. 너도 같은 길을 따르며, 왕관 역시 원하고 있구나. 왜 그런 거지?\""
    },
    {
      "Key": "345233a4-d73c-4a56-9453-265c726449f2",
      "Value": "\"너는 이 분노를 없애고 불로 태워버려야 해. 하지만 쉽지 않겠지. 꽃의 개화는 두곳의 세계에서 동시에 일어난단다. 여기와 너희 세계 {g|Golarion}골라리온{/g}에서 말이야. 꽃의 존재는 두 세계를 연결하고 생물들을 나타나게 하지. 한 세계에서만 꽃을 파괴하면 다시 자랄 거야. 두 세계에서 모두 죽여야만 한단다.\""
    },
    {
      "Key": "15e47328-e94e-4b91-a130-d41c531a9032",
      "Value": "\"걱정하지 마. 꽃으로 열리는 포털은 충분히 오래 지속될 것이니까.\""
    },
    {
      "Key": "6d33de2a-a555-43ce-9940-e083f1aeb6c9",
      "Value": "\"현명한 선택이로구나. 포털로 누구를 보낼 거지?\""
    },
    {
      "Key": "95b4a11a-a82a-46d9-83a2-51f0d92050d5",
      "Value": "\"걱정하지 마. 나는 해결할 방법을 알아. 누군가에게 도와달라고 부탁하자. 누군가...\" {n}노움은 당신에게 교활한 미소를 지어줍니다.{/n} \"... 돕기 위해 기꺼이 자신을 희생할 사람.\""
    },
    {
      "Key": "483c93a3-3930-419a-8974-c2a02d3996fb",
      "Value": "{n}노움은 끄덕입니다.{/n} \"준비가 되면 알려다오.\""
    },
    {
      "Key": "c5aa0135-4b69-4e07-a91c-7e8bdd157973",
      "Value": "{n}노움은 반 쯤 고개를 끄덕이고는 머리를 기울여 당신을 뚫어지게 바라봅니다.{/n} \"말, 말...말이란 그저 바람에 흩날리는 먼지나 작은 연기 조각이 될 수도 있지만, 적절한 시간과 장소에서 사용하면 폭풍과 같은 힘을 가질 수도 있단다. 언젠가, 오랜 시간이 흘러, 너는 지금 이 순간을 다시 떠올리게 될꺼란다...지금 너의 대답과 함께.\""
    },
    {
      "Key": "a17abcff-a277-4949-8e3c-ff8bed56bc50",
      "Value": "\"어떻게... 방금까지 나는 조드와 함께 있었는데 내 이름을 부르는 네 목소리를 갑자기 들었어...\""
    },
    {
      "Key": "53d750dd-542b-419b-b7eb-7761d6cdd15c",
      "Value": "\"{g|First World} 태초 세계{/g}의 마법으로 많은 일이 일어날 수 있지. 여기에 와야 할 사람은 결국 자신의 길을 찾는다.\""
    },
    {
      "Key": "abeeb9d9-8ed9-4b5c-bfae-551fb4b8abfb",
      "Value": "\"나는 준비 됐어.\" {n}트리스티안의 목소리는 단호합니다.{/n} \"필요하다면 내가 할 수 있는 걸 할 거야.\""
    },
    {
      "Key": "cdb7ca9d-65fc-4d8f-a29d-507a688cc9f0",
      "Value": "{n}노움은 햇빛 아래에서 잠이 들은 것처럼 보입니다. 그는 너 또는 자신의 생각에 동의하듯 끄덕입니다.{/n}"
    },
    {
      "Key": "247c87af-b418-461a-9a22-874ebdf7bbcf",
      "Value": "\"원하는대로.\""
    },
    {
      "Key": "5a8594f3-4e2b-4316-a8dc-4d316e061d0b",
      "Value": "\"하지만 조심하렴. 폭력은 폭력을 낳고, 분노는 분노를 낳아. 너는 이것을 파괴하는 유일한 방법이기에 꽃을 깨웠다. 하지만, 깨어난 꽃은 그것에게 생명을 부여했던 것과 같은 분노로 가득찬 모든 종류의 괴물을 소환한단다.\""
    },
    {
      "Key": "4e2f07ae-9303-4609-8c23-b9a6d678f5d4",
      "Value": "\"씨앗에서 태어난 괴물을 죽인 후에는, 아름답지만 그 끔찍한 꽃을 태워야만 한단다. 불이 그 꽃을 삼키도록 두거라. 하지만 기억하렴, 반드시 두 세계에서 동시에 태워야 해. {g|Golarion}골라리온{/g}에서만 꽃을 태우면 다시 싹을 피울 거야. 계속해서 말이야.\""
    },
    {
      "Key": "88f5f7a9-88ce-4212-9f8d-cab65b208f1c",
      "Value": "\"고귀한 동기로구나. 하지만 네가 보호하려는 자들이 진정 누구인지는 알고있니?\""
    },
    {
      "Key": "56e943d1-0d32-428f-b563-e476c246bd98",
      "Value": "\"정말 조심성이 없구나, 아이야...\""
    },
    {
      "Key": "6468e5a9-7069-4536-9590-e1735dd54109",
      "Value": "\"혼돈이 가득한 땅에 질서를 세우려면...\""
    },
    {
      "Key": "348ef11c-e5a0-46e9-9bff-3af349ee47e3",
      "Value": "\"그럴만한 상황? 단순한 우연같은걸까? 때로는 모든게 그런것들에 달려있을때가 있지...\""
    },
    {
      "Key": "84b9d029-5920-44d7-94ed-8bf038d5b998",
      "Value": "\"네 운명으로 놀이를 하는것을 좋아하는 모양이로구나. 알겠다.\""
    },
    {
      "Key": "6809bc24-f515-4741-9960-ebe37e2e49db",
      "Value": "\"그런 말들이 가끔 나오고는 하지만 그런 말을 하는 사람이나 듣는 사람들도 존중하지는 않지.\""
    },
    {
      "Key": "ea032c00-bc78-4f36-88ce-bd0ce1cf949c",
      "Value": "\"길들여 질 수는 있지만, 해소할 수는 없는 갈증이로구나...\""
    },
    {
      "Key": "67104b79-c19d-4608-9a83-d25ad5eac142",
      "Value": "\"가끔 아이들은 장난감으로 잔인한 놀이를 하고는 하지...\""
    },
    {
      "Key": "061bcf09-6b6b-4ffc-badf-15f66ab26040",
      "Value": "\"의무의 길은 화살처럼 곧게 보일지 모르지만, 길을 잘못 들어서기 아주 쉽지…\""
    }
  ]
}