{
  "$id": "1",
  "strings": [
    {
      "Key": "4f67ea4c-45ea-4da9-a864-965126f24082",
      "Value": "\"옥타비아 쪽은 어떻습니까? 그녀의 가족에 대한 단서를 뭐라도 찾았습니까?\""
    },
    {
      "Key": "10c0b210-c1bc-4ad6-a492-67c0ca647c03",
      "Value": "\"그래서 당신의 부족은 누구였습니까?\""
    },
    {
      "Key": "f15b4744-744c-4d2f-bd98-bb71fe8a5324",
      "Value": "\"이걸 다 어떻게 알아냈습니까?\""
    },
    {
      "Key": "b22dcb00-189b-4e0b-a928-45913c565fea",
      "Value": "\"당신의 부족을 만나지 않는게 최선이라 생각합니다.\""
    },
    {
      "Key": "6999a922-24ad-4214-a03f-833d23cb2fe2",
      "Value": "\"좋습니다. 당신의 부족을 만나러 갑시다.\""
    },
    {
      "Key": "34478efc-0b7e-4973-b2a7-aee1d8f0c7c1",
      "Value": "\"좋은 생각이 아닌 것 같습니다. 그냥 잊어버리는게 당신에게 좋을 것 같군요.\""
    },
    {
      "Key": "84fd01bf-bda3-444e-8ba3-bfc2c96b4754",
      "Value": "\"복수하고 싶은 겁니까?\""
    },
    {
      "Key": "e44004de-94bd-4c3d-91e3-e9752fc01420",
      "Value": "\"그들이 당신을 짐승으로 만들려 했지만, 당신은 인간성을 지켰습니다. 그거야 말로 자랑스러워 할 일입니다.\""
    },
    {
      "Key": "1d3d1057-5981-40ad-b96d-addd9fb7c23b",
      "Value": "\"우리 모두가 짐승에 불과합니다. 그저 우리 중 몇몇은 남들보다 두꺼운 문명의 장벽 안에 있을 뿐이지요.\""
    },
    {
      "Key": "8d599905-e464-483f-9693-69c0d15aeebd",
      "Value": "\"하지만, 적어도 개처럼 짖지는 않았지 않습니까 - 대신 바로 상대의 목을 노렸지요. 누구든 당신을 짐승으로 만드는 데 일조했던 사람들은 후회하게 될 것입니다.\""
    },
    {
      "Key": "ff8cd021-127d-4df2-9fe4-1a987204d88a",
      "Value": "{n}레곤가르는 나무 아래 서서, 우울하게 도시를 내려다봅니다..{/n} \"아, 거기 있었군. 좋아... 우린 내 부족을 찾았어. 이제 직접 찾아가 담소를 나누기만 하면 돼!\" {n}하프-오크는 주먹을 움켜쥡니다.{/n}"
    },
    {
      "Key": "62ca3239-1af9-41f7-8c17-71351f11b0f5",
      "Value": "\"그렇게 생각해? 나 스스로도 확신이 안서는군. 그냥 찾아가 그 멍청한 얼굴들을 보고, 몇몇 모가지를 따버리면 그만이라 생각했는데... 하지만 적어도 그들을 만나보기는 해야해. 그들과 나 사이에 공통점이 전혀 없다는 걸 확인하기 위해서라도.\""
    },
    {
      "Key": "c1db3b3c-6198-496c-a055-bfc2a9812533",
      "Value": "\"흠... 네가 맞을지도 몰라. 그들은 아이들을 소처럼 팔아먹는, 더러운 야만인들에 불과하니까.....\" {n}레곤가르는 움찔합니다.{/n} \"음, 좋아. 네가 그게 최선이라 생각한다면, 가지 않을꺼야. 이 모든것에 들인 노력이 아깝기는 하지만... 네가 맞아. 그들을 만나서 좋을게 뭐가 있겠어?\""
    },
    {
      "Key": "06020173-1f15-4cb9-8ed0-ae24d4f43d27",
      "Value": "\"물론 찾았지! 옥타비아는 말이야, 사실- 잠깐, 아니, 난 입다물고 있겠어. 그건 그녀가 직접 말해야할 소식이니까.\""
    },
    {
      "Key": "fe5c4cae-fe89-497f-baaa-a7851dbc28b0",
      "Value": "\"하수구 쥐 부족! 아니, 잠깐, 그게 아니야... 사면발이? 쓰레기장의 두더지? 아 기억이 안나는군.. 오, 맞아! 똥투성이 돼지 부족이었지!\" {n}하프오크는 당신에게 함박 미소를 지어보입니다.{/n}"
    },
    {
      "Key": "6e08a97f-0d9f-4b2d-a33c-13a0882bd8ac",
      "Value": "\"오, 그건 완전 다른 얘기지. 우린 한동안 자누시의 책을 조사했지. 누가 우릴 사고 팔았으며, 그 과정에서 누가 도움을 줬는지를 알기 위해서 말이야... 거기서 필요한 정보들은 다 모왔지만, 문제는 이 정보들을 확인하기 위해선 누메리아 전체와 리버 킹덤 전체를 돌아다녀야 한다는 거였지. 너도 알다시피, 그때 여기가 꽤 시끌벅적 했잖아, 뭐 안 그런적이 없긴 했지만? 그리고 이 난장판을 치우는 걸 너한테만 떠넘기고 떠나진 않았을 거란건 너도 잘 알꺼야.\""
    },
    {
      "Key": "a84235ee-9893-4f7b-bdf2-cccd5344ac7f",
      "Value": "\"알았어, 알았다고. 그들은 날카로운 송곳니 부족이라 불리고 있고, 그 이름엔 그럴만한 이유가 있지..\" {n}레곤가르는 —오크보다 작긴 하지만 여전히 크고 날카로운 — 이를 보이며 웃음을 짓습니다.{/n} \" '강한 혈통' 을 위해 오크와 아이를 가지는 부족이지. 나쁘지 않지, 허? 그들은 혈통좋은 소처럼 교배를 한다니까!\""
    },
    {
      "Key": "ef93bbf2-b059-462b-a32e-16fbf98b9abe",
      "Value": "\"그러니까, 난 두번 팔린거지 - 오크 유전자를 팔아 나와 내 형제를 낳는 댓가로 금화 몇 전 얻고 다시는 찾아 오지 않은 내 엄마가 날 한 번 판거고. 그리고 날 기른 내 아버지가 날 노예상에게 두 번째 판거고. 인생 내내 짐승처럼 취급받았던 셈이지. 내가 네발로 걷고 짖지 않는 게 신기할 정도라니까!\""
    },
    {
      "Key": "bde81bc0-0456-4899-8c85-2c2dac0f8385",
      "Value": "\"그래서 솜씨 좋은 정찰병이 이끄는 꽤 용감한 그룹을 고용했지. 스스로 모든 걸 다 할 순 없잖아? 그들은 조직망을 이용하고, 단서를 뒤져가며, 우릴 위해 모든 걸 알아냈지. 뭐 거의 모든 것이라고 해야겠네 - 제일 중요한 건, 옥타비아와 내가 우리 가족을 직접 만나러 갔을 때 알 수 있을테니까!\""
    },
    {
      "Key": "d340aef5-e8c4-4579-81e7-a674682d4d61",
      "Value": "\"내가 그걸 원하는 건지 확신이 안들어. 그럴 수도, 아닐 수 도 있지. 이 끔찍한 자들에게 내 복수대신 천벌이 내려졌는지 확인하는 걸로 족할지도... 그저 직접 확인하고 싶을 뿐이야. 그뿐이라고 .\""
    },
    {
      "Key": "dfd2e759-e225-4064-8bd7-58695cbd6f02",
      "Value": "\"하! 맞아, 맞아. 나 레곤가르를 무너뜨릴 순 없지!\""
    },
    {
      "Key": "b9f633a9-fad0-4b61-a3fc-062172c4716f",
      "Value": "\"하, 맞는 말이야! 정말 그런 경우라면, 그 똥무더기들을 만나 진짜 짐승이 무슨 짓을 할 수 있는지 보여주자고!\" {n}하프-오크는 주먹을 흔듭니다.{/n}"
    },
    {
      "Key": "1d26aa6a-f5b8-467f-9379-810adefed2ed",
      "Value": "{n}잔혹하고 능글맞은 웃음이 레곤가르의 얼굴에 나타납니다..{/n} \"분명 그래! 하 하, 흠. 맞아 그 쓰레기들은 댓가를 치르게 될꺼야!\""
    }
  ]
}