{
  "$id": "1",
  "strings": [
    {
      "Key": "ce4b061b-2ca3-4ba0-ae60-926bdd8553b4",
      "Value": "더 이상 시간을 낭비하지 않고, 우리는 강을 건넜습니다."
    },
    {
      "Key": "21aa3113-b539-4301-b01e-082daf2e3c98",
      "Value": "닫기."
    },
    {
      "Key": "e4aa5126-d267-4c28-b810-2361e322bc5a",
      "Value": "닫기."
    },
    {
      "Key": "d8d39ab0-b82f-4ce4-b16e-21739c0744ae",
      "Value": "닫기."
    },
    {
      "Key": "b2e27289-1156-4832-96cd-5bccb5f6b18a",
      "Value": "닫기."
    },
    {
      "Key": "6979d927-6028-4b1c-b95f-a1a3de536b31",
      "Value": "남작은 코볼트신전을 존중하는 것이 적절하다고 생각했습니다."
    },
    {
      "Key": "5136d113-de41-4c27-9bed-adab57562005",
      "Value": "남작은 떠나고, 코볼트 사당은 그대로 남아 있습니다."
    },
    {
      "Key": "825c99eb-5329-492d-8436-4c9f1649dd5e",
      "Value": "남작은 코볼트의 사원을 파괴하기로 결정했습니다."
    },
    {
      "Key": "a25d9101-f9a1-4871-ad46-67b080319b7f",
      "Value": "우리는 강을 건너게끔 할 나뭇가지를 주의 깊게 살펴보았습니다."
    },
    {
      "Key": "3f484842-f84c-4be5-88f4-39348c8c9be2",
      "Value": "어떻게 나아갈지를 결정하기 전에, 우리는 강을 주의깊게 살펴보았습니다."
    },
    {
      "Key": "490e8dad-cbab-44cc-b0b6-84deefe8c1ff",
      "Value": "포기하지 않고, 우리는 강을 건널 다른 길을 찾아보았습니다."
    },
    {
      "Key": "c11da9d6-c787-4321-a640-a272d4c7ab70",
      "Value": "모든 위험을 무시하고, 우리는 길을 따라갔습니다."
    },
    {
      "Key": "ff1b6df8-25be-4971-b3e2-f02c50d8823d",
      "Value": "신비한 코볼트의 길이 이끄는 곳을 찾기까지 오랜 시간이 걸리지 않았습니다."
    },
    {
      "Key": "17660fde-9ddc-4e44-98f9-6f0fbd93e2d1",
      "Value": "...균형을 되찾기 위해, {mf|그|그녀}는 팔을 미친듯이 휘두르고 있습니다."
    },
    {
      "Key": "7a222c22-5bc8-40a9-902c-5bd2ce254277",
      "Value": "하루 동안 충분히 모험을 한 것으로 판단하고 돌아갔습니다."
    },
    {
      "Key": "bdf75bb6-47aa-49c8-8107-aa22bcc4f048",
      "Value": "우리는 창백한 언덕(Pale Hills)을 뒤로 하고 우리가 왔던 길로 되돌아 갔습니다."
    },
    {
      "Key": "cd0df45e-3668-44ed-af06-aefd8906759c",
      "Value": "우리는 그 이상한 길을 놔두고 되돌아 왔습니다."
    },
    {
      "Key": "46a1923c-755b-4273-be08-120fe8a03158",
      "Value": "우리 영웅은 떠다니는 나뭇가지를 잡으려고 하였습니다."
    },
    {
      "Key": "b17a1986-eef8-4ff7-bdc6-1489b6c48fd8",
      "Value": "남은 유일한 방법은 {mf|그|그녀}가 숨을 참고 떠내려오는 나뭇가지 밑으로 잠수해 보는 것 뿐이었습니다."
    },
    {
      "Key": "efa8749c-c849-48f2-9e07-d182d89fb207",
      "Value": "우리는 즉시 밧줄을 잡아당기기 시작했어요, {name}가 꽉 붙잡고 있길 바라면서요!"
    },
    {
      "Key": "94fd9b2e-32ea-471b-bae0-485f17671822",
      "Value": "우리가 할 수 있는 일이라곤 우리가 생각해 낼 수 있는 모든 신께 기도하며 이 예기치 않은 수영의 결과를 기다리는 것이었습니다."
    },
    {
      "Key": "9c9e09cd-159d-47fb-a0ac-631112435ee5",
      "Value": "...반대편으로 뛰어오르다."
    },
    {
      "Key": "61974f12-0358-4cd3-b81a-69350e983495",
      "Value": "[캐릭터를 선택] 우리는 의논 후, 강을 먼저 건너볼 자원자를 뽑았습니다."
    },
    {
      "Key": "6774d1d8-491f-48ad-9ba9-9e7da83740a4",
      "Value": "예방조치는 확실히 제대로 되어있어야합니다. 우리는 안전을 위해 밧줄을 준비했습니다."
    },
    {
      "Key": "eb187c3b-0e18-45e2-8baa-1d5cb3f38d84",
      "Value": "아무 말 없이, {mf|남작|여남작}은 돌아서서 같은 시체의 흔적을 쫓아 창백한 언덕(Pale Hills)의 중심지로 우릴 이끌었어요. 시간, 원소들, 그리고 신들이 코볼트들에 대해 할 일들을 결정했었겠죠. 그들의 요상한 믿음, 그리고 그들의 원시적인 예술 능력. 전하는 그저 먼 발치에서 바라볼 뿐이었어요.\n우리는 드래곤의 머리 따위와 씨름할 시간이 없었던 데다가, 우리가 되돌아 가던 길 위에서 우리의 행운이 마침내 되돌아 와주었죠. 야생 맷되지 한 가족이 아마도 오랫동안 버려져 왔던 길이라고 생각했던 곳 한 가운데에서 쉬려 하고 있었어요. 단 한발로 포동포동한 새끼돼지는 우리의 등짐에 올려졌고, 곧 따뜼한 한끼 식사가 되었지요."
    },
    {
      "Key": "43539bb5-ae0d-4114-9af9-a55facf68d00",
      "Value": "제 충고를 따라서, {mf|남작|여남작}님은 이 놀라운 구조물을 보다 탄탄하게 만들기 바라며 위험하게 느슨해져 있던 뼛조각을 조정했습니다. 영주님이 그만두려고 할 때 드래곤의 턱에 무언가 반짝이는 것이 {mf|그|그녀}의 눈길을 끌었어요. \n조심스럽게 안쪽으로 다가가, {mf|남작|여남작}님은 지저분한 돌덩이처럼 보이는 것을 잡아 당겼지요. 그것을 뒤덮던 점토층을 벗겨내자, 우리는 크고 곱게 깍인 에메랄드를 찾았어요. 꼭 코볼트의 영들이 우리에게 선물로 그걸 준 것 같아요! \n이 공물을 {mf|그|그녀}의 가방에 잘 보관하고, {mf|남작|여남작}님은 몸을 되돌려 떠나갔지요. 우리는 우리의 리더를 충실히 따라갔지요. 그리고 곧 이 요상한 코볼트의 매장지는 우리 뒤로 한참 멀어져갔어요."
    },
    {
      "Key": "990aa53f-2189-4a7f-b914-aa369baca2da",
      "Value": "{mf|남작|여남작}님의 땅에는 우상을 숭배하기 위한 곳은 없어요! 단 한 대의 타격으로 드래곤 두상의 토대와 코블트들이 만든 것들이 의미없는 뼈 무더기가 되어 우리 다리 앞에 놓였어요. 좋은 결정이었죠!\n잔해 속에서 우리는 희미하게 반짝이는 돌을 발견했어요. 코볼트들이 그들이 만든 것 속에 작은 보물을 숨겨둔 것 같았죠! 우리는 드래곤의 머리 잔해에서 큼직한 루비를 빼내고는 되돌아갔어요."
    },
    {
      "Key": "d7081d3a-6dd2-498d-b947-9be1f4b4b5ee",
      "Value": "앞을 내다보는 것은 언제나 존경받는 {mf|남작|여남작}님의 가장 좋은 덕목 가운데 하나에요. \n노련한 모험가로서의 능숙한 동작으로, {mf|그|그녀}는 {mf|그|그녀}의 등짐에서 긴 로프를 꺼내어서 누가 이 나뭇가지를 밟고는 강 건너를 건널 수 있을 만큼 용감한지 보여주기 위함인 것처럼 허리에 줄을 감고 준비를 하였죠. 적어도 익사할 위험을 줄이는 데에는 도움이 될 거였어요!"
    },
    {
      "Key": "366ce610-9b5d-4237-8afb-0151625211bc",
      "Value": "코볼트들의 뼈무더기로 둘러쌓인 이 요상한 길을 따라 우리가 찾은게 무엇이었을까요? 제가 장담했든 아무 좋을것이 없었죠! {mf|남작|여남작}의 명령에 따라, 우리는 창백한 언덕(Pale Hills)를 뒤로 남기며 되돌아 갔어요."
    },
    {
      "Key": "4acb2853-4b01-4a7f-bad3-2f8e63308573",
      "Value": "물론, 그렇게 격렬하게 수영한 것에는 댓가가 따르기 마련이죠. {name}은 사실상 꽁꽁 얼어붙었고, {mf|그|그녀}의 살갗에는 피투성이의 긁힌 자국이 가득했어요. \n그럼에도 불구하고, 그 결과는 더 나빠지고 있었고, {name}은 계속하려고 준비했어요."
    },
    {
      "Key": "679dcaba-ed62-4090-acb5-28310519f476",
      "Value": "다음 단계를 결정할 시간입니다."
    },
    {
      "Key": "4674dd77-4cdb-4f30-9422-9e330f9f9354",
      "Value": "우리는 {name}이 덜덜 떨면서도 상처하나 없이 빠져나온 것을 보자 놀랍고 또 안심이 되었어요. {mf|그|그녀}는 그렇게 사나운 물살을 거르며 쉼없이 헤엄을 쳤는데도 정말 멀쩡했어요!"
    },
    {
      "Key": "d85559eb-fcb9-4141-a2ac-14c257271cf5",
      "Value": "물론, 그렇게 격렬하게 수영한 것에는 댓가가 따르기 마련이죠. {name}은 사실상 꽁꽁 얼어붙었고, {mf|그|그녀}의 살갗에는 피투성이의 긁힌 자국이 가득했어요. \n그럼에도 불구하고, 그 결과는 더 나빠지고 있었고, {name}은 계속하려고 준비했어요."
    },
    {
      "Key": "24fd2acf-5fe2-4917-9fda-1760dfefcc1e",
      "Value": "우리의 영웅이 치룬 시련의 댓가는 혹독했어요. {name}은 꽁꽁 얼어서는, {mf|그|그녀}의 머리부터 어깨까지 강물 속에서 돌에 얻어맞아 피를 흘리고 있었어요. {mf|그|그녀}의 시선은 멍하고 산만했고, {mf|그|그녀}는 말하기조차 곤란해했어요. 다시 {name}이 기운을 차릴 때까지 주의깊고 천천히 시간을 들여야 할 때라는 게 명확했어요."
    },
    {
      "Key": "4e8351fe-e819-407b-9139-09d1ebac88cf",
      "Value": "우리의 다음 발걸음을 결정해야 할 때입니다."
    },
    {
      "Key": "1ab7b268-3925-4bbe-b8d4-f0f545e33a83",
      "Value": "우리의 영웅이 치룬 시련의 댓가는 혹독했어요. {name}은 꽁꽁 얼어서는, {mf|그|그녀}의 머리부터 어깨까지 강물 속에서 돌에 얻어맞아 피를 흘리고 있었어요. {mf|그|그녀}의 시선은 멍하고 산만했고, {mf|그|그녀}는 말하기조차 곤란해했어요. 다시 {name}이 기운을 차릴 때까지 주의깊고 천천히 시간을 들여야 할 때라는 게 명확했어요."
    },
    {
      "Key": "c72a6d45-c158-41cc-81ad-5b4cc5c876f5",
      "Value": "우리는 {name}이 덜덜 떨면서도 상처하나 없이 빠져나온 것을 보자 놀랍고 또 안심이 되었어요. {mf|그|그녀}는 그렇게 사나운 물살을 거르며 쉼없이 헤엄을 쳤는데도 정말 멀쩡했어요!"
    },
    {
      "Key": "2449ed22-5ed3-4034-9e0a-9da6a2af4076",
      "Value": "구하면 얻게 되는 법이죠, 그게 몇 시간이 걸릴지라도요! 강물이 흐르는 것을 따라 오랜 시간 걸어내려간 후에, 우리는 그다지 간단치는 않겠지만 적어도 안전해보이는 건널만한 곳을 발견했어요. 물에 빠지고 넘어져 다칠 위험을 감수하고, 우리는 마침내 이 가증스러운 강을 건넜고 다시금 불길한 뼈의 피라미드로 된 이 이상한 흔적들과 마주했어요."
    },
    {
      "Key": "6e52a876-6e0d-4112-8e62-ffe64d6078a2",
      "Value": "구하면 얻게 되는 법이죠, 그게 몇 시간이 걸릴지라도요! 강물이 흐르는 것을 따라 오랜 시간 걸어내려간 후에, 우리는 그다지 간단치는 않겠지만 적어도 안전해보이는 건널만한 곳을 발견했어요. 물에 빠지고 넘어져 다칠 위험을 감수하고, 우리는 마침내 이 가증스러운 강을 건넜고 다시금 불길한 뼈의 피라미드로 된 이 이상한 흔적들과 마주했어요."
    },
    {
      "Key": "97919287-0c20-457e-91fd-cc7960b15eb7",
      "Value": "어떻게 그렇게 되었는지 모르겠지만, 우리는 흔적들을 놓치고 실마리없이 방황하기 시작했어요. 저는 요 수수께끼 같은 피라미드들을 탓했죠. 제 생각에는 그것들이 우리 기를 죽인거 같아요. 우리는 다시금 길을 찾는데 몇 시간이 걸렸고 강의 건널목에 도착했어요."
    },
    {
      "Key": "9e86b1cb-9d4f-43cd-b365-fefd4767cf69",
      "Value": "누가 그리고 왜 저렇게 코볼트의 척추들을 닦아 두었을지에 대한 생각을 떨쳐내려고 애쓰면서, 우리는 재빨리 창백한 언덕(Pale Hill)로 향하는 길을 따라 움직였어요. 강을 건너는 다리까지 도착하는 데에는 오랜 시간이 걸리지 않았지요."
    },
    {
      "Key": "2e57f28c-55cd-4f35-9474-d4c99b9ce167",
      "Value": "누가 그리고 왜 저렇게 코볼트의 척추들을 닦아 두었을지에 대한 생각을 떨쳐내려고 애쓰면서, 우리는 재빨리 창백한 언덕(Pale Hill)로 향하는 길을 따라 움직였어요. 강을 건너는 다리까지 도착하는 데에는 오랜 시간이 걸리지 않았지요."
    },
    {
      "Key": "a4138d78-f09d-401f-af8d-eaede949ae02",
      "Value": "이 나뭇가지는 매우 두껍고 꽤나 단단한것만은 확실했습니다. 그렇다고 그것이 미끄럽지 않거나 그 위에 아무렇지 않게 발을 올려도 될만큼 탄탄한 건널목을 제공하는 것은 아니였죠. 얼마나 많은 코볼트들이 이 젖은 나무껍질 위에서 미끄러져서 이 얼음장같은 차가운 강에 수장되었을까요?"
    },
    {
      "Key": "49f2a4a7-bf88-4ec2-ba94-39c411ebc20a",
      "Value": "우린 그 강이 꽤나 깊다는 것을 재빨리 알아차렸어요. 제 팔을 어깨까지 물 속에 담구어 봤지만 바닥에 닿지조차 않았거든요! 또한 매우 물살이 빨랐어요. 물살은 제 소매에 붙은 마른 잎가지들을 휩쓸어 가더니 눈 깜짝할 사이에 보이지 않게끔 떠내려보냈죠. 그리고 또 굉장히 차가웠어요. 정말이지 아주 아주 차가웠어요. 솔직히 우리 중 누구도 수영하자는 건 생각도 안했죠."
    },
    {
      "Key": "29586d3b-c9f3-47ac-92b1-9fe03e8feed9",
      "Value": "잘 닦여진 코볼트 뼈로 만든 작은 피라미드는 하나라면 좀 으시시하긴 하지만 참을만 하지요. 그런데 천개나 된다면요?\n우리는 진짜 코볼트의 무덤을 바라보고 있는 우리 자신을 발견했어요. 각각의 작은 피라미드는 한마리의 코볼트의 죽음의 흔적이고, 그 흔적은 그들이 남긴것으로 되어 있는거죠. 이야!\n진짜 수수께끼는 그런데 그 매장지의 중심부에서 우릴 기다렸지요. 그 정 한가운데에는 수백의 아니 어쩌면 수천의 잘 닦여진 뼈로 만들어진 거대한 드래곤의 머리 형태가 있었어요. 상상해보세요. 그 작고 어이없는 파충류들이 이렇듯 무시무시하고 어마어마 한 조각을 만들어내었다니. 그런 대단함에도 불구하고 그것은 또한 약해 보였어요. 그 기반에서 단 하나의 뼈라도 빼낸다면, 이 아름다운 모형은 무너져 먼지가 될 것이었죠. 거기에는 아주 가느다란 뼈 또한 있었지요.\n그럼에도 불구하고, 우린 반박할 수 없는 증거와 마주한 것이에요. 코볼트들은 좋든 나쁘든 어쨌든 변하고 있어요. 이 사실이 트롤을 찾는 우리의 수색과는 전혀 상관 없겠지만, 그래도 이 땅이 코볼트들에게 신성시되고 있고 이곳이 그들의 새로운 친구들을 데려올만한 곳은 아닌듯 했어요.\n{mf|남작|여남작}의 영토에서 우리가 찾아낸 이 모형을 {mf|남작|여남작}은 어떻게 처리할까요?"
    },
    {
      "Key": "ac387543-901d-4278-9a84-079e41255e9e",
      "Value": "오, 우리가 노력하는 것에 따라 우리의 자존심을 손상시키지 않고 우리 바지를 젖히지 않고 갈만한 거리였어요! 엄청난 점프 한번에 {name}은 반대편 강둑으로 넘어갔어요!"
    },
    {
      "Key": "0240dbfd-995b-48fd-9f58-444b4c051256",
      "Value": "{name}은 가느다란 가지와 빠른 물살에 흔들리지 않았어요. 심호흡을 한 후에, 우리 지원자는 위태로운 건널목을 따라 나아갔지요. 한 걸음, 또 한 걸음...몇 걸음 동안 문제가 없었고, 저는 아무 문제가 없을 거라 생각하기 시작했지요. 바로 그때, 나뭇가지가 홱하고 흔들리기 시작했고, 나가 떨어져 버렸어요! 생각할 틈도 없이 {name}이 한 것은..."
    },
    {
      "Key": "9d8b915c-b98f-470b-9b72-5769f49fa604",
      "Value": "좋은 날도 나쁜 날도 있지요. 오늘은 아무래도 나쁜 날 중 하나인가 봐요. 나뭇가지가 {name}의 발 아래서 홱하고 꺽여버렸어요. \n절박한 비명, 물이 튀는 소리, 그리고 {name}은 우리가 알아차리기도 전에 물 아래로 사라져버렸죠. {mf|그|그녀}의 용기에 의해 희생되서 말이죠."
    },
    {
      "Key": "1635ca2f-f334-4b75-aa3b-2d26b43e6d26",
      "Value": "{name}은 잠시 {mf|그|그녀}의 숨을 고르더니 {mf|그|그녀}의 눈길을 교차점으로 다시 돌렸습니다. 양쪽 강둑에 놓인 로프가 안전하게 연결되자, 더 이상 흐르는 강물은 이전처럼 죽음의 덫으로 보이지 않았습니다."
    },
    {
      "Key": "40c67fc1-80e2-4fd7-bb83-21d446629f3d",
      "Value": "{name}은 잠시 {mf|그|그녀}의 숨을 고르더니 {mf|그|그녀}의 눈길을 교차점으로 다시 돌렸습니다. 근처의 관목은 웃기게 생긴 코볼트의 기묘한 장치 - 전혀 짝이 맞지 않는 널판지와 작대기로 만들어진, 삐뚤어진 사다리 - 를 감추고 있었습니다. 코볼트 또한 강을 건더기 위해 우리가 한 것과 같이 했을 것입니다 - 그들 중 가장 날랜 이가 그 사다리를 타고 몸을 날려 건너편으로 건너는 것이죠."
    },
    {
      "Key": "8d14dac6-3277-4eaf-9653-bdf94a7dbbeb",
      "Value": "좋은 날도, 좋지 않은 날도 있죠. 오늘은 아무래도 좋지 않은 날인 것 같아요. 어설프게 뛰어오르자 얼음장같이 차가운 물 속으로 풍덩 빠져버렸습니다. \n비명, 물보라, 그리고 {mf|그|그녀} 자신의 용기의 희생자인 {name}은 우리가 알아차리기도 전에 물 아래로 사라져버렸어요."
    },
    {
      "Key": "361d3779-8ee8-4eb3-b6b7-dae662df4065",
      "Value": "{Name}은(는) 나뭇가지를 잡으려고 손을 뻗었지만, 나뭇가지가 뒤집히더니 날카로운 마디가 그를 향했습니다. {mf|fellow|thing}의 어깨에 깊은 상처가 났고 핏물이 번져오릅니다!"
    },
    {
      "Key": "9a723883-2243-4dc5-92ef-29deb7170986",
      "Value": "{Name}은(는) 휩쓸릴 때 재빨리 나뭇가지를 붙잡았습니다. {mf|그|그녀}의 호흡을 가다듬은 뒤 둑 쪽으로 헤엄쳐 갔습니다."
    },
    {
      "Key": "d4e6ce6b-b6b9-4e30-b022-50796591afb5",
      "Value": "{Name}은(는) 빠르게 다가오는 나뭇가지 밑으로 들어가지만, {mf|그|그녀}는 예상보다 빨리 나타났습니다. 물살에 미친 듯이 소용돌이치는 나뭇가지가 {mf|그|그녀}를 할퀴고 찔렀습니다."
    },
    {
      "Key": "212fcaaf-7926-41bb-81ed-46f0fd7824e6",
      "Value": "{Name}은(는) {mf|그|그녀}의 숨을 고르더니 {mf|그|그녀}를 향해 빠르게 헤엄치면서 나뭇가지 밑으로 잠수했습니다. 잠시 후, 위협적인 부유물들의 반대편에서 {mf|그|그녀}가 나타나는 것이 보였습니다!"
    },
    {
      "Key": "1039fed3-c007-422e-9df9-c85735ae6929",
      "Value": "음, \"다리\"는 좀 후한 편일지도 모릅니다. 사실 둑에서 둑으로 이어지는 팔뚝만한 가지의 모습이었기 때문입니다. 저 멀리 저 작은 뼈 피라미드들이 보였기 때문에 코볼트가 건너기에 충분했을지 모르지만, 일행이 건너갈 만큼 튼튼해 보이지 않았습니다."
    },
    {
      "Key": "62223750-cc21-4878-b15c-af972c92bc3f",
      "Value": "음, \"다리\"라고 부르기엔 좀 후한 편인것 같아요. 실제로는 강기슭에서 강넘어로 이어지는 팔뚝만한 긴 나뭇가지였기 때문입니다. 저 멀리 저 작은 뼈 피라미드들이 보였기 때문에 코볼트가 건너기에 충분했을지 모르지만, 일행이 건너갈 만큼 튼튼해 보이지 않았습니다."
    },
    {
      "Key": "1747c5b4-fd19-48f8-93e7-64725bd5d3d6",
      "Value": "그것조차 충분하지 않은것처럼, 누군가가 그 모든 혼란 중에 그 가냘픈 다리를 쓰러뜨렸음에 틀림없었고, 그것은 물속으로 떨어지고 있었습니다. 더 이상 두 둑에 걸쳐 있지 않고, 굵은 나뭇가지가 물살과 싸우느라 정신없는 물에 빠진 사람 쪽으로 빠르게 움직이고 있었습니다!"
    },
    {
      "Key": "418d6e04-088d-4df9-8ed1-d69b4c911d61",
      "Value": "그것조차 충분하지 않은것처럼, 누군가가 그 모든 혼란 중에 그 가냘픈 다리를 쓰러뜨렸음에 틀림없었고, 그것은 물속으로 떨어지고 있었습니다. 더 이상 두 둑에 걸쳐 있지 않고, 굵은 나뭇가지가 물살과 싸우느라 정신없는 물에 빠진 사람 쪽으로 빠르게 움직이고 있었습니다!"
    },
    {
      "Key": "cb191c62-f043-44e5-aa04-10aea12d4bdc",
      "Value": "아아, 이게 우리에게 떨어질 마지막 불행이 아니었어요. 엄청난 격류 한 가운데에서 줄을 잡고 있는 {mf|그|그녀}를 {mf|그|그녀}의 동료들이 끌어내는 것조차 쉬운 일이 아니었어요. 그건 수영이 능숙하지 않은 이에게 많은 걸 너무 많은 것들을 알려주었죠. 더 좋지 않은 일은, 줄이 끊어져버렸다는 것이었죠. 끊어졌든 아니면 단순히 {mf|그|그녀}의 허리에서 풀려버린 것이든 우리의 불운한 친구는 강을 따라 떠내려가기 시작했어요."
    },
    {
      "Key": "b4837941-eb35-49df-8fa4-474ce1251165",
      "Value": "외딴 곳에 있는 강에서 익사한다는 것은 암울한 생각일 것이에요. 그런데 그런 생각이 우리 동료에게 힘을 주었나봐요. {mf|그|그녀}의 허리를 두른 줄을 꽉 매듭짓고, {name}은 우리가 {mf|그|그녀}의 등을 떠밀기 전까지는 단단한 땅 위에서 움직이지 않으려 했어요.\n{name}은 강둑에 있는 우리에게 되돌아 와서는 그 위험한 나뭇가지를 떠내려 가는 것을 봤는지 물었어요. 아마도 혼란스러운 와중에 누군가의 발에 채인 것이었겠죠. 아마도 강에 떠러져 떠내려 갔을 것이 뻔했어요. 우리를 반대편 강둑으로 보내어줄 유일한 희망이 더는 없었어요."
    },
    {
      "Key": "ca2ed4c4-d277-44e5-812c-39632954d8e5",
      "Value": "마침내, 잠시 고통스러운 순간 후에, {name}은 해안가에 다다랐습니다."
    },
    {
      "Key": "d6c083ab-852a-471a-bcc0-b642afbcca34",
      "Value": "마침내, 잠시 고통스러운 순간 후에, {name}은 해안가에 다다랐습니다."
    },
    {
      "Key": "7467dc37-d379-4198-bbad-18201a359c8c",
      "Value": "우리가 트롤의 서식처를 찾기 시작했을 때, 에쿤은 강하게 저 야생지의 숨겨진 한 구석을 방문하기를 건의했습니다. 우리가 이미 서식처를 찾으려했고, 지역의 주요 지형지물들을 놓치고 싶지 않았기 때문에, 우리는 걸어 가기로 했습니다."
    },
    {
      "Key": "8a77e5a6-3308-4251-bf08-99a943faddc8",
      "Value": "언덕은 마치 안락해보이고 심지어 우릴 환영하는 듯 했어요. 우울해 할 것 없이, 우리는 길을 따라 걸으며 작고 귀여운 하얀 피라미드의 풍경을 즐겼죠. 그것은 석회암으로 만든 것이었지요, 아, 잠시만, 그게 석회암이었을까요?\n오 이런 끔찍할 데가, 제가 석회암이라 보았던 것은 잘 닦여진 뼈들이었어요! 길을 따라서, 코볼트의 유해가 만든 피라미드와 함께 풀들이 흔들거리고 있었죠.\n죽음의 표식으로 장식된, 이 끔찍한 길을 따라가는 것이 현명한 일일까요?"
    },
    {
      "Key": "695cdb08-23ed-48c6-bedd-ae74ea85a05f",
      "Value": "에쿤은 먼저 이 곳을 지도에서 가르켰습니다. \"코볼트의 영역. 창백한 언덕(Pale Hills)입니다. 코볼트들은 트롤들과 길을 공유합니다. 여기도 아마 그럴겁니다.\""
    },
    {
      "Key": "91657650-713f-4b4a-a201-dd0d84033012",
      "Value": "잠시의 괴로운 순간들과 - 오, 다행히도! -{name}이, 간신히 숨을 내쉬며, 지쳐버렸지만, 살아서 물 위로 떠 올랐습니다!"
    },
    {
      "Key": "e1efb12a-6655-46f6-9cad-bef0dcfb4473",
      "Value": "신들은 용감한 자를 사랑합니다 - 아니면 {name}이 단순히 수영을 잘 하는 것일까요? \n어떤 것이든지, 우리의 두려움을 모르는 영웅의 머리는 물 위로 잠시간 후에 떠올랐고, 이제는 해안가에 좀 더 가까웠습니다! {name}은 마침내 단단한 바닥에 발을 잠시 동안 발을 붙이더니, 추위에 몸을 떨며, 물을 털어내었어요."
    }
  ]
}