{
  "$id": "1",
  "strings": [
    {
      "Key": "d35618d1-332f-4601-8387-83a97924da13",
      "Value": "\"당신의 이름은 무엇을 의미하지?\""
    },
    {
      "Key": "2aac6036-ddeb-4695-b955-d61e2a68521e",
      "Value": "\"시험은 어떻게 이루어져 있지?\""
    },
    {
      "Key": "eb156ddb-162e-439b-974f-62855e4749b3",
      "Value": "\"나는 시험을 통과할 준비가 되어있다.\""
    },
    {
      "Key": "bebe7661-eb3b-499e-8a52-eed6bb707c5c",
      "Value": "\"나는 너희 시험에 질렸다. 내 왕국에서 꺼져!\""
    },
    {
      "Key": "61fa59f9-d144-43ca-835c-c86c04bc5fa8",
      "Value": "[공격] \"나는 시험이 질렸다. 죽어!\""
    },
    {
      "Key": "cd12ceff-4680-4cda-abbf-8d89f878b169",
      "Value": "\"나는 가야 해.\""
    },
    {
      "Key": "3fe9cbfb-36f4-4fbd-ad66-81460369abbe",
      "Value": "\"셸린, 이로리, 아이오메데, 서렌레이, 에라스틸, 아바다르.\""
    },
    {
      "Key": "3a835440-9b31-4bcc-abba-efac42949059",
      "Value": "\"에라스틸, 파라즈마, 셸린, 케이든 케일리엔, 데스나, 서렌레이.\""
    },
    {
      "Key": "6f796c0d-6ee5-4ab5-b20d-d95cc2aa19c3",
      "Value": "\"셸린, 이로리, 로바거그, 서렌레이, 에라스틸, 아스모데우스.\""
    },
    {
      "Key": "77ef712e-a2af-4b3e-9de4-6da71426d6a8",
      "Value": "\"잘메레이에서.\""
    },
    {
      "Key": "8fa63667-7955-407a-926d-65a0ae2b8be9",
      "Value": "\"아스펠 숲에서.\""
    },
    {
      "Key": "3c060f73-6ebf-4b2d-97df-a5ae2eebfc9d",
      "Value": "\"압살롬에서.\""
    },
    {
      "Key": "ee60854b-86b2-459b-98fd-f3013cea8943",
      "Value": "\"영웅의 길.\""
    },
    {
      "Key": "c6468bb2-c72f-4cdf-bffd-348e206e7f95",
      "Value": "\"현명한 길.\""
    },
    {
      "Key": "95600c6e-e05e-4b8a-ab91-d3ca92791cae",
      "Value": "\"공용어로 번역하는 것은 불가능하다.\""
    },
    {
      "Key": "1c32ed66-27da-4634-8371-258a783f3c3a",
      "Value": "\"불사조, 유니콘, 늑대, 사자의 길.\""
    },
    {
      "Key": "7be21296-c8de-4fec-a5e1-cd0e6d7ee5b5",
      "Value": "\"불사조, 유니콘, 늑대, 사자, 카멜레온의 길.\""
    },
    {
      "Key": "e7183b89-33ab-4a57-9009-28acb1c79b64",
      "Value": "\"불사조, 유니콘, 늑대, 사자, 드래곤의 길.\""
    },
    {
      "Key": "064538ba-f119-4d1e-8725-79ff67959117",
      "Value": "\"잘메레이에서.\""
    },
    {
      "Key": "32d5f410-3d4b-47d0-9b29-286834ef25a2",
      "Value": "\"아스펠 숲에서.\""
    },
    {
      "Key": "be72bd25-e677-41a6-9545-643dc148c7ec",
      "Value": "\"날마치에서.\""
    },
    {
      "Key": "22ab381b-cbd9-4e08-a5c0-214da5f25265",
      "Value": "\"십자군 운동을 하였다.\""
    },
    {
      "Key": "25f6c559-6fb0-4a31-b93f-bcc677ffdaae",
      "Value": "\"믿음에 관해 논쟁을 준비했다.\""
    },
    {
      "Key": "3bd473d2-7eb0-4ff1-acef-2cab59d62823",
      "Value": "\"그의 가르침을 책에 담았다.\""
    },
    {
      "Key": "134dc4e6-6b64-4ebb-9bf9-a86795fcb63d",
      "Value": "\"아스펠 숲에서.\""
    },
    {
      "Key": "0a1e74ce-2de8-423d-a61b-4a679fe10888",
      "Value": "\"압살롬에서.\""
    },
    {
      "Key": "ca3615bc-0c6b-41ca-8aca-182a7dcea11d",
      "Value": "\"아무 곳도 아니다.\""
    },
    {
      "Key": "0aee096e-4821-4fcb-8b9e-8e5e0fa2da1d",
      "Value": "\"너희 단체 대해 더 자세히 알 수 있는 곳은 어디지?\""
    },
    {
      "Key": "820d010a-31d2-48b4-b165-81e98bf36044",
      "Value": "[공격] \"나는 너희 시험에 질렸다!\""
    },
    {
      "Key": "04654a1a-b338-48bd-80c9-abc28df205c6",
      "Value": "\"현명한 길.\""
    },
    {
      "Key": "df039a06-b9e5-4c47-bad9-999ad3b26136",
      "Value": "\"폭력의 평정.\""
    },
    {
      "Key": "46f1c27b-3831-47f7-92d4-adbe5e69d275",
      "Value": "\"없다.\""
    },
    {
      "Key": "85a7f455-1ce3-45c5-9f9f-1a1880a943f7",
      "Value": "\"악당을 제거하는 것.\""
    },
    {
      "Key": "712bf09d-3394-47e0-ba79-08e52fd2583c",
      "Value": "\"더 강해지는 것.\""
    },
    {
      "Key": "79b75f3f-2229-4e7a-93ab-64bb50457874",
      "Value": "\"세상을 더 좋은 곳으로 만드는것.\""
    },
    {
      "Key": "a1c3c354-ab94-480f-8c94-747346ba52e9",
      "Value": "\"안녕한가. 나는 사자 비드야다. 최종 시험을 치를 준비가 되었나?\""
    },
    {
      "Key": "b5c14ade-246d-44d3-855c-b0def354708f",
      "Value": "\"안녕한가. 최종 시험을 치를 준비가 되었나?\""
    },
    {
      "Key": "e05abba0-0217-4754-ad82-8a5dd8325d13",
      "Value": "\"항상 그 이름을 지닌 것은 아니다. 스승이 내게 주었다. 그것은 '진리를 아는 것'을 의미한다. 나는 사자의 길을 따른다. 그것은 설교의 길이다. 나는 현명한 길의 가르침을 이해하게 되었고 사자의 포효 소리처럼 그들에게 크고 분명하게 선언하는 법을 배웠다.\""
    },
    {
      "Key": "a3552261-3855-46f8-aafd-7210e3540d82",
      "Value": "\"원하는대로.\""
    },
    {
      "Key": "49b5936d-88ee-450d-b6f3-1fb2352ed48f",
      "Value": "\"너는 실수를 저지르고 있다. 하지만 비난하지는 않겠다.\" {n}비드야는 주문을 외웠고, 무한한 평화와 평온함이 당신에게 쏟아집니다. 당신은 무기에 손조차 뻗지 못한 채 비드야가 떠나는 모습을 바라봤습니다.{/n}"
    },
    {
      "Key": "3abf04bf-9fb9-4d44-8a47-af6a6480b7e5",
      "Value": "\"시험이 시작될 것이다. 진실을 알게 된 사람들은 행복하다!\""
    },
    {
      "Key": "f9d7f000-3489-46cf-813b-2f11b4219ae2",
      "Value": "\"나의 시험은 진리의 시험이다. 나는 네가 우리에게서 얼마나 많이 배웠는지 시험해보기 위해 슈람가민 단체에 관해 세 가지 질문을 할 것이다. 지식이 확실하지 않다면 시험을 시작하기 위해 서두르지 말기 바란다. 우리에 대해 더 자세히 알아보길 바란다!\""
    },
    {
      "Key": "6e0630a3-d223-4281-9056-9402a5d454db",
      "Value": "\"나는 여기에서 기다릴 것이다.\""
    },
    {
      "Key": "cfc26878-a146-492d-8111-e7299693f0ab",
      "Value": "\"나의 첫 번째 질문이다.\""
    },
    {
      "Key": "69f18ea4-3143-4d1a-acf0-e629ccc5d78b",
      "Value": "\"나의 두 번째 질문이다.\""
    },
    {
      "Key": "69d9439e-8a5a-43f3-acb1-84d87408add4",
      "Value": "\"나의 세 번째 질문이다.\""
    },
    {
      "Key": "305a34cd-3242-4008-aa5e-6ddac620c17b",
      "Value": "\"우리 단체가 존경하는 신들은 누군가?\""
    },
    {
      "Key": "7b593e44-6850-4d90-a7dc-2f8546de2450",
      "Value": "\"우리의 스승은 어디에서 왔지?\""
    },
    {
      "Key": "35730714-b197-4f0e-bfdc-3f771401844c",
      "Value": "\"우리 단체의 이름은 무엇을 의미하지?\""
    },
    {
      "Key": "510d16bf-d7ab-49e8-a479-7ae2f0a85475",
      "Value": "\"우리 단체에서 선생의 칭호를 달성하기위한 길은 무엇이 있는가?\""
    },
    {
      "Key": "ab15ddf5-68f6-4e22-9ccf-faa703dc7547",
      "Value": "\"아발로 스승이 진실을 알기 위해 어디에서 명상했는가?\""
    },
    {
      "Key": "5483f790-77f9-41f7-b605-30c302c4bdce",
      "Value": "\"아발로 선생은 진실을 알았을 때 무엇을 했지?\""
    },
    {
      "Key": "62accc70-79f0-4397-b025-b567fc6e9241",
      "Value": "\"우리 단체의 성전은 어디에 있지?\""
    },
    {
      "Key": "8033d6f6-126f-44f5-8be0-7e025ee65527",
      "Value": "\"우리 단체 구성원들이 가르치는 무술의 이름은 무엇이지?\""
    },
    {
      "Key": "156a8e49-9529-4eca-b0cf-462c16d81c12",
      "Value": "\"영웅의 길을 간다는 것은 무엇을 의미하지?\""
    },
    {
      "Key": "ea1db5bd-ae1f-467a-bb1d-269d935d98fd",
      "Value": "\"너는 모든 질문에 답했다.\""
    },
    {
      "Key": "7db51d72-0a5b-4950-8748-7ee8f141c336",
      "Value": "\"네가 어떤 것에 대한 지식을 찾을 때 향하는 곳과 같다 – 바로 책이다! 내가 묻는 것은 비밀이 아니다. 너는 우리에 관한 책을 쉽게 찾을 수 있을 것이다.\""
    },
    {
      "Key": "46606775-e3e0-4968-bf4c-27a74c59b03b",
      "Value": "\"너는 우리 단체에 대해 많은 것을 배웠다. 지식은 이해의 첫 걸음이며 이해는 계몽의 길을 열어준다.\""
    },
    {
      "Key": "ef5e8ac8-b684-4c1b-b5a5-2406b45a9d29",
      "Value": "\"불행히도 우리가 너에 관해 배운 것보다 너는 훨씬 덜 배웠다. 그러나 절망하지 말아라. 한 번의 시험 만이 결과에 영향을 미치지 않는다.\""
    },
    {
      "Key": "3e38ea76-101e-49c4-95ba-ddc1323d8bfe",
      "Value": "\"그렇다. 우리는 선과 질서의 신들에게 기도를 드린다.\""
    },
    {
      "Key": "176d5d5b-c04d-44d2-b6b4-c3404a166576",
      "Value": "\"비슷하지만 정확히는 아니다. {g|Cayden Cailean}케이든 케일리엔{/g}과 {g|Desna}데즈나{/g}는 친절한 신이지만 그들의 행위는 혼란으로 훼손된다. 파라즈마는 선과 악에 무관심하며 우리와 다른 길을 걷는다. 그리고 너는 {g|Abadar}아바다르{/g}, 이로리를 언급하는 것을 잊었다. \""
    },
    {
      "Key": "3c9062cf-e2e5-4701-a21d-073a164bca75",
      "Value": "\"뭐라고? {g|Asmodeus}아스모데우스{/g}? {g|Rovagug}로바거그{/g}? 도대체 무슨 얘기를 하는 거지? 우리의 단체 중 아무도 악을 숭배하지 않는다!\""
    },
    {
      "Key": "d283c1d0-f69b-4238-9009-452d8db58aae",
      "Value": "\"맞다. 정확히 그가 그곳에서 이 땅으로 왔다.\""
    },
    {
      "Key": "f37d263f-a262-4bed-8732-6f2c225b8585",
      "Value": "\"아니다. 그는 진실을 찾고 있는 동안 그는 아스펠 숲에서 명상을 했다. 그는 {g|Jalmeray}잘메레이{/g} 출신이었다.\""
    },
    {
      "Key": "24880704-1724-4b8b-a4bb-214b310b6bdf",
      "Value": "\"아니. 그의 조국은 훨씬 멀다. 그는 {g|Jalmeray}잘메레이{/g}에서 왔다.\""
    },
    {
      "Key": "e71725b8-ed61-4e0e-8744-cd255908d83f",
      "Value": "\"사실이다.\""
    },
    {
      "Key": "53c0b7a8-5d59-4a2e-b84e-3e59eb6a4236",
      "Value": "\"아니다. 현명한 길은 우리 단체가 가르치는 철학이다. 단체의 이름은 '영웅의 길'을 의미한다.\""
    },
    {
      "Key": "0f306770-270a-4468-8b93-931716c0103a",
      "Value": "\"정확한 번역은 실제로 불가능할 수도 있다. 하지만 일반적으로 '영웅의 길'로 번역된다.\""
    },
    {
      "Key": "0bf2bc8e-c6fd-49d2-99d9-9dcd6af180b1",
      "Value": "\"사실이다. 하지만 카멜레온의 길을 언급하는 것을 잊었다. 쉬운 실수이다. 카멜레온의 길은 침묵과 그림자에 놓여 감시의 눈을 피한다.\""
    },
    {
      "Key": "c2be8042-0d66-4c6f-93ac-7b41eabf9c93",
      "Value": "\"네가 지식이 있다고 생각한다. 그렇다. 카멜레온 선생은 눈에 띄지 않지만 다른이들 만큼 중요하다.\""
    },
    {
      "Key": "c551cc98-5bff-4025-b989-681642bcea66",
      "Value": "\"우리 단체에 드래곤의 길은 없다. 네가 잊어버린 길은 아마도 몰랐겠지만 카멜레온의 길이다.\""
    },
    {
      "Key": "d9562672-6700-47b9-ab5d-59066e7c1ac4",
      "Value": "\"아니. 그는 그곳에서 태어났다. 하지만 진실을 찾으러 그는 아스펠 숲에 갔고 지금도 살고 있다.\""
    },
    {
      "Key": "a5d4761c-bea3-4c1a-a4aa-aef43b48308c",
      "Value": "\"맞다. 그는 아직도 제자들에 둘러싸여 살고 있다.\""
    },
    {
      "Key": "710665cd-722d-4cc4-9b4b-6eef6f0a70e6",
      "Value": "\"{g|Narlmarches}날마치{/g}라고? 절대 아니다. 그는 아스펠 숲에서 명상을 했다.\""
    },
    {
      "Key": "0bce56f5-0d93-4a14-a468-73b645b7b004",
      "Value": "\"물론 아니다. 아발로 스승은 비폭력을 설교한다. 어떻게 싸울 준비를 하겠나? 그는 믿음에 관한 토론을 조직했다.\""
    },
    {
      "Key": "3fac5323-2ffb-46aa-867c-d107a9802693",
      "Value": "\"맞다. 많은 사람들이 그의 말이 틀렸다는 것을 증명하기 위해 거기로 여행했다... 하지만 모두 그의 추종자가 되었다.\""
    },
    {
      "Key": "af640cae-c452-4933-8ef9-b28b59acbee6",
      "Value": "\"아니다. 아발로 스승의 계시는 많은 책에 기록되어 있지만 그가 쓴 책은 없다. 그는 종교 지도자들과의 믿음에 관한 논쟁을 준비했다.\""
    },
    {
      "Key": "3f59d4d9-004a-44ca-b684-507f0f165358",
      "Value": "\"아니다. 스승은 제자 공동체가 있는 곳에서 산다. 우리 단체는 성전이 없다.\""
    },
    {
      "Key": "c8114311-583f-4a2c-b2bc-fa56648e39e4",
      "Value": "\"아니다. 우리 단체는 성전을 짓지 않았다.\""
    },
    {
      "Key": "666367ad-7b5a-4509-910e-cbb75d63afa7",
      "Value": "\"맞다. 우리는 성전을 짓지 않으며 우리 각자는 자유롭게 믿고 싶은 신을 숭배 할 수 있다. 중요한 것은 현명한 길을 따라 가야한다는 것이다.\""
    },
    {
      "Key": "98068eb5-1e5b-4ed6-9e0b-f4b25d976fc0",
      "Value": "\"옳지 않다. 현명한 길은 싸우지 않고 비폭력을 완성하기 위한 헌신이다. 우리는 어떤 무술도 가르치지 않는다.\""
    },
    {
      "Key": "5fe608d2-11b3-42b0-b1ec-ee7c0d6418c1",
      "Value": "\"검이 치유 할 수 없고 집행자의 도끼도 죽은자를 되살릴 수 없듯 폭력은 화를 부른다. 우리의 핵심 원칙은 비폭력이며 우리는 무술을 가르치지 않는다.\""
    },
    {
      "Key": "7b7f014f-47d5-4a3a-ae6a-75ce3d6a13a4",
      "Value": "\"맞다. 우리의 주된 원칙은 비폭력이며 무술을 가르치지 않는다.\""
    },
    {
      "Key": "d62529fd-09ca-4864-8b09-b301fa2c88a3",
      "Value": "\"악당을 죽이는 사람은 사망자의 수를 늘릴 뿐이다. 우리는 피를 흘리는 자가 아니라 세상을 더 나은 곳으로 만드는 자를 영웅이라고 칭한다.\""
    },
    {
      "Key": "a8fc7a41-43c1-47ce-a37f-f4e7b0a4f252",
      "Value": "\"좋은 일이 생기지 않는다면 힘이 무슨 소용인가? 우리는 세상을 더 나은 곳으로 만드는 자를 영웅이라고 부른다.\""
    },
    {
      "Key": "1443fe7b-8b7c-497b-98dd-c436c08e5a5d",
      "Value": "\"맞다. 우리는 약하고 강함에 상관 없이, 세상에 선과 질서를 조금이라도 가져다 주는 자를 영웅이라 부른다.\""
    },
    {
      "Key": "5303cb75-54e5-44db-ab22-67a6660d6700",
      "Value": "\"너를 허가함과 함께 철수하겠다. 나는 형제 자매들과 상의해야 한다. 우리는 여기에서 멀지 않은 곳에 모일 것이다. 우리의 평결을 들으려면 우리를 찾길 바란다.\""
    },
    {
      "Key": "cb1772ea-0a16-4d7d-9ecf-28a82992f76c",
      "Value": "\"아. 모두 지루한 신학 시험으로 끝났군. 놀랍지도 않아.\""
    },
    {
      "Key": "2402c408-a4d8-4ad5-80fa-dce825fc49da",
      "Value": "\"나는 흥미로울 것이라고 생각해! 모든 것이 상징적이야. 사자, 유니콘... 그리고 {mf|왕|여왕}은 현명하게 올바른 답을 타인에게 전하는 거야!\""
    }
  ]
}