{
  "$id": "1",
  "strings": [
    {
      "Key": "2074ac8e-0795-47aa-93a8-4025d82ffeb2",
      "Value": "\"트롤들이 불을 두려워한다는 것을 오래 전에 알았지. 하지만 그것도 옛날 일이야.\""
    },
    {
      "Key": "846e042f-8f71-4e9b-aba2-5dad9bf1324a",
      "Value": "\"걱정하지 마. 우리는 산성에 의지하면 돼. 보급만 충분히 보충하면 될 거야.\""
    },
    {
      "Key": "50268c5b-6f78-4c90-8225-eac67885d40c",
      "Value": "\"이것이 그들의 문화에 어떤 영향을 미칠지 궁금하군... 그들은 모닥불에 요리를 했을까? 아니면 옹기종기 모여서 수다를 떨며 요리를 했을까? 이런 걸 연구하는 친구가 하나 있는데 말이야...\""
    },
    {
      "Key": "0d0cd21d-5bfd-462e-bba4-0c9e33e5f3e1",
      "Value": "\"무적이군... 자비도 없고 식량도 필요 없고. 주위에는 적들의 시체가 쌓여있고... 대단한 전사다...\""
    },
    {
      "Key": "b5fce390-e227-4b3e-b563-cc40d538e8a9",
      "Value": "\"내면에 불을 지닌 자들이 두려워하지 않는 법을 배워. 트롤들에게 맞서기 위해... 우리는 불이 더 필요해.\""
    },
    {
      "Key": "168ae98a-3ef1-4daa-ab58-03b3624413ed",
      "Value": "\"내면에 불을 지닌 자들이 두려워하지 않는 법을 배워. 트롤들에게 맞서기 위해... 우리는 불이 더 필요해.\""
    }
  ]
}