{
  "$id": "1",
  "strings": [
    {
      "Key": "a1ff7853-a5d2-48fa-94ee-605a64ebfc37",
      "Value": "\"이건 전투도 아니었어. 이 군대는 그저 서로 노려다보고는 야만인들이 누메리아로 돌아갔지.\""
    },
    {
      "Key": "2aa27069-05ff-4c24-896b-a8a985bffba4",
      "Value": "\"야만인이 브레보이인들을 이겼지만 피해가 컸어. 레스토프로 쳐들어갈 힘이 없으니 누메리아로 돌아간 거지.\""
    },
    {
      "Key": "4d74eccd-e12d-4945-a669-8ef67abe6f03",
      "Value": "\"야만인 족장이 싸움 도중에 부하들을 버리고 달아났다던데 그래서 그들은 족장을 버리고 누메리아로 돌아갔어.\""
    },
    {
      "Key": "6eb7cb14-00b6-47eb-aa85-5fd94c18f42e",
      "Value": "[거짓말] \"실망스럽겠지만 나는 전투에 관해 아는 게 없어.\""
    },
    {
      "Key": "4c10371d-e774-41c6-9b64-7ea163aa35f8",
      "Value": "[공격] \"우리는 야만인들을 무찔렀지. 너는 어떻게 하나 보자!\""
    },
    {
      "Key": "27b561fa-4387-48b6-b117-be0cbb244d36",
      "Value": "\"이 장소는 무엇이지?\""
    },
    {
      "Key": "3cba23a4-3862-4f08-bdf4-685a4bf258f0",
      "Value": "\"여기서 뭐하는 거야?\""
    },
    {
      "Key": "16a74506-f6f1-4f6b-ae5d-7e9034524d10",
      "Value": "\"너희 족장이 죽는 것이 가능한가?\""
    },
    {
      "Key": "77b7bd4c-f8cd-48e4-b35d-3aec7f6d1e42",
      "Value": "\"행운을 빈다!\""
    },
    {
      "Key": "ebcb80dc-c5f6-4925-9702-8601d4209627",
      "Value": "[공격] \"아무데도 가지 못할 거야.\""
    },
    {
      "Key": "379513c9-74f3-4fdf-aeca-a2b9ce5140be",
      "Value": "\"그 자매들에게 질리지도 않아? 예전에 끝내버렸어야 했는데.\""
    },
    {
      "Key": "866b5043-6bf9-4b13-8a23-4f47bc8d4da4",
      "Value": "\"나는 무덤으로 들어갈 거야.\""
    },
    {
      "Key": "f3dcc42c-8209-4c38-b9f4-f7de439c05a3",
      "Value": "\"이제 가야 해.\""
    },
    {
      "Key": "cbca77bd-8f8a-4e82-addb-0dadd21def88",
      "Value": "[공격] \"필요한 것은 모두 알았다. 이제 너를 끝내주마.\""
    },
    {
      "Key": "e970da5d-8c9b-4c38-b81a-2b2d240d1ee7",
      "Value": "\"호랑이 부족 캠프에서 반란이 일어났다. 야만인이 족장을 버리고 누메리아로 돌아갔어.\""
    },
    {
      "Key": "6973b00b-ed59-4a0e-85f5-079e41fdf440",
      "Value": "\"네가 탐험을 얼마나 했든 세상은 넓어!\""
    },
    {
      "Key": "7f133479-7737-479b-a676-3d329a042198",
      "Value": "\"그들이 우리 머리를 노리러 온다면 최소한 너의 유머 감각 때문에 세상은 안전하겠군.\""
    },
    {
      "Key": "3b405d4d-9d61-44ec-adb4-2222bc6b5e63",
      "Value": "[아무것도 말하지 않는다]"
    },
    {
      "Key": "c1134322-ab0c-4b03-8b07-6acfd006ecd0",
      "Value": "{n}몇몇 무시무시한 야만인이 화롯불 주위에 앉아 낮은 목소리로 얘기하며 무덤 쪽을 곁눈질로 보고 있습니다. 당신을 발견하고는 한명이 습관적으로 무기를 꺼내려 했지만 진정하고는 자신의 옆자리를 손바닥으로 두드립니다.{/n} \"반갑네. 여행자여! 와서 앉게! {g|Tiger Lords}호랑이 군주{/g}와 {g|Restov}레스토프{/g}의 전투에 대해 들었나? 누가 이기고 어떻게 되어 가는지 알아?\""
    },
    {
      "Key": "6adf05cc-f626-47d9-9ca2-70519d665186",
      "Value": "\"아직도 여기에 있나? 어서 가. 여기는 좋은 장소는 아니야. 명령만 아니라면 우리도 도망쳤을 거라고.\""
    },
    {
      "Key": "135fadcf-796e-49c1-af2b-4b4b3acc29cc",
      "Value": "{n}야만인은 주먹으로 통나무를 내려칩니다.{/n} \"젠장... 그럴 줄 알았지!\""
    },
    {
      "Key": "15582ce2-5b98-47cb-bfd4-4968becdf9b9",
      "Value": "\"좋은 속임수구나! 오래 전의 일이지! 그 자가 미쳤다는 걸 모르는 사람이 없었어.\""
    },
    {
      "Key": "f67e843c-fe43-4006-9830-447af64248d9",
      "Value": "\"목소리를 낮춰! 자매가 아직 저기에 있다고. 그녀가 들으면 어쩌려고 그래?\""
    },
    {
      "Key": "7d8d028c-c38e-45df-bae0-d0442fe034d7",
      "Value": "\"모른다면 도움이 되지 않는군. 우리는 이런 곳에 와서 몇주 동안을 기다렸고 우리 부족에게 무슨 일이 일어났는지 궁금했지. 지루해서 미칠 지경이었어.\""
    },
    {
      "Key": "5dbfe8e6-b6ea-464c-a247-5814db791ccb",
      "Value": "\"그렇게 된 것이군... 그게 최선일지도 모르지. 우리는 {g|Restov}Restov{/g}를 지배하지 못했으니 그렇게 해야 우리 전사들이 죽지 않을 거야.\""
    },
    {
      "Key": "7f9074a5-1dd6-4150-87bd-d9c9dc875854",
      "Value": "{n}야만인은 절망적으로 고개를 젓습니다.{/n} \"너무 많은 피가 헛되이 흘렀어. 젠장할 아르막. 미친 족장 같으니. 그 녀석 머리에 창을...\""
    },
    {
      "Key": "c064d6c9-7b19-4f5e-b6be-28e805dd1ef1",
      "Value": "\"쉿. 조용히! 자매가 아직 저기에 있어! 그녀가 들으면 어쩌려고 그래?\""
    },
    {
      "Key": "c4c28a3f-7eb8-41db-a1fa-29e075779414",
      "Value": "\"위대한 족장 아르막의 무덤이...\""
    },
    {
      "Key": "e67e03ef-288d-4e69-8fe0-19e761da6660",
      "Value": "\"우리 족장이 우리를 여기로 이끌었지. 그는 몇몇을 데리고 무덤 안으로 들어갔고 나머지는 여기에서 기다리라고 했어. 누구도 이곳을 떠나지 않았고 몇주 동안을 기다렸지!\""
    },
    {
      "Key": "662fb5d6-0e70-4482-b59c-07e507a81579",
      "Value": "\"아마도... 하지만 그가 아니라면? 자매는 항상 그가 무덤을 빠져나왔다고 했고 그는 {g|Golarion}골라리온{/g}에서 가장 강한 전사라고! 그들이 거짓말을 한다면... 하지만 진실이라면 어떻게 하지? 그의 명령을 어기고 싶지는 않아!\""
    },
    {
      "Key": "f6332ce5-8f52-4572-88f4-2aa8e7beedd8",
      "Value": "{n}야만인은 피범범이 된 자매의 시체 주위로 원을 그리며 서있습니다.{/n} \"그래서 그렇게 된 것이었군... 마녀가 사라졌어. 이제는 돌아갈 길이 없어. 아르막은 시간 낭비하지 않고 우리의 머리를 날려버릴 거야.\""
    },
    {
      "Key": "9c333050-b797-4477-9e45-40d5760affd8",
      "Value": "\"{g|Abyss}심연{/g}으로 가라지! 우리가 그냥 늙어가며 여기서 기다려야 하는 건가? 그는 족장이 아니라 배신자야! 우리를 도살을 기다리는 양처럼 적절한 정찰도 하지 못하게 해서 {g|Restov}레스토프{/g}를 점령하지 못하게 했고 자신의 부하들을 큰 위험이 도사리는 전투가 기다리는데 버리고 갔어... 우리의 족장은 쓰레기야!\""
    },
    {
      "Key": "478eaaf6-74ec-4dc2-ae29-d4b26741b5c5",
      "Value": "\"맞아! 이제는 끝이야! 그가 살았든 죽었든 우리는 {g|Numeria}누메리아{/g}로 돌아간다! 우리는 장로들에게 모든 것을 말하고 새로운 족장을 뽑게 하겠어!\""
    },
    {
      "Key": "b8c1b19c-7b77-470e-90a6-44d799871582",
      "Value": "\"행운을 비네!\" {n}야만인은 짐을 싸고 떠납니다.{/n}"
    },
    {
      "Key": "45514615-cad4-4061-bfc4-bf23b458437e",
      "Value": "\"입구에 자매가 서있다. 그녀는 강력한 마녀고 미쳐있지. 그녀가 너를 들여보내지 않을 거야.\""
    },
    {
      "Key": "86d2ce85-a41e-4ffb-82a8-8e9ed28a4b5a",
      "Value": "\"그녀가 보내준다고 해도 아래에는 수많은 덫이 있어.\""
    },
    {
      "Key": "f9f5c681-0be5-4f5b-9393-a8c6ff4dff44",
      "Value": "\"덫을 지나왔다고 해도 너는 아르막을 상대해야 할 거야. 그가 널 죽일 거고.\""
    },
    {
      "Key": "a5e02c8d-78d3-4339-89a6-ae40a3164b16",
      "Value": "\"하지만. 시도는 해 보라고!\""
    },
    {
      "Key": "763f0969-012c-484c-a8c3-1f2a55abdd59",
      "Value": "\"무시무시하지. 그녀는 마녀라고!\""
    },
    {
      "Key": "1d69d736-d769-4632-9e42-8df1ce7a63e6",
      "Value": "\"절대 안 돼! 반란이 있을 거야! 족장은 우리의 머리를 날려버릴 거라고!\""
    },
    {
      "Key": "7ef8f3a0-6702-4c4b-b394-20442cd261e2",
      "Value": "\"보라고! 완전히 겁에 질렸군! 네가 맞아. 오래 전에 마녀와 미친 족장을 없애야 했어. 이봐 모두들! 자매를 잡아라! 아르막을 잡으러 간다!\""
    },
    {
      "Key": "3390b898-b0b7-45bb-a42e-dc63fbe1e3cc",
      "Value": "\"안전한 여행 보내라고! 우리도 여기를 빠져나가고 싶군.\""
    },
    {
      "Key": "4aa331a1-59bf-4212-8d10-aae90da60941",
      "Value": "\"정말이야? 그렇다면 우리는 왜 여기에 있었지?\""
    },
    {
      "Key": "b9922d77-1548-45a5-8d3d-f6c4bf1b2173",
      "Value": "\"조용해! {g|Numeria}누메리아{/g}는 멀고 그는 아직 가까이에 있어!\""
    },
    {
      "Key": "047b7da7-6fa3-4cce-b6a0-351b62fdd880",
      "Value": "\"먼지 가득한 지하 무덤이로군. 나는 무덤이라면 질렸어. 헤헤!\""
    },
    {
      "Key": "0810c479-42a8-4d38-9d22-89e2e09ca3a9",
      "Value": "\"하하! 좋아! 지하로 들어가 볼까!\""
    },
    {
      "Key": "e749f78e-dc5f-4df1-83da-3ca6a9120a3b",
      "Value": "\"괜찮아. 수천년 안에 누군가 무덤을 파헤치면 내 농담이 {g|Golarion}골라리온{/g}에 퍼질 거야!\""
    },
    {
      "Key": "10aa23b5-00ed-4b17-baed-8d569f984fb5",
      "Value": "{n}그의 말장난에 아무도 관심을 가지지 않자 레곤가르는 불평하며 등을 돌립니다.{/n}"
    }
  ]
}