{
  "$id": "1",
  "strings": [
    {
      "Key": "a129bde3-e8ba-4e0f-ab2f-2415fa1cdb5a",
      "Value": "\"너희 거기서 뭐하는 중이지?\""
    },
    {
      "Key": "8d5e89fa-7a5d-484f-987f-3d361472c206",
      "Value": "[공격] \"약탈에 대한 처벌은 죽음이다.\""
    },
    {
      "Key": "3af6b82a-a97b-4ff6-87b9-29745524f13a",
      "Value": "\"네가 약탈 한 모든 것을 버리고 내 도시에서 떠나라. 너를 다시 보게 되면 그땐 내가 직접 너를 처형하겠다.\""
    },
    {
      "Key": "f402f8a4-e357-43f9-b80e-e2e885880d3b",
      "Value": "\"선택해라. 내가 너를 지금 처형하거나 아니면 자진해서 경비 대장에게 복종하고 그의 모든 명령을 따라 움직이던가.\""
    },
    {
      "Key": "1aca1e5c-16b5-422c-96b6-1d1831079568",
      "Value": "\"하하하! 이런 서투른 도둑들은 본 적이 없어! 너를 풀어 주겠다. 나는 눈을 감고 셋을 셀 거야. 내가 눈을 뜰땐, 너는 이미 멀리 사라져 있어야 할꺼야. \""
    },
    {
      "Key": "d3b6dcb7-032d-4418-b312-6e7ea2f5a9a8",
      "Value": "\"네가 모은 금을 다 내 놓는다면, 너를 못본 척 해 주겠어.\""
    },
    {
      "Key": "4999a59e-e275-43d0-b957-48ed60cc67ab",
      "Value": "[공격] \"나는 다른 사람들에게 교훈으로 네 머리를 도시 문 위에 걸어둘 것이다.\""
    },
    {
      "Key": "3773ec82-2b8e-4a48-8ebd-90f65942c346",
      "Value": "[떠난다] \"소유자가 정말로 자신의 소유물을 소중히 여긴다면 알아서 보호했겠지. 나는 더 중요한 일이 있다.\""
    },
    {
      "Key": "4009d817-e7f6-413f-b2d7-361295a323fd",
      "Value": "[떠난다] \"내 알 바가 아니다.\""
    },
    {
      "Key": "e8e8d28b-c692-456b-92c1-40be22fd302d",
      "Value": "{n}치열한 전투가 벌어지는 동안 이 사람들은 싸우거나 도망가지 않습니다. 오히려 그들은 파괴된 건물 중 하나에 들어가 어떤 물건이 남아 있든지 간에 자루를 채우고 있는 것처럼 보입니다. 당신을 알아차리자 약탈자 중의 한명은 창백해지고 그의 자루를 떨어뜨립니다.{/n} \"앗! 젠장...\""
    },
    {
      "Key": "af3b624c-6926-41ef-a1ce-3174801cd926",
      "Value": "\"우린... 음... 그게.. 주인에게 잃어버린 물건을 돌려주려는 거라고 말한다면 믿지 않겠죠. 그렇죠?\""
    },
    {
      "Key": "15469203-e3cf-4c0c-b056-68e82a1adbf4",
      "Value": "{n}서로를 보며 두리번거리고 창백한 얼굴을 한 약탈자는 마침내 고개를 끄덕이고 자루를 버리고는 조심스럽게 경비 대장에게 향합니다.{/n}"
    },
    {
      "Key": "673fccee-8323-494c-9b1b-c9661476e82d",
      "Value": "\"그래... 자비를 베풀어 고맙다. 안좋은 소식을 다시는 듣지 않을 것이다. 맹세코!\""
    },
    {
      "Key": "17c11948-caf6-4373-8efd-4603d23a7997",
      "Value": "\"고맙다! 너의 땅, 권리... 그리고 여기 너의 몫이 있다!\" {n}약탈자는 골드 한 덩어리를 주고는 자루를 집어들고 서둘러 떠납니다.{/n}"
    },
    {
      "Key": "f0f5883e-d99e-4196-8bde-6294c7c6bbc3",
      "Value": "{n}약탈자는 빨리 그들의 자루를 집어들고 사라집니다.{/n}"
    },
    {
      "Key": "865c30dd-6454-45e2-b7ff-14c40fcf1837",
      "Value": "\"더러운 자식!\"{n} 카네라는 마치 노래를 부르는 것 같습니다.{/n} \"우리가 승리한 후 그들은 광장에서 처형당해야 해. 하지만 범죄자를 손보기에 바쁘기에 바로 여기서 처형하는 것을 권할게. 우리는 이 기생충들을 반드시 제거해야 되!\""
    }
  ]
}