{
  "$id": "1",
  "strings": [
    {
      "Key": "dfd0e229-102b-47ce-aa07-a0b2c4226ced",
      "Value": "\"예상대로 켈리즈는 전략과 기동에 대해 아무것도 모르고 있었어. 하지만 그들이 일련의 재능과 전술적 독창성을 소유한 것은 확실해.\""
    },
    {
      "Key": "f61977b4-f7ab-462f-83ae-15a638ae30f5",
      "Value": "\"짐승 같은 교활함. 그 이상도 아니야.\""
    },
    {
      "Key": "555bd0d7-31a0-4788-bde5-5bb7c0dbbea3",
      "Value": "\"속지마. 그들은 적들에게 허점을 일부러 드러내는 거야. 그들을 과소평가하는 것이야말로 실수인 것이지.\""
    },
    {
      "Key": "96a44034-7d37-4cea-88d6-f5e32cb1b382",
      "Value": "\"해결책을 배우고 바로 써먹는 것이 중요하지. 그들에게서 배웠군. 하하.\""
    }
  ]
}