{
  "$id": "1",
  "strings": [
    {
      "Key": "6e30b505-3a73-4f56-a7fc-8a29c4a3b9c8",
      "Value": "\"트리스티안이 보다카이의 무덤에서 한 일을 생각하면 아직도 피가 끓어! 하지만... 그의 얼굴에 맺힌 고통은 너무나 깊어보였지...\""
    },
    {
      "Key": "92b16e08-9230-4757-a369-ad681b2110de",
      "Value": "\"물론! 그런데 어떻게 말해야 할지 모르겠어. 한편으로는 그 녀석을 한대 갈겨주고 싶어... 그런데 그가 다 이유가 있어서 그런거라는 생각이 들기도 해.\""
    },
    {
      "Key": "36b66621-732d-4248-b06e-a973279d049a",
      "Value": "\"자신을 속이지 마. 한번 배반한 사람은 다시 배반할 거야.\""
    },
    {
      "Key": "7fe2b683-2c91-451d-81dc-168aecaeabd4",
      "Value": "\"우리는 최근에서야 그에 대해 얘기했잖아? 아마 우리는 그에게 더 관심을 기울여야 하지 않을까? 하하하!\""
    },
    {
      "Key": "5e94914b-fb9f-4044-a574-62e57275b570",
      "Value": "\"한가지는 분명히 해두자. 그가 겪는 내적 고통을 말하고 있었지? 하지만 형제와 같은 동료를 신나게 고문하는 녀석에게 느껴야 할 연민은 아니라고 봐.\""
    },
    {
      "Key": "b3dbf0f0-34a6-4681-804d-ac7c7b794c3e",
      "Value": "\"한가지는 분명히 해두자. 그가 겪는 내적 고통을 말하고 있었지? 하지만 형제와 같은 동료를 신나게 고문하는 녀석에게 느껴야 할 연민은 아니라고 봐.\""
    }
  ]
}