{
  "$id": "1",
  "strings": [
    {
      "Key": "e2fcc447-679b-4a07-a472-c42bda0dd1bf",
      "Value": "\"각 후보자에 대해 더 말해 보라.\""
    },
    {
      "Key": "65dc9658-6c28-4687-8011-30347eccaf10",
      "Value": "\"알겠다. 보좌관을 보내 이 문제를 해결하지.\""
    },
    {
      "Key": "96cbd032-2442-4745-a910-2400cc4539b1",
      "Value": "{n}에쿤은 당황한 듯 보입니다. 그는 눈을 바닥에서 떼지 못 합니다.{/n} \"나쁜 소식이다, {name}. 한 방 먹었다. 이중 첩자, 그랄튼의 필경사, 모든 이야기가... 알려지지 않은 제삼자의 계략에 놀아나 고의적으로 다른 국가의 전쟁에 휘말린 꼴이 되었다.\""
    },
    {
      "Key": "a17d7f9a-e701-42c0-a98a-673c44a9d600",
      "Value": "\"실수가 있었어, {name}. 누군지는 정확히 모르겠지만, 우린 농락당했어. 우리에게 찾아온 이중 첩자, 대거마크의 첩자, 필경사... 모든 게 다 우리를 이웃과 싸우게 하려는 계책이었어! 함정에 걸렸다고!\""
    },
    {
      "Key": "0937903a-5d67-4689-a457-459aa97b2721",
      "Value": "\"{name}, 듣기 좋아할만한 소식은 아니야. 누군가 고의적으로 그랄튼과 리트란의 분쟁에 우리를 집어넣었어. 제 삼의 세력이 이 용병을 보내서 놈의 실패를 꾸몄어. 놈들은 우리가 리트란의 첩자를 발견하도록 꾸몄어. 그리고 우리 행동이 적에게 노출된 상태야.\""
    },
    {
      "Key": "413b939c-3fcc-4135-837f-84441fcc5098",
      "Value": "\"안도란의 황혼의 발톱단은 은밀한 전쟁의 달인이다. 충성심이 높은 만큼 위험하지. 다만 자신들의 값어치보다 치장을 더 중요시 여긴다는 단점이 있긴 하지만...\" {n}에쿤은 찡그립니다.{/n} \"황혼의 발톱단은 안도란을 위해 일하지만 우리 수석 외교관이 놈들을 우릴 위해 일할 수 있게 설득한다면 좋겠지. 불침 보안사는 도시의 사냥꾼들이다. 사설 탐정 집단이지. 가격도 꽤나 비싸. 재무관이 돈을 깎으려면 꽤나 힘 좀 써야 할 거다. 하지만 돈 값은 하는 놈들이지.\""
    },
    {
      "Key": "7ca1f9ca-776e-4970-81f2-f2dbf5ef72d3",
      "Value": "\"황혼의 발톱단은 안도란 최고 전사들로 이루어진 부대야. 놈들을 여기로 데려오려면 수석 외교관이 힘 깨나 써야 할 거야. 그래도 놈들의 단검과 망토는 그 거만한 태도 만큼이나마 유명하지. 불침 보안사는 경비와 조사를 제공하는 사설 집단이야. 그쪽 직원들은 경험 많고 고용하려면 돈도 많이 깨지는 용병들이지. 재무관이 놈들을 설득할 지 잘 확신이 안 서네.\""
    },
    {
      "Key": "a06d8832-dcb6-402e-9540-57c71f6f409f",
      "Value": "\"황혼의 발톱단과 불침 보안사는 둘 다 비슷한 방법을 사용해. 둘 다 숙련된 첩자임과 동시에 암살자들이지. 전자는 독수리 기사단 연대에 소속된 첩자 집단이야. 놈들을 데려오려면 수석 외교관을 대동해야겠지. 후자는 우스탈라브 출신의 사설 탐정들이이야. 돈만 주면 누구든 가지지 않고 일해. 놈들을 고용하려면 평소에 쓰는 돈 보다 더 많은 돈을 써야 할 거야.\""
    },
    {
      "Key": "e186bf2f-571d-4c64-b698-a45f89fc7c1d",
      "Value": "\"놈들을 처리해야 한다. 어느 쪽을 믿어야 할 지는 모르겠어서 완전히 새로운 사람들을 데려왔다. 적에게 매수되지 않는, 가급적이면 먼 곳에 있는 사람을 말이다. 불침 보안사의 사냥개를 고용할 수도 있다... 아니면 이로리의 예지자들에 의존하거나. 하지만 안도란의 황혼의 발톱단은 내 인생을 걸고 믿을만한 자들이라 할 수 있다. 놈들은 믿어도 된다.\""
    },
    {
      "Key": "c5473347-6b99-4516-aa57-ecb307aa88dc",
      "Value": "\"우리 땅에서 침략자들을 몰아내야 해. 지금 당장 말이야! 그러려면 외부의 인물을 끌어들여야겠지. 음모와는 관계 없는 사람들로 말이야. 불침 보안사의 탐정들이나 황혼의 발톱단의 신사들과 연락해봐도 돼. 아니면 이로리의 예지자에게 물어봐도 되지... 놈들과 협상이 된다면 말이야.\""
    },
    {
      "Key": "e275894c-5af6-48b9-a93d-10298cfcd16d",
      "Value": "\"쥐새끼들을 사냥할 때가 왔어. 우리와는 관계 없는 외부인사들을 끌어들여야 해. 후보자가 몇 있긴 해. 하지만 나라면 안도란의 기사들인 황혼의 발톱단과는 연락 안 할거야. 물론 경험은 많지만, 우릴 진심으로 섬길 리가 없거든. 놈들은 자국민들만을 위해 일해. 반면 불침 보안사의 탐정들은 우릴 잘 섬길 거야. 이로리의 예지자도 도움이 되겠지.\""
    },
    {
      "Key": "9b1dd865-8626-4704-bc9e-fbd3383b2548",
      "Value": "\"이로리의 예언자들은 지식의 신을 섬기는 자들이다. 이들은 정직하지만 보기 드물지. 하지만 동쪽에서 발견되었다는 소식을 들었다. 우리 사제들에 대한 지식을 제공하면 우리가 모르는 것들에 대해 알려주고 적들의 정체를 밝힐 수 있을 거다.\""
    },
    {
      "Key": "7c5e60bf-2666-488c-a24d-a50d3201262b",
      "Value": "\"예언자들은 지식과 완벽의 신인 이로리로부터 점성술의 재능을 물려받은 사람들이야. 내가 듣기론 던스워드에 이로리 예언자들의 집회가 있다고 하더군. 그들을 설득해 우리 적들의 정체를 밝힐 수 있을 거야. 대가로 우리 사제들의 지식을 제공하면 되겠지.\""
    },
    {
      "Key": "2193649d-d459-437e-9d7c-cf765c142da9",
      "Value": "\"예언자들은 남들이 숨겨놓은 것을 볼 수 있는 신의 하수인이지. 던스워드 외곽의 어딘가에 작은 이로리 예언자들 무리가 실고있다고는 들었어. 우리가 우리쪽 사제들의 지식을 전수해준다면 분명 도와주러 올 거야.\""
    },
    {
      "Key": "da51d87b-a6be-43ff-b907-2e7f55539ea5",
      "Value": "\"여지껏 내내, 우리가 쓸모없는 전쟁에 시간낭비 하는 동안 정체를 모르는 자들에 의해 우리의 정보국이 침범당하고 있었어! 내 부하들을 더 이상 못 믿겠어. 믿은 적도 없긴 하지만. 그래서 우리 명줄이 유지되는 지도 모르지만 말이야.\""
    },
    {
      "Key": "8c528440-f42c-45c1-92f4-5c798b85eff8",
      "Value": "\"우리가 타인의 전쟁에서 싸우는 동안, 진짜 적은 우리들에게 첩자를 보내고 있었어! 조사 해 본 결과 우리 정보 기관 전체가 제대로 돌아가지 않는다는 증거를 찾았거든!\""
    },
    {
      "Key": "a2d601a3-ab07-4cff-8133-09752c5578e9",
      "Value": "\"우리가 싸우는 동안, 놈들은 우리에게 첩자를 보냈다. 이웃들에게 한눈 팔고 있어서 우리 고향을 무시하고 있었다. 이제 우리 땅에 쥐새끼들이 가득하다.\""
    }
  ]
}