{
  "$id": "1",
  "strings": [
    {
      "Key": "ccb2d412-05fa-4566-aa49-302d2a93a26b",
      "Value": "\"카네라를 불러. 단 것 중독자들에게서 영혼 포식자를 유인해내서 죽여 버리자. 그러면 아무도 다치지 않을 거야!\""
    },
    {
      "Key": "95f6ce77-ca38-43d2-bc20-f5aabecb685b",
      "Value": "\"누구든 어느 한 쪽의 목숨을 더 중요시할 수는 없어. 어떻게 되든지, 싸움으로 결말을 내자!\""
    },
    {
      "Key": "b0c5f167-0424-4e28-a10d-bb6c7d19a8d3",
      "Value": "\"선조가 좋은 계획을 가지고 있는데 왜 방해를 하지? 영혼 포식자가 아이들를 잡게 두자. 적어도 카네라는 살아남을 수 있을테니까.\""
    },
    {
      "Key": "b78dba58-7f24-4ba6-b035-821b6861a391",
      "Value": "\"너!\" {n}칼리케는 팔짱을 낀 채 데블을 노려봅니다.{/n}"
    },
    {
      "Key": "8281a22b-48bc-4b62-9cb6-ea86f849913f",
      "Value": "\"무례하구나.\" {n}선조는 특별히 감정을 드러내지 않습니다.{/n} \"선이나 악 같은 헛된 껍데기에 아무 의미도 없다는 것을 알 정도로는 나이를 먹었다고 생각했건만. 악한 데블이 너희를 돕지 않았더냐? 선한 여신의 추종자들이 너희를 경멸하지 않았더냐?\""
    },
    {
      "Key": "3c28cb2c-42c6-49e3-a11d-aec357253c9e",
      "Value": "\"어쨌든 이제 대화는 그만하자. 나는 영혼 포식자를 영원히, 뒤탈 없이 처리할 기회를 주겠다고 약속했다. 이제 그 때가 온 것이다.\" {n}데블이 팔을 휘둘러 앞쪽을 가리키며 말합니다.{/n}"
    },
    {
      "Key": "3cc91d1c-6246-4fbf-b056-97f225f1e996",
      "Value": "\"안 돼! 얘들아! 안 돼!\""
    },
    {
      "Key": "18041486-8cf6-4b98-a53d-eb16beaf3eca",
      "Value": "\"딸아, 왜 그렇게 화가 난 거냐? 나는 환영을 다루는 나의 기술로 저 멍청한 영혼 포식자를 속였다. 그것은 저 셋 모두를 죽이고는 드디어 자신이 카네라를 잡아 죽였다고 생각할 것이다. 그리고 그것이 떠나면 그걸로 너희 문제는 해결된 거야.\""
    },
    {
      "Key": "2f88d614-9ca4-4528-9354-3602deb3e724",
      "Value": "{n}칼리케는 절망에 빠진 눈으로 당신을 봅니다.{/n} \"제발. {name}. 우리는 그들을 구해야 해! 카네라를 소환하면... 저 괴물이 카네라를 쫓아올테고, 그 때 우리가 저놈을 죽일 수 있을지도 몰라... 하지만 그럼... 언니는... 아, 네서스시여, 나는 어떻게 해야 할지!\""
    },
    {
      "Key": "32ef40ed-3cd7-41cf-8561-8997f4fc7776",
      "Value": "\"물론 네 뜻대로 하면 된다. 언제나 그 알량한 지혜에 따라 행동해오지 않았더냐?.\""
    },
    {
      "Key": "faf4140e-bcad-4ce8-9d2a-d6cc06ddaff4",
      "Value": "\"좋아!\" {n}칼리케는 즉시 눈을 감고 해와 달을 삼킨 원반으로부터 얻은 능력을 사용합니다.{/n}"
    },
    {
      "Key": "4f589f63-ce4b-41ea-a6cf-01db7125e4cd",
      "Value": "\"좋아. 그럼... 서두르자!\""
    },
    {
      "Key": "3027ae2a-fb4a-4717-ae43-90e4acf1fe16",
      "Value": "\"안 돼!\" {n}칼리케는 뛰쳐나갈 준비를 했지만, 오직 한걸음만을 내딛은 채 멈춰섭니다.{/n}"
    },
    {
      "Key": "830e0f69-6e1c-444d-b9cd-bf28f502e11b",
      "Value": "{n}선조가 그녀를 멈춰세웠습니다.{/n} \"네 후원자가 방해하지 말라고 명령하지 않았느냐. 복종하는 법을 먼저 배워야겠구나, 어리석은 것아!\""
    },
    {
      "Key": "b6bf38bb-d679-4015-9302-0c78635c922f",
      "Value": "\"나 좀 자도록 내버려두면 안될까... 이게 무슨 일이야? 잠깐... 뭐라고?!\""
    }
  ]
}