{
  "$id": "1",
  "strings": [
    {
      "Key": "e9d3335f-2004-4104-9129-9a92f01dbae8",
      "Value": "\"내 이름은 아미리야. 너를 죽이러 왔다. 아르막!\""
    },
    {
      "Key": "4aaa450b-ff85-4704-bd9e-1b67403b70b3",
      "Value": "\"너희 마녀가 닐락을 죽였어! 네가 대가를 치를 거다! 피로 말이다!\""
    },
    {
      "Key": "68fbddb2-6708-458d-961a-c3a9d0b9c0c7",
      "Value": "\"너희 마녀가 닐락을 재판도 없이 소처럼 죽이고 싶어 했다! 내가 너가 그에 대한 대답을 하게 해주지!\""
    },
    {
      "Key": "b2ff3c5c-5f1e-4ca7-a566-c7d9c6822a38",
      "Value": "\"너는 더 이상 족장이 아니야!\""
    },
    {
      "Key": "d74e8367-8d83-42e3-801b-a8563009a29d",
      "Value": "{n}천천히 거대한 야만인은 천막으로 접근합니다. 그의 충혈된 눈은 캠프를 둘러봅니다. 그는 으르렁거립니다.{/n} \"피 냄새가 나... 그래. 피다! 누가 아르막의 허락 없이 여기서 피를 흘렸지?\""
    },
    {
      "Key": "65fab1ff-db3b-4033-bbcc-caa30fb0cd1a",
      "Value": "{n}아르막의 눈빛은 아미리의 뒤를 향합니다.{/n} \"아르막과 대결하고 싶은 계집이라고? 용감하군! 여섯곰 부족은 용감한 전사를 가졌어!\""
    },
    {
      "Key": "e7943c53-501e-4b33-bfb2-eb198db0bad3",
      "Value": "{n}아르막의 눈빛은 아미리를 너머 널부러져있는 시체들에 고정됩니다.{/n} \"아르막은 음유시인을 죽이라고 명령하지 않았다... 부끄러운 일이다. 얼굴잃은 자매의 행동은 비열했고 대가를 치르게 할 것이다!\" {n}아르막의 목소리는 분노가 가득했고 수염에는 침이 흘렀습니다.{/n} \"하지만 그 계집이 피의 대가를 원한다고? 그렇다면 그렇게 될 것이다!\""
    },
    {
      "Key": "13f8ddc0-5fd9-405d-8556-1baf7ffb1317",
      "Value": "\"좋다. 아르막과 계집은 {g|Gorum}고룸{/g}이 보는 앞에서 싸울 것이다! 모두 모여라! 우리 주위로 원을 만들어라! 피는 피로 갚는다!\""
    },
    {
      "Key": "1efa260a-37fc-424b-a555-d20efe7217cd",
      "Value": "{n}아르막의 시선이 어딘가에 머물지 않고 캠프를 이리저리 옮겼고 그는 아미리와 닐락 그리고 바닥에 누운 얼굴잃은 자매의 시신을 봅니다.{/n} \"여섯곰 부족은 아르막에게 보호해달라고 빌었지! 그리고 이것이 {g|Tiger Lords}호랑이 군주{/g} 부족의 호의에 보답하는 방식인가? 얼굴잃은 자매를 죽인 계집의 피를 취하겠다!\""
    },
    {
      "Key": "01c1bb95-f3ac-49d3-9632-edf03e14878e",
      "Value": "{n}천천히 수염이 덥수룩한 거대한 야만인은 천막에 접근합니다. 그의 얼굴은 피로 범벅되었고 가슴과 손 그리고 장화에도 피가 묻었습니다. 그의 충혈된 눈은 캠프를 둘러봅니다. 그는 으르렁거립니다.{/n} \"반란인가? 벌레 녀석들... 쓰레기 새끼들! 감히 누구에게!\""
    },
    {
      "Key": "9fbbb82e-1d45-4349-986c-9769026368ac",
      "Value": "{n}야만인의 근육질 몸은 웃음으로 들썩입니다.{/n} \"아르막이 족장이 아니라고? 그럼 누구지?\" {n}그는 캠프 주위를 둘러보다 하늘에서 적이 쏟아지는 것을 기대하는 듯 하늘을 몹니다. 아미리를 무시한 그는 말합니다.{/n} \"{g|Tiger Lords}호랑이 군주{/g}는 누가 족장이 될지 알고 있다!\""
    },
    {
      "Key": "0a6d9974-d776-43f9-9913-aa135c5dec25",
      "Value": "\"원을 만들어라! 일기토다! {g|Gorum}고룸{/g}의 눈 앞에서!\" {n}아르막의 목소리는 커지고 점점 광기로 변합니다. 그의 눈은 충혈되었고 입에서는 침을 흘립니다.{/n} \"아르막이 도전을 받아들인다! 원을 만들어라!\""
    }
  ]
}