{
  "$id": "1",
  "strings": [
    {
      "Key": "7eec61bf-c53f-493c-8515-d28efd172663",
      "Value": "\"오늘 파라즈마가 차 한잔 하기를 바라나 보군... 기대에 부응해야지.\""
    },
    {
      "Key": "eabf2559-67bf-4b55-a500-250f9b89ba69",
      "Value": "\"죽을 뻔한 날들이 기억나. 바리시아에서였지. 새로운 장난이 바닥나서 그녀는 계속해서 같은 것만 반복했지.\""
    },
    {
      "Key": "bae4131e-23ed-4634-adb9-d5d60565f43a",
      "Value": "\"하하하! 죽음에 관한 얘기는 농담으로 흘려버리라고!\""
    },
    {
      "Key": "ec6e1d8b-9ddc-494d-9cc6-c8d54697def9",
      "Value": "\"그런 농담을 주빌로스트가 3일 밤낮으로 얘기하기를 준비한 거 같아. 한 3일은 계속 얘기할걸.\""
    },
    {
      "Key": "8bd0ff6a-c194-4de5-9ecd-a0ba7b58518b",
      "Value": "\"오늘 네 농담이 재밌는데. 유행어가 되겠어!\""
    },
    {
      "Key": "111f4fec-f089-412b-9cd2-e9b1685901ac",
      "Value": "\"용감한 얼굴을 하고서? 겁쟁이에게도 같은 운명이 기다리고 있어... 그 녀석들은 자기의 끝을 보기 쉽지 않을 거야.\""
    }
  ]
}