{
  "$id": "1",
  "strings": [
    {
      "Key": "2f175109-b4d8-4e84-818f-1d229d5c31e9",
      "Value": "\"그 애가 어디에 있을지 알고 계십니까?\""
    },
    {
      "Key": "c2f42078-3a93-4579-a4a8-5da8b6b4a500",
      "Value": "\"마녀가 당신의 아들을 납치한 것이 아닙니다. 그녀는 내 손에 죽었습니다.\""
    },
    {
      "Key": "aa505e01-cae3-4568-a1ac-ffc68890d640",
      "Value": "\"마녀를 찾아가 보았습니다. 당신의 아들은 거기 없었습니다.\""
    },
    {
      "Key": "513612f6-d46f-442b-b78a-2f00adfa76b1",
      "Value": "\"그를 찾아보겠습니다.\""
    },
    {
      "Key": "181d04f7-b6ab-4947-b502-f3d0439cab1b",
      "Value": "\"이 일을 할 시간이 없습니다.\""
    },
    {
      "Key": "5b60e935-8457-4762-8737-0d97d8d1b830",
      "Value": "\"당신의 아들을 구할 수 없었습니다. 미안합니다.\""
    },
    {
      "Key": "23a5b856-ef3c-495b-8adf-679f2a4f02b7",
      "Value": "\"당신의 아들을 찾았습니다. 그는 살아있습니다만, 도마뱀 인간들이 그를 포로로 잡아두고 있습니다.\""
    },
    {
      "Key": "56b75652-8d0d-4757-8414-a931cc4d7cbf",
      "Value": "\"이만 가봐야겠어.\""
    },
    {
      "Key": "90b2d420-b8eb-470f-9e27-2db00ad6226e",
      "Value": "\"이곳에서 자주 사람들이 실종됩니까?\""
    },
    {
      "Key": "e47a8664-844b-41f1-9f19-54c5c4f07575",
      "Value": "\"진정하세요, 제나. 나에게 무엇을 숨겼는지 말해주시죠.\""
    },
    {
      "Key": "bf131388-0b69-4cd0-94a2-bd48ea6ac4e0",
      "Value": "{n}한 농민 여성이 그녀의 얼굴을 눈물로 채운채 당신에게 달려왔습니다.{/n} \"오, 전하...슬퍼서 견딜 수 없습니다! 정말 혹독한 일이 벌어졌습니다. 당신이 제 마지막 희망입니다! 모든 신께 기도드렸습니다, 저를 곤경에 빠뜨리지 마시라고!\""
    },
    {
      "Key": "8d88ac14-af20-4ae0-b79d-80b7f76671c1",
      "Value": "{n}제나 눈물로 붉게 충혈된 눈으로 당신을 바라봅니다.{/n} \"제 소중한 아이를 찾으셨나요?\""
    },
    {
      "Key": "e7d43e41-bb9b-472b-bea8-2bdb7e0bf22b",
      "Value": "{n}제나는 조심스럽게 주변을 둘러보고는 속삭였습니다,{/n} \"{g|Narlmarches}날마치(Narlmarches){/g}에 늙은 마귀할멈이 있습니다...늪지의 마녀지요! 이름조차 크게 말할 수 없어요. 묻지도 마세요! 조금이라도 떠올리기만 해도 몸서리가 쳐진다니까요! 그 마녀는 악마같은 눈을 가지고 있고, 사람들을 잡아먹어요! 검은 큰까마귀로도 변신해서 하늘높이도 올라갈 수 있답니다. 그 마귀가 내 아이를 데려간 것이 명백해요!\""
    },
    {
      "Key": "8eff00b0-ba94-40cd-b81d-d6e544c5bb01",
      "Value": "\"오 이런!\"{n}제나는 기쁨에 손을 번쩍 들어올렸습니다.{/n} \"잘 쫓아내셨습니다! 감사합니다, 전하. 그녀는 우리 모두에게 위협이었어요! 그런데 그녀가 한게 아니였다면...\""
    },
    {
      "Key": "8f2d81c7-41f4-45b9-bc50-672e8093ec5f",
      "Value": "\"어떻게 그럴 수가? 그러면....그렇지만...그렇지만 그녀가 한 게 아니라면...그렇다면...\""
    },
    {
      "Key": "491ecf22-d7fb-4086-aa58-a440c7da32df",
      "Value": "\"그렇다면 그것은..그...\" {n}농민 여성의 얼굴이 창백해지더니, 그녀는 양손으로 입을 틀어막았습니다.{/n}"
    },
    {
      "Key": "73397704-60d2-42b8-ac6d-c5eadb1513de",
      "Value": "\"저는 제나 태너슨이고, 근처의 마을에 살고 있습니다. 제 아들 티그가 벌써 이틀 전, 집에서 달려나간 뒤부터 아직까지 돌아오지 않았습니다! 저희는 찾고 또 찾았지만, 아무 소용이 없었습니다! {mf|영주님|영주님|전하|전하}께서 그 애를 찾아주시지 못한다면, 그 누구도 못찾을 겁니다!\""
    },
    {
      "Key": "02108888-cc2a-4228-891d-f8dd09cdf054",
      "Value": "\"제 아들...\"{n}제나는 흐느낍니다.{/n} \"그 애는...그애는 아주 장난꾸러기였지요! 그 날... 그 애가 특별히 시끄럽게 굴고 온 집안을 뛰어다니던 그 날... 그 애가 반죽 그릇을 엎어버렸지요.... 그리고, 저는... 오 신이시여, 제가 무슨 짓을 한 건가요!\""
    },
    {
      "Key": "fce68aca-d12a-45d8-ba57-2cdfcdc558ab",
      "Value": "{n}긴 시간동안, 제나는 멀뚱히 서서 그저 앞을 바라보고 있었습니다. 그리고는, 한 마디 말 없이, 그녀는 느리게 걸어나갔습니다.{/n}"
    },
    {
      "Key": "0f87db00-74e5-4ae4-adf3-08bbdc94e159",
      "Value": "\"저는 성질을 참지 못하고 소리쳤어요. {g|Candlemere}캔들미어{/g} 호숫가에 빠져 죽어버렸으면 좋겠다고요! 자식이 죽기를 바라는 엄마라니! 하지만 제가 어떻게 이게 현실이 되리란 걸 알 수 있었겠어요?\""
    },
    {
      "Key": "fb70a104-e0ef-412e-a5a6-1eff83c1784f",
      "Value": "\"그 애를 찾으신다면, 제발 부탁이니 제가 그 아이를 제 목숨보다 더 사랑한다고 꼭 말해주세요! 온전하게만 집으로 돌려보내주신다면, 다시는 절대 그 아이에게 못된 말을 하지 않을텐데요!\""
    },
    {
      "Key": "92731ab9-2615-4493-b5c4-40ac1a9d3d40",
      "Value": "{n}농부 여성은 당신을 보자마자 무릎 꿇고 당신 손에 입을 맞추려고 합니다.{/n} \"아! 영주님! 저희의 구원자! 영주님께서 구해주셨어요, 우리 아이를요! 오로지 영주님 덕분이에요! 죽는 날까지 매일 영주님의 건강을 위해 모든 신들에게 기도하겠습니다!\""
    },
    {
      "Key": "f52ad1a1-8de3-4425-8c42-d065718fb7e8",
      "Value": "{n}제나가 울다 못해 붉게 충혈된 눈으로 당신을 바라봅니다.{/n} \"마음을 바꾸셨나요? 제 아이를 찾아주실건가요?\""
    },
    {
      "Key": "fa734138-78ed-4cb7-a358-c4187514fb2a",
      "Value": "\"당연히, 물론 당신께선 바쁘시지요... 그러나 시간을 내 주신다면... 저에게 이 주점에 방을 잡고 남은 돈이 있습니다... 제발, 부탁드립니다, 저희를 외면하지 말아주세요!\""
    },
    {
      "Key": "a954262d-00a4-466b-95dc-fb5407baf3dd",
      "Value": "\"아아 세상에! 도마뱀인간이라니! 그들은...그들은 사람을 잡아먹잖아요! 오, {g|Erastil}에라스틸{/g}의 이름으로 간청드립니다, 제발 그 애를 구해주세요. 그 전에... 도마뱀들이... 그러기 전에...\"{n}농민 여성이 감정을 주체하지 못하고 울부짖습니다.{/n}"
    },
    {
      "Key": "1335a39e-8d2f-4f5b-93b6-2936f0a9905d",
      "Value": "\" {g|Erastil}에라스틸{/g}께서 당신을 굽어살피시기를...\"{n}여성이 흐느낍니다.{/n}"
    },
    {
      "Key": "fc81d80c-dce2-4b16-af2d-9c635a619a37",
      "Value": "\"그렇겠죠! 위험 요소가 너무 많아서 이름을 나열하기도 어려울 지경이라구요. 숲 속을 돌아다니는 야생동물은 물론이고, 몬스터와 트로블린, 도적떼까지... 그것 말고도 조심해야 할 게 엄청 많아요. 다 큰 어른도 살아남기 힘들 텐데, 하물며 어린애는... 아아!\""
    },
    {
      "Key": "a1cbef96-ee0a-4bae-9843-b46bed1849b7",
      "Value": "\"오, 전하... 감사합니다, 너무 감사합니다! {g|Erastil}에라스틸{/g}께 당신의 장수를 기도할게요! 혹시 무슨 소식이라도 있으면, 제가 바로 근처, 이 주점에 있을테니까요... 모든 선한 신들께서 당신을 도우시길!\"{n}흐느끼던 여인은 떠나갔습니다.{/n}"
    }
  ]
}