{
  "$id": "1",
  "strings": [
    {
      "Key": "a45001f2-c12a-44a6-9f1f-5baa0744b573",
      "Value": "\"네 작품이야?\""
    },
    {
      "Key": "524bd29b-64bd-4910-880d-b40522bce99f",
      "Value": "\"그래서 네가 가장 좋아하는 속옷이 뭔지 보여주기로 한거야?\""
    },
    {
      "Key": "b665aba2-ecbf-40c2-a87a-680727794d6a",
      "Value": "\"내 앞에서 이 쓰레기들 좀 치워!\""
    },
    {
      "Key": "1e4bfbd2-8395-4880-b90d-843557397b67",
      "Value": "\"여기서 뭐하는거야?\""
    },
    {
      "Key": "de2eae11-b069-4631-9c0f-687ec7c05392",
      "Value": "\"좋아, 복장을 빌미삼아 저 녀석을 제거하자.\""
    },
    {
      "Key": "7a48c988-3cff-446c-a550-d4a0a2046cd0",
      "Value": "\"잘됐네. 네 모자를 돌려받을 수 있겠어.\""
    },
    {
      "Key": "20949f7c-ea06-48bd-8083-3cc06f06b60a",
      "Value": "\"도전이라니, 무슨 뜻이야?\""
    },
    {
      "Key": "67a6f89f-9c0e-4429-bcce-12c270306d1b",
      "Value": "\"왕이 돌아왔다고? 그가 왜 스스로 웃음거리가 되려 하는건데?\""
    },
    {
      "Key": "3839aed4-d1e2-4d43-8aee-46d060338fec",
      "Value": "\"그러면 우리가 그를 막아야겠어.\""
    },
    {
      "Key": "0248ea5e-f264-4cad-bde8-0c6090904994",
      "Value": "\"그러면 네가 그를 막아야겠어.\""
    },
    {
      "Key": "b3222d0e-e925-4a82-a5e4-f9f866b9d931",
      "Value": "\"네가 나를 데려가준다면, 나도 너와 함께 할게 – 하지만 싸움은 네 몫이야.\""
    },
    {
      "Key": "1dacb551-caa1-4c01-b183-0570e04b7773",
      "Value": "\"나는 고블린들 정치에 쓸 시간이 없어. 너와 관련된 일이니, 네가 처리해.\""
    },
    {
      "Key": "cd75c92b-a669-4dd2-a2c6-61505c467316",
      "Value": "\"너는 큰 영웅이 되고싶어했지, 그건 바로 지금이야. 가, 스스로를 증명할 기회야!\""
    },
    {
      "Key": "fb729ea8-b255-48bd-98aa-5ab36127562d",
      "Value": "\"좋아, 내가 널 도울게, 하지만 재빨리 끝내야해.\""
    },
    {
      "Key": "34636990-3fdf-4d37-a36e-b06de301c3d5",
      "Value": "\"이건... 딱히 불길하진 않은데.\""
    },
    {
      "Key": "c729e641-624b-43f9-b873-1f43c925cd55",
      "Value": "\"주술인가? 나이리사의 작품일 수도 있겠어.\""
    },
    {
      "Key": "85066978-ba7e-4ea6-a84c-ed55a65bac2c",
      "Value": "\"네 부족이 악마와 거래하기라도 했어?\""
    },
    {
      "Key": "5114f2cc-4bc6-4a51-b7ec-88cbba5a5354",
      "Value": "{n}녹 녹은 혼란에 빠진것 같습니다. 당신은 그의 손에 들린 누더기 가죽처럼 보이는 무언가를 알아차립니다. 거기서 희미하게... 유황 냄새가 납니다.{/n}"
    },
    {
      "Key": "08fccdcd-23b5-434f-aa97-23cd4f50eacc",
      "Value": "{n}녹 녹은 그의 손에 들린 모자를 봤을 때부터 쭉 얼어붙어 있었습니다 – 그는 놀라움, 그리고 불안정한 상태로 보입니다.{/n} \"한 때 내꺼였고, 마을에서 썼었다. {d|GoblinKing}왕{/d}이 내 머리에서 벗겨갔고, 날 때려눕히고 나서, 내 앞에서 흔들어대더니... 걸레로 사용했다. 그리고 또 때렸다. 기억 안난다, 오래된 일이다.\""
    },
    {
      "Key": "241bf3b6-9323-4dec-83ae-8e337ed3f5ff",
      "Value": "{n}가벼운 웃음소리가 방 전체에 퍼집니다. 하지만, 놀란 고블린은 당신의 장난에도 반응하지 않습니다.{/n}"
    },
    {
      "Key": "42aaa6ba-e382-45bd-b85e-0349e2c672c1",
      "Value": "{n}녹 녹은 불안해보입니다.{/n} \"족장에 대한 도전이다. 왕이... 내 앞에 돌아왔다. 하지만... 모자는 이상하다. 냄새도 이상하다. 왜 지금이지?\"{n} 그는 주변을 훑어봤습니다.{/n} \"어디서 가져온 거야? 여기 있는 고블린들이 떨어뜨렸나?\""
    },
    {
      "Key": "49401065-1ac6-4b9a-bc55-71b655523955",
      "Value": "{n}녹 녹은 깊게 숨을 쉽니다.{/n} \"도둑질 땅의 고블린 부족이 서로 싸울 때는, 크고 훌륭한 모자를 위해서다. 왕관같은 모자, 네 것 처럼 잘생기고 반짝이는 것을 위해 싸운다 – 이건, 다른 부족의 도전이다.\""
    },
    {
      "Key": "9153a393-7d44-46ce-b652-5bae4961592a",
      "Value": "{n}그는 침을 삼킵니다.{/n} \"놈이 우리의 동맹을 들은 것 같다. 나와 싸워서 자기 왕관을 되찾을 수 있다고 생각한다. \" {n}녹녹은 당황한 걸로 보입니다 – 물론, 평소보다 훨씬 더요 – 또한 그의 한쪽 귀가 떨리기 시작합니다.{/n} \"하지만 어떻게 힘을 되찾았지?\" {n}그는 마침내 으쓱했습니다.{/n} \"만약 지금 왕국 안이었다면, 많은 문제가 생겼을거다.\""
    },
    {
      "Key": "b83f04a5-eacd-4ab1-92e7-ecc244aac38a",
      "Value": "{n}녹 녹은 불안해져서 머리를 흔듭니다.{/n} \"혼자 해낼 수 있을지 모르겠다. 그가 돌아왔다면, 나와 싸울 준비도 됐을거다.\""
    },
    {
      "Key": "4f2c39c8-a15f-4ff1-9d3e-f999b9ccb7b6",
      "Value": "{n}녹 녹은 고개를 끄덕였고, 이내 몸을 웅크렸습니다.그리고 떨리는 손으로 모자를 눌러썼습니다... 거꾸로요, 당신은 빨간색으로 휘갈긴 지도를 볼 수 있습니다.{/n} \"그는 방법을 알려줬다. 우리는 {g|Lamashtu}라마슈투{/g}의 동상으로 가서 그를 만나야 한다. 우리는 함께 가야한다, 너와 내가 함께. 도전의 규칙이다.\""
    },
    {
      "Key": "cec6d56b-8f53-4a98-9728-282c4952450d",
      "Value": "{n}당신이 지도를 쳐다보자, 가죽 모자에 갑자기 불이 붙었고, 밝게 빛나더니... 잿더미가 되어 바닥으로 바스라지고, 둘 모두 깜짝 놀랍니다. {/n}"
    },
    {
      "Key": "47a48465-94be-469d-a191-6ed14671fbbf",
      "Value": "{n}나가면서 녹 녹의 표정이 어두워집니다. 당신은 그가 정말로 이 도전을 받아들일지 살짝 궁금해집니다.{/n}"
    },
    {
      "Key": "eafb698c-2d11-43e3-9840-2bb168b0ffda",
      "Value": "{n}녹 녹은 고개를 끄덕였고, 이내 몸을 웅크립니다.그리고 떨리는 손으로 모자를 눌러씁니다... 거꾸로요, 당신은 빨간색으로 휘갈긴 지도를 볼 수 있습니다.{/n} \"그는 방법을 보여줬다. 우리는 {g|Lamashtu}라마슈투{/g}의 동상 터로 가서 그를 만나야 한다. 우리는 함께 가야 한다, 너와 내가 함께. 도전의 규칙이다.\""
    },
    {
      "Key": "a66f24f3-dd92-4ef7-8503-0020458f0e43",
      "Value": "{n}녹 녹은 조용히 – 아무 말도 하지 않고 잿더미를 쳐다봅니다. 당신은 그가 이토록 걱정하는걸 본 적이 없습니다. 당신은 그에게 시간을 주기로 결정했지만, 도전에 대한 것을 잊지 않았습니다.\"{/n}"
    }
  ]
}