{
  "$id": "1",
  "strings": [
    {
      "Key": "631dd9a2-f328-456e-b4f3-bc86c8793c15",
      "Value": "\"네가 족장인가?\""
    },
    {
      "Key": "47a5e047-5ac8-43e6-8f2d-52dee35eb6cf",
      "Value": "\"너희 족장은 누구지?\""
    },
    {
      "Key": "5b4093c7-ad9f-4e71-bb2c-27630d8e30d3",
      "Value": "\"누메리안 야만인 중에서 하프오크가 있으리라고는 생각 못했어.\""
    },
    {
      "Key": "aa0c2efc-a18d-452c-8e53-90c51778e013",
      "Value": "\"여기서 뭐하는 거야?\""
    },
    {
      "Key": "de943611-1707-4705-b742-032f671959a4",
      "Value": "\"반홀드의 상황에 대해서 알아?\""
    },
    {
      "Key": "5227d543-e1fb-466d-82b1-a47c0621c277",
      "Value": "\"흥미로운 것을 찾았어?\""
    },
    {
      "Key": "93539210-6fe0-45a9-bb5c-2edb26c33c66",
      "Value": "\"두가스와 그 자매들을 찾으려면 어디서 찾아야 하지?\""
    },
    {
      "Key": "3e310a1d-c3b6-43a7-bbf3-9fbef76298fe",
      "Value": "\"누메리아에 대해서 말해줘.\""
    },
    {
      "Key": "2fde397a-97e9-407e-a1dd-d668f13b4459",
      "Value": "[자고 갑니다] \"초대해줘 고마워. 잊지 않을게.\""
    },
    {
      "Key": "5c791f18-fe03-44f8-b21e-b6c71033bb73",
      "Value": "[공격한다] \"네 생김새가 마음에 들지 않아. 도적이나 첩자인 줄 알았어!\""
    },
    {
      "Key": "3f89f7d0-baf8-4fc4-9420-2c21968d3de0",
      "Value": "\"이제 가야 해.\""
    },
    {
      "Key": "d51332f5-607a-461c-bfbf-a9f18326a9b8",
      "Value": "\"이 동굴에 살던 스프리건들은 내 보호 아래 있다. 그들에게 집을 돌려주고 떠나줘.\""
    },
    {
      "Key": "818abae0-1043-4ace-b5ec-e3c056f9a5db",
      "Value": "\"하하! 알겠어! 농담이었어!\""
    },
    {
      "Key": "ff7ffcc5-9749-4ad1-83fb-ad84555e18ea",
      "Value": "\"놀 시간은 없어. 정중히 부탁할 때 떠나는 게 좋을 거야.\""
    },
    {
      "Key": "3862df15-9a38-4ad8-9e71-e9e277a0a118",
      "Value": "\"나는 멀쩡해. 네가 스프리건들을 쫓아냈을 때 너는 내가 풀어야 할 심각한 문제를 주었어.\""
    },
    {
      "Key": "73c6859a-fc6a-487f-84ec-73238c35e650",
      "Value": "\"스프리건들은 곧 돌아올 거야. 그 때는 혼자가 아닐 테지. 그들은 트롤, 사이클롭스, 거인을 데려올 거야. 네가 그들과 협상할 수 있지만 오직 이 동굴이 비어야만 가능해.\""
    },
    {
      "Key": "8e90d214-100b-4657-8ff6-1d4c080566d5",
      "Value": "\"좋아. 만약 스프리건들이 너를 공격한다면 나에게서 도움은 기대하지 마.\""
    },
    {
      "Key": "54bc2aa9-0e5e-4227-9c26-05f88e2f71f4",
      "Value": "[공격한다] \"그렇다면 너를 쫓아낼 수밖에.\""
    },
    {
      "Key": "299e9beb-98a9-4db7-85b0-bc2088a14ed8",
      "Value": "\"이 자매들은 누구지?\""
    },
    {
      "Key": "ab45160c-45e5-4263-bca4-299ccfab922b",
      "Value": "{n}하프오크 여성이 모닥불 주위에 앉습니다. 그녀는 야만인의 것과 같은 털이 달린 가죽옷을 입고있었습니다. 그녀는 구겨진 종이에 휘갈겨진 지도를 펼쳐서 보고는 얼굴을 찡그렸습니다. 그녀는 얼굴을 들어 당신을 봅니다.{/n} \"하. 손님이구나. 너는 누구지? 네가 친구라면 내 옆에 앉아 대화를 나눌 수도 있겠지. 나는 {g|Tiger Lords}호랑이 군주{/g} 부족의 볼가다. 이 무리를 이끌고 있지.\""
    },
    {
      "Key": "52d0f59c-73c1-4be3-8a5c-84c8900b6b51",
      "Value": "\"나? 아니야. 아니지. 그저 잠시 지도자가 된 거야. 우리 족장은 아르막이야!\" {n}볼가는 그 이름을 경외심이 가득한 목소리로 자랑스럽게 말합니다.{/n} \"그는 {g|Numeria}누메리아{/g}로 다시 돌아왔어.\""
    },
    {
      "Key": "d1c0a020-6b18-4911-90db-349a8684222d",
      "Value": "\"오래 전, 그는 {g|Numeria}누메리아{/g} 족장들 중 가장 위대한 자였고, {g|Numeria}고룸{/g}이 선택한 자였지! 아르막은 너무나 강해서 어떤 필멸자도 그를 쓰러뜨릴 수 없었어. 여신인 {g|Pharasma}파라즈마{/g}가 직접 그에게 결투를 신청해서 비로소 그가 패배했었다. 그리고 그것은 오직 그녀의 신성한 힘 덕분이었지. 하지만 지금, 아르막은 그녀에게 수치심을 느끼고 사후 세계에서 돌아왔어! 위대한 족장, '트와이스 본' 아르막은 {g|Tiger Lords}호랑이 군주{/g}를 다시 한번 이끌 거야. 곧 우리의 위업에 대한 소문이 {g|Avistan}아비스탄{/g} 전체에 퍼질 거야!\""
    },
    {
      "Key": "7a6d339f-776a-4884-8a84-3671aaae4224",
      "Value": "{n}야만인은 으쓱합니다.{/n} \"오크가 주위의 땅을 차지했다. 이웃한 나라 사이에서 많은 일이 일어났지.\""
    },
    {
      "Key": "b695cdba-510a-4c4c-9731-c281f448ee9f",
      "Value": "\"네가 잘 이해했을 거라 믿어.\""
    },
    {
      "Key": "022ca2d1-5d0c-4e3c-a4f9-077cf48fe098",
      "Value": "\"우리는 폐허나 동굴 같은 것을 찾고 있어... 이유는 두가스만 알고 있어. 그는 성직자이고 우리 탐험대의 우두머리니. 정확히는 그와 자매가 우두머리지.\""
    },
    {
      "Key": "e1214259-5845-4829-8f5a-1d7f77214c05",
      "Value": "\"{g|Varnhold}반홀드{/g}? 거기는 어디야?\" {n}야만인은 지도를 내려다보고는 대충 그려진 곳을 발견합니다.{/n} \"흠. 아니. 모르겠다. 우리는 거기에 간 적이 없어.\""
    },
    {
      "Key": "17a3846c-c121-4903-a002-54f36bac6474",
      "Value": "\"그랬다면 좋겠다! 우리는 헛탕만 쳤어. {g|Numeria}누메리아{/g}에서도 그런 짓은 많이 충분히 했다고! 우리는 여기 괴물이 살고 있는 굴을 발견했어. 그들을 물리쳐서 쫓아내야만 했지. 그 이후로는 그저 평범한 동굴이 되었어. 하루나 이틀 쯤 지나면 나가서 계속 수색할 거야.\""
    },
    {
      "Key": "024b697d-d026-4176-bbeb-f52cbca1b980",
      "Value": "\"그들은 우리 캠프에 있어.\" {n}볼가는 지도에 한 곳을 표시합니다.{/n} \"우리를 고용하거나 볼 일이 있으면 찾아오라구. 여기서 헛탕만 치는 것보다는 나으니까.\""
    },
    {
      "Key": "37e0d7f9-0c59-40c9-be4f-e8b93bee1e9a",
      "Value": "\"{g|Numeria}누메리아{/g}는 땅에서 아다만틴이 자라고 사람들은 핏 속에 아다만틴이 흐르지.\" {n}야만인은 고요하게 말하고는 계속해서 말합니다.{/n} \"우리는 용기도 있고 아다만틴도 가지고 있으니 교역을 하게 된 것일 뿐이야!\" {n}그녀는 웃습니다.{/n}"
    },
    {
      "Key": "55c812ca-ca08-4997-8b53-5b4226765f8b",
      "Value": "{n}볼가는 지도에서 눈을 떼고 고개를 듭니다.{/n} \"또 너냐? 뭐가 필요해?\""
    },
    {
      "Key": "0744e41a-fe43-413b-a401-9179f123e249",
      "Value": "{n}야만인은 놀라서 턱이 쩍 벌어집니다.{/n} \"뭐? 그 못생긴 것이? 너 미쳤어?\""
    },
    {
      "Key": "ceb5862e-2f4c-45d4-a789-dbfa178e01d1",
      "Value": "{n}볼가는 당신의 어깨를 찰싹 때리고는 큰 소리로 웃습니다.{/n} \"좋아! 내가 가지!\""
    },
    {
      "Key": "357f063e-86a5-4880-9cf1-2dd8292c2553",
      "Value": "{n}야만인은 으쓱합니다.{/n} \"음. 이상한 소리지만 맞는 말이군. 우리는 여기에 계속 머물 생각은 하지 않았으니까. 모두 짐을 싸라! 여기서 떠난다!\""
    },
    {
      "Key": "5a3132e0-e3cf-4f1c-9f8f-9b194bb4c4fd",
      "Value": "\"그건 네 문제 같은데. 해가 진 후로는 떠날 수 없어.\""
    },
    {
      "Key": "1dbc14c3-1b84-4a7e-96c7-d8ade1bc6b67",
      "Value": "\"그래서? 마치 우리가 짐을 싸는 동안 우리에게서 무언가 슬쩍 하려는 속셈으로 말하는 것 같은데!\""
    },
    {
      "Key": "839d78c3-b0b0-4960-bf8b-c4e117ae527d",
      "Value": "\"젠장!\" {n}볼가는 펄쩎 뛰어오릅니다.{/n} \"경고해줘서 고마워. 모두 잘 들어! 비상이야! 어서 짐 싸!\""
    },
    {
      "Key": "9e78f5ac-470d-40f4-8b88-b4785593fb6f",
      "Value": "{n}야만인은 당신의 눈을 바라보지만 곧 고개를 떨굽니다.{/n} \"좋아... 그러라고.\""
    },
    {
      "Key": "f45e4329-9ed2-4f68-9a2e-886e1197cce0",
      "Value": "{n}하프오크는 씩 웃고는 무기를 챙깁니다.{/n} \"네가 얼마나 무례하게 부탁하는지 보자고!\""
    },
    {
      "Key": "e3df41fc-8903-4de9-8086-1212426aec7a",
      "Value": "\"하! 해 보라지. 그녀석들을 충분히 쓰러뜨렸어. 이제는 하던 걸 마저 해야지!\""
    },
    {
      "Key": "1a7e1258-14e9-41c8-b5ac-a7ff3f9193a8",
      "Value": "\"그들은 아르막을 섬기는 마녀들이야. 이 세계의 역사, 신, 다른 세계에 대해서 많은 것을 알고 있지... 그들은 현명한 자들이야. 그들이 하는 말을 너는 믿지 못할걸! 이상하고 상상할 수 없는 주문들도 알고 있지... 아르막이 우리에게 짐을 싸라고 했을 때 우리는 한 달 정도 걸릴 거라고 생각했어. 하지만 그들이 우리에게 손을 흔드는 순간 무지갯빛 터널이 우리 앞에 열렸어. 여행은 한시간 밖에 걸리지 않더군! 상상이 돼? 아무나 할 수 있는 게 아닐 거야.\""
    },
    {
      "Key": "5c87e887-4733-4189-8b50-1c22df9e966f",
      "Value": "\"물론. 이 곳에 엉덩이를 붙이고 있을 필요는 없지. 우리는 곧 나갈 거야. 안전한 여행 되라고!\""
    },
    {
      "Key": "3a18eddc-ec20-48a6-bf9c-7cb7c25f0ee5",
      "Value": "\"너에게도 똑같이 묻고 싶었어.\""
    },
    {
      "Key": "5a7a045a-6a8b-48ee-8303-e611ebb970ce",
      "Value": "\"무지갯빛 터널이라... 친숙하지 않아? 나는 많이 들어본 것 같은데!\""
    },
    {
      "Key": "252d849b-bc80-4444-95ce-2df01f2c4835",
      "Value": "\"물론... 그러시겠지.\" {n}레곤가르는 땅에 침을 뱉습니다.{/n}"
    },
    {
      "Key": "08a96b05-d977-4751-a1a0-724396a4a705",
      "Value": "\"정말이야? 한번 보고 싶구나!\""
    },
    {
      "Key": "e0a203c9-c563-44e1-a294-488474d9e6f9",
      "Value": "{n}볼가가 녹 녹에게서 시선이 멈출 때 그녀는 낄낄거리며 웃습니다.{/n} \"여기 짐승 한마리가 있구나. 이런 녀석은 넝마를 만드는 재료가 되지. 가죽이 아주 형편이 없거든.\""
    },
    {
      "Key": "634db436-beb4-42de-a9aa-d16946336e24",
      "Value": "\"너희 같은 녀석은 간식거리로 사용하지! 고기는 형편 없이 맛이 안좋거든.\" {n}녹 녹은 야만스럽게 쳐다보는 여성을 쳐다보며 손가락으로 칼 끝을 만집니다.{/n}"
    },
    {
      "Key": "e6ea9712-c55b-4d0a-b306-8dccb5a63c78",
      "Value": "\"물론.\""
    }
  ]
}