{
  "$id": "1",
  "strings": [
    {
      "Key": "567d4d45-122e-4d80-bee4-47dba3dcb3ef",
      "Value": "\"나는 당신을 다시 볼 것으로 기대하지 않았습니다. 왜 여기로 다시 왔어요?\""
    },
    {
      "Key": "13601770-04bf-44c7-a8c9-e16402694839",
      "Value": "\"리틀타운에서 무슨 일이 있었던 거죠?\""
    },
    {
      "Key": "8c0100be-5213-486d-80bd-5fc8b008a640",
      "Value": "\"당신 아직도 늑대 인간이군요... 어떻게 그렇게 산 거죠?\""
    },
    {
      "Key": "5fe71488-7d4c-4af7-a375-95490a578523",
      "Value": "\"다음에는 어떻게 할 것인가요?\""
    },
    {
      "Key": "debc5afe-d074-4dab-b1c3-4e2889f05b7f",
      "Value": "[공격합니다] \"미안하지만 아직도 당신은 위험해요. 죽어줘야겠어.\""
    },
    {
      "Key": "c2fc7190-e8cd-4ca9-8fc6-0df8939e141e",
      "Value": "\"도와줘서 고맙습니다. 안녕히. 언젠가 다시 만날 수 있겠지요.\""
    },
    {
      "Key": "b7d3e264-64c7-4381-b14a-23843d0e5f1b",
      "Value": "\"안녕, 다시 만났군, {name}!\" {n}다시 인간이 된 이바르는 숨을 고릅니다.{/n} \"당신이 올거라곤 예상했지만, 확실히 인상적이구만.\""
    },
    {
      "Key": "9c090d6a-23f0-406c-9fb9-bf5476365b7a",
      "Value": "\"긴 이야기입니다. 우리가 {g|Silverstep}실버스텝 호수{/g}에서 작별을 나눈 후에 나는 저주를 통제하는 방법을 찾으러 갔어요. 내 저주. 내 증상은 일종의 저주 또는 어쩌면 단지 위험한 선천적 능력으로 간주 될 수도 있습니다. 나는 내 안에서 짐승을 축출하지 못했지만, 적어도 내 이야기에 사용하기 위해 노력할 수 있다고 생각합니다. 그래서 나는 {g|pitax}피탁스{/g}의 {g|Academy of Grand Arts}대 예술 아카데미{/g}에 등록했지요. 나는 그것이 내 말을 통제하는 법을 배울 수 있는 적절한 장소라고 생각합니다. \""
    },
    {
      "Key": "a1e29be8-a063-4f99-bb0e-ac48c4fb928c",
      "Value": "\"그리고 어느 정도까지는 그렇습니다. 그러나 나는 또한 언어가 무기가 될 수 있는 방법을 보았어요. 나의 어리석음과 치명적인 사고로 가족들이 죽었습니다.\" {n}이바르는 고통스러워 하며 말합니다.{/n} \"{g|pitax}피탁스{/g}, 특히 여기 {g|Littletown}리틀타운{/g}의 음유시인들은 살인과 속임수를 배우고 있습니다. 그리고 저는 그들이 정말로 그들이 무얼 하는지 모를까 겁이 나요.\""
    },
    {
      "Key": "0205cc92-3edc-42e0-a69c-c8f8c9ce33b0",
      "Value": "\"온갖 종류의 끔찍한 것들입니다.\" {n}이바르는 찡그립니다.{/n} \"처음에는 우리가 어디로 가는지 그들은 알려주지 않았어요. 우리가 거기에 있게 되면 강의, 총회가 있고 우리는 글쓰기와 노래를 합니다. 주제가 사랑이든 전쟁이든 간에 최소한 가사 한 줄은 당신을 비방하기 위해 사용됩니다, {name}. 나는 무슨 일이 벌어지는지 깨달았지만 어쨌든 나는 머물기로 결정했습니다. 조만간 {mf|왕|여왕}께서 오시어 내 삶을 구해주고 귀중한 교훈을 가르쳐 준 {mf|그|그녀}에게 고마워할 기회가 생겼습니다.\""
    },
    {
      "Key": "0bd6c06a-993a-4d28-92dc-266fb400f49b",
      "Value": "\"내 저주를 풀려고 조언을 구했던 성직자들은 나를 도울 수 없었습니다. 아마도 나 자신을 용서할 준비가 안되어 있기 때문일 수도 있습니다. 아직은 아닙니다. 하지만 뭔가 달라졌어요.\" {n}이바르는 그의 코를 가볍게 문지릅니다.{/n} \"나는 내가 누구인지 {g|Academy of Grand Arts}아카데미{/g}의 시인들에게 숨기지 않았습니다. 그리고 그들은 나를 두려워하지 않았습니다. 그들은 나를 많이 좋아하지 않지만 두려워하지 않았습니다. \""
    },
    {
      "Key": "ffc67618-7976-4d47-ac36-24b6f1689ec7",
      "Value": "\"그들에게 동물의 모습을 드러내는 내 능력은 다른 종류의 타고난 선물처럼 보였습니다. 위험할 수도 있겠지만 그들의 마법적 재능과 크게 다르지는 않습니다. 이제는 내가 거짓말하거나 숨을 필요가 없었기 때문에 변형을 통제하는 것이 더 쉬워졌습니다. 나는 나 자신을 알고 있습니다. 나는 죽음과 불행을 가져올 수 있다는 것을 알고 있습니다. 그러나 나는 그것을 통제하고 아마도 사람들을 도울 수 있을 것입니다. 그것은... 흥미로운 교훈이었습니다.\""
    },
    {
      "Key": "01f0e076-8196-4565-804a-8af4f2e66c67",
      "Value": "\"여행을 가야지요. 더 멀수록 더 좋습니다. 당신에 대한 나의 빚은 지불되지만 이로베티의 사람들은 나를 죽이기 원할 것입니다. 세상은 거대하고 새로운 발견이 가득합니다. 나는 내 길을 찾을 것입니다.\""
    },
    {
      "Key": "bd55a21c-c5b0-47a9-a5af-2c19f3ecb476",
      "Value": "\"정말입니까? 나는 자비를 구걸하지 않을 겁니다...\""
    },
    {
      "Key": "5845e28f-a5ee-43d1-acb7-3477424d7bde",
      "Value": "\"작별 인사해야 겠군요 {mf|왕|여왕}. 전설이 계속되기를!\""
    },
    {
      "Key": "0e997211-ad9a-43d0-b617-f91c6c052b2e",
      "Value": "\"오, 이바르! 우리에게 얘기했어야지요! {g|Academy of Grand Arts}대 예술 아카데미{/g}는 당신이 필요한 것을 얻으려고 노력해야 햇던 유일한 장소였을 거에요! 내 말은, 몇몇 좋은 교육 과정과 레이디 빌라바라 같은 분이 있다는 뜻이죠... 그렇지만, 보통은 거긴 정말 무시무시한 장소 맞아요, 진짜로!\""
    }
  ]
}