{
  "$id": "1",
  "strings": [
    {
      "Key": "0c32a624-997c-4cb1-a775-595344642283",
      "Value": "\"너 누구야?\""
    },
    {
      "Key": "962abc4b-a1ae-462a-8b54-ef532bbb004c",
      "Value": "\"어떤 충고를 해주고 싶니?\""
    },
    {
      "Key": "4abd753e-238c-4fb7-baa9-05e8b013fe47",
      "Value": "\"아마 내가 해야 할 일은 너의 마음을 바꾸는 것 같다.\""
    },
    {
      "Key": "e657349b-9715-4d7c-b600-4c1eb122b3e3",
      "Value": "\"네가 왕이나 그의 왕관이 아니라 이 도시에 충성하는 건 알아. 내가 도둑 길드와 마약 거래에서 이 도시를 구할 유일한 기회를 줄게.\""
    },
    {
      "Key": "760eefcc-1277-496a-8f3f-68addcc1ad4f",
      "Value": "[공격합니다] \"이로베티의 첩자! 네가 먼저 죽을 거야!\""
    },
    {
      "Key": "3c740f96-3638-4946-ae1a-bd0d4a3f8171",
      "Value": "\"나는 가야 해.\""
    },
    {
      "Key": "c66a3f60-8afc-4e53-90c5-aecc60edf056",
      "Value": "\"피탁스는 요즘 어때?\""
    },
    {
      "Key": "5ec98c8e-0a8f-4273-8158-6dd9a25fd427",
      "Value": "\"안녕히.\""
    },
    {
      "Key": "64148c86-c1bc-41fc-9cc2-f5645b9b10a2",
      "Value": "\"좋은 날입니다, 전하. 최소한 지금은 말입니다.\""
    },
    {
      "Key": "459bab04-921c-4b2b-a2d2-143474c4f7f8",
      "Value": "\"이곳에서 당신을 볼 줄은 몰랐습니다. 조언 하나만 올려도 될까요?\""
    },
    {
      "Key": "a16ed49e-aa74-4187-95a8-b44a61aea4fc",
      "Value": "\"두 가지 가능성이 있겠군요. 당신이 자비를 바라고 이로베티에게 항복하기 위해 왔거나, 아니면 경비대가 당신을 막지 않을거라 생각하고 거리를 피로 물들이러 왔거나. 어떤 경우라도 제 조언은 다르지 않습니다. \""
    },
    {
      "Key": "dc67464c-d509-46df-9b63-ac20b45d906b",
      "Value": "\"도망가십시오.\""
    },
    {
      "Key": "e4277560-db8f-4fb9-adf8-6e8d928fa28d",
      "Value": "\"얼세이 케일리시, {g|pitax}피탁스{/g}의 경비대장입니다. 저는 거리의 문제를 해결할 책임이 있는 사람입니다 — 거기엔 권력 투쟁도 포함되죠.\""
    },
    {
      "Key": "39a82eda-3703-477b-b700-4bafbb4bd646",
      "Value": "\"아마도요. 하지만 별로 기대하진 않겠습니다.\""
    },
    {
      "Key": "301e6e5c-bd7e-4c20-b322-9f2460c217ce",
      "Value": "\"흠... 이유는 몰라도 믿음이 가는군요. 좋습니다! 이 일이 제 인생의 가장 큰 실수가 아니길 기도해야겠군요.\""
    },
    {
      "Key": "037a7f6f-6827-49ae-98ed-0b931279442f",
      "Value": "\"약속, 약속. 왕관을 얻은 후에도 도둑 길드와 협력하지 않을 것이라는 보장은 어디 있죠? 아뇨, 전하. 저는 이 장난을 받아들이지 않겠습니다.\""
    },
    {
      "Key": "ab9bad7e-0eb8-4eee-96c0-15dc264421c9",
      "Value": "\"괴물들이라. 그들을 키우다니. 그래서 이렇게 된거군요. 전하께서 자기 왕국에서 인간을 먹는 괴물을 길렀다니. 그가 평소처럼 되지 않을거라, 또한 도시 전체를 — 그리고 자기 자신을 먹어 치우지 않을거라 생각했나 보군요!\""
    },
    {
      "Key": "53e13fd3-c0b6-4cc2-ba86-2e38a1a88f40",
      "Value": "\"갱단과 관련 없는 {g|pitax}피탁스{/g}인 한 명이라도 데려와보시죠!\""
    },
    {
      "Key": "247fb09e-e01c-4d96-aed8-21c4cd229d2c",
      "Value": "\"제겐 좋은 소식입니다. 만약 그가 다른 모든 학생들을 도시에서 데려 간다면 거리가 훨씬 더 안전해질 테니까요.\""
    },
    {
      "Key": "b9e6408e-0fc0-4a73-ab40-7f5e792100bc",
      "Value": "\"아주 나쁜 소식이군요... 그러나 당신은 단속을 더 잘해야 할겁니다. 만약 오래된 가문이 발견했다면 진짜 문제가 터지겠죠 — 그리고 그것은 도시에 제가 필요한 마지막 일이고요.\""
    },
    {
      "Key": "8a7dc7e6-b195-4c41-a494-6d97da270ec4",
      "Value": "\"당신은 도시 출구가 어디있는지만 아시면 됩니다.\""
    },
    {
      "Key": "21e4af71-aa28-49b1-ac9e-944d5706723e",
      "Value": "\"이로베티와 싸우면, 도시 경비대은 당신의 편에 설겁니다. 그러나 당신은 제 말을 듣지 않은겁니다. 누가 말을 듣기 전에, 어서 가십시오.\""
    },
    {
      "Key": "b96d4759-d095-4de7-9905-cd02301c4d8f",
      "Value": "\"들어보십시오. 개인적으로 당신을 반대하는 것은 아니지만, 당신은 제 발로 사지에 들어가는 겁니다. 갈 수 있을 때 떠나십시오. 아니면 평화를 방해한 죄로 당신을 체포하겠습니다!\""
    },
    {
      "Key": "399ec2e0-0884-45a5-b9ec-75c0c3d435c3",
      "Value": "\"글쎄... 당신이 맞다고 인정하죠. 이로베티는 선을 남었습니다. 도둑 길드와 노는 것보다 더 나쁘군요. {g|pitax}피탁스{/g}의 존망이 걸린 문제가 되었네요.\""
    },
    {
      "Key": "93530083-ad6b-413e-81ea-973d353417a8",
      "Value": "\"물러나십시오. 아니면 체포하겠습니다.\""
    },
    {
      "Key": "dcbb1a3f-6611-4e84-8355-bf1a8568c20d",
      "Value": "\"맞아. 사실 너는 잠시 동안 자리를 피해야만 했어.\""
    },
    {
      "Key": "702afddf-c257-4522-a09e-2c47b63a2433",
      "Value": "\"그건 아주 큰 실수입니다. 경비대!\""
    },
    {
      "Key": "31c49c30-0704-4118-bc2a-411124b3a942",
      "Value": "\"안녕하십니까, 전하!\""
    },
    {
      "Key": "e0c19b1b-5183-4214-8083-b156076395f0",
      "Value": "\"좋았던 옛날 같군요... 무역 회사가 권력을 장악하고 있지만, 전에 보지 못했던 장면은 아닙니다. 도둑 길드와 독을 도시에서 완전히 추방할 수는 없지만, 적어도 쓰레기는 훨씬 적어졌습니다. 그리고 물론, 거리에 무법자가 돌아다니지 않으면 도시 질서를 유지하는 것이 훨씬 쉽죠.\""
    },
    {
      "Key": "0814c56e-fb47-43b9-82d0-6a7a100fdd74",
      "Value": "{n}얼세이는 고개를 저었습니다.{/n} \"거리에서 싸움이 벌어지지는 않지만, 평화로운 수면 아래에서 조용한 전쟁이 끓고 있습니다. 오래된 가문과 도둑 길드, 백만 명의 다른 악당들이 이로베티 유산의 떡고물을 차지하기 위해 서로 싸우고 있죠. 그들 모두가 이제는 자신의 재산을 만들고 새로운 왕조를 건설할 시간이라고 확신하죠. 그리고 거리에는 너무나 많은 핏자루 추출물이 있습니다 — 우리가 이로베티 통치 하에 있었던 때보다 훨씬 많죠. 진실을 말하자면, 그 불량배가 왕위에 있을 때가 더 나았습니다.\""
    },
    {
      "Key": "9d665649-dbb0-4832-ac7f-76a8bd7e1594",
      "Value": "\"전하, 몸조심하시길.\""
    },
    {
      "Key": "6c9a1464-c8a0-4cb0-aa22-f17a188e5b06",
      "Value": "{n}Irsei는 그의 이가 아픈 것처럼 찡그립니다.{/n} \"이로베티 때와 같았지만 즐거운 축제는 더 적었고 슬픈 장례식은 더 많았다. 너 때문에 도시는 도둑 길드와 그 끄나풀들의 손에 들어갔다. 그들은 원하는 대로 가져간다. 도시의 거의 절반이 독약을 사용하고 있다. 젊은 사람들 대부분이고. 이렇게 되니 행복한가?\""
    },
    {
      "Key": "59862f2a-8059-4bd8-9037-95079dc29414",
      "Value": "{n}카네라가 엘프를 흥미롭게 쳐다봅니다.{/n} \"나는 그가 좋아. 시체라면 더 좋았겠지만…\""
    }
  ]
}