{
  "$id": "1",
  "strings": [
    {
      "Key": "a66e7c7a-cfd7-47bc-b1cb-1f0a0d701437",
      "Value": "\"당신이 특별하다고 말한 이 사람은 어떤 사람이지?\""
    },
    {
      "Key": "71ed46ad-aff9-4297-878c-1e753d608f7d",
      "Value": "\" 내가 할 수 있는 일은 해 보죠. 이 지하감옥이 어디있죠?\""
    },
    {
      "Key": "79ab6cb3-1f9d-4674-83b5-262b0d8289a4",
      "Value": "\"난 안 할 거예요.\""
    },
    {
      "Key": "bde1c331-d391-4516-b20c-b18cad2cc97c",
      "Value": "\"{mf|영주님|영주님|전하|전하}! 제가 이미 당신에게 많은 빚을 졌고, 더 이상 당신을 귀찮게 해서는 안 된다는 것을 알고 있습니다. 저 혼자만의 이익만 걸려 있었다면 저도 잠자코 있을 것입니다. 그러나 제 도움이 필요한 이 문제는 제 백성의 운명과, 제게 특별한 가치를 지닌 어떤 사람의 운명과 관련이 있습니다.\""
    },
    {
      "Key": "c89b487e-985e-46f2-9c3f-45bec5e5641b",
      "Value": "\"알다시피, 반홀드와 그 주변 지역에서 이상한 사건들이 일어나기 시작했을 때, 우리는 자체 조사를 시작했습니다. 우리는 어떤 불가사의한 지하감옥을 발견했지요 – 현지인들은 이 지하감옥이 거대한 힘을 가진 고대 생물의 무덤이라고 말합니다. 아아, 이것은 거짓으로 유도한 것으로 판명되었고, 그 지하감옥은 함정이었습니다. 한편 진짜 보다카이는 자신의 진짜 무덤에서 계속 잔악무도한 일을 저지르고 나서 반홀드를 공격했습니다.\""
    },
    {
      "Key": "5ec4ddd0-de36-45eb-81cc-df475ea2418c",
      "Value": "\"불행히도, 마을에 마법이 덮친 순간, 이 가짜 지하감옥 안에 내 백성들이 있었습니다. 그리고 나는 아직 그들의 운명을 알지 못합니다. 한 가지 부탁을 하자면, 내가 이 지하감옥으로 내려가서, 내 백성들에게 무슨 일이 일어났는지 알도록 도와 주셨으면 합니다.\""
    },
    {
      "Key": "54c44e84-2924-415a-8465-c2ee9413189c",
      "Value": "\"나의 오른팔이자 장군입니다.\"{n}메이가르는 울적해합니다.{/n} \"생각해보면 가장 충실한 이들을 곤궁에 쳐하게 한 건 지도자인 나의 탓입니다. 솔직히 말해 그들이 살아있을 거라 생각지는 않습니다. 하지만 적어도 무슨 일이 있었는지는 반드시 알아내야겠습니다.\""
    },
    {
      "Key": "88cb9b4b-3781-464f-8111-7dee29fe55ea",
      "Value": "\"언젠간 나의 아내가 되길 바랬던 여인이지요.\"{n}메이가르의 눈엔 감춰졌던 감정의 폭풍이 드러나며 어둠이 감돕니다.{/n} \"그녀는 지하감옥으로 실종된 일행들을 이끌던 사람이었습니다. 저의 '기발한' 명령이 그녀를 곤경에 빠뜨렸는데, 전 아직도 그 아래에서 무슨 일이 일어났는지도 모릅니다.\""
    },
    {
      "Key": "efca6aeb-36f8-43f5-9a72-82c2ce96cfe6",
      "Value": "\"지도에 표시해 드리지요.\" {n}메이가르는 감사를 표하며 고개를 끄덕입니다. {/n} \"가시겠다면 그곳으로 향하는 길에서 뵙겠습니다. 감사합니다. {mf|영주님|영주님|전하|전하}. 이 일은... 내게 매우 중요합니다.\""
    },
    {
      "Key": "b90225a9-b230-4e74-9142-90173f3e05cf",
      "Value": "{n}메이가르는 인상을 찌푸리지만 감정없는 어조로 태연히 대답합니다.{/n} \"어찌 결정하건 그건 당신의 권리이겠지요. 하지만 난 이 문제를 좌시할 수 없습니다. 나 스스로 원정대를 조직해 던전으로 갈 겁니다. 더이상 당신에게 불편을 끼치지 않겠습니다. 좋은 하루 되십시오, {mf|영주님|영주님|전하|전하!\""
    },
    {
      "Key": "2138b5e0-8f4e-4224-8be1-3b129e0fc92b",
      "Value": "\"나의 오른팔이자 장군입니다.\"{n}메이가르는 울적해합니다.{/n} \"생각해보면 가장 충실한 이들을 곤궁에 쳐하게 한 건 지도자인 나의 탓입니다. 솔직히 말해 그들이 살아있을 거라 생각지는 않습니다. 하지만 적어도 무슨 일이 있었는지는 반드시 알아내야겠습니다.\""
    }
  ]
}