{
  "$id": "1",
  "strings": [
    {
      "Key": "7c929053-5db4-4e32-9a7f-5d1df8d857b3",
      "Value": "\"마르틴 선장이 나를 보냈다.\""
    },
    {
      "Key": "6d03cb69-be69-4b22-ae65-6cade30d1450",
      "Value": "\"음... 나는 팬인데.\""
    },
    {
      "Key": "ccebf94c-173f-4270-a54c-b9efb1317787",
      "Value": "\"나는 네가 더 존경스럽게 대할 사람이야!\""
    },
    {
      "Key": "4eea26a2-0fcb-493b-8dc3-d7dbec22530c",
      "Value": "\"아마도 흑마법서를 끝내야 할 때가 아닐까?\""
    },
    {
      "Key": "06ceb0e8-36ea-4961-98f8-98f5ae9d224e",
      "Value": "\"왜 여기에 있지? 누구로부터 숨어 있어?\""
    },
    {
      "Key": "dcd51e80-c8e0-400c-8282-7f1ea2fd4c28",
      "Value": "\"너는 태초 세계에 가본 적이 있니?\""
    },
    {
      "Key": "84efecd8-b7a1-47d4-aff2-fd7b365b35f7",
      "Value": "\"카타페쉬에서 어떻게 되었어?\""
    },
    {
      "Key": "f074f8e9-3f08-4ba5-8cd3-4cd115c02a38",
      "Value": "\"북쪽에서 무엇을 했지?\""
    },
    {
      "Key": "80f6adc9-c035-4085-a078-4c5f6ed7a79e",
      "Value": "\"이제 갈 시간이야.\""
    },
    {
      "Key": "85837014-33d5-41ab-abf2-7a0b79c98e24",
      "Value": "\"그럴 수 없다. 책을 즉시 내놔!\""
    },
    {
      "Key": "c75fcdff-e721-4050-a636-1a69d5365942",
      "Value": "\"종결을 받아 들일 수 있는 것이 중요해. 아마도 시간을 정해야 하나?\""
    },
    {
      "Key": "bef393e7-f21c-4b05-bcd7-4003d897e54d",
      "Value": "\"내가 책을 끝내도록 도와 줄까?\""
    },
    {
      "Key": "b7ef2751-97f7-4eeb-a882-a4fa3ab23f20",
      "Value": "\"감히 끼어들 수 없겠군.\""
    },
    {
      "Key": "deb940c6-d428-42c6-bb5f-499bd42e693b",
      "Value": "\"마르틴 선장은 어떻게 만났지?\""
    },
    {
      "Key": "260ea8f0-efab-49c0-88ac-091d263d6ef0",
      "Value": "\"그러나 더 중요한 것들을 논의해야 한다...\""
    },
    {
      "Key": "a320a9c0-7579-4755-becf-46179ebaaee8",
      "Value": "\"나는 현명한 보좌관이 필요하다. 나를 위해 일하겠나?\""
    },
    {
      "Key": "7050eacd-7c8f-490a-8419-bb18f565e400",
      "Value": "\"나는 너에 대해 더 알고 싶다.\""
    },
    {
      "Key": "284a4826-2973-420a-adcd-e758681a3434",
      "Value": "[공격합니다] \"너를 더 이상 살려둘 이유가 없다.\""
    },
    {
      "Key": "e955c29f-f6cb-4221-bda3-8f2f79094e57",
      "Value": "[공격합니다] \"너의 죽음을 바란다.\""
    },
    {
      "Key": "8cf4e623-13be-47a9-8972-21c363cc8f1c",
      "Value": "\"아무도. 방해해서 미안하군.\""
    },
    {
      "Key": "dda6d6bc-fd0d-4e0a-aedd-cc45082234ff",
      "Value": "\"여기서 뭐하고 있어?\""
    },
    {
      "Key": "e1f2f577-fa3b-4ec1-b2b6-875f5daa391f",
      "Value": "[공격합니다] \"더 이상 변명의 여지가 없어. 나는 책을 가져갈 거야.\""
    },
    {
      "Key": "fb5485c0-c60c-4b3c-9f29-070c4c66df11",
      "Value": "{n}덩치 큰 남자가 두껍고 뻣뻣한 머리카락 빗으며 당신을 향합니다. 그의 깊은 목소리는 거인의 것이었습니다.{/n} \"이봐, 넌 누구지?\""
    },
    {
      "Key": "1ff209ed-fe14-43cb-90b7-c0dd33b61e4e",
      "Value": "{n}잠시 동안 그 남자는 당신을 멍하니 응시하더니 미소를 짓고 안도의 한숨을 쉽니다.{/n} \"오, 맞아. 마르틴 선장! 마법사 블레이크무어의 집에 온 것을 환영하지.\""
    },
    {
      "Key": "521e212a-502a-4809-b0cb-8312c9ae649a",
      "Value": "\"나가라! 강도자식!\""
    },
    {
      "Key": "41fb2d40-242b-4c16-b5e8-6b96eb1e1af7",
      "Value": "{n}그 남자는 무거운 한숨을 쉽니다.{/n} \"아. 또 다른 팬이로군. 너같은 팬들은 내 존재에 골칫거리지. 그리고 물론 당신은 전설의 마법사 블레이크무어의 이야기를 찾으러 왔을테고.\""
    },
    {
      "Key": "001b380e-c4cb-4b69-8c52-51ca3c053297",
      "Value": "\"그래서, 중요한 누군가가 착하고 늙은 블레이크무어를 방문했다고? 그러면, 내가 가장 호의적인 집주인이 되야겠군!\""
    },
    {
      "Key": "2d43c203-06d8-4b91-8bd1-53e198f4fec5",
      "Value": "\"도움이 필요한가?\""
    },
    {
      "Key": "214781d2-b227-4559-82fa-48c1eb20ce3c",
      "Value": "\"내 수많은 팬들에게서. 내 적들은 내게 두려운 존재고, 심지어는 강력한 데블도 있지! 한 번은 어떤 비열한 단체 덕분에, {g|Hell}지옥{/g}에서 도달했었네. 잘못된 포털을 탄 덕분이지... 결론만 말하자면, 지옥에 있는 나 자신을 발견했지. 그리고 내 머릿속이 환해졌어! 데블 시로켓이 나를 쫓고 있었거든. 그리고 내가 그녀에게 대항할 수단은 오직 싸구려 담배 주머니, 일백 바닷 바람의 피리, 벙어리 코볼트 하인, 그리고 모든 곳에 풍성하게 쌓인 유황뿐이었지. 그러나 그것은 우둔한 데블을 속이기엔 충분했네!\""
    },
    {
      "Key": "dd20e246-525e-4f64-9ca8-ec87eaef987b",
      "Value": "{n}끔찍하고 은밀한 열망으로 블레이크무어는 흩어져 있는 페이지를 쳐다보고 있습니다.{/n} \"이 책은 거의 끝났다네. 경이로운 작품이지. 몇 줄만 바꾸면 끝난다네. 모든 것이 완벽해야만 해.\""
    },
    {
      "Key": "14ffd2a6-5fbb-4b58-9299-ab85c6a15378",
      "Value": "\"하. 어디서부터 시작할까? 나는 마법사 블레이크무어네. 나는 많은 것을 보았으며 여러 곳을 방문했지 – {g|Realm of the Mammoth Lords}매머드 군주의 영토{/g} 북쪽부터 뜨거운 {g|Katapesh}카타페시{/g}, 심지어 {g|First World}태초 세계{/g}처럼 더 특이한 장소까지. \""
    },
    {
      "Key": "5a9e15bf-8cff-4c79-87fa-3379b9b83c64",
      "Value": "\"나는 {g|First World}태초 세계{/g}에 우연히 발을 들였지. 하지만 그럼에도 불구하고, 거기서 일자리를 찾는 것은 쉬웠네. 나는 세 개의 눈과 수많은 엄니를 가진 코끼리의 등 위에 세워진 화려한 아카데미에서 교장 대리를 했다네. 사실, 그 코끼리는 선대 교장이 희귀한 코끼리 질병에 걸리기 전까지 그를 받들고 있었지. 그가 회복되자마자 나는 떠났네.\""
    },
    {
      "Key": "84522e05-8ae3-4cdb-9caa-2de05709a4a0",
      "Value": "\"나는 순전한 우연으로 {g|Katapesh}카타페시{/g}에 방문했지. 나는 더 멀리 항해 할 계획이었으나, 뱃멀미 때문에 고생을 했었으니까. 카타페시는 놀라운 장소였다만 즐길 기회가 없었지. 논쟁의 열기 속에서, 당시 내 연인은 나에게 교훈을 가르치기로 결심했고, 나에게 약을 먹여 나를 여행 악몽 서커스에 팔았다네. 거기에서 나는 칼을 삼키는 일을 하며 돈을 벌었소. 관객이 정말 좋아하더군! 그리고 그렇게 배우기 어려운 일도 아니었고.\""
    },
    {
      "Key": "a8214da8-18d2-4c36-9b3a-fcc0502b6148",
      "Value": "\"원정대에 참여하는 동안, 내 의도와는 정반대로, 야만족들에게 사냥당하는 자신을 발견했지. 탈출을 시도하면서 나는 산을 올랐네. 어찌나 높던지 야만인들조차 강풍과 눈사태를 우려하여 사냥을 포기해야만 했지. 그래서 나는 어둠 속에서 작은 빛을 발견 할 때까지 고지대를 가로질렀고. 마침내 도달한 곳은 축하 행사가 진행중인 선술집이었지. 고지 사람들은 너무 행복해서 침입자를 환영할 정신도 없었지만, 그들과 싸워 때려 눕히는데 성공하면 은신처를 주겠다고 약속했다네.\""
    },
    {
      "Key": "f3b1d04e-78a5-41fa-98f5-eddeab26a93a",
      "Value": "\"내 문은 항상 너에게 열려 있지!\""
    },
    {
      "Key": "bd10de89-19a3-44fa-b93c-3d2a5c03aa1b",
      "Value": "{n}블레이크무어는 끔찍한 불쾌감과 불평을 토해내더니, 이내 당신에게 책을 건네주고 돌아섰습니다.{/n} \"오. 그냥 가져 가게나. 어쩔수가 있나? 불한당이 무단 침입하고, 위협을 가하는데...\""
    },
    {
      "Key": "2c089692-1640-40e8-b04d-7df0bd5b61b4",
      "Value": "{n}블레이크무어는 팔짱을 낍니다.{/n} \"미쳤나? 내 집이니 마음대로 하지 말라고 일일히 말해야되나?!\""
    },
    {
      "Key": "dbcc0165-8522-4161-8347-66469fe2fb42",
      "Value": "{n}블레이크무어는 입을 열어 논쟁하려 하지만 이내 한숨을 쉬고 손을 흔듭니다.{/n} \"당신이 맞네. 완벽은 항상 불가능하지...\""
    },
    {
      "Key": "251ce361-463b-4a70-bc33-95a5741647be",
      "Value": "{n}블레이크무어의 음색이 굵어집니다.{/n} \"예술은 어준간함을 용납하지 않지. 예술가들 사이에서 심각한 문제를 논의 하려면 많은 것을 배워야 한다네.\""
    },
    {
      "Key": "34658dd8-afd9-4262-9d95-0456f0599aed",
      "Value": "{n}블레이크무어의 눈에는 희망의 빛이 번쩍입니다.{/n} \"훌륭한 아이디어군! 시도해보지!\""
    },
    {
      "Key": "2645a63c-6e1d-43e3-a348-b1aee7594a83",
      "Value": "{n}블레이크무어 콧방귀를 낍니다.{/n} \"뭐, 당연하지. 여기 앉아서 밤낮으로 머릿속을 어지럽히는 어리석은 내가 있다네! 하지만 여기, 저명한 작가인 당신이 왔지. 당신에겐 누워서 떡먹기일테지! 5분 안에 전부 끝낼 수 있을걸세!\" {n}블레이크무어는 눈을 찡그리며 성냈습니다.{/n} \"나를 과소평가해서는 안되지.\""
    },
    {
      "Key": "6aa819d9-235d-49eb-9693-5eed3f579c4c",
      "Value": "\"걱정하지 말게나. 실망시키진 않을테니! 일주일 후에 다시 오게. 내 문은 항상 열려있을거네!\""
    },
    {
      "Key": "cab767bf-1724-44ba-9e91-b371592f96c2",
      "Value": "\"우연히 만난 권위자호가 나를 태워줬소. 한밤중에 잠에서 깨어났는데, 눈 뜨자마자 본게... 머리였지. 그것을 머리라고 부르는 것 같았네. 그래서 나는 배 밑바닥으로 갔는데, 갑자기 비명 지르는 유령인 밴시 11명을 마주쳤다네! 그들이 내 영혼을 먹어치울 준비를 하는 동안, 내가 그들을 멈추고 피로 목욕하기 전에 대화로 화제를 돌렸지. 믿을 수 없겠지만, 그들은 대화기에는 가장 유쾌한 이들이었다네!\""
    },
    {
      "Key": "ee0e82d8-33cc-46a9-bf03-b6e08d9d822e",
      "Value": "{n}블레이크무어의 목소리에 억울함이 서렸습니다.{/n} \"그래... 맞네.\""
    },
    {
      "Key": "b0b35069-fe2b-4757-aba7-6a5033ef9b8f",
      "Value": "\"정말 예상치 못했네! 하지만 우리가 해냈지! 그나저나, 그건 시로켓이었소. 내가 {g|Hell}지옥{/g}에서 만났던 그 데블! 얼굴 봤소? 하하! 거친 숙녀였지! 도와줘서 고맙네. 그리고 마르틴 선장에게 이 흑마법서를 전해주게나.\""
    },
    {
      "Key": "68f81eb8-6342-42c3-bb20-5a8d956ac6eb",
      "Value": "{n}몇 시간이 지난 후에 당신과 블레이크무어는 당신의 창조물을 봅니다. 흑마법서는. 완성되었습니다. 완벽하게.{/n}"
    },
    {
      "Key": "5661c3ed-b9b1-4e4a-a4c5-34f70e24695a",
      "Value": "\"하! 나는 이미 보좌관 일을 해봤고, 다시는 그런 일을 하고 싶지 않다네. 나는 머포크 왕들 중 한 사람을 섬겼었지. 왕의 딸인 공주와 바람날 때까지는 아주 순조로웠어. 비록 경비가 그녀를 밤낮으로 지키고 있었고, 감히 접근하는 사람은 처형의 위협에 처해졌지만, 내 감정이 이성을 앞질렀고, 눈이 맞아 함께 도망갔다네. 그러나 사흘 째 되던 날 그들이 우리를 따라잡았지. 머포크 군대 전체였어. 내 죽음은 임박했으나, 당연히 나는 훌륭한 해결책을 가지고 있었다네.\""
    },
    {
      "Key": "dbfea095-4398-44f5-9a94-27d197c32160",
      "Value": "\"머포크 병사들이 우리를 체포 한 뒤 나는 카드 속임수로 그들을 즐겁게 했네. 머포크는 나의 재능에 매료되었고 가르쳐달라고 요구하기 시작했지. 그래서 나는 내기를 제안했어. 우리는 카드 놀이를 했지. 내가 지면, 그들이 나를 처형하기 전에 카드 속임수를 가르쳐야만 했지. 하지만 다음 사흘 동안은 질 수가 없었어. 나는 그들의 돈, 갑옷, 무기, 돌고래 탈것, 그들이 귀에 하던 우스운 뼈 물건, 심지어 그들의 장군 소유였던 일백 바닷 바람의 피리까지 손에 넣었다네.\""
    },
    {
      "Key": "61556b8b-d23b-48cc-bb59-9b3f59dc8eba",
      "Value": "\"사흘이 지나고, 나는 꽤 부자가 되었네. 장군은 병사들에게 맨손으로 나를 처형하도록 명령했지. 그러나 그 순간 나의 공주님이 도착했어! 그동안 그녀는 우리가 도망 갈 길을 찾고 있었고, 그녀는 마침내 무언가를 발견했지. 해적선이었어! 우리는 배에 타서, 일백 바닷 바람의 피리를 불렀으며, 그리고 우리의 돛이 거의 부서질 정도로 빠르게 나아갔다네. 불행히도, 나와 공주님 사이에는 일이 잘 풀리지 않았지. 그녀는 아주... 불쾌한 친구로 밝혀졌어. 하지만 그녀는 새로운 재능을 발견했지, 이제 그녀는 성공한 서커스 점쟁이라네!\""
    },
    {
      "Key": "011ba903-d0c7-4af9-a731-bd127e64d9f1",
      "Value": "\"나는 무표정한 채 망토를 감싼 사람을 발견했고, 그 사람에게 도전하겠다 지목했다네. 그 경합은 폭식이었지. 야만인은 내 가방을 꺼내 뒤집고는, 내 장비를 입 속으로 밀어 넣기 시작했어. 짧은 순간에, 욕심 많은 고지 사람이 내 물건과 배낭을 모두 삼켜 버리고, 후식으로 내 도끼를 먹었지. 야만인들은 이미 내가 추위 속에서 얼마나 버틸지 내기를 하고 있었다네. 나는 벽에 걸린 매머드의 두개골을 쪼개버렸고, 그 엄니를 부순 다음, 벽을 가득 채운 거대한 맥주통들을 향해 달려 들었지.\""
    },
    {
      "Key": "9ba754d3-1887-419b-8399-3d19d43a066d",
      "Value": "\"나는 코르크 마개를 발로 차고 흐르는 맥주의 강에 엄니를 놓았어. 마치 뿔잔인 양 그것을 가득 채웠고, 벌컥벌컥 마시기 시작했지. 다음 순간의 기억은 흐릿하다네. 맥주를 싹 다 비워버렸다는데 고지 사람들이 길길이 날뛰었다는 것만 간신히 기억나지. 그래도, 어떻게 그들이 커다란 짐승으로 변하기 시작했는지부턴 기억난다네. 내 적은 불타는 눈을 가진 늑대가 되었지. 그는 나에게 달려들었지만, 나는 그의 귀를 잡은 뒤 매머드의 엄니를 그의 입에 넣었고, 내 콧수염의 양 끝을 묶어 분위기를 압도했지. \""
    },
    {
      "Key": "f527d131-27be-4871-8e1e-595587aea413",
      "Value": "\"격노한 늑대는 밤하늘 아래 달려 나갔네. 그의 등짝에 단단히 박힌 나와 함께 말이지. 우리는 눈보라를 뚫고 나왔고, 그 끔찍한 개는 분노와 굴욕에 깽깽거렸네. 아침이 되자 개는 달리기를 멈추고 지쳐 쓰러졌지. 나는 주변에 눈송이가 하나도 없다는 것을 깨달았다네. 자연을 달리던 중, 우리는 {g|Golarion}골라리온{/g}의 경계를 지나 다른 모든 세계의 조상인 놀라운 장소로 들어온걸세. 나는 늑대를 불쌍히 여겨 그를 풀어 줬지. 즉시 도망치더군. 내 모험과 위업은 여전히 진행중 이라네. \""
    },
    {
      "Key": "7f7446a7-db1b-411e-8076-88d5da807652",
      "Value": "\"한 때, 그들은 모두 엘프 처녀였고, 사악한 노예상 네크로맨서에게 붙들려 노예가 되었지. 결국 네크로맨서는 죽었지만, 고문을 당한 포로들의 고통받는 영혼은 뱃머리 조각에 묶여 있었어. 나중에, 권위자 호가 이 조각을 전리품 삼았지. 나는 밴시를 불쌍히 여기고 그들을 돕기로 결심했다네.\""
    },
    {
      "Key": "72682e39-d16e-4726-8d27-1188ea31e9ac",
      "Value": "\"나는 죽음과 관련된 수많은 선원들 신 중 하나를 불러냈고, 그가 불러온 폭풍의 한가운데에서, 그의 죽은 심장에 닿기를 바라며 내가 작곡한 슬픈 노래를 불렀지. 어이없게도 코골아대던 해적들은 한 놈도 깨어나지 않았지! 감돔한 신은 밴시들을 자유롭게 만들었고, 그들은 모두 빛나는 유령 처녀로 변했다네. 오늘날, 그들은 단순히 필멸자의 모습을 취한 채 세계적으로 유명한 합창단에서 노래하고 있다네.\""
    },
    {
      "Key": "08833fb1-e844-4038-8cc8-631460b3d414",
      "Value": "\"하지만 진검을 사용해야 하는 상황이 되자 조금 더 복잡해졌지. 탈출할 때까지는 서커스단과 함께 여행했다네. 그러다가 유명한 선장인 태풍왕이 우리 공연 중 하나를 보려 왔지. 그는 날더러 가짜라고 비난했고, 그러면서 자기 생명보다 더 소중한 무기인 명검 레이피어를 삼키라 시켰지.\""
    },
    {
      "Key": "36b36bc0-2216-454f-81ae-6aadede4a305",
      "Value": "\"나는 관중들이 박수 갈채를 보내는 동안 속임수를 썼다네. 연기 구름 속에서 화려하게 사라졌지. 그 죄인이 제 정신을 차리고 급하게 자신의 소중한 레이피어를 찾는 동안, 나는 이미 파렴치한 행상인에게 그것을 팔아치운 뒤 복수를 피하기 위해 북쪽으로 향하고 있었고. 그 뒤로 나는 남쪽으로 가지 않으려 노력하게 되었다네.\""
    },
    {
      "Key": "226f1478-9dc6-4f7f-abaf-9d6c16cabf48",
      "Value": "\"시간의 여주인 샤이카는 항상 조심스럽게 자기 자신과의 만남을 피했으며, 연못 표면을 가로 지르는 물수제비처럼 시간대를 뛰어 넘었지 – 등불왕이 그녀의 모습을 추리해서 그녀를 속이려 했기 때문이라네. 내가 그의 음모를 파헤친 뒤, 나는 그의 원치 않는 관심을 얻었고, 그 때가 {g|First World}태초 세계{/g}를 떠날 때라고 생각했어. 감사의 뜻으로 {g|Shyka}샤이카{/g}가 나를 위해 포털을 열어줬어. 그러나 내가 거기에 들어서고 나서, 샤이카의 모습이 바뀌는걸 보았지. 그리고 그녀의 자리에는 {g|LanternKing}등불왕{/g}이 서 있었고! 포털의 반대편은 {g|Golarion}골라리온{/g}이 아니라, 그보다 훨씬 위험한 곳이었지.\""
    },
    {
      "Key": "0ac7c420-17ec-4fd3-93bf-9eb1f09be819",
      "Value": "\"새로운 목적을 추구하며 죄악의 시장에 도착했고, 거기서 거래를 시작했지. 거기서 나는 충분한 양의 위험한 호기심을, 그리고 그 꼭대기에 더러운 생각과 4 대 1로 섞은 담배 한 자루를 얹어 떠났다네. 피우기에는 너무 끔찍한 혼합물이었지. 그러나 내가 구입한 것들은 나를 행복하게 하지 않았고. 머지 않아, 나의 호기심과 나의 좋은 친구인 다람쥐 무리가 함께 {g|Eldest}원로{/g}인 {g|LanternKing}등불왕{/g}을 찾는걸 도왔는데, 그 당시 그는 또 다른 원로 {g|Shyka}샤이카{/g}의 모습을 추측하고 찾아가는 식의 더러운 장난을 치던 중이었어.\""
    },
    {
      "Key": "60157470-30b2-4a50-ae0f-9865d3e39377",
      "Value": "\"시로켓이 나를 찾았을 때, 나는 가장 낮은 목소리를 사용해 막 지어낸 언어로 주문을 외웠지. 내 신호에 맞춰서, 코볼트는 모든 담배 자루에 불을 붙였고, 냄새 나는 연기 구름이 공기를 가득 채웠지. 나는 발작하는 척했네. 그게 두 번째 신호였고, 코볼트가 피리 연주를 시작했지. 벙어리 코볼트가 플루트 연주를 하는 걸 들어본 적 있나? 바람이 매우 거칠어졌지. 마침내 폭풍이 생겼고, 이제 끝낼 시간이었 다네! 내 충성스러운 친구인 다람쥐들은 바위에 숨어서 서로 다른 높이로 찍찍대기 시작했지. 그것들을 종합한 효과는 내가 인정할 만큼 무시무시했어.\""
    },
    {
      "Key": "9c3eae2a-2483-4545-b55b-0edae9f81d69",
      "Value": "\"나는, 연기의 구름을 데블 로드처럼 보이게 하기 위해 약간의 마법을 썼소. 우렁찬 목소리로, 그 환영은 내 노력을 치하했고, 내게 '또 다른 과제'를 주었지 – 바로 데블이 우리 세계로 올 통로로 기능할 흑마법서를 만들라는 지시였소. 그 뒤, 바람이 가라 앉았고, 연기도 사라졌지. 그 후로 시로켓은 내 '주인님'의 복수를 두려워하여 감히 내게 손을 대지 않았지. 결국, 데블들은 아주 어리석다네.\""
    },
    {
      "Key": "f79e1e0b-d321-4f58-9f8c-e04af84c1175",
      "Value": "{n}남자가 몸짓으로 당신을 방해합니다.{/n} \"잠깐. 나는 우연의 일치를 믿지 않는다네. 당신이 이미 내 손님인 만큼, 적어도 서로를 알아가야겠지. 내 이름은 블레이크무어네.\""
    },
    {
      "Key": "9f7861ff-4df9-42c1-b5ec-63e71c9e4bd9",
      "Value": "\"이 누추한 곳은 내 작업장이야. 여기서 내 걸작을 만드는 중이라네 – 마도과학적 흑마법서이자, 서예 작품이지. 이걸 주문한 의뢰인은 내 친한 친구, 마르틴 선장이라네... 오, 지금쯤이면 그의 참을성이 바닥났겠군. 계획했던 것보다 훨씬 늦었으니. 나는 그저 마법책이 완벽해지길 바랄뿐이네.\""
    },
    {
      "Key": "29aaaae1-8630-4318-a4c4-979b39762a63",
      "Value": "{n}블레이크무어의 목소리가 떨립니다.{/n} \"하지만 일주일 후에 다시 온다면, 책은 준비가 되어 있을거야... 내가 장담하지.\""
    },
    {
      "Key": "80759cfd-5a59-413e-afd8-bdb082c88b32",
      "Value": "{n}주빌로스트는 이야기를 듣고 끼어들기 위해 입을 열었지만 시도의 무의미함을 깨닫고 입을 닫습니다. 블레이크무어가 말을 끝내자 노움은 한숨을 쉬었습니다.{/n} \"{g|Desna}데즈나{/g}시여, 이 엉망진창을 정리하도록 도와주십시오! 이야기의 절반은 믿을만한 사실로 만들어졌고 다른 절반은 그 자체로 거짓이야. 심지어는 {g|First World}태초 세계{/g}와 관련한 이야기는 본질적으로 말도 안되는 것들 뿐이라고!\""
    },
    {
      "Key": "505db21f-7ad3-42a8-bbb1-352f1d866029",
      "Value": "{n}아미리는 의심스럽게 이야기를 듣지만 결국 그녀는 웃음 소리를 냅니다.{/n} \"그 술집에 있는 모든 맥주를 마셨던 자가 밝혀졌군! 우리 부족은 거기서 머물곤 했는데, 맥주 한 방울도 안남고 매머드의 엄니도 부러져 있던 때가 있었어. 그러나 늑대 주인에 관한 것은... 거짓말이야. 그들은 늑대 인간이 아니야. 알아챘어야 했는데!\" {n}아미리는 도움을 바라는 것처럼 주저하며 당신을 뒤돌아 봅니다.{/n}"
    },
    {
      "Key": "f8bcd6d6-c521-4b3a-8a0d-31b389c61363",
      "Value": "{n}하림은 거의 감탄하듯 고개를 저었습니다.{/n}가끔씩 당신을 방문 할 수 있도록 허락해 주시게. 블레이크무어. 나는 이런 무용담을 들은 적이 없다오. 나는 이 일들의 결말이 슬프게 끝나는 것을 보아야만해.\""
    },
    {
      "Key": "d9aad5e9-09b5-444e-84a5-f9a41bb0613b",
      "Value": "\"대단히 기쁘다네. 고귀한 드워프여! 그러면 내가 {g|Groetus}그로투스{/g}와 만났던 이야기를 해줄까. 나는 그로투스에게 거의 빠져들뻔했다는 사실을 인정해야겠지. 어느 누가 종말의 신에게 그런 훌륭한 유머 감각이 있을거라 생각하겠나!\""
    },
    {
      "Key": "026e4d6b-7bb8-4533-808b-cf5fbf36e8f6",
      "Value": "{n}칼리케는 블레이크무어의 이야기를 주의 깊게 들으면서 눈을 동그랗게 뜨고는 손뼉을 칩니다.{/n} \"정말 대단하네요! 그래서 '죄악의 시장'은 무엇인가요? 거기서 호기심을 산다는 게 사실인가요? 그리고 당신의 다람쥐 친구들은 말을 할 줄 아는 마법의 생물인가요? 복슬복슬하고 귀여운가요? 블레이크무어씨는 똑똑하고 멋지네요. 실례가 안된다면 당신의 모험담을 조금만 더 들려주실 수 없나요?\""
    }
  ]
}