{
  "$id": "1",
  "strings": [
    {
      "Key": "72ef3616-fa32-449c-a2be-5953563b3191",
      "Value": "\"그래, 맞아. 이 세상은 혼돈에 빠지겠지만, 그 때 내 곁에 네가 있어줬으면 좋겠어. 언제나 말이야.\""
    },
    {
      "Key": "9f9ffeca-0d4a-4684-8435-87d01a4c57f7",
      "Value": "\"있잖아, 지금 당장 내가 너에게 아내이자 동반자가 되어달라고 청혼하지 못하는 건 단지 적당한 꽃이나 선물이 없기 때문이야.\""
    },
    {
      "Key": "a88848ad-327d-46ca-a071-596bd5f32115",
      "Value": "\"용서해, 네 사랑은 못 돌려주겠어.\""
    },
    {
      "Key": "0e3575f6-dc0e-43bd-b2aa-4aaa8f6cc0a8",
      "Value": "\"너희 모두를 아내로 삼을 준비가 됐어. 너희가 허락해준다면, 지금 당장이라도 말이야.\""
    },
    {
      "Key": "eb0370e4-450b-44cb-a102-6f28b9478b21",
      "Value": "\"너희 없는 삶은 상상할 수 없어.\""
    },
    {
      "Key": "935017a8-d388-4f02-8e6f-9de4bcc73378",
      "Value": "\"내 미래는 전부 네 거야, 카네라.\""
    },
    {
      "Key": "26e09228-82ef-4d87-ad67-bcfd49345899",
      "Value": "\"내 미래는 전부 네 거야, 칼리케.\""
    },
    {
      "Key": "d618847c-60dd-4d48-ad3c-4d329789bcac",
      "Value": "\"너희를 화나게 하고 싶지는 않지만, 너희와 나는 이제 다른 길로 갈라서야 해.\""
    },
    {
      "Key": "ca55e3f2-7abd-4028-97b7-cb5b057a5100",
      "Value": "[칼리케에게 키스합니다]"
    },
    {
      "Key": "2a0f79aa-7fd5-4e9f-bbf8-8f937b029158",
      "Value": "[칼리케를 안습니다] \"모두 잘 될거야, 날 믿어.\""
    },
    {
      "Key": "b3e4c26d-c59c-4237-9850-33a13c2511ee",
      "Value": "\"너야말로 내 아내가 되어 줄 사람이야, 카네라.\""
    },
    {
      "Key": "2329bddb-d560-4110-846f-cebfd21b845a",
      "Value": "\"가장 소중한 보물, 네가 늘 나의 곁에 있어주길 바라.\""
    },
    {
      "Key": "1b9aa33d-a371-46d9-b9d1-a4c1665d65aa",
      "Value": "\"우리 관계를 계속하고 싶지 않아.\""
    },
    {
      "Key": "d042f287-4772-4b05-88e3-256cb18482af",
      "Value": "\"나와 결혼해줘.\""
    },
    {
      "Key": "5338c638-13f3-46a6-9ead-4a9da78b976d",
      "Value": "\"너를 사랑해. 언제나 함께 있고 싶어!\""
    },
    {
      "Key": "76c7ef2b-a079-47f0-a42f-ba20c5a473d1",
      "Value": "\"그가 정말로 우리를 이대로 내버려둘 거라고 생각해?\""
    },
    {
      "Key": "c08950c1-8a01-419c-ab76-2e850d870280",
      "Value": "\"정말 모든게... 정말로 끝난 거야? 우리는 자유야?\""
    },
    {
      "Key": "fe89857c-9680-4ea2-b065-f0f347ffa251",
      "Value": "{n}칼리케는 눈을 감고 잠시 아무 말 없이 서있습니다.{/n} \"카네라... 언니... 우리는 이제 헤어지는구나. 영원히.\""
    },
    {
      "Key": "5bfa992e-cde9-43b7-9011-cdf0866cbccd",
      "Value": "{n}카네라는 그녀답지 않게 멍한 눈으로 가만히 서있습니다.{/n} \"칼리케가 없어! 내 멍청한 여동생이 가버리다니! 이제 다시는 만날 수 없겠지!\""
    },
    {
      "Key": "083484bf-eeff-4a8b-baa0-ac75fd058d3f",
      "Value": "{n}칼리케가 눈을 떠 당신을 바라봅니다.{/n} \"카네라와 그 영혼이 지옥의 운명에서 벗어나지 못했다는 건 언제나 알고 있었어. 난 진심으로 언니를 그 운명에서 구해내고 싶었지만, 강이 바다로 흘러가는 걸 막을 수 있는 사람은 없는 법이지. 나는... 아니, 이젠 됐어. 고마워, {name}. 나에게 해준 모든 것이 말이야. 그리고 이제는 너를 도와주고 싶어. 가자! 등불왕과 그의 저주쯤은 아무 것도 아니야!\""
    },
    {
      "Key": "7a4d5dbd-af81-4823-8bc0-3b743670662d",
      "Value": "{n}칼리케는 주먹을 쥡니다.{/n} \"난 반드시 모든 걸 바로잡을 방법을 찾고 말테야. 그러기 위해서 지옥에에 가야 한다고 해도! 하지만 아직은 아니야. 지금은 너를 돕고 싶어, {name}! 여기까지 나를 도우러 와줬잖아. 이제 나도 그 보답을 해야지. 네 곁에서 등불왕과 그 졸개들에 맞설거야. 가자!\""
    },
    {
      "Key": "7003d637-2e89-46e8-864a-e6c484ea8d69",
      "Value": "{n}카네라가 우울하게 웃음짓습니다.{/n} \"우리가 자신을 위해 남을, 그러니까 단 것 중독자 아이들 같은 멍청이들을 희생시키기 시작했을 때 언젠가 이런 일이 생길 거라는 걸 짐작했어야 했나봐. 뭐, 적어도 난 지금 후원자들로부터는 해방됐지. 그게 지옥이든 신격이든 말이야. 이제 내 운명은 내가 결정할 수 있어. 망할 놈의 세상은 엿이나 먹으라지. 고마워, {name}. 나를 돕기 위해 정말 많은 걸 감수했잖아. 지금의 결과는 다 네 덕분이야!\""
    },
    {
      "Key": "245340ba-ef33-4e17-b540-6c316c65cf84",
      "Value": "\"어쩌다 일이 이 지경이 되도록 내버려뒀을까? 괜찮아, 내가 모든 것을 바로잡을 방법을 찾겠어! 하지만 먼저 등불왕을 물리치고 왕국을 구해야 해, {name}...\" {n}카네라는 정신을 가다듬으며 한숨을 쉽니다.{/n} \"얼마나 고마운지 몰라. 네가 이 모든 위험을 무릅쓰고 여기에 와주어서 말이야. 이제 네가 필요로 할 때 내가 너를 도와줄게, 무슨 일이 있더라도!\""
    },
    {
      "Key": "7bcee7f2-4405-4d7c-a086-8598e55c6e58",
      "Value": "{n}카네라가 우울하게 웃음짓습니다.{/n} \"정말 대단한 일이야. 우리 가여운 증조부가 드디어 죽었어! 내가 새 계약을 제시해서 가지고 놀 생각을 하자마자 말이야... 자, 이제 이야기 하나가 끝난 것 뿐이야. 세상은 넓고 말이지. 나는 나를 인정해 줄 새로운 장소를 찾을 거야. 고마워, {name}, 그리고 칼리케도 안녕! 난 이제 간다.\""
    },
    {
      "Key": "927c45cf-c5ed-4246-a641-cea837ed2f29",
      "Value": "{n}칼리케가 손으로 머리를 쓸어넘기며 안도의 한숨을 쉽니다. 그러나 당신은 그녀의 행동에서 뭔가 심상찮은 느낌을 받습니다. 그녀가 카네라를 향합니다.{/n} \"카네라, 이제 끝났어. 이제 영혼 포식자도, 우리 인생을 비참하게 만들던 데블도 없지. 심지어 네서스의 전령도 우리한테 흥미를 잃은 것 같으니까. 이제 언니도 원하는 대로 살 수 있어. 난 이제 떠날게.\""
    },
    {
      "Key": "825d5b3c-d4fa-4dd9-bc18-618c6441953a",
      "Value": "{n}카네라가 칼리케의 손을 잡고, 당신을 바라봅니다.{/n} \"{name}, 너는 자신의 이익도 내팽개치고, 왕국에 대한 저주와 공격을 견디면서까지 여기에 우리와 함께 해줬어! 이건 정말... 감동적이야.\""
    },
    {
      "Key": "2bf24302-68a5-47f7-b823-09f470118145",
      "Value": "\"자유라, 얼마나 재미있는 단어인지! 난 자유란 말의 뜻도 궁금해본 적이 없는데 말이야...\""
    },
    {
      "Key": "160fe975-0f5a-4c32-9649-c8424cf55eb4",
      "Value": "\"카네라, 왜 그러는 거야? 이제 모든 게 괜찮아졌어! 데블도 없잖아, 그리고...\""
    },
    {
      "Key": "250f164a-80e6-45ed-bd64-cf092ec22f8b",
      "Value": "{n}카네라는 화가 나서 손을 휘젓습니다.{/n} \"이 바보야, 네가 아직도 우리가 방금 물리친 데블의 손바닥에서 놀아나고 있다는 걸 모르겠니?!\""
    },
    {
      "Key": "82f2dda3-17dc-4379-841e-48ed7f06075b",
      "Value": "\"하지만 여기 너희 둘이 있잖아.\" {n}카네라의 말투가 약간 누그러집니다. 그녀는 동생을 슬픈 눈으로 바라봅니다.{/n} \"칼리케, 아르카노데인이 옳았어. 우리가 함께 있으면 더 힘들어져. 너는 내 '냉철한 통찰력'을 못 견뎌하잖아. 나 역시 네 바보짓에 질렸어. 매번 나한테 상처만 주는! 너에겐 이제 {name}이 있잖아. 네 사소한 변덕까지도 받아주는 완벽한 후원자가. 나도 더 나은 삶을 찾아나서겠어. 그럼 안녕!\""
    },
    {
      "Key": "8996f474-05ed-4272-9ac7-406a3870a8cc",
      "Value": "\"데블은 단지 언니가 갈 방향을 정할 뿐이야. 하지만 내 친구들을 서렌레이의 광신도에게 넘겨주려한 게 데블은 아니었어. 또 내 친구들을 영혼 포식자의 먹이로 던져준 것도 데블의 소행은 아니었지!\" {n}칼리케는 호흡을 가다듬습니다. 다소 진정한 것 같습니다.{/n} \"언니에게 늘 좋은 일만 있기를 바라. 하지만 아르카노데인이 옳아. 우리는 떨어져 지내는 게 나아. 언니는 여기, 강력한 후원자의 보호 아래 지낼 곳을 찾았지. 하지만 난 아니야. 그게 내가 떠나는 이유야. 나의 사람을, 내가 어울릴 수 있는 장소를 찾아나설 거야. 잘 지내!\""
    },
    {
      "Key": "5749e1c5-9728-4d4b-8f81-334146732176",
      "Value": "\"그가 달리 무얼 할 수 있었겠어? 아르카노데인이 단순히 강력한 초자연적 존재에 불과했다면 선조도 싸워봤을 거야. 하지만 신의 전령, 그것도 네서스처럼 예측할 수 없는 신의 전령을 공격하는 건... 아니, 공격은 고사하고 그냥 그녀의 결정에 반대하는 것 조차도 영리한 행동은 아니지, 하하!\""
    },
    {
      "Key": "2448df84-11d8-4141-84f1-8850c43ab50e",
      "Value": "\"카네라가 말하려던 건 우리가 영원히 고마워할거란 거였어! 지금부터, 네 슬픔은 우리의 슬픔이고, 네 원수도 우리의 원수가 될 거야. 후원자가 필요해서가 아니라 우리에게 네가 가장 소중하기 때문이야!\""
    },
    {
      "Key": "30ef1df4-9d33-4db8-96f9-85560015c0b9",
      "Value": "{n}카네라는 우울하게 웃음짓습니다.{/n} \"그럼, 동생아. 우리 서로를 괴롭히지 않고 지내도록 노력해볼까?\""
    },
    {
      "Key": "aa3d8cde-a9c7-48f7-bb73-904a400f62b4",
      "Value": "\"해보겠어. {name}, 우리에게 기회를 줘서 고마워. 그 기회를 어떻게 사용할지는 이제 우리에게 달린 일이지. 그럼 가자. 훨씬 더 암울한 전투가 우리를 기다리고 있어...\""
    },
    {
      "Key": "b3a36cbe-3103-4b06-a9bd-55e6c54432cc",
      "Value": "\"이야기하고 싶은 게 또 있는데...\" {n}카네라가 칼리케를 의미심장하게 앞으로 밉니다.{/n} \"어서, 이 바보 멍청아. 말하라고!\""
    },
    {
      "Key": "d072e97c-f623-49b9-95c9-3ae22824b5c8",
      "Value": "{n}칼리케는 마치 차가운 물로 뛰어들기라도 하는 것마냥 숨을 깊이 들이쉽니다.{/n} \"저기, {name}... 이런 얘기를 하기 좋은 때는 아니겠지만, 다음에 얘기할 기회는 없을 것 같아서. 모든 게 혼돈 속으로 빠져들고 있고, 너도 늘 다른 고민거리가 많을 테니까 말이야...\""
    },
    {
      "Key": "4aaa8533-3f9e-4e51-aec1-8ed1533c3a0d",
      "Value": "\"대단한 이야기구나! 미쳤어... 잠깐 생각할 시간 좀 줄래, {name}?\""
    },
    {
      "Key": "361d4a9f-a554-4247-87cf-242e5afab0d1",
      "Value": "\"아니. 왜 지금이야? 그럴 수 없어. 나는...\""
    },
    {
      "Key": "c8ef23ac-7941-453c-81da-91f2a8277f5f",
      "Value": "\"이 멍청이가... 성질나게 하지 마. 우리 방금 화해했잖아! 네가 말 안할거면 내가 할게.\""
    },
    {
      "Key": "91ed8b57-6b37-45c8-b6d0-ea0417d55815",
      "Value": "\"아니! 괜찮아... 내가 말할게. {name}, 난 오랫동안 앞날에 대해 생각하는 걸 포기했었어. 그래서 앞날에 대해 뭐라 말해야 할지 잘 모르겠어.하지만 이걸 인정하는 게 두렵진 않아. 너는 나에게 단지 친구나 후원자 이상이야.\""
    },
    {
      "Key": "cfa07019-6b49-44bd-958c-25f48b0c7510",
      "Value": "\"하지만 내가 말하고 싶던 건... 아주 오랫동안 나는 사랑, 행복, 미래 같은 건 아예 생각하지 않으려 해왔어. 하지만 지금은 너 덕분에 더 이상 과거의 그림자에 연연하지 않게 되었지. 지난 몇 년 동안 내 삶이 꼭 목에 올가미를 채운 것 같은 느낌이었다면, 이제 그 올가미는 모두 사라졌어. 전에 너는 내가 친구나 동료 이상의 존재라고 말해준 적이 있잖아. 궁금해, 지금도 그렇니?\""
    },
    {
      "Key": "2e1b3b1e-c297-4733-9fdf-b2623e2f280a",
      "Value": "\"하지만 솔직히 말해서, 나는 우리가 더 가까워질 수 없다고 생각해. 우리가 등불왕을 처리하고 나면, 나는 너와는 다른 길로 가겠어. 많이 화내지는 않을거지, 그렇지?\""
    },
    {
      "Key": "b5b94f3d-d4d0-4a21-af9c-ce506eb738f4",
      "Value": "\"네게 말하고 싶은 게 있어, {name}. 너와 나이리사는 이제 친밀한 사이잖아. 내가 빠져줄게. 가 친해진 이후 나는 너에게서 떠나기로 했어.안그랬다가는 자다가 나무덩굴로 목이 졸리기라도 할 것 같단 말이야!\""
    },
    {
      "Key": "41fe6f52-0ee5-4258-9a7c-aeda15598620",
      "Value": "\"시는 도대체 어디 있어? 나는 사랑의 시로 고백하는 걸 기대했단 말이야! {name}, 너는 언젠가 칼리케에게 우리 둘 없이는 살 수 없을 것 같다고 했지. 이제는 더 이상 우리를 쫓는 데블도, 영혼 포식자도 없고, 저 주제넘게 구는 페이 군주만 물리치면 돼. 지금이야말로 우리 함께 미래에 대해 생각해볼 시간이 아닐까?\""
    },
    {
      "Key": "545fa036-3a8f-4c0d-af43-fbf32a8440ad",
      "Value": "{n}칼리케는 몸을 떨지만 달리 할 말을 찾지 못한 것 같습니다.{/n}"
    },
    {
      "Key": "8935ed86-405c-4198-a771-dd3c573c1baa",
      "Value": "\"진심이야?! 흥! 약속은 약속이니까 등불왕을 물리치는 건 돕겠어. 하지만 다시는 내 침실 문턱을 넘을 생각도 말라고! 가자, 멍청이 동생아.\""
    },
    {
      "Key": "a126a6d3-b758-4ddc-8073-485b23884698",
      "Value": "\"믿을 수 없어! 방금 내 동생한테 헤어지자 해서 애를 울려 놓고, 나보고 그 자리를 메꾸라고? 진심으로 하는 소리야?!\""
    },
    {
      "Key": "44562347-835e-4cdc-92d2-e48ba57019b5",
      "Value": "\"방금 카네라와 그렇게 되자마자 나한테 이 얘기를 한단 말이야?\" {n}칼리케는 충격을 받은 듯 말을 멈춥니다.{/n} \"너에 대한 내 감정이 어떤지를 떠나서, 네가 우리 언니를 이런 식으로 대하게 할 수는 없어.\""
    },
    {
      "Key": "fa86ea6f-6007-4ac4-8202-e931d2335c0c",
      "Value": "\"봐, 칼리케. 무서워할 것 없다니까!\" {n}카네라는 자신에 차서 말하지만, 눈빛에서 의심을 감추지는 못합니다.{/n}"
    },
    {
      "Key": "3bd141b0-4bb2-4bf3-832d-4326c52aec93",
      "Value": "{n}당신은 칼리케의 뺨에 눈물이 흘러 그녀의 입술, 그리고 당신의 입술 위로 흐르는 것을 느낍니다. 하지만 그녀는 부드럽고도 열정적으로 당신의 키스에 답합니다.{/n} \"가자. 이제 우리의 집, 우리의 고향을 위해 싸울 시간이야...\""
    },
    {
      "Key": "5f79ecdb-c045-4505-983a-6a438e67f297",
      "Value": "{n}칼리케는 한 손으로는 당신의 손을, 다른 손으로는 카네라의 손을 쥡니다.{/n} \"우리는 함께야. 그리고 무슨 일이든 견뎌낼 거야. 이제 나는 아무 것도 두렵지 않아. 우리는 두렵지 않아!\""
    },
    {
      "Key": "97996734-57d1-4ec4-91d7-22bfeeca5bd5",
      "Value": "{n}칼리케는 손으로 얼굴을 감쌉니다.{/n} \"지금 울어버리고 싶어. 그만, 칼리케, 지금은 아니야! 우는 건 미뤄두겠어. 우리가 승리해서, 모든 것이 괜찮아질 때 까지는.\""
    },
    {
      "Key": "e96b36fc-8b27-4207-8e73-4385e2183550",
      "Value": "\"끔찍하네! 이 바보가 왕후라고? 왕후께서 안 그래도 형편없는 이 왕국에 무슨 짓을 더 저지를지 생각만 해도 겁나는걸. 어서, 이 바보야, 좋다고 해! 날 실망시키지 말고!\""
    },
    {
      "Key": "df9d91af-632d-4164-9af1-72cb6a15e5ae",
      "Value": "{n}칼리케가 당신을 끌어안습니다.{/n} \"자, 이제 기뻐하는 건 여기까지만이야. 이제 잃어버릴 무언가가 생겼다는 게 두려워. 너와, 함께할 우리의 집이 안전해지는 걸 한시라도 빨리 보고 싶어...\""
    },
    {
      "Key": "90420827-0769-4f29-ab13-c02a99894926",
      "Value": "{n}칼리케는 깊은 한숨을 쉽니다.{/n} \"예상한 대로구나. 미안해... 귀찮게 해서!\""
    },
    {
      "Key": "6191c058-dafe-4eae-8cc9-c8f2d8bf8a72",
      "Value": "\"놀랍네. 지금은 혼란의 시기잖아. 태초세계는 가엾은 네 왕국을 집어삼키려 들고 있고... 그런데 왜 나는 더 강해지고 자유로워 진 것 같은 기분이 드는 걸까? 과거의 짐을 떨쳐버려서? 아니면 사랑에 너무나 깊이 빠져서?\" {n}카네라는 당신의 손을 아프도록 움켜쥡니다.{/n} \"말해봐. 아무 말이라도!\""
    },
    {
      "Key": "fa9a0e2a-90c3-47ba-8efa-94e981f6eda2",
      "Value": "\"지금 좀 이야기하고 싶은게 있어. 우리 둘 다 죽은 뒤라면 너무 늦을 테고, 우리가 완전히 승리한 뒤라면 그것대로 좀 부적절할 것 같거든... 난 수도에서 우리가 이야기했던 걸 기억해. 너는 동료가 되자고 하면서, 우리가 동료가 되면 얼마나 많은 걸 이뤄낼 수 있을지 이야기했었어. 이제 과거의 짐은 떨쳐버렸으니, 너에게 다시 묻고 싶어. 제안은 아직 유효한 거야? 네 대답과 상관 없이, 나는 언제까지나 너를 따를거야... 하지만 페이 군주와 싸울 때 마음 속에 작은 소망이 있다면 훨씬 더 기쁘겠지!\""
    },
    {
      "Key": "6609d334-5d58-4c96-a995-b75a5cdeb283",
      "Value": "{n}카네라의 눈에서 진짜배기 지옥불이 활활 타오르는 듯 합니다.{/n} \"지금 할 말이 고작 그거야? 좋아. 내가 매달릴 거라고 생각하지는 마, 그럴 일은 없을테니. 대화는 끝이야!\""
    },
    {
      "Key": "e3617cf7-d900-4d88-a7ce-d7266af79b10",
      "Value": "{n}카네라가 승리의 미소를 짓습니다.{/n} \"멋져. 네가 옳았다는 걸 증명하겠어. 이제 가서 싸우자. 우리의 왕국을 위해!\""
    },
    {
      "Key": "2d72bab8-7376-4793-9418-b1a30300d54f",
      "Value": "\"그렇다면 이제 할 일은 하나야. 우리의 왕국을 지키자! 그리고 난 준비됐어. 네가 옳았다는 걸 증명하겠어!\""
    },
    {
      "Key": "f8d25457-40a5-426c-8e9b-00c648fa08bc",
      "Value": "{n}카네라는 눈을 크게 뜹니다.{/n} \"들어봐, 진짜 문제가 하나 있다니까. 이 뿔에 맞는 왕관은 없을 텐데 어쩌지!\" {n}목소리의 웃음기에도 불구하고, 그녀의 반짝이는 눈빛은 많은 것을 이야기하고 있습니다. 그녀가 한 걸음 다가와 당신의 가슴에 얼굴을 파묻습니다.{/n} \"지금 죽어서는 안 돼. 그 등불왕 개자식에게 모든 걸 빼앗겨서도. 난 전에 한 번 죽어봐서 죽는 기분이 어떤지 잘 알아... 그래서 다시는 죽고 싶지 않아. 그러니, 가서 우리가 할 수 있는 걸 그 녀석에게 보여주자, 우리 자신을 위해!\""
    },
    {
      "Key": "46765862-64f5-4e87-a676-0ce27f11632d",
      "Value": "{n}카네라는 크게 한숨을 쉬고는 손을 들어 허공에 연달아 불을 쏟아냅니다.{/n} \"좋아. 이제 등불왕을 상대해야겠지! 감히 너를 해치려드는 그런 녀석은 잿더미로 만들어버리고 말겠어.\""
    }
  ]
}