{
  "$id": "1",
  "strings": [
    {
      "Key": "0693472d-8a27-47d2-8f03-738aac2331c8",
      "Value": "\"벌써부터 긴장 풀지는 마. 아직 해야할 일이 많이 남아있어. 조금만 쉬었다 다시 출발해야해.\""
    },
    {
      "Key": "108af6c7-abcb-40c2-be51-8ba341ca1bb6",
      "Value": "\"좀 쉬어, 넌 그럴 자격이 있어!\""
    },
    {
      "Key": "4420bc0b-551e-4e7c-af4c-9ab57157c547",
      "Value": "\"솔직히 말하면, 여기 음식은 별로야...\""
    },
    {
      "Key": "2d0205e4-7d7e-4afc-a5ec-9e5c93e49d8e",
      "Value": "\"맞아! 네 아름다움이 나에게 손짓하지 않았다면, 기술 연맹 야영지를 찾지 못했겠지!\""
    },
    {
      "Key": "5c1b57d6-18e5-44a7-99fd-616205ff3e24",
      "Value": "\"무슨 소리야? 우리는 친구잖아!\""
    },
    {
      "Key": "d07d5eb6-f037-4284-a341-121dd2c29116",
      "Value": "\"그건 좀 지나친데. 내 일행에 당신을 받아준건 싸우기 위해서지, 치근덕거리라고 받아준 게 아니야!\""
    },
    {
      "Key": "efe64f01-7915-4d44-9a12-3b6f4612c492",
      "Value": "\"내가 너에게 신경써주는건 네가 지금 내 일행이기 때문이야. 앞으로 전투에서 서로 구해줘야 할테니까.\""
    },
    {
      "Key": "8efd701b-d3cd-4da1-8aa3-9ed2a9edc64d",
      "Value": "{n}기쁜 미소를 지으며, 옥타비아는 올렉의 교역소에서 풍기는 냄새를 들이마십니다. {/n} \"갓구운 빵 냄새에요! 믿을 수가 없어요... 내내 감옥에 갇혀 진흙에 기어다니고 있었는데, 세상에 신선한 빵을 굽는 장소도 있었다니!\""
    },
    {
      "Key": "0847811d-c855-4f93-80ae-2a7d8c526255",
      "Value": "\"그리고 우리가 그곳에 왔네요! 아마 깨끗한 이불도 있겠죠! 어쩌면 목욕도 할 수 있을지도? 하 하 하, 꿈 정도는 꿔봐도 되지 않겠어요!\""
    },
    {
      "Key": "44f3b6fd-0cdd-4b15-acc0-1579ce16385d",
      "Value": "\"알아요. 안다구요. 하지만 분위기를 망치진 말아줘요. 레그와 내가 도망치고 나서, 이런 궁전 같은 곳에서 잠을 자본지가 일년만이란 말이에요. 우린 {g|Hajot Hakados}하조쓰 하카도스{/g}까지 갔었는데... 거기서 잡히고 말았죠.\""
    },
    {
      "Key": "fe990fc8-bea9-4da2-a376-72a23f6e2b79",
      "Value": "\"좋아요, 잡담은 그만하도록 해요! 갓구운 빵과 깨끗한 이불이 우릴 기다린다!\""
    },
    {
      "Key": "37776770-3147-4713-96cb-e6fb1c8333d1",
      "Value": "\"그점은 걱정말아요! 이때까지 못잔 잠을 몰아서 잘꺼에요 - 그리고 입이 빵빵해질 때까지 빵을 쑤셔넣을꺼니까!\""
    },
    {
      "Key": "ba492722-8f9a-420d-853d-58a1622153ec",
      "Value": "\"비교대상이 뭐냐에 따라 다르죠! {g|Technic League}기술 연맹{/g}에서 먹던 꿀꿀이죽에 비한다면야, 왕실 만찬이나 다름없죠!\""
    },
    {
      "Key": "ed518b46-a93f-4748-ac3d-6501c3928c3d",
      "Value": "\"당신은 우리에게 너무나 잘해줘요! 원래 친절한 성격이라서 그런가요? 아니면 혹시...\" {n}하프 엘프는 추파를 던지듯 미소짓습니다.{/n} \"혹시 내 미모에 반해서?\""
    },
    {
      "Key": "c20a2c66-1ef3-45fe-a31c-909ada92a54b",
      "Value": "\"농담이에요, 농담! 하하하, 심각하게 받아들이지 마세요!\""
    },
    {
      "Key": "744b4424-7282-4d18-aeb2-f22d697e572b",
      "Value": "{n}옥타비아는 소란스럽게 웃습니다. 잠시 동안, 친근함 이상의 무언가가 그녀의 눈에 번뜩입니다.. {/n} \"오, 당신은 정말 다정해요!\""
    },
    {
      "Key": "4348d3c8-5a89-4b55-8271-417306d7f7d0",
      "Value": "{n}옥타비아는 따뜻하게 웃습니다.{/n} \"그래요. 고마워요.\""
    },
    {
      "Key": "19528729-fc7a-49ec-b1ba-be11d00ca412",
      "Value": "\"잠시 싸움은 잊어버려요! 우리 모두 휴식이 필요하다고요, 특히 당신은 더 그래요!\""
    }
  ]
}