{
  "$id": "1",
  "strings": [
    {
      "Key": "19cce330-aed0-41a4-8b67-3bec7e61dc11",
      "Value": "\"안녕하신가, {mf|남작|여남작|왕|여왕}. 이곳은 좋은 땅이오. 숙련된 전사들이 도처에 많이 있지. – 늙은 바라스크의 무기를 찾는 고객들이기도 하오. 나는 주변에 많은 절단자들이 있는게 좋소. 이렇게 뛰어난 전사들과 함께라면, 나도 여기서 살 수 있을 것 같군.\""
    },
    {
      "Key": "d8630ca6-8e87-4767-b29a-0de049acf7ab",
      "Value": "\"안녕하신가! 당신의 군대는 아주 강력하오, {mf|남작|여남작|왕|여왕}. 또한 당신은 적국의 은밀한 첩보원들이 날벌레들처럼 당신을 주시하고 있는 걸 파악했을 것이오. 그래도 소소한 도움 정도라면 나쁠 건 없겠지, 안그렇소?\""
    },
    {
      "Key": "18267f37-7410-4250-b896-e61e0d2a51e4",
      "Value": "\"이것을 받으시오. 나의 선물이요. 좋은 놈으로 골랐다오!\""
    }
  ]
}