{
  "$id": "1",
  "strings": [
    {
      "Key": "5488543d-894b-432a-870c-f65b696ec880",
      "Value": "\"너에 대해 더 알고 싶어.\""
    },
    {
      "Key": "6e98632c-9a5b-4b0f-b826-fb8fff47e149",
      "Value": "\"하루 줄 테니 내 영지를 떠나라.\""
    },
    {
      "Key": "16d7cdc1-c638-40ba-b27e-4a710baf5cb8",
      "Value": "\"네 능력에 대해 말해줘.\""
    },
    {
      "Key": "bd699b7a-7f90-490b-b17b-9f17a725799e",
      "Value": "\"너에 대해 말해줘.\""
    },
    {
      "Key": "ebf0233d-00bd-4644-999f-66df7467aef7",
      "Value": "\"너의 도제들에 대해 말해줘.\""
    },
    {
      "Key": "7e0acc16-c2d6-495e-8fea-1e849d65b304",
      "Value": "\"그건 나중에 얘기하지.\""
    },
    {
      "Key": "0f7c3828-d692-49e0-af41-3a2933591260",
      "Value": "\"네 조수 중 한명이 사라졌다는 얘기를 들었어.\""
    },
    {
      "Key": "8b879c00-c8dc-4c53-8bf0-b65a23b27c7e",
      "Value": "\"이 위험한 물건은 치워버려. 이게 네 조수의 정신을 오염시켰어.\""
    },
    {
      "Key": "61fc8a31-57e4-4de5-bd15-de163ffc9a99",
      "Value": "\"사르테인이 죽었어. 자신의 아버지의 복수를 꿈꾸고 있더군.\""
    },
    {
      "Key": "e8939990-99ed-457a-a158-2846d5e66ae1",
      "Value": "\"사르테인이 너에게 갚아줄게 있더군. 그를 풀어줬다.\""
    },
    {
      "Key": "efa073d2-b588-4389-88c8-3bfc8fab4c79",
      "Value": "\"네가 판 물건들이 저주받았어. 어떻게 된 일인지 설명해봐.\""
    },
    {
      "Key": "1d9ec33e-5005-40ad-8404-464cf4512013",
      "Value": "\"요즘 대장간은 어때?\""
    },
    {
      "Key": "d20145dd-cc08-467f-a929-73450349a85b",
      "Value": "{n}중무장한 {d|Nazriel}나즈리엘{/d}은 의심스러운 눈초리를 보내고 있지만, 그녀의 목소리는 충분히 환영하는 것처럼 들립니다.{/n} \"어서 오세요! 제 도제 사르테인이 이제 막 짐을 푼 참이지만, 저는 이미 일을 하고 있습니다. 그 덕에 당신을 모시니 오히려 좋네요!\""
    },
    {
      "Key": "10c0da23-2677-4e18-b35e-349acc62d63f",
      "Value": "{n}{d|Nazriel}나즈리엘{/d}은 눈도 깜빡하지 않고 당신을 봅니다. 마치 올빼미 같습니다.{/n} \"제가 도와드릴 일이 있나요?\""
    },
    {
      "Key": "3856f2e6-0fee-4a89-b903-f54623ddaff4",
      "Value": "{n}이번에 {d|Nazriel}나즈리엘{/d}은 다르게 보입니다. 그녀의 눈은 여전히 불타오르고 있지만 표정은 겸손하고 순종적입니다. 그녀는 어깨가 축 늘어져 있고 뺨에는 멍이 들었습니다. 그녀의 목소리는 조용하고 굽실거립니다.{/n} \"어서 오세요. 사르테인 주인님은 지금 바쁘십니다. 대신 제가 최선을 다해 모시겠습니다.\""
    },
    {
      "Key": "4d5b03b5-c33d-4e42-9052-dcb172d1d0f0",
      "Value": "{n}나즈리엘은 눈을 깔고는 입술을 깨뭅니다.{/n} \"저는 바람 속의 먼지에 지나지 않아요. 저는 나으리의 관심을 받을 자격이 없답니다.\""
    },
    {
      "Key": "b01a3e73-94c7-45d4-9b37-225325451da2",
      "Value": "{n}나즈리엘은 허리를 펴고 말합니다.{/n} \"이 소식을 주인님께 전하겠습니다. 주인님께서 화가 나시겠군요.\""
    },
    {
      "Key": "c9476068-8b34-41dd-a837-9e8e720d1508",
      "Value": "{n}나즈리엘은 알겠다는 듯 당신을 봅니다.{/n} \"그러니까 계약을 끝내고 싶다고요? 정말 안됐네요. 저처럼 실력 있는 장인은 찾기 힘들 텐데 당신에게는 문제가 되지 않는 것 같네요. 안녕히.\""
    },
    {
      "Key": "03fed43c-d0bc-4ac5-ad3e-6aa9af2898e6",
      "Value": "\"정확히 무엇에 대해 알고싶으세요?\""
    },
    {
      "Key": "6f80d3ce-621e-4496-aaee-cd371075d18c",
      "Value": "{n}나즈리엘은 잠시 당신을 의심스럽게 보고는 불안한 듯 손가락으로 머리를 꼽니다.{/n} \"제 무기가 저를 정의하죠. 저는 어렸을 때부터 무기에 빠졌어요. 저는 집에 삼백자루의 칼이 있고, 그 중 평범한 칼은 한 자루도 없어요. 저는 전문 대장장이가 되고 싶었고, 그래서 쿄닌에서 가장 뛰어난 장인 밑으로 들어갔죠.\""
    },
    {
      "Key": "da0dd69c-23e4-4dc8-83bc-d0795c3b856d",
      "Value": "{n}나즈리엘은 턱을 빼듭니다.{/n} \"제 작품이죠! 평범한 대장장이는 나무 조각에 철 조각을 끼워 놓고 만족하겠지만, 저는 달라요. 저는 무기의 말을 듣고 무기에게 말을 걸죠. 무기에 피와 폭력을 향한 열망을 불어넣어요. 제 검을 든 병사는 더 이상 혼자라고 할 수 없어요. 검과 검을 쥔 자, 두 전사가 전장에 서는 거예요.\""
    },
    {
      "Key": "bb3241fe-666d-479e-ba43-93216ebc21f4",
      "Value": "\"명하신다면 언제든지.\""
    },
    {
      "Key": "89857877-199c-499b-9c76-fb8ef6868a80",
      "Value": "{n}엘프 여성은 손사래를 칩니다.{/n} \"왜 그 멍청이들에게 신경을 쓰시는 거죠? 뭐, 어쨌든 말씀 드릴게요. 심부름을 시키려고 도제를 고용했어요. 제 말에 전적으로 복종하며, 일하는 동안의 모든 어떤 상해를 입더라도 전적으로 감수하겠다는 계약서를 썼죠. 사르테인은 대장일을 돕고 있고, 디타엘은 무기 검사와 심부름을 맡고 있어요.\""
    },
    {
      "Key": "d1fc23ac-1712-41cf-a249-4a280000d0c7",
      "Value": "{n}{d|Nazriel}나즈리엘{/d}의 얼굴이 절망으로 구겨집니다. 잔뜩 겁에 질린 눈을 하고 있습니다. /n} \"{mf|영주님|영주님|전하|전하}... 어인 일로 오셨는지요?\""
    },
    {
      "Key": "8f2f48d9-3176-4fb3-ba66-03cb3f2d9fa2",
      "Value": "{n}나즈리엘은 믿을 수 없다는 듯 당신을 쳐다봅니다. 그녀는 엘프에게선 상상도 못할 방식으로 땅에 침을 뱉고는, 작별 인사를 갈음하며 말하길, {/n}\"가는 길마다 소문을 낼 거예요. 당신 말이 얼마나 무가치한지.\""
    },
    {
      "Key": "3609890b-619a-433a-b853-e6b9526f7de8",
      "Value": "{n}나즈리엘은 몇 초간 곰곰히 생각에 잠깁니다. 그리고는 천천히 사악한 미소를 띱니다.{/n} \"정말 멋진 날이에요. 감사합니다.\""
    },
    {
      "Key": "913bb521-660c-46d9-ac5f-7593fb5e5e26",
      "Value": "{n}엘프 여성은 조심스럽게 당신의 손에서 칼을 받습니다. 그녀는 예의 바르게 인사합니다. 그녀의 목소리는 꿀처럼 달콤합니다.{/n} \"정말 죄송해요. 어쩌다 이런 일이 벌어졌는지 모르겠네요! 당신에게 불량품을 보낼 생각은 추호도 없었어요! 이래서 품질 관리가 필요한가봐요, 그쵸?\""
    },
    {
      "Key": "822c4b24-d3e0-4715-be67-4e41e807d2d5",
      "Value": "{n}나즈리엘은 찡그리더니 당황한 표정을 짓습니다.{/n} \"당신이 이미 알고 있다니 정말 부끄럽네요, 제 무기에 뭔가 문제가 생겼어요. 그건... 음... 원래 당신에게 보낼 선물이었는데, 디타엘이 그걸 받은 순간 미쳐버리더군요. 갑자기 노발대발하더니 도망을 가버렸어요. 그 불량품 칼에 제 인장이 찍혀있는 걸 다른 사람이 보기라도 하면, 제 평판은 박살날 거예요.\""
    },
    {
      "Key": "b6d87dd5-c063-4792-8359-39bb3412255f",
      "Value": "{n}나즈리엘이 백지처럼 하얗게 질립니다.{/n} \"저주 받았다고요? 오. 세상에... 제가 한게 아니에요! 저는 그런 적 없어요! 그럴리가 없는데! 제 작품은 완전무결하다고요! 제 장인정신을 알잖아요! 제 평생 이런 적은 번도 없었어요! 대체 누가...\" {n}엘프 여성은 할 말을 잃었는지, 입술을 달싹 거리면서도 소리를 내진 못합니다.{/n}"
    },
    {
      "Key": "44c4aa14-4dfa-42d7-81fe-f149fe1c4231",
      "Value": "\"그런데 공방 동료들과... 좀 문제가 있었죠. 몇몇 개자식들이 감히 내 솜씨를 물고 늘어졌어요. 쿄닌을 떠나야만 이 짐을 벗을 수 있겠구나 싶었죠. 어떻게 된 줄 알아요? 그 뒤로 저는 제가 그놈들 보다 몇 수는 뛰어나다는걸 증명하겠다고 다짐했어요! 그 중 두 놈은 제가 쿄닌을 떠나기 전에 이미 대가를 치렀죠. 경쟁을 이기지 못하고 파산했거든요. 제 모든 경쟁은 바로 이걸 노리고 하는 거예요!\""
    },
    {
      "Key": "a58a2bca-05e6-4c90-8301-044dd07a66d5",
      "Value": "\"{mf|영주님|영주님|전하|전하}, 청컨데, 저 좀 도와주세요! 이 멍청이가 그렇게 멀리는 못 갔을 거예요. 제게 검을 가져다주시면 다시는 실망시키지 않을게요! 맹세해요!\" {n}엘프 여성은 입을 다물더니, 무언가 떠올리려는 듯 얼굴을 찡그립니다.{/n} \"아! 제 조수 디타엘도 구해주시면 좋겠어요! 큰 문제가 되지 않는다면 말이죠.\""
    },
    {
      "Key": "ab296bdb-1e8e-44c8-b2ae-3106e1e0df38",
      "Value": "{n}나즈리엘은 목소리를 가다듬었고 이상하게 그녀는 침착해 보입니다.{/n} \"사르테인이에요. 그 녀석, 그 녀석이 내 작품을 망치고 있어요. 걔 말고는 그럴 수 가 없어요. 그 쬐끄만 멍청이가 내 이름에 먹칠을 했어요.\" {n}나즈리엘의 시선에는 차가운 증오만이 남아 있습니다. 그녀의 목소리는 조용하지만 섬뜩합니다.{/n}"
    },
    {
      "Key": "ed082e9f-056f-4b60-994f-b84a2d531add",
      "Value": "\"우리의 계약이 보장하는 저의 권리에 따라 {mf|영주님|영주님|전하|전하}께 청합니다! 사르테인은 당신의 보호를 받는 장인의 명성에 먹칠을 했으니, 그 멍청이를 찾아 죽여 주세요. 그는 수도 근처에 있는 자기 오두막에 숨어있을 겁니다.\""
    },
    {
      "Key": "dded5550-2d7a-4069-acf4-690fbcd63e29",
      "Value": "\"반드시 진상품을 올리겠어요. 부디 조금만 더 시간을 주시길. 제가 사르테인을 시켜 보내는 물건이 진정한 걸작을 받아보실 때까지 기다리는 지루함을 덜어드릴 수 있으면 좋겠네요!\""
    },
    {
      "Key": "0fe714a5-c8e4-4b8d-8ae4-a518f72caab2",
      "Value": "\"물론, 저는 세세한 부분에 무척 신경쓰죠. 칼날의 사면을 더 예리하게 만들면 칼날이 살에 박히는게 아니라 베고 지나갈 수 있어요. 칼 끝의 각도에 변화를 주면, 마치 송곳처럼 미끄러짐 없이 갑옷을 뚫어버리죠. 전 이 모든 걸 무기에게 배웠어요. 이제 제가 좀 달라보이시나요?\""
    },
    {
      "Key": "677ba513-25d2-49ff-ad4f-4cac08be08f4",
      "Value": "\"좋아요! 훌륭해요! 도제들은 해고했어요. 사르테인에게 질려 버렸어요. 물론 제가 더 오래 일하게 되겠지만, 제 대장간에서 벼린 모든 검들에는 제가 책임을 져야 하니 어쩔수 없어요.\""
    }
  ]
}