{
  "$id": "1",
  "strings": [
    {
      "Key": "a9acf1ce-2519-4275-89fb-b029f0634465",
      "Value": "\"전투에서 죽는 것은 진정한 영예다.\""
    },
    {
      "Key": "18e84e05-bc7e-4d69-8d27-5e2f565d3980",
      "Value": "\"전투에서의 죽음보다 더 좋은 죽음은 없어.\""
    },
    {
      "Key": "c54cdfd8-42c0-4707-8e87-8c5fd684da7f",
      "Value": "\"우리 모두는 죽어. 중요한 건 부끄럽지 않고 영예롭게 사는 거야.\""
    },
    {
      "Key": "fa9f44fe-3cce-48bc-9a64-43a1a5ca618e",
      "Value": "\"한 때 나는 죽으려고 했어. 하지만 상황이 변했지.\""
    },
    {
      "Key": "e792ad9e-8777-4a20-84a2-3fc67f04c152",
      "Value": "\"고백하는데 그런 감정은 이해하지 못하겠어. 죽음은 고통과 이별일 뿐이야. 그게 기분이 좋다고?\""
    },
    {
      "Key": "f3a68b54-0a18-4e55-aea4-00381b75402d",
      "Value": "\"죽은 자에게는 영예이겠지. 하지만 슬픈 것은 어쩔 수 없지.\""
    },
    {
      "Key": "f47c96fa-b12a-4e20-a8da-5fa541349956",
      "Value": "\"죽어 봤자 좋은 것 없어. 영예가 사람을 살리지는 못해. 그저 고통을 잊게할 뿐이야.\""
    }
  ]
}