{
  "$id": "1",
  "strings": [
    {
      "Key": "607b422f-5ff0-47b7-9261-9f46f07f41f0",
      "Value": "\"보다카이는 열정과 무의미한 허영으로 무덤을 채웠어. 나는 그것이 파괴된 것을 발견했지.\""
    },
    {
      "Key": "e991dee1-3169-4bf5-a0a1-55a925f8a86f",
      "Value": "\"우리가 같은 생각을 하는 거 같은데. 보다카이는 그렇게 되어도 싸!\""
    },
    {
      "Key": "38f51ab9-27c1-432e-822c-de6a3d299dfd",
      "Value": "\"옳은 감정이지만 이유가 틀렸다.\""
    },
    {
      "Key": "dfeb20e5-5ccc-4f27-ba0e-2d752bfcaead",
      "Value": "\"그리고 그 녀석을 쫓아냈지. 그 녀석은 필요 없어!\""
    },
    {
      "Key": "543ad39d-a447-4e6c-82ca-1ca53c067b8d",
      "Value": "\"여긴 그의 무덤이야. 자기 집에서 주인이 마음대로 해도 상관 없지. 주인이 죽었어도 말이야.\""
    },
    {
      "Key": "318e7a88-84f9-4c63-9f01-78198fa739d4",
      "Value": "\"여긴 그의 무덤이야. 자기 집에서 주인이 마음대로 해도 상관 없지. 주인이 죽었어도 말이야.\""
    }
  ]
}