{
  "$id": "1",
  "strings": [
    {
      "Key": "0ecd8943-173d-4345-ba3a-a483c9b29ef9",
      "Value": "\"당신은 나에게 정말로 상처를 주었습니다..\""
    },
    {
      "Key": "174d35aa-ce5c-4b34-999e-91a90fbdd581",
      "Value": "\"당신에겐 사람을 믿지 않을 이유가 차고도 넘칩니다.\""
    },
    {
      "Key": "c209afd8-8473-47d7-a564-89430ccd3ccd",
      "Value": "[옥타비아를 껴안는다] \"말해줘서 고마워요. 당신을 사랑합니다.\""
    },
    {
      "Key": "0b6d5199-c3aa-4cd2-9a13-e3b0826a5aa9",
      "Value": "[밀어낸다] \"당신이 내게 한 짓을 생각해보면, 당신 말을 믿긴 어렵습니다. 당신이 날 또 시험할 수도 있는거 아닙니까?\""
    },
    {
      "Key": "1c8bbc0d-2197-4d37-9981-ba7602e40ce5",
      "Value": "[밀어낸다] \"이거 압니까? 당신의 게임엔 이제 질렸습니다. 이제 충분합니다. 더이상 참아줄 수 없습니다. 이제 끝입니다.\""
    },
    {
      "Key": "c4349a77-7db4-4f1d-8ecf-e15bd94c6f6a",
      "Value": "\"이게 뭡니까? 또 다른 실험인가요? 사과에 내가 어떻게 반응하는지 보고 싶은 겁니까?\""
    },
    {
      "Key": "727dd20d-7fc0-4260-9dbd-675ee95a7f4f",
      "Value": "{n}옥타비아는 주저하면 당신의 어깨를 건드립니다.{/n} \"들어봐요, 당신에게 해줄 말이 있어요..\""
    },
    {
      "Key": "34d57881-7dfa-471d-9090-bf4ac1263e41",
      "Value": "\"아니요, 그런게 아니에요... 난 사과하고 싶어요. 난 당신을 부당하게 대했어요. 당신을 질투나게 하려했던 모든 유혹들하며... 당신이 얼마나 버틸 수 있을지 시험하려 했던 멍청한 짓들... 잔인하고 멍청했지요. 미안해요.\""
    },
    {
      "Key": "430b26dc-70b5-4772-8a81-9fb47d216c71",
      "Value": "\"알아요. 일부러 그랬지요. 정말 미안해요. 난 당신이 또 다른 폭군으로 돌변해서 나에게 상처를 줄까봐 두려웠어요... 당신의 감정 따윈 생각지도 않았지요. 난 정말 대책없이 이기적이었어요.\""
    },
    {
      "Key": "909ed141-5bb6-447b-a963-956c7e55c09f",
      "Value": "\"그래요... 하지만 적들이 내게 가한 악행을 두고, 나와 가까운 사람에게 화풀이를 했어요. 당신이 날 사랑한다는 걸 알았지만... 당신을 진심으로 믿을 수 있을지에 대엔 확신을 없었지요.\""
    },
    {
      "Key": "61b8a12b-fbea-45aa-9038-39156fae1e4a",
      "Value": "{n}대답대신, 옥타비아는 당신을 더 힘껏 껴안습니다.{/n}"
    },
    {
      "Key": "599f285b-eea9-4acc-b51b-d83aab33fbe9",
      "Value": "\"난... 알았어요. 당신이 날 용서해주길 바랬어요. 당신을 정말 사랑해요. 그리고 당신을 잃는 것이 정말 두렵고요.\""
    },
    {
      "Key": "77e2d79d-d18d-4e5e-93f9-7a67cff79dd4",
      "Value": "\"난.. 알았어요. 미안해요.\" {n}훌쩍이며, 옥타비아는 자리를 떠납니다.{/n}"
    },
    {
      "Key": "ff9a5071-d5b3-412a-ad24-162fb93172c5",
      "Value": "\"뭐라고요? 아뇨, 아니에요! 오... 내가 무슨 짓을 한 거람? 나 같은 사람이 진지하게 말하니까, 뭐가 잘못된 줄 알고 말속에 숨겨진 의미를 찾을 수밖에요. 내가 미안해요.\""
    }
  ]
}