{
  "$id": "1",
  "strings": [
    {
      "Key": "cbc5e2ff-de06-437e-8f80-8ca095c9fbea",
      "Value": "\"네 돈은 필요 없어!\""
    },
    {
      "Key": "b229f191-c490-4d8f-8d00-4b12dd7f46ed",
      "Value": "\"나를 속였군! 이제 린시아는 우리가 공범이라고 생각할 거야!\""
    },
    {
      "Key": "6c14796a-6919-48e5-ab7b-b6cc3acf49eb",
      "Value": "\"린시아가 옳았어. 너는 형틀에 묶어야 했어!\""
    },
    {
      "Key": "f8f34298-6e1b-48b8-a3e3-345af44daf33",
      "Value": "\"{mf|남작령|남작령|왕국|왕국}에서 당장 나가라. 다시 여기에서 내가 너를 붙잡아 두게 하지 마라!\""
    },
    {
      "Key": "cf5f2077-5150-4cc9-9f76-396313f6d5e2",
      "Value": "[공격합니다] \"반역자에게 죽음을!\""
    },
    {
      "Key": "47a7c0cb-7ff2-4131-a8e1-17a9ed309a6a",
      "Value": "\"변명해 봐. 들어나 보자.\""
    },
    {
      "Key": "6c20dbf4-4c05-4b7b-8bee-41b318f1a90e",
      "Value": "\"마몬과의 거래에 대해 다시 한번 말해 봐.\""
    },
    {
      "Key": "53ee1335-7e54-4f28-adb2-bdd9f47a361c",
      "Value": "\"잘 말해봐. 어떻게 마몬과 계약을 맺었지?\""
    },
    {
      "Key": "e1d91269-cb80-44bd-855d-e2b40d8ee270",
      "Value": "\"충분히 들었어.\""
    },
    {
      "Key": "ea28e9cf-6393-4abb-bb8c-0071ba2cf579",
      "Value": "\"마몬과의 계약 내용은 뭐지?\""
    },
    {
      "Key": "05f719bd-d3eb-4976-968e-ca4d1fb79a34",
      "Value": "\"그래서 이건 네가 왕이 되고 싶다는 것을 의미하는 거야?\""
    },
    {
      "Key": "f5fd87cd-adb6-4576-a5e6-b6affe191b73",
      "Value": "\"너의 일을 맡지.\""
    },
    {
      "Key": "92b5fe53-6d76-459d-b950-5afad8c8a7c6",
      "Value": "\"나는 너를 돕지 않을 거야. 네 몫은 네가 알아서 해.\""
    },
    {
      "Key": "023474ca-6246-4be6-b6e2-5f137bd0c312",
      "Value": "\"내가 어느 정도의 '감사'를 기대할 수 있지?\""
    },
    {
      "Key": "4b35fcc6-1449-41c7-a26e-e9e0c4c4fd00",
      "Value": "{n}{d|darven}다르벤{/d}은 몸을 돌려 빛나는 미소로 당신에게 인사합니다.{/n} \"너의 도움에 감사를 표하지! 너가 없었다면 나는 결코 이 광신도들을 쓰러뜨리지 못했을 거야. 방금 전에 찬물을 끼얹은 건 사과할게. 놀랬지? 어쨌든, 결과는 나쁘지 않네. 그렇지 않아?\""
    },
    {
      "Key": "b8a8b104-0671-46b5-bc42-9cc299a81ed1",
      "Value": "\"하지만 이건 네거야.\" {n}다르벤은 오만하게 어깨를 으쓱합니다.{/n} \"진짜 귀찮은 게 싫다면 가난한 사람들에게 줘 버리거나 강에 버려.\""
    },
    {
      "Key": "1e5c54ae-2a89-46f7-a1af-b7be3aefda84",
      "Value": "\"당신에게 불편함을 느끼게 했다면 미안해. 당신의 지갑에서 금화 소리가 울려 퍼지면 그 불행한 일을 잊을 수 있기를 바라지.\""
    },
    {
      "Key": "af82d2fd-1607-40e4-920a-deb3ab31e99b",
      "Value": "{n}다르벤은 한숨을 쉽니다.{/n} \"상황이 가장 유감스럽게 전개되고 있습니다. {mf|그|그녀}에게 더 많은 돈을 드렸어야 했는데…\""
    },
    {
      "Key": "d4ea92a9-2fe5-410a-a673-6289f3cd77ef",
      "Value": "\"어쨌든 다시 한번 당신에게 설명해 줘야겠네. 또! 습관이 되겠구만. 아 하지만 잊기 전에 이 작은 선물을 받아줘. 넌 받을 자격이 있어.\""
    },
    {
      "Key": "eda0c1c4-c4c1-4720-b98d-6400c76d578b",
      "Value": "{n}다르벤은 대답대신 웃습니다. 그러나 그의 눈은 주의를 기울입니다.{/n} \"선반은 오랫동안 나를 떠나고 있었습니다. 슬프게도 나는 너무 바빠서 내 시간을 낭비 할 수 없습니다. 한편 진실을 말하자면 선반은 내 취향이 아닙니다.\""
    },
    {
      "Key": "6b69e792-b324-4959-b00d-a9b24220b2dc",
      "Value": "{n}갑자기 다르벤의 목소리가 진지해집니다.{/n} \"어떤 기회에 당신이...나를 이 부양관과 만나게 결심했다면 당신은 실패 할 것입니다. 나는 다시 도망 갈 것입니다. 그러니 대신 문명인들처럼 위협 없이 대화를 나누지요.\""
    },
    {
      "Key": "855ae488-72ec-4dd4-9edd-82eeec2b4fcc",
      "Value": "\"내가 전에 해줬던 이야기를 기억해? {g|Cheliax}첼리악스{/g}귀족의 죽음으로 일어난 반란 이야기를? 보시다시피 이 이야기에는 한 조각이 더 빠져 있지.\""
    },
    {
      "Key": "3a707fb1-8934-4c70-838e-b2daf3259601",
      "Value": "\"뭐, 그렇게 거창한 이야기는 아니야.\" {n}다르벤이 웃습니다.{/n} \"{g|Mammon}마몬{/g}이라는 데블은 고위데몬 중 하나야. - '열정의 왕자'라는 별명이 있지. 내가 계약을 맺은 데블인데, 지금 그 계약이 꽤나 아슬아슬한 상황이야. 그래서 마몬의 인내심이 한계에 가까워지고 있지.\""
    },
    {
      "Key": "a2cc2c4e-bba8-4a9c-8644-02a079bd88c7",
      "Value": "\"그 {g|Cheliax}첼리악스{/g} 귀족도 {g|Mammon}마몬{/g}과 계약을 맺었어 나는 첼리악스 귀족들에게는 흔한 일인가 봐. 계약을 빨리 끝내려고도 하지 않는 그 귀족한테 마몬은 넌더리가 났는지, 내가 놈을 죽이니까 감사를 표하더라고. 그렇게 놈이랑 같은 계약을 맺게 된 거지. 엄청난 부와 내가 꿈꾸던 것을 이루어준다고 하더라고. 이런데 내가 어떻게 거절을 할까?\""
    },
    {
      "Key": "f21cac30-2438-4cef-a099-446ea87fe51c",
      "Value": "\"기쁘군요!\""
    },
    {
      "Key": "cc2bfe78-d9cd-44f8-be30-207f01ab266b",
      "Value": "\"그래서 대답은? 내 제안을 받아 들일 수 있겠어?\""
    },
    {
      "Key": "d67b0855-20f0-4687-ac85-dd46bf8bec13",
      "Value": "\"나는 왕이 된다고. {n}다르벤은 웃습니다. 그러나 이번에는 그의 미소는 기쁨이 아닙니다.{/n} \"나의 왕국의 백성들은 {g|Mammon}마몬{/g}을 공식적인 신으로 숭배하고 마몬의 사원에 세금을 내야한다고. \""
    },
    {
      "Key": "5a0cc222-2c5a-4a39-be53-7dd4ae745257",
      "Value": "\"어려운 일은 아니야. 특히 돈이 충분하다면 말이지. 문제는 린시아야. 내가 왕국의 첫 초석을 놓을 때 나는 취약해지지. 그 년이 즉시 나를 찾아서 온갖 고문을 할 거라는 사실은 불보듯 뻔했어.\""
    },
    {
      "Key": "c16199d9-a99b-4d1a-8981-0e9eb08dd7e4",
      "Value": "\"오, 그래. 내가 {g|Taldor}탈도르{/g}의 상인 함대에 올라타 {g|Inner Sea}내해{/g}를 항해하고 나서 부터 꿈이었지. 심지어 내 왕국 이름을 브라인하트라고 지을 생각도 했다니까. 아, 그 천진난만하던 시절이 그리워. 왠 미치광이 광신도랑 분노한 아크데블이 나를 쫒을 줄이야 누가 상상이나 했겠어. \""
    },
    {
      "Key": "f5c7c36d-bf73-4655-afb1-c837d0f441a9",
      "Value": "\"하지만 나는 곧 위험을 감수해 내 왕국을 건설해야 한다는 것을 두려워졌어. {g|Mammon}마몬{/g}은 미친듯이 성장하고 있었어. 그리고 결국 나는 그에게 맞서기보다 린시아와 싸우는 게 낫겠다 생각한 거지."
    },
    {
      "Key": "62415232-625d-47d8-9ad8-2d0e57eabc92",
      "Value": "{n}다르벤의 평범한 미소는 점점 슬픔으로 변합니다.{/n} \"유감스럽게도 이 모든 것들로부터 퇴각 할 수는 없습니다. 나는 왕국을 세울 의무가 있으므로 해야 할 일을 해야 합니다. 나는 도망 칠 곳이 없습니다. 나의 행방을 알게 된 후 린시아가 나를 찾아올 것입니다. 불가피하지요.\""
    },
    {
      "Key": "f79d8ba6-144d-4034-99be-accea5a76257",
      "Value": "\"유일한 미결 문제는 당신이 우리의 대결에서 어떤 역할을 할 것인가 입니다. 내가 할 수 있는 모든 일은 결론을 기다려야 한다는 것입니다. 그때까지는 잘 지내십시오.\""
    },
    {
      "Key": "466a7230-6b5f-495d-a813-af6467a17816",
      "Value": "\"훌륭해! 그럴 경우 나는 즉시 수도 건설에 착수할게. 수도는 번성하는 무역의 허브가 될 거고 왕인 이 몸은 너에게 빚을 졌네. 실망하지 않을 거야. 약속해.\""
    },
    {
      "Key": "53f18a25-b133-4cb3-b49a-f06b17f0eb1c",
      "Value": "\"너도 나를 실망 안 시켰으면 좋겠네.\" {n}다르벤은 순수하게 웃습니다.{/n}"
    },
    {
      "Key": "46c94292-8c2a-415f-bfa9-a3352df31aea",
      "Value": "\"나의 재정은 점점 줄고 있어. 나는 10000 금화를 제공 할 여유가 없다고.\" {n}다르벤의 미소가 죄책감으로 보입니다.{/n} \"하지만 우리 두 나라 사이의 굳건한 동맹과 무역을 약속하지\""
    },
    {
      "Key": "b70b1d21-4482-47d8-98f0-7695ceb98622",
      "Value": "{n}발레리는 손을 교차해 가슴에 포갭니다.{/n} \"나는 거짓말과 조작 또는 그들이 야기한 의로운 진노가 매수 될 수 있다는 확신 중 어느 것이 더 나쁜지 모르겠습니다.\""
    },
    {
      "Key": "d3b87636-fc72-425c-8fbf-529734cf119d",
      "Value": "\"그런 식으로 돈을 쓰면 안됩니다. 선의 이름으로 당신을 먼저 꺼내는 것과 당신을 강탈하는 것을 막는 것이 무엇일까요? 정말로 오해였습니다.\""
    },
    {
      "Key": "96c8e176-84d0-4abf-9c2e-a9c3b0602ce0",
      "Value": "\"그런 아름다운 이야기가 있을까요! 그리고 그 이름도요! 내가 좋아하는 해적 이야기 책을 생각나게 하는군요! 너무 많은 이야기들이 내 머리 속에서 떠오르고 있어요.\""
    },
    {
      "Key": "80d6e16b-9b96-47c0-a8c7-add05fd2e80b",
      "Value": "\"존경스러운 다르벤의 의심스러운 동기를 고려할 때 나는 일반적으로 당신에게 거절을 권고합니다. 하지만 적의 성격을 고려할 때 나는 당신이 동의하는 것이 좋겠습니다. {g|Order of the Rack}형벌 기사단{/g}보다 세상에 해를 끼치는 조직은 없지요. 그리고 저는 그들이 저의 논문을 몇 년 동안 표적으로 삼았기 때문에 이것을 말하는 것이 아닙니다...\""
    },
    {
      "Key": "e94ff1a9-4b1c-4f30-ac11-c88e5cf0a76c",
      "Value": "{n}옥타비아는 감미롭게 웃습니다.{/n} \"어쩜 이리 낭만적일까! 네 꿈이 현실로 이루어진다면 나도 브라이언하트라는 나라를 보고 싶네...\""
    },
    {
      "Key": "fc207042-23e9-4c05-ad89-a3e614b02c56",
      "Value": "\"나에게 넘겨. 녹 녹은 그들 자신에게 무엇을 하는지 알고 있어. 말하지도 말고 묻지도 마.\""
    }
  ]
}