{
  "$id": "1",
  "strings": [
    {
      "Key": "1d414a51-8f17-4757-b76c-9fbc1d0632b6",
      "Value": "\"너무 많은 악이... 너무 많은 악이 하나의 꽃에서 생겨났어요...\""
    },
    {
      "Key": "e5d17b4f-22bb-467e-b8db-c2678c7563a9",
      "Value": "\"누가 만들었는지 몰라도 찾아내서 줄기에서 뜯어버리자구!\""
    },
    {
      "Key": "3f408827-89ca-4bc9-88d3-b270630d38b0",
      "Value": "\"우리가 돌아온 후로 너답지 않아보여. 정신 차려. 트리스티안. 우리는 네가 필요해!\""
    },
    {
      "Key": "a432fd61-2870-483f-8517-75771d1a5aa7",
      "Value": "\"꽃은 단지 도구일 뿐이야. 하지만 이걸 계획한 자의 마음은 악으로 물들어있어!\""
    }
  ]
}