{
  "$id": "1",
  "strings": [
    {
      "Key": "fe41bc89-ffbd-403c-9b05-44725768f115",
      "Value": "\"나는 이 여관에서 손님들이 강도당하고 살해당한 증거를 찾았어요.\""
    },
    {
      "Key": "6854ef5d-a4b9-4474-bf4b-dac54081eb65",
      "Value": "\"나는 이 사람들이 누군지 모르지만, 이들이 지금 신분을 가장하고 있다는 건 확실히 알겠어요.\""
    },
    {
      "Key": "8279c14f-7d00-4ac4-a650-7a0da57f5d72",
      "Value": "\"비밀 저장실에 있는 손님들의 시체 말이에요. 그 중에는 소처럼 도살된 자들도 있었어요.\""
    },
    {
      "Key": "87e133ed-39a4-4796-8579-fb0230c40267",
      "Value": "\"다락방에 여러 명의 소유였을 옷과 개인 소지품들로 가득 찬 상자가 있어요. 그 중에는 피칠갑 된 것도 있었고.\""
    },
    {
      "Key": "96a01d01-1006-4389-9d74-024db1a109df",
      "Value": "\"주방에 수면제가 든 병이 반 박스 정도 있어요. 손님들에게 먹일 용도가 아니면 왜 갖고 있었을까?\""
    },
    {
      "Key": "bae17748-8bd5-435f-a6cf-f89cf77f8abe",
      "Value": "\"진짜 밋코와 칼리나 브레이직의 시체를 찾았어요. 목이 찢겨나간채로.\""
    },
    {
      "Key": "6ebf4aaf-a98b-48f7-a13a-de1334a17cc5",
      "Value": "\"다락방에서 외모를 바꿀 수 있는 완드를 발견했어요.\""
    },
    {
      "Key": "57ac4146-4401-4da5-8b14-20ec220c65ee",
      "Value": "\"마당에 있는 개는 진짜가 아니에요. 내가 지나갈 때는 그게 책을 읽고 있었다고요!\""
    },
    {
      "Key": "71409459-b966-40ad-b304-060c29fdfafd",
      "Value": "\"라이칸스로프의 말을 끝까지 들읍시다. 그들이 변호할 말이 있을 것 같군요.\""
    },
    {
      "Key": "fe83c4aa-c88a-4cc0-bde9-4354192f7175",
      "Value": "\"진짜 주인의 시체, 그리고 그 옆에 있는 저장실의 열쇠를 찾았어요. 라이칸스로프들은 다른 살인에 대해서는 전혀 모를 수도 있어요!\""
    },
    {
      "Key": "78238687-0143-497b-b332-3788bf78120d",
      "Value": "\"저장실의 시체들과 주인의 시체를 찾아서 검사했어요. 저장실에 있는 시체들은 몇 달 동안 그곳에 있었죠. 진짜 여관 주인의 시체를 보니 하루 이틀 전에 죽었더군요.\""
    },
    {
      "Key": "13e459e2-a87d-44f4-88ed-bd74c4eeeb3b",
      "Value": "\"이 여관에서 이상한 일이 벌어지고 있다고 할 만한 근거는 없어요.\""
    },
    {
      "Key": "b37e9b89-576c-42e9-a95a-78e1b2220b75",
      "Value": "\"기다려요, 메이가르! 다른 증거가 있어요!\""
    },
    {
      "Key": "79a6400d-762f-4739-9ac9-9d59bc5008c2",
      "Value": "[아무 말도 하지 않는다.]"
    },
    {
      "Key": "2f97cdab-f0ed-402a-8d4b-f2ade55d2555",
      "Value": "\"음, 이제 모든 것이 명확해졌군. 예전 여관 주인들은 손님들을 죽여왔어요. 그들의 아들은 약탈품을 팔아서 그들을 도왔죠. 그리고 라이칸스로프는 스스로를 방어한 죄밖에 없고.\""
    },
    {
      "Key": "633d4381-8ad0-4506-bd93-ae5891a65d32",
      "Value": "\"그래, 무언가 알아냈나?\""
    },
    {
      "Key": "72f9caed-65fc-4b54-89df-67522bc9b4a6",
      "Value": "\"심각한 혐의군. 이 증거는 뭐지?\""
    },
    {
      "Key": "db403080-a299-420c-b93f-d41b3f8a7124",
      "Value": "\"정말 끔찍하군! 다른 증거는 더 볼 필요가 없다. 현행범을 잡았군!\""
    },
    {
      "Key": "d3abc1ab-81c6-47e5-b2c5-171a4e0c5a6c",
      "Value": "\"그건 정황에 불과해. 네가 걸고 있는 혐의를 뒷받침할 다른 근거가 있나?\""
    },
    {
      "Key": "bcc3079b-685b-4bc2-95d9-17b6e7a06422",
      "Value": "\"글쎄, 그건 거짓말인 것 같은데. 그래, {Name}, 소홀한 대접보다 더 심각한 혐의를 찾아낸 것 같군!\""
    },
    {
      "Key": "87cc561f-c22a-4b88-84fe-916af8c1b7f4",
      "Value": "\"그러니까, 결국 술취한 바드가 꾸며낸 게 아니었다는 뜻이군. 그들은 정말로 손님을 죽였어. 그들의 식인 행위가 바보의 허풍이길 바랐는데... 그런 희망이 사라져가는군.\""
    },
    {
      "Key": "0e8c7432-9441-45bd-8688-9b925c881063",
      "Value": "\"나도 동의하건대, 이 여관은 수상해 보이지만 확실한 증거가 없으면 이 사람들을 고발할 수 없어.\""
    },
    {
      "Key": "e49a763e-fa01-45cf-8836-54a62852ec17",
      "Value": "\"정말로... 어떤 괴물이어야 사람을 죽이고 얼굴을 훔칠 수 있지?\""
    },
    {
      "Key": "ca9442ce-ab81-44bf-8a02-5f0d22f77d78",
      "Value": "\"조용!\""
    },
    {
      "Key": "718296fe-1fa4-4114-bc80-2e70fa6ecc83",
      "Value": "\"그것만으로는 아무것도 증명할 수 없어. 그런 심각한 혐의는 확실한 증거가 필요해!\""
    },
    {
      "Key": "e11c864b-e3ff-44a6-a4f6-ad0085dc521e",
      "Value": "\"참 기묘하게도 앞뒤가 맞는군... 믿기는 힘들지만...\" {n}메이가르는 노부부를 혹독하게 쳐다봅니다.{/n} \"그래서 당신들은 누군가? 진실을 말할 것인가, 아니면 환상이 풀릴 때까지 기다릴까?\""
    },
    {
      "Key": "e4823047-5b21-4e5b-b3d3-0e43582f56ca",
      "Value": "\"충분한 증거 없이는 이 사람들을 고발할 수 없어.\""
    },
    {
      "Key": "646d1929-bee6-42e1-8ac9-fe563c9d5ac0",
      "Value": "\"글쎄, 그 술 취한 바드는 이 여관에 대해 아무렇게나 지어내고 있었던 모양이군. 방해를 용서하시오! 우리는 이만 가겠소.\""
    },
    {
      "Key": "f6971f0a-33b3-4135-8d7d-8ae4b5a18578",
      "Value": "\"이미 그러고 있지 않았다면, 지금 당장 사랑에 빠질 수도 있었을 텐데... 에헴, 알았어. 공공장소에서는 안 되지!\""
    },
    {
      "Key": "20ed4d70-dc7a-47f0-872c-976186911353",
      "Value": "{n}메이가르는 망설이다가 고개를 끄덕입니다.{/n} \"그래, 이것들은 라이칸스로프들인데... 그 밖에 무엇을 알아냈나?\""
    },
    {
      "Key": "e8bb0ae1-a5c0-4128-8f4a-5572a2feb95b",
      "Value": "{n}노인들이 변장을 관두고 벌떡 일어납니다. 여관 주인들은 인간이 아닙니다 – 그들은 한 쌍의 라이칸스로프들이었습니다!{/n}"
    },
    {
      "Key": "9d0cf644-612b-4678-bf4b-97cb7227e1b3",
      "Value": "\"그들이 할 말이 있다는 건 알고 있어! 그런데 왜 우리가 그들의 변명에 귀를 기울이고, 그 더러운 입에서 나오는 꽥꽥대는 소리들을 믿어줘야 하지?\""
    },
    {
      "Key": "5cc4fa24-7ee3-4b40-9fa4-b9caa7259b8e",
      "Value": "\"말을 끝까지 들어! 우린...\""
    },
    {
      "Key": "91583a68-b8b4-4ccf-afe5-8fcf92be59eb",
      "Value": "\"괴물들과 대화라니 말도 안 돼!\""
    },
    {
      "Key": "706bb57c-0e5d-416b-a3cb-6f72992afedf",
      "Value": "{n}라이칸스로프들은 초인적인 날렵함을 보이며 싸움을 시작합니다.{/n}"
    },
    {
      "Key": "a21533d0-8820-44c1-9959-a17e53b9b3aa",
      "Value": "\"그럴듯한데... 하지만 이 사람 잡아먹는 라이칸스로프들의 결백을 믿기에는 좀 부족한 것 같군!\""
    },
    {
      "Key": "c8d4f699-3ebf-4f13-87f7-a65e31a96d50",
      "Value": "\"난 아직도 네가 왜 이 괴물들을 변호하는지 이해가 안 가지만, 너의 추리는 옳다. 좋아, 이 괴물들에게 기회를 주지 이봐, 너희 둘! 뭔가 변호할 말이 있나?\""
    },
    {
      "Key": "dd07cffb-407f-4e85-b4b1-a144c4dfd226",
      "Value": "\"미안하지만, 그래도 왜 그들을 보호하려고 하는지 이해가 안 가. 이 괴물들은 살인자야, 대낮처럼 훤하다고!\""
    },
    {
      "Key": "1a7a1373-70b8-419a-b26a-38919ac9a56f",
      "Value": "{n}남자는 고개를 푹 숙입니다.{/n} \"인정한다! 나는 그 약탈품을 판 죄를 지었어! 우리 부모님은 오랫동안 이 벽지에서 사냥 여관업을 하며 살아오셨다. 하지만 그들은 늙고, 노쇠하고, 더 사냥을 할 수 없었다. 내가 아무리 설득을 해도 그들은 떠나고 싶어하지 않았다. 이곳의 땅은 야생이고, 여행자는 드물다. 누군가 실종되면 아무도 찾으러 오지 않아. 그래서 그들은 지나가는 상인들을 꾀어 밤을 보내게 하고, 그들을 죽여 가진 것을 빼앗았다.\""
    },
    {
      "Key": "77c4abc2-cdda-42ad-96c7-75752d78622b",
      "Value": "{n}메이가르는 고개를 끄덕입니다.{/n} \"그럼, 라이칸스로프들, 이제 어떻게 할 거지? 사람들과 함께 평화롭게 살려는 첫 시도가 이런 슬픈 결말로 끝나서 유감이다.\""
    },
    {
      "Key": "1e389922-a239-47ef-abfa-98278b4d04a0",
      "Value": "\"보통 사람 사이에도 짐승이 있지. 우린 이해한다.\""
    },
    {
      "Key": "86106204-8320-482f-b744-aa07b32dc477",
      "Value": "\"그렇게 해. 내가 수도로 돌아가면 너희들이 살 집과 일을 찾을 수 있도록 하겠다. 이곳 '도둑맞은 땅'에서는 가장 기상천외한 동맹도 가능하다. 진심으로 평화를 원한다면 거절하지 않겠다.\""
    },
    {
      "Key": "5831c798-e8f5-4b1e-923a-0f263b501bdc",
      "Value": "\"그리고 시체... 그들은 그것도 보관했다. 그들은 사냥을 거의 할 수 없어, 알지, 우리 가족들...\" {n}남자는 떨리는 손으로 이마의 땀을 닦습니다.{/n} \"하지만 난 아무도 죽이지 않았어, 맹세해! 난 부모님이 약탈품을 팔도록 도왔을 뿐이야! 우리 부모님이잖아, 그냥 두고 갈 수는 없었다고.\""
    },
    {
      "Key": "d3dd43a4-de07-43f7-b838-ad882db1718e",
      "Value": "\"그건 내 거야! 나는 밤에 잠을 잘 못 자. 불면증. 늙는 건 재미없는 일이지...\""
    },
    {
      "Key": "086fc91f-44e4-4d3c-97de-2163177a5870",
      "Value": "\"그것들은 장물이 아니야! 음... 적어도 우리가 훔친 건 아니지. 인정해, 우리는 손님들이 무언가를 헐값에 급하게 팔면, 그게 어디서 왔는지 굳이 캐묻지 않아. 하지만 그렇다고 우리가 도둑이 되는 건 아냐!\""
    },
    {
      "Key": "872a63e5-e36b-4eed-bc27-4966cfa1f261",
      "Value": "{n}요르게쉬가 창백해집니다.{/n} \"무슨... 넌 뭐야?\""
    },
    {
      "Key": "7cce57ca-db3f-42ca-abc3-d898aead7e41",
      "Value": "{n}노부부는 눈짓을 주고받다가 한숨을 쉬며 환상을 벗습니다. 당신 앞에 서 있는 생명체들은 두 발로 서 있을 뿐 인간과 거의 닮지 않았습니다 – 그것들은 라이칸스로프들입니다!{/n}"
    },
    {
      "Key": "32f88c4a-1c8e-48fa-9a2b-5d6b199c8a31",
      "Value": "\"우린… 끝까지 들어줘! 이건 우리가 한 게 아니야!\""
    },
    {
      "Key": "16931473-ad3b-435e-9615-558cfa42a8bf",
      "Value": "{n}반은 깜짝 놀라 고개를 젓습니다.{/n} \"내 귀가 의심스럽군... 그래! 도저히 믿을 수가 없어 보이지만, 이 생명체들은 결백하다는 것을 인정해야겠어.\""
    },
    {
      "Key": "121ad5ec-526e-4692-a5d3-5fdd5346ab79",
      "Value": "\"노인을 죽인 건 우리가 맞아... 하지만 그럴 수밖에 없었어! 우리는 우리 자신을 방어했을 뿐이라고!\""
    },
    {
      "Key": "d5244bfb-e13c-4738-a57d-d6fac1709eb2",
      "Value": "\"우리는 인간 형태로 손님으로서 이곳에 왔다. 그리고 그들은 우리에게 수면제를 먹이고 우릴 죽이려고 했어! 그 늙은이들은 우리 중 하나에게 상처를 입혔다. 그 다친 녀석은 지금 저 밖에서 개 흉내를 내고 있지. 우리는 그들을 죽였지만, 우리 스스로를 지키려고 했을 뿐이다!\""
    },
    {
      "Key": "027aa74b-ac88-498b-b4b2-be71cd7bb743",
      "Value": "\"우리는 평화롭게 사람들과 함께 살 수 있다고 믿었다. 슈라이크 구릉지에 있는 트로볼트에 대해 들어본 적 있나? 트롤과 코볼트는 왕국을 건설했고, 지금은 인간의 친구나 이웃이 됐지. 우리도 그렇게 할 수는 없을까?\""
    },
    {
      "Key": "b9f9f69b-1ed0-4018-a57d-1bd3dca16561",
      "Value": "\"우리는 상처 입은 친구를 치료하려고 잠시 머무르는 중이었다. 하필 그 때 손님이 와버렸지. 살인 여관업자인 척하는 건 나쁜 생각이었던 것 같지만, 더 좋은 생각을 할 시간이 없었어!\""
    },
    {
      "Key": "a61ff28a-b543-4851-86aa-12b38fdee532",
      "Value": "\"하지만 저 사람들은 내 부모가 아니야!\" {n}요르게쉬가 노부부를 가리킨킵니다.{/n} \"겉으로는 똑같아 보이지만, 그렇지 않아. 난 알 수 있어!\""
    },
    {
      "Key": "3763c3c9-adfe-4d70-8db2-f3f779c5ee46",
      "Value": "\"남작, 만약 당신이 허락한다면... 우리는 당신의 수도에서 살고 싶다. 우리는 인간의 모습을 하고 인간으로서 살 것이다... 서로 평화의 기회를 갖자.\""
    },
    {
      "Key": "f8b31287-51e0-4b4b-8b81-1f535e409a5d",
      "Value": "\"이제 가지. 할 일이 많으니까.\""
    },
    {
      "Key": "e499ea80-59f3-499e-8796-7b2f4b6e5118",
      "Value": "\"한편... 이 쓰레기 같은 놈이 참 흥미로운 고백을 했군, 안 그런가?\""
    },
    {
      "Key": "7ba3a3ca-e0b8-49fd-bacd-95a12d6ee3ad",
      "Value": "\"그렇다면 퍼즐이 맞춰졌군.\" {n}메이가르는 칼을 뽑습니다.{/n}"
    },
    {
      "Key": "264d2995-7b45-4568-bbdb-eabd76c9d062",
      "Value": "\"대단히 수고했어, {name}! 이 복잡한 이야기를 낱낱이 밝혀냈군. 거의 평생 지켜봐온 사람 같은데, 잘했어!\""
    },
    {
      "Key": "55fdbbe5-2321-428e-88cd-47b30efa667d",
      "Value": "{n}케팔은 진지하게 고개를 끄덕입니다.{/n} \"두 번째 길을 강력히 추천하네. 나는... 내 연구를 도울 조수가... 몹시 부족하지.\""
    },
    {
      "Key": "8f93f3eb-24b1-4a24-ae3e-d911adb38d04",
      "Value": "\"혐오스럽군!\" {n}메이가르는 간신히 바닥에 침을 뱉지 않고 참습니다.{/n} \"재판이 당신의 유죄를 결정할 것이며, 어떤 처벌을 받을지 정할 거요. 케팔, 요르게쉬를 다락방에 가둬주시오. 다락에 식량이 있는지도 보고, 한 일주일 치 정도면 되겠군. 나중에 반홀드로 돌아가는 길에 들러서 체포해 갈 테니까.\""
    }
  ]
}