{
  "$id": "1",
  "strings": [
    {
      "Key": "c7a37fb8-347b-48b8-bad3-4b6575bc2a08",
      "Value": "[거짓] \"네가 틀렸어. 그것을 발견하지 못했다.\""
    },
    {
      "Key": "48fc9ba1-c5c4-49fc-82b1-4338a8ad12cc",
      "Value": "\"정말 괜찮은 물건인데. 내가 가질게!\""
    },
    {
      "Key": "619cdd16-bdcd-4e15-ad3a-2d3259887e5f",
      "Value": "\"네가 파는 물건을 볼 수 있어?\""
    },
    {
      "Key": "d28fb09a-e41d-4024-8399-8a7d09883c6c",
      "Value": "\"짐을 싼다고? 우리를 떠날 거야?\""
    },
    {
      "Key": "cb4a4a8b-5072-4aeb-8803-5ad0ad7597d5",
      "Value": "\"여기 머물어 보겠어? 나는 마법을 사용할 줄 아는 사람이 필요해.\""
    },
    {
      "Key": "4d0d53b1-8c44-46a8-a8e9-72750045a313",
      "Value": "\"내가 한 일을 유감스럽게 생각한다. 너의 일에 끼어들어서는 안되었어. 네가 남는다면 다시는 그런 짓을 하지 않을게.\""
    },
    {
      "Key": "f6c6ee29-052f-4545-98f3-d3ec692702ec",
      "Value": "[공격] \"나는 더 이상 너의 서비스는 필요하지 않아.\""
    },
    {
      "Key": "f29eed3e-4514-4558-8190-b7062572dfcc",
      "Value": "\"떠날 시간이야. 안녕히.\""
    },
    {
      "Key": "3e640acb-61a3-4953-bffb-3d3df43c5ff5",
      "Value": "[침묵합니다]"
    },
    {
      "Key": "961e22ff-890e-4d07-8009-85479f7d5465",
      "Value": "[떠난다] \"그만해. 옥타비아. 가자.\""
    },
    {
      "Key": "8ad21c51-1ddd-471c-bc23-9f6b5c7ce5b6",
      "Value": "\"제안 하나 할게. 내 보좌관으로 머물러. 그렇게 비판적이고 합리적인 방식으로 사물을 보는 사람들은 흔하지 않아.\""
    },
    {
      "Key": "fd84a5ae-e0c9-442b-a4cc-7a4dbf628194",
      "Value": "{n}바솔로뮤는 트롤이 연구실을 공격한 후 청소를 했습니다. 실험실은 이전보다 물건이 없어진 것처럼 느껴집니다. 마법사는 책, 병, 손수건, 바늘 등의 물건을 상자에 넣기 전에 헝겊으로 조심스럽게 포장하고 있습니다.{/n}"
    },
    {
      "Key": "e80a87e1-ecf7-4699-b6ea-cbbdbcbb3be4",
      "Value": "{n}실험실은 이전보다 물건이 없어진 것처럼 느껴집니다. 마법사는 책, 병, 손수건, 바늘 등의 물건을 상자에 넣기 전에 헝겊으로 조심스럽게 포장하고 있습니다.{/n}"
    },
    {
      "Key": "399660a2-fd06-475a-b8a5-33b6dfea7c8a",
      "Value": "{n}바솔로뮤는 헛기침을 하고는 짐을 다시 풀고 물건을 다시 제자리에 둡니다.{/n}"
    },
    {
      "Key": "afae76f8-c641-4d7d-90d7-94f52a9ec0c7",
      "Value": "\"내 채찍 가져왔어?\" {n}마법사가 손가락을 튕깁니다.{/n} \"나는 느낄 수 있어... 나에게 줘. 당장!\""
    },
    {
      "Key": "228f1889-351b-4c4b-b5cf-a7bb0a46df01",
      "Value": "\"오! {name}! 살아서 보게 되어 얼마나 기쁜지. 또 다른 빛나는 승리를 축하합니다! 작은 부탁을 들어줄 수 있을까요? 당신이 제 물건을 되찾은 걸 느낄 수 있는데...\" {n}바솔로뮤의 목소리는 흥분으로 떨립니다.{/n}"
    },
    {
      "Key": "7fd4c9c6-6227-48a3-8490-408058e35eec",
      "Value": "\"변명으로 나를 귀찮게 하지 마.\" {n}마법사가 차갑게 손가락을 튕깁니다.{/n} \"나는 이미 나의 보물이 파괴된 것을 잘 알고 있어. 그런 무의미한 낭비라니...\" {n}바솔로뮤는 몸을 돌려 그의 플라스크와 물건을 싸기 시작했습니다. 그의 손은 떨렸습니다.{/n}"
    },
    {
      "Key": "0c8cad94-73e7-4f85-b6be-6d65c1dc191b",
      "Value": "\"나의 보물...\" {n}마법사의 얼굴에 당황스러움이 흐릅니다.{/n} \"그걸 놓치다니... 나는 그것이 지금 어디 있는지 정확하게 알지만 쓸모가 없어. 나는 영원히 그것을 쫓을 거야...\" {n}바솔로뮤는 등을 돌리고 떨리는 손으로 그의 플라스크와 물건을 싸기 시작했습니다.{/n}"
    },
    {
      "Key": "ee977fef-dcfb-4e06-83fb-f457f3e2e6b3",
      "Value": "{n}마법사의 얼굴은 분노로 찼지만 반대할 생각을 못합니다. 바솔로뮤는 갑자기 몸을 돌려 떨리는 손으로 꾸렸던 짐을 풉니다.{/n}"
    },
    {
      "Key": "29778941-497d-4868-8f1f-378a2275f9bd",
      "Value": "\"확실히.\""
    },
    {
      "Key": "13bfff6c-4220-4ccb-97a1-b6e51d350667",
      "Value": "\"예. 맞아요.\" {n}마법사가 짧게 대답합니다.{/n} \"여기에 머무는 것이 너무 위험해요. 게다가...\" {n}그는 생각을 끝내지 못합니다.{/n} \"신경쓰지 마세요. 그건 중요하지 않아요.\""
    },
    {
      "Key": "15e2c835-e595-4f01-85de-47dd5457404d",
      "Value": "\"그래요. 당신의 보호 아래 있더라도 여기에 머무는 것은 너무 위험합니다. 나는 안전하고 조용한 곳을 찾을 겁니다.\""
    },
    {
      "Key": "244f08c7-9f2f-4857-b3cc-c5d2f7d13bd5",
      "Value": "{n}바솔로뮤의 이마에 주름이 생기고 그는 무언가 계산을 중얼거리고는 미소를 짓습니다.{/n} \"나중에 후회할지도 모르지만 저는 여기 머물러 있겠습니다.. 당신은 자신이 강하고 관대한 통치자일 뿐만 아니라 편견 없는 사람이라는 것을 보여주었지요. 우리는 아직 서로에게 도움이 될 거 같군요.\""
    },
    {
      "Key": "8f1c2dbe-44cb-4be3-82be-aa1caa613698",
      "Value": "\"의심의 여지가 없군요.\" {n}바솔로뮤는 비웃습니다.{/n} \"하지만 유감스럽게도 당신은 당신의 마법적 필요를 다른 누군가에게서 찾아야 할 것 같네요.\""
    },
    {
      "Key": "d7bd27ac-f38e-480a-80eb-c87ecc3b35e8",
      "Value": "{n}마법사는 잠깐 당신을 노려보고 천천히 끄덕입니다.{/n} \"네가 한 일을 끝내고 나서 나는 너를 신뢰하기가 어려워졌어. 하지만 너에게 한 번 더 기회를 주겠어. 내 일에 상관하지 않겠다고 약속하면 나는 머물며 너를 섬길 거야. 하지만 네가 한 짓을 잊지 않을 거야. 너는 나에게 빚지고 있어. 언젠가 나는 빋을 받을 거야.\""
    },
    {
      "Key": "bc5053d6-39bf-40d5-af42-3e8b6fcd8481",
      "Value": "{n}옥타비아는 너와 바톨로뮤 사이를 번갈아봅니다.{/n} \"좋아. 이게 정확히 우리가 필요로 하는 거야.\""
    },
    {
      "Key": "45cf49de-646d-4181-a15e-f26fdfcbd1fa",
      "Value": "\"우리가 다시 만날 때까지 안녕히. 도와주어 고마워!\""
    },
    {
      "Key": "b6771a79-a01e-4385-ad30-34323316303f",
      "Value": "\"우리가 다시 만날 때까지 안녕. 우리는 다시 만날 거야.\""
    },
    {
      "Key": "c5ae32c5-8a12-40e3-8df4-c255b1ab6669",
      "Value": "{n}바솔로뮤는 당신을 보지도 않고 무언가를 중얼거립니다.{/n}"
    },
    {
      "Key": "6da32a45-5d87-42b7-8c30-96b8353dac05",
      "Value": "\"그게 남작에게 할 말이야? 얼굴을 똑바로 보고 제대로 인사하라고!\""
    },
    {
      "Key": "4dda1ebd-c012-4379-a937-f6c7f54c4cb1",
      "Value": "{n}바솔로뮤는 몸을 돌려 이를 악물고 말합니다.{/n} \"안녕히 가시길. 편안한 여행 되시길.\""
    },
    {
      "Key": "bddb6762-6bd4-4045-8c74-3a51ec925b67",
      "Value": "\"왜 얼굴이 그렇게 험악해? 아카데미에서 무서운 거라도 본 거야?\""
    },
    {
      "Key": "33a1c37d-cf12-425f-a186-141c0b039f0f",
      "Value": "\"우리는 너의 목숨을 구했는데 우리에게 등 돌리기야? 이리 와서 너를 도운 영주님께 감사의 인사를 하라고!\""
    },
    {
      "Key": "46de99ca-3a25-411d-a054-7374228fbd54",
      "Value": "{n}바솔로뮤의 얼굴이 빨개졌습니다. 옥타비아를 바라보며 그는 주문을 외우는 듯이 손을 들어올립니다.{/n}"
    },
    {
      "Key": "5c30dcd0-dee0-46dc-9e4a-050539ef36e8",
      "Value": "{n}바솔로뮤는 짐을 싸다 말고 당신을 의심스럽게 보았습니다. 그런 다음 그는 손에 든 책 더미를 보고 오랫동안 침묵을 지키더니 마음 속으로 무언가를 결심합니다. 바솔로뮤는 한숨을 쉬고 책을 옆으로 치웁니다.{/n} \"나는 그런 제안을 거절할 수 없군요. 당신을 섬기겠습니다. 결국, 그건 흔하지 않은 기회지요.\""
    },
    {
      "Key": "de609cbe-6b43-4585-b04c-5a092870eea1",
      "Value": "{n}그는 배낭을 보고는 비웃습니다.{/n} \"이 짐 모두 필요하지 않을 거 같군요. 저는 연구소를 가져잔 않을 겁니다. 수도에 갈 때는 가볍게 하고 가는 걸 선호하죠. 필수적인 짐만 모두 싸는 데로 문을 잠그고 곧장 도시로 향하겠습니다. 거기서 뵙죠.\""
    }
  ]
}