{
  "$id": "1",
  "strings": [
    {
      "Key": "3c72d7d9-7f92-40a3-b78b-35a391359439",
      "Value": "\"너라면 쓸만한 하인이 될 거야. 힘도 세고 성질도 있고. 우르가쏘아의 선물을 네게 주어야 할까? 그녀의 마법이 너의 것보다 강해.\""
    },
    {
      "Key": "14f5cb16-6ad7-4fff-bcfa-e62bf665ba91",
      "Value": "\"필요 없어. 나는 이미 칼리스트리아에게 기도를 하니까. 나 같은 미남을 여신님이 버릴 것 같아? 하! 우르가쏘아의 얼굴을 할퀴어주실걸!\""
    }
  ]
}