{
  "$id": "1",
  "strings": [
    {
      "Key": "46c1e798-e44f-463c-ba0b-dbf5196b1a8a",
      "Value": "\"이로베티는 악당이야. 우리는 어서 움직여야 해. 사람들은 겁에 질렸어.\""
    },
    {
      "Key": "71d0627f-8b48-4b3e-a167-645d170c8a75",
      "Value": "\"읽는 법을 가르쳐주지 말아야 할 사람들이 있지. 읽지 못한다면 선전 찌라시에 사람들이 넘어가는 일도 없겠지.\""
    },
    {
      "Key": "73211aee-4353-4ef8-b609-b03380b7bf6c",
      "Value": "\"조용한 녀석의 말이 옳아. 오래 앉아있을 수록 폭동은 더 심해질 거야.\""
    },
    {
      "Key": "897fba48-1beb-4528-a3de-511fefbe9df7",
      "Value": "\"그런 비정상적인 위협에 어떻게 대처해야 하지? 우리는 싸울 사람도 없어서 장군을 임명해서 군대를 보낼 수도 없어.\""
    },
    {
      "Key": "b2a7dd04-4d33-45cf-9ba2-2a34a42e90ba",
      "Value": "\"맞아! 적 많아! 녹 녹 찌른다. 녹 녹 죽인다!\""
    }
  ]
}