{
  "$id": "1",
  "strings": [
    {
      "Key": "c9154a00-3656-4cab-867e-187e46d80edd",
      "Value": "\"고맙다. 일로라. 나는 모두의 도움이 필요할 것이다. 이 전투에 모든 것이 걸려있어.\""
    },
    {
      "Key": "9032d547-3cef-4dff-919a-36f996e26e18",
      "Value": "\"나는 네가 필요 없어. 너의 부하를 데리고 떠나라.\""
    },
    {
      "Key": "fc436567-9756-4234-ba76-1d3e3845c590",
      "Value": "[공격합니다] \"나는 너를 믿지 않는다. 이 해적아. 죽어!\""
    },
    {
      "Key": "0164726f-e880-4697-a84c-db49b9370fbc",
      "Value": "\"네가 할 일이 아니다. 어서 나가라!\""
    },
    {
      "Key": "3e5ef204-e06f-4858-9f42-01b29390380c",
      "Value": "\"나는 내 마음을 바꿨다. 우리는 자리를 지킨다. 전투를 준비하라.\""
    },
    {
      "Key": "a528d941-732e-4a49-a6c2-847203ed4a44",
      "Value": "\"나는 가겠다. 한눈 팔지 말라고.\""
    },
    {
      "Key": "b447e804-27ba-4db8-91ec-c9883c1b4581",
      "Value": "\"아, 여기 있군. 그 악당은 버리고 왔겠지? {d|c51 Ilora Lives}강의 칼날단{/d} 잔당을 모았다. 수는 거의 없지만, 우리 모두는 이로베티의 통통한 배를 가르길 꿈꾸고 있다! 우리는 너의 지휘를 기다릴 것이다!\""
    },
    {
      "Key": "19f03704-6af8-4e0e-8b74-8f8ff2be9ea2",
      "Value": "\"흠? 왜지? 왜?\""
    },
    {
      "Key": "8b05b03e-4e41-497f-a728-06d07d469446",
      "Value": "\"쳇. 미쳤어? 너니? 뭐라 하던 간에 신경 안 쓴다!\""
    },
    {
      "Key": "9112637a-37ca-4b35-8991-b741d9debeeb",
      "Value": "\"너는 이상한 사람이야.\""
    },
    {
      "Key": "9691bd96-6425-40a8-a112-0afc515deb5b",
      "Value": "\"알아, 알아. 오늘은 머리통이 굴러다닐 날이지. 한스퍼의 축복이 있으니 우리 머리가 떨어지진 않을거다!\""
    },
    {
      "Key": "ce8a7776-8227-4cfd-829f-118fa7975c6d",
      "Value": "\"이 나쁜 자식!\""
    },
    {
      "Key": "73360083-ce31-4edc-be4b-c5a1b4892830",
      "Value": "\"안녕.\""
    },
    {
      "Key": "caf800a7-0e7e-4905-acf2-7ee13ac63e7c",
      "Value": "\"준비 됐어? 내 동료들이 궁전 근처에 모여있다.\""
    }
  ]
}