{
  "$id": "1",
  "strings": [
    {
      "Key": "3676b47e-d72b-4ad0-a6bc-dca773d30d82",
      "Value": "\"이 대화가 진행되는 방향이 마음에 들지 않습니다. 다음에 다시 이야기하죠.\""
    },
    {
      "Key": "72cdfc9f-7a68-4dbd-954b-0c2b7fc504af",
      "Value": "\"피탁스의 귀족께서 우리 영지에 무슨 일로 오셨을까?\""
    },
    {
      "Key": "bf6d7fb7-e776-406a-8b60-7ef2277b1b79",
      "Value": "\"아, 그래. 이로베티 왕. 걱정하지 말라. 나는 그에게 너의 비참한 운명을 알리기 위해 음울한 서신을 보낼 것을 약속하마.\""
    },
    {
      "Key": "79fd16e1-6428-4dd9-ac3e-d29f68810a00",
      "Value": "\"이제, 내가 '개인적'으로 내 장례행렬에 세금을 거둘 수 있게 해주게, 내 경제 상황을 보다 풍족하게 도움이 되게 말이지. 그리고 이번 해에는 특별히 세율이 높다네, 자네가 낼 수 있기를 바라지. 세금을 내지 않는 것에 대한 처벌은 투옥이거든.\""
    },
    {
      "Key": "bf2c6da9-fc64-4490-957a-f5dd9db037f7",
      "Value": "\"스테파노 공, 솔직히 대답해주시오 — 혹시 당나귀 발굽에 대해 알아보는 기쁨을 누리고 싶지 않소? 당신 발 애기는 아니오.\""
    },
    {
      "Key": "b1cadce0-5cd2-41f3-8a13-9fb2b49a9019",
      "Value": "\"피탁스에는 어떤 새로운 소식이 있나?\""
    },
    {
      "Key": "d69e5470-08f5-4e3a-994d-a9a4467ed8ad",
      "Value": "\"계획했던 것보다 빨리 피탁스로 돌아가고 싶지 않다면 말조심하는게 좋을 겁니다.\""
    },
    {
      "Key": "45ae6cdb-d152-428c-ae38-b4fbf5f2ec00",
      "Value": "\"상자 속에 담아 피탁스로 돌려보내기 전에 말조심하는게 좋을 겁니다. 어쩌면 하나가 아니라 여러개 상자일수도 있겠죠.\""
    },
    {
      "Key": "05b964ad-b7d8-417d-9b3b-709dff8751cc",
      "Value": "\"그래, 너의 사슬에서 벗어나려고 시도한 끝에 마주한 비극적 운명이군. 이제, 더 할 게 없다면, 뭘로 한건지는 모르겠지만 너의 화장을 다시 하는 걸 추천하지. 네 놈의 볼을 너무 밝고 붉게 빛나서 압살롬에서도 보일만 하거든.\""
    },
    {
      "Key": "81492b70-11e3-443c-944e-5b8e12b1ffaa",
      "Value": "\"다섯살짜라도 당신이 날 모욕하려고 한다는 걸 말할 수 있습니다, 스테파노 경. 여기 온 목적이 무엇인지 솔직히 말할 수도 있지 않겠습니까?\""
    },
    {
      "Key": "24be8ade-5a04-4050-a4c1-6d182195fd0e",
      "Value": "\"공정하고 합당하다면 나는 언제나 비판을 받아들일 수 있습니다.\""
    },
    {
      "Key": "2c28e9eb-1468-48f9-9212-bbbb0d0e72e4",
      "Value": "\"당신이 한 말이 사실일지라도 나의 남작령은 아직 매우 젊습니다. 모든 것은 곧 바뀔 겁니다.\""
    },
    {
      "Key": "60e7cc8c-ec36-44cb-be98-c7ddc5699cfd",
      "Value": "\"한 마디만 더 하면 널 교수대로 보낼 것이다.\""
    },
    {
      "Key": "b68db8b2-a447-4f38-ac2f-3e7c48690471",
      "Value": "\"나의 남작령이 얼마나 미약하건 간에, 당신은 나에게 그런 식으로 말할 수 없소.\""
    },
    {
      "Key": "44cda5e2-88bb-4525-9881-e383dfe7f8aa",
      "Value": "\"당신이 일말의 눈치를 차렸으면 좋겠군. 나가시오.\""
    },
    {
      "Key": "fe9091a7-b46c-47a2-8016-b82450d829e5",
      "Value": "\"뛰어, 돌아가서 너의 왕의 무릎 위로 올라가 실컷 울라고. 움직여.\""
    },
    {
      "Key": "6ae76810-6239-44a7-bcc3-5425a2f61a4b",
      "Value": "\"당신의 상상에 맡기겠소. 접견은 이제 끝났소.\""
    },
    {
      "Key": "005ab4a9-f082-4a07-bf97-d10327071ef8",
      "Value": "{n}스테파노경은 입을 열려 했다가, 금새 다물어 버렸습니다.{/n}"
    },
    {
      "Key": "667eacdd-7dfd-40f0-a2b8-382eb32fe64a",
      "Value": "\"{g|pitax}피탁스{/g}에서의 삶은 훌륭합니다, 감사하죠! 나의 왕이시자 통치자이신 카스트루치오 이로베티 전하의 업저에 감사할 따름입니다. 우리의 도시는 확실하게 번영하고 있습니다.\"{n}스테파노 경은 미소를 띄고 당신을 당당한 눈길로 응시합니다.{/n} \"당신의 무너져 가는 조그만 마을과는 완벽한 대조로군요.\""
    },
    {
      "Key": "fe008dc6-cb2c-46cc-b1b0-fb743d35cf2e",
      "Value": "\"무슨 말입니까? 이웃국가로부터 귀족 고위관리가 당신의 수도을 방문했습니다. 카스트루치오 이로베티 왕의 가까운 친구가요. 그런데 당신은 짧은 대화를 나눌 시간조차 못 내겠다는겁니까? 진정한 주인이라면 그 손님을 그렇게 대하지 않는 법입니다.\"{n}스테파노 경은 미소지으며 당당히 당신의 눈을 노려보았습니다.{/n}\"물론, 이 비참한 조그만 마을은 내가 처음에 생각했던 것보다는 훨씬더 비참하게 보이지만 말입니다.\""
    },
    {
      "Key": "25d04c01-4158-4bbe-8e2b-58d0e2dc194f",
      "Value": "\"아무것도. 당신이 제공할 만한 것은 아무것도 없습니다.\"{n}스테파노 경은 당신이 답할 기회를 주지않고 계속했습니다.{/n}\"군사, 부실함. 문화, 부실함. 경제, 부실함. 당신은 모든 신들께 나의 이로베티 왕께서 당신에게 전쟁을 선포하지 않게끔 해달라고 기도하는 것이 좋을 겁니다. 다른 한편으로는, 어쩌면 당신은 그가 당신을 정복해달라고 바라는게 나을 수도 있겠군요. 이 엉망진창인 남작령 따위는 차라리 정당한 왕의 지배를 필요로 할 테니 말입니다.\""
    },
    {
      "Key": "274d0129-805d-4969-928d-f7b1cb39a68a",
      "Value": "\"이제 우리는 모욕에 의지하는 군요. 놀랍지도 않습니다.\"{n}스테파노 경은 긴 한숨을 내쉬고는 그의 레이피어를 툭 쳤습니다.{/n}\"음, 당신에게 도전하기 위해 장갑을 던질 가치조차 없지요. 거기에다 당신은 그저 도망쳐서는 떠들고 다닐거 아니겠습니까. 그게 당신이 이 왕좌의 방을 지키고 있는 것보단 두 배는 가치있겠군요.\""
    },
    {
      "Key": "127ead89-4135-488d-adf3-70e2e0d8d5c6",
      "Value": "\"그렇다면, 기꺼이 제 보고를 올리죠.\"{n}스테파노 경의 목소리가 거들먹거리기 시작했습니다.[/n}\"셀 수 있다면, 손가락으로 셈 해가시지요. 첫째, 당신의 군대는 약합니다. 영토를 방어하기에 적절한 경비대가 부족하여 마을, 소도시와 교역로 중 어떤 곳을 방어할지를 골라야만 합니다.\""
    },
    {
      "Key": "802c8fb9-da88-4425-8d1c-16c04bab9982",
      "Value": "{n}스테파노 경이 능글맞은 미소를 지으며 다가옵니다. 사전에 연습이라도 해본 듯한 교활한 표정이 만면에 떠오릅니다.{/n}\"아, '남작령'의 통치자시군요. 이리도 신경 써주시니 몸 둘 바를 모르겠습니다. {g|pitax}피탁스{/g}의 스테파노 모스코니, 부름에 대령했습니다.\"{n}남자는 조롱하듯 허리를 숙입니다.{/n}"
    },
    {
      "Key": "c0fd6eaf-446d-4010-acaf-000910f5ff73",
      "Value": "\"오, 제 갈 길을 갈 것이니, 걱정 마시지요. 여기 더 오래 머물다간, 벼룩이나 이, 아니면 이곳의 백성이 되기 위한 어떤 것이든지에 물릴까 걱정되니까요. 건강하시길! 바래다 줄 필요는 없습니다.\""
    },
    {
      "Key": "153a0759-e7f1-49c8-a948-4762d34e3d55",
      "Value": "\"두번째, 경제가 엉망진창입니다. 당신은 질 낮은 몇몇 여관으로부터 세금 징수 문제를 해결해야 합니다. 그리고 심지어 당신네 국고는 이 동전 한 줌에 의지하는 것 같더군요.\""
    },
    {
      "Key": "dc7b5367-18c3-4d21-bab6-2c41b75b0054",
      "Value": "{n}당신 앞의 남자에게선 자만심이 풍겨납니다. 그의 검은 머릿결은 그의 머리 꼭대기부터 그의 콧수염에 이르기까지 풍성하고 잘 정돈되어 있으며, 후하게 왁스를 발라 두었습니다. 그의 양 볼과 이마에는 흰 칠이 되어 있어 그에게 창백한 모양새를 내줍니다. 그의 손은 그의 레이피어의 황금 자루위에 느긋히 올려져 있습니다.{/n}"
    },
    {
      "Key": "7c4cb2c2-3bb0-40fa-8187-19f6a4d1e4fc",
      "Value": "{n}스테파노 경은 분노해서 말하기 시작했습니다.{/n}\"나의 왕께서는 그냥 두고 넘어가지 않으실거요.\""
    },
    {
      "Key": "c40ea05f-88cd-4fee-91bd-309d92be4eb8",
      "Value": "\"{g|Restov}레스토프{/g}를 방문한 뒤에 아름다운 {g|pitax}피탁스{/g}의 집으로 돌아가려 여행하던 중이었습니다. 모두 카스트루치오 이로베티 전하께 봉사하기 위함이지요. 하루 정도 {g|pitax}피탁스{/g}의 대담한 새 이웃의 수도에 머물 수 있을 거라 생각했지요...\"{n}스테파노 경은 코를 훌쩍이더니 미소를 지었습니다.{/n}\"정말로 수고를 덜었다고 말해야만 겠군요. 이곳은 볼 가치가 없습니다.\""
    },
    {
      "Key": "b6a2c7b2-ed78-4b4d-9992-d52e0d5835cc",
      "Value": "\"뭐!\"{n}스테파노 경은 고함을 치다 잠시 멈추었습니다.{/n}\"내...비극적인 운명이라고?\""
    },
    {
      "Key": "85dd57d8-26d9-44ff-8037-9cf87986cb37",
      "Value": "{n}스테파노 경은 당신을 노려보더니 코웃음을 쳤습니다.{/n}\"아시다시피, 제 방문의 최초 목적은 당신네들이 소위 말하는 '남작령'을 평가해서 {g|pitax}피탁스{/g}에 제공할만한 가치있는 것이 있는지를 보는 것이었습니다. 그리고 제가 무엇을 찾아냈는지 아십니까?\""
    },
    {
      "Key": "5f597d01-e84b-40b6-a22a-f7c15c7f127a",
      "Value": "\"그리고 세번째, 당신네의 문화는...음, 정말로, 존재한다고 볼 수 없지요. 무엇이 있습니까? 미술관도 없습니다. 대학도 없지요.\"{n}스테파노 경은 무시하듯 손을 흔들었습니다.{/n}\"당신네 수도는 흡사 건초더미 위에 당나귀 한 마리만 앉아있는 외양간과도 같습니다.\""
    },
    {
      "Key": "2f7a4c1c-2e01-406c-a95b-67f162ddcb77",
      "Value": "\"저는...저는 지금 바로 가봐야겠군요.\""
    },
    {
      "Key": "2d8ca749-aee2-4bfe-9534-50f7b8f0f258",
      "Value": "\"이 곳에서 바뀌는 게 있다면 고작 똥파리의 숫자겠군요. 그건 계속 늘어갈테지요. 아, 그렇군, 제가 이처럼 도륙내는 걸 계속할 필요는 없지요. 맞서 싸우지 않는 사람과 싸워봤자 소용이 없지 않겠습니까. 안녕히 계시길!\"{n}스테파노 경은 조롱하듯 인사하였습니다.{/n}"
    },
    {
      "Key": "ef8f577c-9104-4786-929f-0ee30a313aab",
      "Value": "\"정말, 내가 무슨 생각이었는지 원? 교육받은 귀족의 말을 겨우 알아듣는 사람에게 이토록 말하는 게 무슨 가치가 있겠습니까? 제가 알고자 했던 것은 모두 알았습니다. 이만 가보도록 하지요.\""
    }
  ]
}