{
  "$id": "1",
  "strings": [
    {
      "Key": "32fe4997-0c03-47c0-b64d-b6f16d3fedbb",
      "Value": "\"들었어? 누군가 야영지를 어슬렁거리는 거 같아. 아마 그냥 지나가는 것일까...\""
    },
    {
      "Key": "8de5841e-1731-4e13-9e5a-5f08b83648b2",
      "Value": "\"저기 뭔가 있는 것 같아. 들어 봐! 들려? 안들린다구? 이상하군...\""
    },
    {
      "Key": "ac60be2e-b958-46b1-85ca-3cc3ca238f57",
      "Value": "\"미리 경고하지 않고 야영지를 엄페하지 않은 우리 잘못이다. 우리가 위험에 처한다 치면 주문을 준비하는 편이 나아.\""
    },
    {
      "Key": "2e6d84c0-717e-4552-86df-0abaf6c8f3f8",
      "Value": "[무기를 꺼내 날을 확인합니다]"
    },
    {
      "Key": "b6a1b546-67dd-47a0-92d0-ec72da413e53",
      "Value": "\"거짓 경보라면 한대 맞을 줄 알아! 나 화났다고!\""
    },
    {
      "Key": "0ca6381f-900b-406c-a157-556148ca976c",
      "Value": "\"계속 경계해. 토락이 너를 저주할 때 그가 망치로 네 머리를 후려칠지 몰라.\""
    }
  ]
}