{
  "$id": "1",
  "strings": [
    {
      "Key": "0317acf9-56c4-4619-ac92-d4b993d21245",
      "Value": "\"어떤걸 파는지 볼까.\""
    },
    {
      "Key": "b64e9772-8785-4c18-afb4-9466d76de0dd",
      "Value": "\"가격이 다른 상인들보다 3배나 비싼걸!\""
    },
    {
      "Key": "967aca91-54ae-4351-8d65-b2380a3829db",
      "Value": "\"이제 가봐야겠어.\""
    },
    {
      "Key": "58dbc113-1dd6-433c-b7bc-95df205336a3",
      "Value": "\"다리에서 무슨 소란이지? 이 사람들은 다들 어디서 온건가?\""
    },
    {
      "Key": "203a7c83-9999-40b8-bbbb-36b3f60b0577",
      "Value": "\"이딴 썩은 음식을 그렇게 터무니 없이 비싸게 판다면 너를 본보기로 다리 위에 매달아버리겠다.\""
    },
    {
      "Key": "a0739b4b-05c1-4fa4-b5d7-548e8ac539b3",
      "Value": "\"좋은 생각이다. 그러면 너는 거래세를 내야 해. 내 땅에서 거래하는 금액의 삼분의 이를 지불해라. 그리고 나 몰래 내 백성들의 피를 빨아먹지 않는 것이 좋을 거야. 알겠어?\""
    },
    {
      "Key": "216f2605-6f2a-4a4b-a741-ce3453140e00",
      "Value": "[화난 농민을 가리킵니다] \"아무래도 네가 저 사람들을 화나게 하고 있는것 같은데...\""
    },
    {
      "Key": "22300584-aa0d-40b5-89ba-e29848005510",
      "Value": "[공격] \"이제 충분하다!\""
    },
    {
      "Key": "8223723a-1020-4a91-ab9b-c546b7d9f1ae",
      "Value": "\"장사가 영 안되나봐?.\""
    },
    {
      "Key": "1d9fdeb7-b439-4f22-834a-37ff569ad3bd",
      "Value": "\"수치심도 없나! 이 사람들은 굶고 있어. 그런데 너는 네 주머니만 채울 생각을 해?\""
    },
    {
      "Key": "dcc197a6-4208-4ee8-8dd4-15fbf140ff59",
      "Value": "\"잘 했어. 세금을 내는 것만 잊지 마라.\""
    },
    {
      "Key": "802bda72-a59d-4aea-bfec-de2c43da7935",
      "Value": "\"네가 파는 물건이니 상관 안해.\""
    },
    {
      "Key": "f7cd3bb0-dff5-44a5-a55b-c5b4e4ca043e",
      "Value": "\"여기에 꽤 오래 앉아있군. 아스모데우스는 너 같은 진취적인 사람들을 좋아한다!\""
    },
    {
      "Key": "dfa53598-be00-4bd7-8dab-4285afcf5383",
      "Value": "{n}초라한 재킷에 기름진 바지를 입고 머리에는 베레모를 쓴 덩치 좋은 상인은 마침내 당신을 알아차립니다.{/n} \"아! 티그니 주스머트의 여행 상점에 온 것을 환영합니다! 이쪽 협곡에서 가장 좋은 물품들입니다, 손님!\""
    },
    {
      "Key": "15236fdd-0da8-44ad-ad49-ea4932fcea47",
      "Value": "\"다시 온 것을 환영합니다, 손님! 오늘은 어떻게 도와 드릴까요?\""
    },
    {
      "Key": "0de0ec5d-354e-442f-9da1-f128ae4e8906",
      "Value": "\"수요가 매우 높거든요, 손님!\" {n}상인은 윙크를 하며 뚱뚱한 지갑을 흔듭니다.{/n} \"주변 상인 중에 저희가 파는 물품 같은건 구하기 어려울겁니다. 사실, 주변엔 다른 상인이라고는 찾아보기 힘들겁니다. 그리고 저 사람들은...아시잖습니까, 저들은 그저 먹는걸 사랑하는 사람들이지요!\" {n}그는 자신의 농담에 즐겁게 웃습니다.{/n}"
    },
    {
      "Key": "0c6c897f-8b3e-4aa7-8a06-a5f96acad0d0",
      "Value": "{n}티그니는 움츠러들면서 머리를 숙이며 뒤로 물러납니다.{/n} \"요..용..용서해주십시오, {mf|영주님|영주님|전하|전하}! 지..진심으로 사과드립니다!\" {n}그는 숨을 죽이고는 한마디 한마디가 마지막이 될지도 모른다는 듯, 조심스럽게 말합니다.{/n} \"이제부터는{mf|영주님과|영주님과|전하와|전하와} {mf|영주님|영주님|전하|전하}의 백성들에게 가장 저렴한 가격으로 팔겠습니다!\""
    },
    {
      "Key": "13048c8c-b858-41e7-9cf9-e91f4a0a06a0",
      "Value": "{n}티그니는 움츠러들지만 그의 경비병들을 한번 보더니 침을 꿀꺽 삼키고 대담하게 말합니다.{/n} \"{mf|영주님|영주님|전하|전하}, 정말 죄송하지만 저는 아무 잘못도 하지 않았습니다. 제가 정한 금액으로 거래하겠습니다! 원하신다면 얼마든지 협박하셔도 좋습니다. 저는 꼼짝도 안할테니까요!\""
    },
    {
      "Key": "329a982f-108c-4ab1-a05b-d9fa3212c1c0",
      "Value": "\"뭐라구요?!\" {n}티그니가 숨을 헐떡입니다.{/n} \"하지만...하지만...! 젠장!\" {n}자신의 항의가 쓸모 없다는 것을 알고 그는 지갑을 꺼내 동전을 세더니 당신의 손에 떨어뜨립니다.{/n} \"강도군...완전무결한 강도야...\" {n}마지막 동전을 손에 내려놓자, 그는 약간 뻣뻣하게 인사를 합니다.{/n} \"알겠습니다, {mf|영주님|영주님|전하|전하}. 가격을 낮추겠습니다.\""
    },
    {
      "Key": "5d49f4bf-f3b4-4754-b967-4795ed4fe447",
      "Value": "{n}티그니의 얼굴이 검붉게 변합니다.{/n} \"'너의 것을 지켜라!' 강의 자유라고 아십니까, {mf|영주님|영주님|전하|전하}? {g|Stolen Lands}도둑맞은 땅{/g}에서 가장 존경받는 법률 중 하나죠! 뭔가 착각하시는 것 같은데 저는 그런 세금을 내지 않겠습니다!\""
    },
    {
      "Key": "55b9cb2e-41a9-40d1-865b-f83e1d62b15d",
      "Value": "\"소문 못들으셨습니까? 수사슴 군주입니다, {mf|영주님|영주님|전하|전하}! 그가 살아있어요! 어느 날 패거리와 돌아와 다리를 차지하고 통행세를 받기 시작했습니다! 그래서 사람들이 다리를 못지나가고 있죠. 어쨌든 뭐, 농민들이 통행세를 낼 정도로 돈이 있겠습니까?\""
    },
    {
      "Key": "8664919b-e798-4952-a06f-003746bd13d0",
      "Value": "\"저 시끄러운 무리들 말입니까?\" {n}티그니는 농민들을 훑어보며 냄새를 맡습니다.{/n} \"이 거지들이야 아무 말이나 지껄일 순 있죠! 투걸거리든 징징대든 알 바 아니지만 내 경비들한테 감히 덤비지는 못할 겁니다.\""
    },
    {
      "Key": "ea84f848-f348-449e-9350-6b6409f43c72",
      "Value": "\"몇 명은 여기에 잠시 머무르고 있죠. 제가 저 사람들을 돕겠다는 의지가 없었다면 아마 많은 사람들이 굶어 죽었을겁니다! 물론 적당한 가격선에서 도와줬죠.\""
    },
    {
      "Key": "48c95d10-3e23-4327-bc08-a155617b0057",
      "Value": "{n}허름한 재킷에 기름진 바지를 입고 머리에는 베레모를 쓴, 이 덩치 좋은 상인은 지루해보입니다. 그는 당신이 다가오자 눈썹을 치켜 올립니다.{/n}"
    },
    {
      "Key": "ea85049d-49a3-4f80-a3c6-092da524ce75",
      "Value": "{n}티그니가 당신을 찡그리며 쳐다봅니다.{/n} \"원하는 게 있습니까, {mf|영주님|영주님|전하|전하}?\""
    },
    {
      "Key": "dd2ee9a3-00cd-4f1d-9023-4808bf80dd05",
      "Value": "\"티그니 주스머트의 가게에 온 것을 환영합니다. 협곡 이쪽편에서 가장 좋은 상품을 판매하지요.\" {n}티그니는 주변을 둘러보고 한숨을 쉬었습니다.{/n} \"어디에서도 이런 저렴한 가격을 찾지 못할 겁니다.\""
    },
    {
      "Key": "f0d5b0d8-d424-47cb-8dd3-1263d681d953",
      "Value": "\"그런 말 마세요.\" {n}티그니는 긴 한숨을 내뱉습니다.{/n} \"{mf|영주님|영주님|전하|전하}께서 수사슴 군주를 순종시키기 전까지는 완벽한 장소였죠. 피난민들은 다리에서 머무르며, 저와 거래를 하는 것 말고는 달리 할게 없었거든요... 하지만 지금은 지나가던 여행자가 가끔 호밀 빵 덩어리나 사고 있어요. 그것도 운좋은 날에나 그렇죠!\""
    },
    {
      "Key": "3fdd7c31-3353-429f-a0d2-f1fa6ab64b26",
      "Value": "\"음식 값으로 이런 거액을 받고 우리가 얻는 게 고작 이건가? 곰팡이 쓴 빵과 썩은 야채?\""
    },
    {
      "Key": "9b0bbd82-712e-4486-9ab6-309697f0ff55",
      "Value": "\"{g|Erastil}에라스틸{/g}을 두려워 해야 할 거다! 티그니! 네 이익은 누군가의 슬픔이야!\""
    },
    {
      "Key": "d01296e9-de5b-4f7d-9e8b-ef65afb685cd",
      "Value": "\"내 눈앞에서 사라져! 나는 이 주변의 유일한 상인이야. 내가 파는 음식을 먹든지 아니면 굶든지!\""
    },
    {
      "Key": "cc2a44d3-518b-43f1-8017-bb553fa8d20c",
      "Value": "{n}티그니는 말없이 시선을 피합니다. 마침내 그는 한숨을 쉽니다.{/n} \"알겠습니다. 가격을 낮추겠어요. 내가 감정도 없는 동물이라고 생각하는겁니까?\""
    },
    {
      "Key": "fb2ca60f-c8c3-4c81-9802-a39e292548e9",
      "Value": "\"당신의 도덕질 때문에 나는 길바닥에 나앉으라구요? 저 사람들은 굶주리면 열매를 따거나 개구리를 잡을 수도 있잖아요! 나한텐 오로지 내 물건을 파는일이 전부라고! 그만한 값어치가 있는 물건들이라구요!\""
    },
    {
      "Key": "693eebbb-a523-486f-9f15-48fb2ea68560",
      "Value": "\"물론입니다, {mf|영주님|영주님|전하|전하}! 문제 일으킬 생각은 전혀 없습니다. 자 여기 {mf|영주님|영주님|전하|전하} 몫입니다...아,아니 죄송합니다. 그러니까 제말은..자 여기 법에 따른 거래세를 받으시지요.\""
    },
    {
      "Key": "81cbe07c-0788-46b1-8aca-2806231cda44",
      "Value": "{n}상인은 너그러운 미소를 지었습니다.{/n} \"저는 항상 이 {mf|남작령|남작령|왕국|왕국}이 나 같은 평범한 장사꾼에게 친절하다는 것을 느꼈죠. 그게 사실이라 기쁩니다.\""
    },
    {
      "Key": "513e4b9f-2aee-45c7-92d8-e786e1f2e61a",
      "Value": "\"이건 비인간적이지만, 그에게는 그럴 권리가 있습니다. 한편으론, 그는 당신의 땅에 있으니, 결국 당신의 손에 달려 있습니다. 이건 혼란스러운 상황입니다... 이런 야생 지역에서는 어떠한 법에도 의지하기 어렵습니다.\""
    },
    {
      "Key": "61cac4e4-78a2-4fb1-aa68-10aa7c38219e",
      "Value": "\"진정해. 고작 금화 한줌이 정말 살인자가 될 만한 가치가 있을까? 이 불쌍한 영혼들의 눈을 봐. 그들의 삶은 너의 손에 달려 있어. 네 마음속은 욕심으로 가득차서 자비를 베풀 자리는 남아 있지 않은건가?\""
    },
    {
      "Key": "ed424759-3a71-4c9e-8f3c-746eeae4c33b",
      "Value": "\"'너의 것을 지켜라'라는 거지? 그래. 너의 경비는 이 불쌍한 녀석들을 마음대로 해도 되겠지만 그럼 우리가 무기를 든다면 어떻게 할래? 네가 아직도 힘이 있다고 생각하는 거야? 네 배는 찢어져서 힘이 나지 않을 텐데?\""
    },
    {
      "Key": "fae6b789-3afe-40c2-a846-d86b7d7ad683",
      "Value": "\"이 쓰레기 자식!\" {n}옥타비아는 당신에게 화난 표정을 보입니다.{/n} \"뭔가 해봐요! 사람들을 저렇게 대우하도록 놔둬선 안돼요!\""
    },
    {
      "Key": "a4ecd9d9-e789-4708-bf5b-9b6974a178df",
      "Value": "\"훨씬 낫군! 네가 도둑질하지 못하게 해줄테니 기억해두라고!\" {n}옥타비아가 당신을 봅니다.{/n} \"이 녀석이 다른 사람을 갈취하지 못하게 해줘서 고마워!\""
    },
    {
      "Key": "62d9b527-ca8b-48cb-a538-13be402189b1",
      "Value": "{n}발레리가 머리를 내립니다.{/n} \"그와 같은 사람들 때문에 약자들의 보호자가 생겨난 겁니다. 자기들 마음대로 법을 만드는 도적들이 있어서는 안됩니다. 하지만 법의 허점을 찾는 장사꾼이 무법자보다는 낫습니다.\""
    },
    {
      "Key": "c6021abd-af99-461e-8131-f1c041f795f7",
      "Value": "{n}발레리는 화를 숨기며 입술을 지긋이 깨뭅니다.{/n} \"당신의 백성들을 죽음으로 위협하는 능력을 마스터하셨군요. 그게 좋은 능력인지는 의문이 갑니다.\""
    },
    {
      "Key": "78a9ee7c-71fa-4b67-86cb-159cef00e49a",
      "Value": "{n}발레리는 입술을 깨물고는 머리를 절레절레 흔듭니다.{/n} \"당신이 강도와 약탈에 있어 누구보다 뛰어나다는 것은 잘 알고있습니다. 분명 {g|Stolen Lands}도둑맞은 땅{/g}의 적절한 통치자일지도 모르겠군요.\""
    },
    {
      "Key": "e8baa536-6c5f-4381-bc25-72eb4bd1232e",
      "Value": "\"고마워! 너희 둘 모두 말이야!\""
    },
    {
      "Key": "686df780-306a-4041-a4f9-a9ba572882d0",
      "Value": "\"너와 신과의 관계가 복잡하다는 건 알지만 네가 있어주어서 고마워. 발레리. 의미 없는 우아한 몸짓이 아니라 합리적인 이유가 있다면 바뀌는 것도 나쁘지는 않아.\""
    },
    {
      "Key": "8e7f0bfe-3fd7-425d-981b-605015d0fe7d",
      "Value": "\"충고 하나 하지. {name}. 감정에 굴복하지 마. 이 상인을 처벌하면 백성들의 충성심을 높여서 네 위치를 굳힐 수 있어. 하지만 길게 보면 어떨까? 합법적인 거래를 백성들이 힘들어한다면 다른 상인들이 너와 거래하고 싶어할까?\""
    },
    {
      "Key": "fbfd6e74-daf1-4fa0-8df3-93bb59996012",
      "Value": "\"세상에는 악이 너무 많아.\""
    }
  ]
}