{
  "$id": "1",
  "strings": [
    {
      "Key": "2e6df0c6-02c0-4eb3-9ffc-9d23037a3e5e",
      "Value": "\"이봐, 트리스티안. 넌 왜 항상 사람들을 용서하는 거야? 한 대 갈기면 널 존중해 줄 텐데!\""
    },
    {
      "Key": "01135bcf-0d7e-4776-a27b-d159b0117aa9",
      "Value": "\"그런 식으로 존중받고 싶지 않습니다, 아미리. 그건 존중이 아닌 억눌린 분노예요. 용서하면, 사람들은 잘못을 헤아려 알고 본인의 부주의와 성급함을 사과한답니다.\""
    }
  ]
}