{
  "$id": "1",
  "strings": [
    {
      "Key": "3debe0d2-a61f-4172-889a-29f961d70b84",
      "Value": "\"옥타비아의 아버지는 누구입니까?\""
    },
    {
      "Key": "10f289c8-7d48-45b2-922f-f9140f6cdd5c",
      "Value": "\"옥타비아가 어쩌다 노예가 되었습니까?\""
    },
    {
      "Key": "cce8e0fd-6e66-4240-898b-8030c6d043e0",
      "Value": "\"왜 그녀를 다시 사오지 않은겁니까?\""
    },
    {
      "Key": "dcdadcb2-cf1f-4441-80bb-2b38379c533b",
      "Value": "\"어떻게 생각합니까, 옥타비아?\""
    },
    {
      "Key": "7aab7050-a660-4106-850c-333e1c6ca90b",
      "Value": "\"무슨 일이지? 손님이 온다는 얘기는 없었는데...\" {n} 뒷방에서 한 여인이 나옵니다. 그녀의 드레스는 한때 값비쌌겠지만 지금은 좀먹고 여기저기 기워진 흔적인 역력합니다. 그녀의 자세와 걸음걸이만이 그녀가 귀족이었던 사실을 보여줍니다. 사십 정도 되 보이지만, 얼굴의 주름과 흰머리를 보면 어떠한 고통이나 시련이 그녀를 세월에 닳아지게 만든 게 분명해 보입니다.{/n}"
    },
    {
      "Key": "0d2eb422-cecf-41aa-ba42-5ecf13d94788",
      "Value": "\"난 후작부인 클라리다 델라 피오르니입니다. 내 장원에 온 걸 환영합니다. 안타깝게도 대접해 드릴 것도 없고, 존함을 아는 영광을 누리지 못한 것 같군요. 어떠한 일로 긴 걸음을 오신겁니까?\""
    },
    {
      "Key": "80f92d98-a132-431c-a5af-4deec2e4e09e",
      "Value": "\"안녕.... 엄마\""
    },
    {
      "Key": "059d07d8-b839-4cc0-852f-ae844b52ff64",
      "Value": "\"옥타...옥타비아? 신이시여... 내 옥타비아, 정말 너니? 정말 오랜 시간이 지났구나....\" {n}후작부인은 눈물을 글썽거리며 딸을 안기 위해 앞으로 나섭니다, 하지만 옥타비아의 냉랭한 시선을 보자 멈춰섭니다.{/n}"
    },
    {
      "Key": "df62b4d7-8dc0-4d70-a6c8-0ca70ba8919f",
      "Value": "\"나의 옥타비아라고요? 나의?! 당신에 대한 마지막 기억은 당신이 날 노예 매매상에게 팔아버린 거예요! 어떻게 감히 날 '나의 옥타비아'라고 부를 수 있죠?\""
    },
    {
      "Key": "30ff9b5a-08fa-498a-88ae-bee56989bd5b",
      "Value": "\"잔인한 얘기구나... 하지만 맞는 말이지. 옥타비아, 내 아가야... 무슨 일이 있었는지 셜명하게 해주렴. 어떻게 할 지는 그 후에 결정에 줬으면 한단다- 설사 네가 날 절대로 다시 보지 않기를 원한다 해도 말이다. 난 그저 네가 안전하고 건강하다는 걸 알게 되어 기쁘단다. \""
    },
    {
      "Key": "ee3ffa58-2d83-414f-9c93-48b5ed9ffe82",
      "Value": "\"듣고 있어요.\""
    },
    {
      "Key": "040d6d9a-a052-43cb-bd74-0607f18e4bb5",
      "Value": "\"한심하고 비참한 악당, 그 이상 그 이하도 아니었단다. 그저 어리석은 여자를 땅에 눕히고, 그녀가 임신했다는 걸 알아채자마자 사라졌던 방랑 엘프였지. 그자의 이름은 얘기하고 싶지도 않구나.\""
    },
    {
      "Key": "d6b6da48-6ac6-4325-a1a6-18ee2e1bf0e9",
      "Value": "\"적어도 일생에 있어 좋은일은 하나 하고 갔구만, 그렇지?\""
    },
    {
      "Key": "5e0956ec-0ed4-44f0-bf9d-a45be0bb58f7",
      "Value": "\"아이를 갖고 싶지 않았을 때 사용하는 물약이 있을텐데요. 비싸지도 않구요.\" {n}옥타비아 목소리는 날카롭고 냉점합니다.{/n}"
    },
    {
      "Key": "866311cd-9dda-474f-b36e-3160db0e11c3",
      "Value": "\"그런 다음엔? 내가 너없이 어떻게 살아갔겠니?\""
    },
    {
      "Key": "95e5bbec-eade-431e-a7d4-36c399d1cadf",
      "Value": "\"레그... 그만해. 지금만은.\""
    },
    {
      "Key": "0fa60ca9-3054-417f-93dc-bfeca72a7f4a",
      "Value": "\"내 아버지는, 그의 영혼이 안식을 취하기를, 매우 고지식한 사람이었단다 - 어떤 사람은 잔인하다고도 얘기했었지. 내가 어떤 모험가의 아이를 가졌다는 건 알아채자, 그는 날 집에서 쫓아내고 모든 상속에서 배제해 버렸단다. 난 삼년동안 먹고 살기위해 무슨 일이라도 해야 했지 - 바느질, 가정교사, 그런 일들 말이다... 하지만 아버지께선 자신이 죽어간다는 걸, 그리고 그렇게 되면 델라 피오르니의 혈통이 끊긴다는 걸 깨달으셨고, '나의 불명예' - 바로 너를- 를 없애버린다는 조건 하에 모든 상속권을 내게 남기겠다고 하셨단다.\""
    },
    {
      "Key": "d3da2dee-5c80-4b92-9300-247c952fd528",
      "Value": "\"그리고 당신은 그대로 행동했구요. 상속권을 위해 날 팔아넘긴거죠. 이제 알겠어요.\""
    },
    {
      "Key": "4259f8fd-35d8-4faf-b031-d23166d62655",
      "Value": "\"아니, 그런게 절대 아니란다. 내겐.. 계획이 있었어.. 아버지를 속일 계획말이다.. 알겠니? 난 {g|Technic League}기술 연맹{/g} 소속의 사람과 계약을 맺었단다. 그는 널 누메리아로 데려가서 아버지가 죽을 때까지 지켜주고, 아버지가 돌아가시면 되돌려 보내기로 했었단다! 난 너에게 최선이라고 생각했던 일을 하려 했던 것 뿐이란다, 이해하겠니? 난 네가 내 장원에서 가난 대신 부유하게 자랐으면 했단다... 하지만 아버지가 돌아가시고 나자, 기술 연맹의 그 인간은, 그런 계약을 한 기억이 전혀 없다고 하더구나. 그는 널 샀고, 이미 팔았으며, 더 이상 네가 어디있는 지 전혀 모른다고 했지.\""
    },
    {
      "Key": "a5bc6e2f-b092-496a-a6cd-e34633fbb213",
      "Value": "\"귀족들이라, 어련하시겠어...\" {n}레곤가르는 깨끗한 바닥에 침을 뱉습니다.{/n}"
    },
    {
      "Key": "24cad268-f48b-4029-be72-0ffd56c6b439",
      "Value": "\"난 그녀가 어디 있었는지 전혀 몰랐었어! 옥타비아, 날 믿어주렴, 그 이후로 널 계속 찾아다녔단다. 난 내 모든 상속 재산을 리버킹덤과 누메리아에서 널 찾기 위해 탐정과 조사관을 고용하는데 썼단다! 하지만 어디서도 널 찾을 수 없었지....\""
    },
    {
      "Key": "66034585-7746-43ae-869a-f4d5afe758ce",
      "Value": "{n}후작 부인은 눈물을 훔칩니다..{/n} \"난 네가 살아있을 줄 알았단다, 그냥 알 수 있었어. 찾는 걸 절대 멈추지 않았지. 널 한 번만이라도 다시 보는 게 내 소원이었단다.. 적어도 용서를 빌 수 있게 말이야.\""
    },
    {
      "Key": "8e34efe6-c778-40af-a844-dfaa6190c530",
      "Value": "\"뭐라 말해야할까요..? 엄마, 당신은 정말 바보에요!\""
    },
    {
      "Key": "6a611adc-eb8a-47a9-ba4a-93d621efd782",
      "Value": "\"어떻게 뻔뻔하게 죄없는 희생자 연기를 하면서 눈물을 흘릴 수 있죠? 신파극은 집어치워요, 엄마 - 당신은 그 후로 충분히 잘먹고 잘살아오신 것 같은데요. 당신은 날 도박장에서 칩처럼 쓰고, 도박에서 졌을 뿐이에요! 그리고 생각이 바뀌자 날 되찾아오고 싶어 한거고, 그 땐 이미 늦었던 거지요 - 그것 참 안됐네요! 제가 유감스럽게 생각해야 하나요?\""
    },
    {
      "Key": "6eaf2c04-bcd0-467a-8098-c8574a18d1bc",
      "Value": "\"그게 아니란다, 내 아가I...난.. 난 그때 너무 어리고 어리석었어. 난 네게 더 나은 삶을 줄 수 있다고 생각했단다! 난 작위나 이 장원이 필요했던 게 절대 아니란다...\""
    },
    {
      "Key": "0d3d0998-8502-412e-9240-34d6442d4eac",
      "Value": "\"물론 필요치 않으셨겠죠? 과연 그럴까요? 그렇다면, 제가 그걸 없애 드리도록하죠!\" {n}비웃음이-어쩌면 일말의 고통이- 옥타비아의 얼굴을 일그러뜨려놓습니다 - 그녀는 벽에 있는 기름 램프를 떼어다 바닥에 집어 던집니다. {/n}"
    },
    {
      "Key": "62c62015-d5e0-4ecc-b82c-6897bb3beb80",
      "Value": "{n}옥타비아는 훌쩍입니다.{/n} \"우리가 작위 없이도 잘 해냈을거라는 생각은 안해보셨나요? 내가 자라서, 기술을 좀 배우면... 가난하게 살겠지만, 아마도요, 하지만 적어도 함께 있을 수 있었을꺼에요...\""
    },
    {
      "Key": "6209b726-db79-4a87-993f-25f3da594522",
      "Value": "{n}옥타비아와 후작부인은 서로를 꼭 끌어 안습니다. .{/n} \"여기에 머물러 주겠니? 적어도 몇 일만? 정말 할 얘기가 많구나...\""
    },
    {
      "Key": "8fc74576-54cf-4461-8162-6dd21420ff92",
      "Value": "\"하지만, 여기서 몇몇 하인들과 혼자 계시는게 위험하지 않을까요? 지금 {g|pitax}피탁스{/g}엔 안좋은 일이 너무 많아요. 환수들, 바바리안들... 전 지금 {kingdomname}에 살고 있어요 - 들어보셨나요? 최근에 새워진 나라 에요. 거기로 이사 오실 수도 있어요. 거기 가서 제가 이때까지 뭘하며 살았고, 뭘 이뤘는지 보여드릴께요!\""
    },
    {
      "Key": "27c19421-ad88-4f94-93b8-ec38df7a58cc",
      "Value": "\"{kingdomname}라고? 네 말대로 하자꾸나, 내 아가. 당장 짐을 싸도록 해야겠다.\""
    },
    {
      "Key": "d2cdb3ac-7e8c-456a-a540-65e4aaff38c3",
      "Value": "{n}옥타비아는 다시금 어머니를 안아줍니다{/n} \"기다리고 있을께요.\""
    },
    {
      "Key": "7c8fd8e2-7977-4d3b-8bcc-afe577d6baa0",
      "Value": "\"합리적이군.\""
    },
    {
      "Key": "e3f769db-6b7d-42f1-9633-1a7f395ec529",
      "Value": "\"그 정찰병들은 자네에게 한끼 식사거리밖에 아니었겠지만, 손가락 하나 움직이지 않았다니! 그런 '서비스'를 믿고 돈을 냈다니 얼마나 순진한지!\""
    },
    {
      "Key": "56f61eca-782f-477c-bf16-ce86b767c513",
      "Value": "\"분명히 말하건데, 이 가족 구성원 중 누구도 그들의 행동이 무슨 결과를 초래할지 생각해 볼 능력이 없었어!\""
    }
  ]
}