{
  "$id": "1",
  "strings": [
    {
      "Key": "d2bcd160-c339-4c68-863a-b261aafb6075",
      "Value": "\"이로베티가 금지한 내용을 인쇄하자, 골탕 먹여보자구!\""
    },
    {
      "Key": "8b969c1f-53b9-48e4-bba4-e8f9577a6cb4",
      "Value": "\"뭔가 아름다운 내용으로 골라봐. 네 선생님이 읽어도 부끄럽지 않을 책으로 말이야.\""
    },
    {
      "Key": "4230d5ee-67b4-4561-a38f-15c2e3b1df25",
      "Value": "\"이 기계는 빨리 본전을 뽑아야해. 우선 싸구려 소설부터 시작하자. 잘만 팔린다면 내용은 중요치 않아.\""
    },
    {
      "Key": "136f4bc6-9220-4ce6-9be4-f37578150c3b",
      "Value": "\"뭘 인쇄하고 싶어?\""
    },
    {
      "Key": "3ccc1d9d-2b9e-4784-b1ae-ed2c064fb5cf",
      "Value": "{n}마차의 상자를 모두 살펴본 린지는 기계에 키스하려는 것을 간신히 참아냅니다.{/n} \"인쇄기가 안전해요! 그냥 조립만 하면 될것 같아요! 야호!\""
    },
    {
      "Key": "15e5d35d-59f0-49c2-8f49-53e563ada48b",
      "Value": "\"믿을 수 없어요. 내 인쇄소가 생기다니. 정말 많은 계획을 세워놨어요. 어디서부터 시작해야 할지 모르겠어요! 뭘 먼저 인쇄해야 할까요?\""
    },
    {
      "Key": "c1f15a29-eaea-4bb8-9673-09dd6f9083cd",
      "Value": "\"하하! 그래! 폭군의 얼굴에 먹칠을 하는 거야! 음유시인의 사명이니까! 먹칠이 아니라 똥칠이지만... 우선 진실부터 쓸 거야!\""
    },
    {
      "Key": "b5b23ab4-15f9-4172-94f1-1be75e777b4c",
      "Value": "\"글쎄... 그건 생각하지 않았는데... 하지만 맞아요. 예술도 예술이지만, 우리에겐 금전적인 부분도 중요하죠. 좋아요. 찬성이에요. 일단 인쇄기에 대한 돈을 갚은 뒤, 그 다음에 바드로서 그리고 북 프린터로서 더 높은 목표로 나아가겠어요!\""
    },
    {
      "Key": "2ffab20c-7143-4113-92f6-0c2d2656c66b",
      "Value": "\"그럼 시작할까요! 말을 보내 수도로 화물을 마저 옮기겠어요.\""
    },
    {
      "Key": "dbfc16f3-bef1-4708-a9bd-5820f12c8eec",
      "Value": "{n}린지는 당신에게 따뜻하게 웃습니다.{/n} \"책 속에 감춰진 아름다움을 가르쳐 준건 제 선생님이었어요... 그 은혜를 갚는 가장 좋은 방법은 다른 사람에게도 똑같이 해주는 것이겠죠. 어쩌면 그게 바드의 주된 소명이 아닐까 싶어요.\""
    },
    {
      "Key": "648a7819-3301-494a-bf90-404d4bf856be",
      "Value": "\"잘 모르겠어요. 그래서 물어본 거예요! 제겐 단순한 돈 문제가 아니니까요. 잘 선택해 주세요! 이게 첫 걸음이라구요! 제 경력이 이 책 한 권에 달려있진 않지만, 오늘을 회상하게 될 거 같아요. '마침내 인쇄기를 손에 넣었을 때 기억나, 린지? 처음 인쇄한 책은 뭐였지?' 나중에 가서 봐도 후회 없는 결정이었으면 좋겠네요.\""
    },
    {
      "Key": "85815c06-d6cb-4bed-82e7-45ec2716622a",
      "Value": "\"이 정도의 열정이라니! 우선, 저명한 쥬빌로스트 나트로플이 쓴 책 한 두권을 추천해주지... 그리고 책 출판의 조직화에 관한 유용한 충고도 해줄 수 있어. 두 번째꺼는 무료라구!\""
    },
    {
      "Key": "e9cdd3f3-a6a0-4921-8f37-6e335827d3b8",
      "Value": "\"더 두꺼운 책을 만들자! 쇠로 제본하면 던질 때 손맛이 더 좋을 거야!\""
    },
    {
      "Key": "2eafdd41-960f-4fba-a726-19d6802c7b61",
      "Value": "\"종이를 낭비할 생각입니까? 뭐, 허락하는 것은 {Name}의 당연한 권리입니다. 그래도 소수의 지식인들에게만 즐거운 책이 아니라 일반 시민들에게 유용한 책으로 인쇄할 수도 있었을텐데요.\""
    },
    {
      "Key": "436feb99-0285-46c1-838f-599a8d1096e0",
      "Value": "\"싸구려 소설이라니? 인생을 진지하게 살라고! 나라면 쉬는 시간에 정치 철학 책보다는 공주와 드래곤에 관한 쓸데 없는 이야기를 읽을 거야!\""
    }
  ]
}