{
  "$id": "1",
  "strings": [
    {
      "Key": "5868e6df-dcd0-4123-b494-d8ca56f5ef8b",
      "Value": "{g|Loyalty4_1}[선택 시 효과]{/g} [100BP 지불] \"수도에 인쇄소를 여는 것이 좋겠다.\""
    },
    {
      "Key": "92f24c48-4cbc-428a-80c8-d4e5c71881dc",
      "Value": "\"수도에 인쇄소를 열지 않을 것이다.\""
    },
    {
      "Key": "c9713074-f060-47d2-a620-819afd2f2e89",
      "Value": "\"당신이 결정하라.\""
    },
    {
      "Key": "42b25867-7ffb-4fa8-9610-c185a9fd198d",
      "Value": "\"이미 린지의 인쇄소가 있는데 왜 다른 인쇄소가 필요하지?\""
    },
    {
      "Key": "a6fc3d8c-b02d-45bd-8270-285067efeb92",
      "Value": "\"당신과 상의하고 싶은 중요한 것이 있습니다.\"{n}당신과 눈이 마주치자, 트리스티안은 당황한 듯 눈길을 돌렸습니다.{/n}\"인정하기 쉽지 않지만, 최근 {mf|남작령|남작령|왕국|왕국}은 크게 성장하여 제가 붙잡지 못할 정도입니다. 누군가 예술과 교육을 담당할 학예사 지위에 걸맞는 사람을 찾아 제 부담을 덜어주셨으면 합니다.\""
    },
    {
      "Key": "a289eade-187d-4493-ab52-c82576009eff",
      "Value": "{n}트리스티안은 안도하며 밝게 웃었습니다.{/n}\"제 어깨에 큰 짐이었습니다! 당신의 마음에 들 다른 소식들도 가지고 왔습니다. 아시다시피, 우리의 이웃국가인 {g|Galt}갈트{/g}는 오랫동안 혼란상태에 있었습니다. 그곳의 끊임없이 바뀌는 통치자들은 그들의 변덕스러운 정책에 반하는 과학자와 창조자들을 포함한 모든 것들을 파괴해 왔습니다. 그런데 그들 중 한 명이 최근에 당신의 땅으로 빠져나올 수 있었습니다!\""
    },
    {
      "Key": "31dbdd87-e967-4a94-9890-da7e0cdb165b",
      "Value": "\"그는 신문을 출판하는 사람으로, {g|Galt}갈트{/g} 에 있는 그의 본부가 허위 기소로 불타 없어진 사람입니다. 우리의 보호를 받으며 수도에 정착하는 대가로, 새 출판소를 차리겠다고 합니다! 갈트에서 도망칠 때 인쇄 기계에 대한 계획도 가지고 나왔기에 이곳에서 사업을 시작할 준비가 되었다고 합니다. 물론 당신의 허락만 맡는다면 말이죠. 참으로 멋진 계획 같습니다. 우리만의 신문을 가지는 것 뿐만 아니라, 무고한 사람을 도울 수도 있으니까요. 어떻게 생각하십니까?\""
    },
    {
      "Key": "12dd96c3-09d3-42e8-92e3-6432e8e95fad",
      "Value": "{n}샨드라는 생각에 빠진 듯 하다.{/n} \"문제를 해결하려 하고 있습니다, {mf|영주님|영주님|전하|전하}. 아시겠지만... 저는 {mf|남작령|남작령|왕국|왕국} 의 가장 중요한 문제에 집중하려고 합니다... 반면 사소한 문제는, 특히 문화, 예술이나 교육에 관련된 건 별로 신경을 쓰지 못하고 있지요. 이런 문제에 신경 쓸 수 있는 학예사 한 명을 고용하시길 추천합니다. 제가 보다 긴급한 일에 집중할 수 있게 말이지요.\""
    },
    {
      "Key": "3244d1d7-9a51-4be5-aa68-3481c7e2c202",
      "Value": "\"어쨌든, 다른 문제를 말씀드리러 왔습니다. 갈트에서 온 사람이 우리 땅에서 망명을 원하고 있습니다. 다른 블쌍한 난민과는 다르게 {g|Galt}갈트{/g} 의 끝나지 않는 혁명의 불길에서 도망치던 사람이더군요. 자기 신문 출판사를 가지고있던 사람입니다. 이제 그에게 남은 건 꺼지지 않는 야망과, 인쇄 기계에 대한 계획 뿐이군요.\""
    },
    {
      "Key": "bdab6e76-c705-4519-9718-463c93c5aa9e",
      "Value": "\"제가 무슨 말씀 드릴 지 대충 눈치 채셨을 겁니다. 갈트에 대해 할 말이 많긴 하지만, 부족한 갈트의 기술발전에 대해 비판하려는 것이 아닙니다. 우리 수도에 경험 많은 관리자가 관리하는 인쇄소를 차리게 된다면, 분명 우리 백성들의 교육 수준과 이해 수준을 잘 반영해줄 것입니다. 거기에 후원자 입장으로서 당신도 그 작업장에서 무엇을 인쇄해낼 지 마음대로 관리할 수 있겠지요.\""
    },
    {
      "Key": "50e6f45f-67c3-4a1d-8a98-ea3d3e70b063",
      "Value": "{n}산나는 옷 너머로 힐끔힐끔 쳐다보는 머리 둘 달린 쥐를 쓰다듬었습니다.{/n} \"{name}, 영토 내 모든 게 잘 돌아가고 있다. 사람들이 부른 배를 쓰다듬고 있고, 아름다움을 갈망하고 있다. 하지만 내 관점에서의 아름다움이란... 그대의 것과 조금 다르지. 예술과 문화에 대한 문제를 해결할 수 있는 새 보좌관을 찾아보길 바란다.\""
    },
    {
      "Key": "9a43ca4b-b80f-40d0-abb0-8dc3483aed45",
      "Value": "\"보좌관을 하나 찾기 전에, 논의할 게 있다. {g|Galt}갈트{/g} 에서 온 불쌍한 인쇄공 하나가 수도에서 출판소를 열고자 한다. 소식을 전하는 게 내 일이지만, 사견을 더하자면, 그자를 쫓아내버려라.\""
    },
    {
      "Key": "4e0c5094-98c4-45f2-8fda-6d712521a193",
      "Value": "\"학자나 교수들을 관리하는 것 만으로도 충분히 힘들다. 게다가 이자들만 하더라도 이미 다른 자의 사냥감이다. 이자를 쫓는 {g|Galt}갈트{/g} 의 사냥개들을 막지 말아야 한다. 생각보다 꼴이 안 좋게 끝날 수도 있다.\""
    },
    {
      "Key": "9efc23c4-7877-4208-b578-77756def2e23",
      "Value": "\"멋지군요! 즉시 이 불쌍한 사람에게 전령을 보내 당신의 결정을 알리겠습니다!\" {n}트리스티안의 눈은 흥분으로 빛납니다.{/n} \"절망과 체념으로부터 또 한 사람을 구원했군요!\""
    },
    {
      "Key": "91016432-b504-4617-857a-9286bcf00fea",
      "Value": "\"사안에 대해 같은 의견을 가지고 있다니 기쁘군요. 이 망명자가 우리 수도에서 환영받도록 하겠습니다.\""
    },
    {
      "Key": "7338836c-fa40-44a3-8a28-46d8e49df563",
      "Value": "{n}트리스티안은 한숨쉽니다.{/n} \"정말로, 정말로 미안하군요.... 이 망명자가 다른 좋은 곳을 찾을 수 있길 바라야죠.\""
    },
    {
      "Key": "84f2b8c8-a2cf-49a8-8423-2b430a6c0744",
      "Value": "{n}샨드라는 잠시 생각합니다.{/n} \"이해합니다. {g|Galt}갈트{/g} 정부와의 충돌을 원하시지 않는 거겠지요. 어떤 현상금 사냥꾼이 이 망명자를 잡으러 올 지 누가 알겠습니까. 합리적인 판단입니다. 명대로 하지요.\""
    },
    {
      "Key": "4020d54a-ff08-425f-be68-548344781c17",
      "Value": "\"알겠다. 이 난민을 가능한 한 빨리 몰아내도록 하지.\""
    },
    {
      "Key": "93590ab0-f3ba-429f-8f42-fba006a98f6d",
      "Value": "\"그럼 즉시 수도로 초대하는 전갈을 보내겠습니다. 서둘러서 죄송합니다만, 남들이 고통받는 모습을 그냥 지켜만 보고 있을 수가 없군요.\""
    },
    {
      "Key": "365e8164-5560-4d28-9f54-0271a26ff2a9",
      "Value": "\"그럼 인쇄소를 열도록 하겠습니다. 필요한 모든 준비를 할테니 걱정마시기 바랍니다.\""
    },
    {
      "Key": "ec9aa90c-cd57-41e7-9901-0ff08459b8db",
      "Value": "\"놈을 수도에서 추적하겠다, {name}. 그리고 다시는 우리 국경 근처에도 얼씬 못 하게 만들어주지.\""
    },
    {
      "Key": "ea81c63c-8c0c-47c8-9218-a76b3b1ba987",
      "Value": "{n}트리스티안이 미소짓습니다.{/n} \"린지는 책을 출판하지요. 신문이 아니라. 린지도 이런 종류의 새 사업소가 들어오는 데 관심있을 겁니다. {g|Galt}갈트{/g} 에서 온 우리 손님은 이런 쪽에 특화되어있으니 말입니다!\""
    },
    {
      "Key": "2b02b41a-1282-4959-bd35-db6aaa775dfb",
      "Value": "\"기분이 상할지도 모르겠지만, 린지는 신문출판을 관리하기엔 너무 창의력이 뛰어납니다. 신문을 출판하는 데엔 교육이 필요하지요. 제가 확신하는 바로는 이 {g|Galt}갈트{/g} 의 인쇄공은 그 교육을 이수했을 겁니다\""
    },
    {
      "Key": "9ffacaa7-0bb2-4cce-8a0b-ccb9346b384e",
      "Value": "{n}산나가 비꼬듯 웃습니다.{/n} \"그러니 더더욱 난민의 제안을 거절해야지.\""
    }
  ]
}