{
  "$id": "1",
  "strings": [
    {
      "Key": "3538641b-9f00-4715-976d-b2c718a65b46",
      "Value": "{g|Population10_1}[선택 시 효과]{/g} \"왕국은 발전된 무역을 필요로 한다. 난 우리 땅을 가로지르는 모든 상인들이 우리 국민이든 외국인이든 따뜻한 환영을 받았으면 한다.\""
    },
    {
      "Key": "d266a432-1ca0-43b5-9903-ec91cf519666",
      "Value": "{g|Population10_2}[선택 시 효과]{/g} \"그들에게 불행한 이웃을 기억하게끔 하라. 모든 가난한 이들이나 방랑자들에게 배 위에서 기회, 피난처, 그리고 임금을 향해 항해하도록 하라.\""
    },
    {
      "Key": "2bc3a0c8-39b7-4daa-9614-d2fbf6c66f11",
      "Value": "{g|Population10_3}[선택 시 효과]{/g} \"그들이 나를 위해 연회를 열게끔 하라. 그것이 나를 기쁘게 할 것이고, 사람들도 즐거운 시간을 보내게 될 것이다!\""
    },
    {
      "Key": "63b6398c-203b-4319-940e-ffb473033b81",
      "Value": "{g|Population10_4}[선택 시 효과]{/g} \"난 무역을 발전시키고 싶다. 그들에게 도로를 순찰하게끔 하고 그들의 목숨으로 외국의 캐러밴을 지키게끔 하라.\""
    },
    {
      "Key": "28051da5-0dd1-4832-a6a7-c8223db81b01",
      "Value": "{g|Population10_5}[선택 시 효과]{/g} \"그들의 범죄는 심각하다. 그러나 나는 각 우두머리들이 신전에 재산의 일부를 바친다면 용서받을 거라 생각한다.\""
    },
    {
      "Key": "44668218-564b-43dd-b03f-38877acde257",
      "Value": "{g|Population10_6}[선택 시 효과]{/g} \"나는 내 백성들이 안전하게 살기를 바란다. 도적들로 자경단을 조직하여 시민들의 안전을 지키게끔 하라.\""
    },
    {
      "Key": "aacc097a-14f1-4bd0-839e-0b3da3d5f37b",
      "Value": "\"축하해요, {name}. 당신이 수사슴 군주의 왕좌를 차지했을 때, 당신은 점잖고 명예로운 이들의 지원에 의지할 것인지, 도둑들의 지원에 의지할 것인지 선택할 수 있었어요. 당시에 그들은 이 땅에서 꽤 강력했죠. 당신은 올바른 선택을 했고, 사람들과 함께 도적들을 소탕할 수 있었어요! 한때 공포에 떨던 농민들은 이제 대담하게 모든 범죄를 신고해요! 이제 국가라는 것을 신뢰하는 거겠죠. {g|Stolen Lands}도둑맞은 땅{/g}은 전에 없이 당신의 통치하에서 번성하고 있어요!\""
    },
    {
      "Key": "51080df9-896b-4fb2-b5c2-00f577e4f054",
      "Value": "\"{name}, 당신을 모시게 되어 자랑스럽습니다. {g|Stolen Lands}도둑맞은 땅{/g}이 이렇게 짧은 시간 안에 범죄의 온상에서 안전한 합법 국가로 탈바꿈할 수 있으리라 그 누구도 믿지 않았을 것입니다. 하지만 당신은 해냈어요! 우리 청년들은 숲 도적이 아니라 어른이 되어 장인, 농부, 경비병이 되는 꿈을 꿉니다! 한때 도적떼를 두려워 하던 이들도 이젠 적극적으로 모든 범죄를 신고합니다! 우리 정직한 시민들 사이에서 도적떼가 숨는다는 건 이제 더 이상 그렇게 쉬운 일이 아닙니다.\""
    },
    {
      "Key": "c7461acb-a65a-428f-8c06-f8a82cbe2e62",
      "Value": "\"{name}, 불가능한 일을 해내셨군요! {g|Stolen Lands}도둑맞은 땅{/g}의 도적들과 함께 강력한 왕국을 건설하다니! 우리 땅의 모든 이들은 자기 침대 밑에 활이나 메이스를 숨겨두죠. 누가 상상이나 했겠어요? 그들이 이렇게 충성스럽거나... 감사해할 수 있다고!\""
    },
    {
      "Key": "811326b4-8085-4272-a3b5-a63f719458f4",
      "Value": "\"강의 선박공 길드가 오늘 도착했어요. 그들은 이 땅에서 매우 존경받고 있고, 그들이 없다면 지역 무역은 불가능하답니다. 자신들의 제작한 배를 침몰시킨 도적들을 처치해 준 것에 대해 당신에게 감사를 표하고 싶어 하고 있습니다. 어떻게 보답할지 묻고 있는데, 그들의 활기를 어떻게 투자해야 할까요?\""
    },
    {
      "Key": "ac770dd9-93f8-4bea-ad76-3523363b585b",
      "Value": "\"산속 친구들을 염두에 두지 못했다면 상황은 더 악화되었을 거예요. 그들은 진심을 당신을 높이 평가하고 있어요. 사실, 오늘 전령이 왔답니다. 여러 명의 주요 도적 두목들이 수년간의 행복에 대한 소원을 보내며 어떻게 하면 당신의 선견지명과 관대함에 감사할 수 있는지 묻고 있어요.\""
    },
    {
      "Key": "e3ba6543-b3a5-495f-954e-dca062fe57cf",
      "Value": "\"훌륭해요! 상인들은 그 관심에 고마워할 거예요.\""
    },
    {
      "Key": "a5028aec-1d99-4695-a316-1108c47d8ca5",
      "Value": "\"정말 당신답네요! 자신을 아끼고 금을 모으는 것보다 다른 사람을 생각하다니! 당신은 너무 친절해요! 당신의 뜻을 널리 알릴께요.\""
    },
    {
      "Key": "d11dbaf2-039a-4be7-8212-92fb917f4b79",
      "Value": "\"우린 멋진 노래 경연 대회를 열 거예요! 전국에서 온 병사들이 당신과 당신의 왕국을 찬양하며 당신의 업적에 대한 노래와 당신이 역사에 그은 한 획을 노래할 거예요!\""
    },
    {
      "Key": "b80760ac-d3b2-40e4-90fb-5061023545d9",
      "Value": "\"좋은 해결책이네요. 우리가 그들을 이렇게 고용하면, 그들은 질서를 유지할 책임을 느끼고, 이유 없이 피를 흘리는 걸 멈출 거예요\""
    },
    {
      "Key": "cade6174-aba5-4725-aac9-c030e3f88125",
      "Value": "\"신들이 금을 위해서 피를 씻어낼 수 있으리라고 생각하십니까? 흠... 하지만 이건 통치가 아니라 믿음의 문제죠. 말씀하신 대로 하겠습니다.\""
    },
    {
      "Key": "18a1d97f-d5d2-41a2-98bd-7e4206833547",
      "Value": "\"이해해요 신들은 그들이 선천적인 범죄자가 아니라는 걸 알고 계시죠. 모든 이들은 자기 나름의 이유가 있어요... 자신이 자랑스러워 하지 않는 것들이죠.\""
    },
    {
      "Key": "e731d7d6-b9b4-4f21-a43d-0c3a1f8f4a9a",
      "Value": "\"말 되네요. 사방에 눈을 가진 이들에게 질서 유지를 돕게끔 하죠.\""
    },
    {
      "Key": "2b7f1c94-fde3-4166-bf66-1c05c6c0e63c",
      "Value": "\"그들은 당신을 지도자로 인정한다고 합니다. 또한 당신을 무시한 다보어를 처리하지 못한 자신들의 잘못을 인정한다며, 자신들의 규율은 자신들이 빚을 지고 있는 것을 금한다고 합니다. 그들에게 무엇을 물어볼까요?\""
    },
    {
      "Key": "c315cd86-72ee-4074-93c1-fa11631e39c0",
      "Value": "\"사람들은 변화에 대해 당신에게 감사하고 있습니다. 오늘 강의 선박공들이 왕궁에 도착했습니다. 그들은 {g|River Kingdoms}강 왕국{/g}에서 높은 존경을 받고 있지요. 자신들이 만든 배를 침몰시킨 해적들을 소탕해준 것에 대해, 감사를 표하고자 하고 있습니다. 어떻게 할까요?\""
    },
    {
      "Key": "ae74f7fd-aec1-4a50-9234-1e1e46b63099",
      "Value": "\"상인들이 이 표시를 고맙게 여겼으면 좋겠군요. 그들에게 당신의 뜻을 전하겠습니다.\""
    },
    {
      "Key": "51e3cdd4-a6ec-439b-a380-8190eb2906a8",
      "Value": "\"현명하시군요. 우리 왕국에서 절박한 사람들의 수를 줄이는 것은 최고로 중요한 사안이지요. 당신의 제안을 전하겠습니다.\""
    },
    {
      "Key": "c8c636e0-5d43-4c1a-a600-9844355b8412",
      "Value": "\"이런 말씀을 드려서 죄송합니다만... 그건 돈 낭비입니다! 당신의 보좌관 중 한 명에게 부탁해서 이 일을 처리하도록 하겠습니다... 문화 행사라니... 제 취향은 아닙니다.\""
    },
    {
      "Key": "e508a133-56fc-46ba-8d96-69db3f7b947b",
      "Value": "\"존경합니다, {name}. 당신이 한 일을 전 절대로 못했을 겁니다! 이 제멋대로인 말썽쟁이들을 하나로 뭉쳐 존경과 신뢰를 얻는 일은 쉬운 일이 아닙니다. 의지 그 이상의 것, 정치적 선견지명이 필요하죠!\""
    },
    {
      "Key": "7aa75cb6-8f19-41b1-b255-a68716ef96cd",
      "Value": "\"제가... 전적으로 동의한다는 것은 아닙니다. 하지만 당신은 숲속 도적들과 평화를 유지하기로 결심했고, 심지어 그들과 타협까지 해내었습니다 동맹이 흔들리기도 했었지만... 현명했습니다. 당신의 영역의 사람들은 결국 도적입니다. 그러나 당인에 대한 이상한 위계질서가 성립됩니다. 전쟁 없이 도적들을 다스리다니, 믿기 힘들 정도입니다.\""
    },
    {
      "Key": "dc923f96-8155-4e33-9c2a-0700eceaffd6",
      "Value": "\"숲의 형제단에서 당신에 대한 존경심을 표합니다. 오늘 전령이 왔습니다. 몇몇 두목들이 당신에게 충성을 선언했습니다. 그들은 다보르가 반란을 일으키도록 내버려 둔 실수를 저질렀고, 그것에 대해 보상하기를 원합니다. 당신의, 엣헴, 하수인들에게 무슨 명령을 내리시겠습니까?\""
    },
    {
      "Key": "c598db66-b519-4d2e-8056-4a083d9863dc",
      "Value": "\"우리의 교역로가 안전하게 유지된다면, 이 도적들에게 수수료를 지불할 것입니다. 시간이 흐르면 보통 경비병이 될 수도 있겠지요!\""
    },
    {
      "Key": "b1ecfaaa-a7b0-437c-ab90-ab92c08e9228",
      "Value": "\"참으로 이상한 결정입니다. 산적들로 하여금 도둑들과 범죄자들을 공격하게 만들다뇨. 저는 이해할 수 없습니다만, 당신의 명령을 수행될 것입니다.\""
    }
  ]
}