{
  "$id": "1",
  "strings": [
    {
      "Key": "1bfe79e5-6c2d-4b7b-b65b-289d35781321",
      "Value": "\"너 누구야?\""
    },
    {
      "Key": "2b98b8e0-35de-46ba-ae33-b72afc33ec6c",
      "Value": "\"여기서 뭐하고 있어?\""
    },
    {
      "Key": "846a6edd-4027-4e12-8ece-ac86edcae559",
      "Value": "[공격합니다] \"나는 너의 변명에 관심이 없다. 죽어라!\""
    },
    {
      "Key": "16fd42ea-d8de-4705-9805-48bf54b972e9",
      "Value": "\"좋아. 잘 살아라. 나는 가야 해.\""
    },
    {
      "Key": "84096448-1a05-4622-9453-933ffef9bdff",
      "Value": "[공격합니다] \"전투 준비! 그들은 우리를 포위했어!\""
    },
    {
      "Key": "0994b8cf-0bfb-40c8-802c-468ad9886db2",
      "Value": "\"잠깐 공격하지 마세요. 나는 여기서 일합니다. 나를 해치지 마세요.\""
    },
    {
      "Key": "9c1d4246-e43f-4e1c-bb62-3f4caeda0e8a",
      "Value": "\"나는 주로 독극물을 만듭니다. 나를 그렇게 보지 마세요! 일이니까요. 나도 먹고 살아야죠! 난 아무도 죽이지 않았어요. 독극물을 쓰는 사람을 탓해야죠. 때로는 회복 물약을 만들기도 합니다. 나에게는 단지 다른 제조법일 뿐입니다. \""
    },
    {
      "Key": "607a5453-96ae-437d-b5a9-fb4b16dc6cc9",
      "Value": "{n}여자의 표정이 갑자기 바뀝니다.{/n} \"몇 분만 더 수다를 떨어줄 수 없었냐, 이 악마야?! 좋아, 친구들, 수풀에서 나와. 다 까고 싸워보자고!\""
    },
    {
      "Key": "84567d6a-81cc-476d-93f8-903c6033cc01",
      "Value": "{n}사나운 미소가 여자의 얼굴에 퍼집니다.{/n} \"함정에 걸렸군! 미래를 위해 충고 하나 하지. 적진에서는 네 방어를 풀지 마라, 아니면 포위당할 테니까. 이 녀석들 잡아, 친구들!\""
    },
    {
      "Key": "e19fe49f-28d9-4444-a824-d87c365ee552",
      "Value": "{n}녹 녹이 귀를 쫑긋 세우면서 무기를 준비합니다.{/n} \"다른 사람들이 온다!\""
    }
  ]
}