{
  "$id": "1",
  "strings": [
    {
      "Key": "4b936cab-8093-40bd-8d10-c1e1ba5d652f",
      "Value": "\"다쳤어?\""
    },
    {
      "Key": "e57a2049-dee3-4d37-823a-82572b35379a",
      "Value": "\"나에게 어떤 것도 증명할 필요가 없다. 나는 네가 용감하다는 것을 이미 알고 있다.\""
    },
    {
      "Key": "e4002f1e-0df0-4d09-8070-28657d08b95e",
      "Value": "\"축하해! 이제 어떡해? 계속 나아갈 준비 됐어?\""
    },
    {
      "Key": "6ba306ca-cff7-433c-804c-8ad14e72f80a",
      "Value": "\"하! 한놈 더 잡았다!\" {n}아미리는 장화로 괴물의 잔해를 차며 엄지를 가슴을 향해 자랑스럽게 찌릅니다.{/n}"
    },
    {
      "Key": "6ef57eb6-a9e9-4fa6-8516-788b58d302fc",
      "Value": "\"긁힌 자국이야.\" {n}아미리는 어깨를 으쓱합니다.{/n} \"새로운 흉터가 생겼어!\""
    },
    {
      "Key": "7dfda198-bbcb-4ee4-ad22-5fc2a07e5904",
      "Value": "\"증명?\" {n}그녀는 콧방귀를 낍니다.{/n} \"우리가 그것을 죽였어! 그걸로 충분하다.\""
    },
    {
      "Key": "44522ba3-721b-4aae-9897-02bc80d62157",
      "Value": "\"새로운 괴물 사냥하자고? 하! 언제나 준비 됐다!\""
    },
    {
      "Key": "cd429618-07c2-416b-a962-5233a3c50ce3",
      "Value": "\"괴물이 하나 사라졌고 사람들이 더 안전해졌어. 좋아.\""
    }
  ]
}