{
  "$id": "1",
  "strings": [
    {
      "Key": "a1a3a95b-6073-45d7-8276-d6d52f8c7b31",
      "Value": "\"샤이카, 마그드, 그리고 잃어버린 왕자. 운명과 고독의 시간의 원로. 진정으로 재미있는 자들이 이곳에 모였다.\""
    },
    {
      "Key": "c3082331-6198-442b-8afe-9968b5aca725",
      "Value": "\"너희 셋은 나이리사의 심판에 참여했던 원로가 아닌가? 그녀의 저주도 너희의 처벌인가?\""
    },
    {
      "Key": "4e4e84f4-9d61-40e6-815f-cc53d6333d61",
      "Value": "\"우리는 등불왕과 그의 저주에 직면하는데 도움이 필요하다.\""
    },
    {
      "Key": "e5087ac4-4e56-4534-bf16-59c632a7eaa3",
      "Value": "{n}나이리사는 도움을 급히 바라는 것처럼 당신을 뒤돌아보고, 자신 있게 계속 말합니다.{/n} \"왜 여기에 왔지? 샤이카? 왜 나의 집에 왔지? 아마도 이 어처구니 없는 소리가 네 흥미를 가지게 했나?\""
    },
    {
      "Key": "9c8a19e0-e07d-4ef7-b014-6b8ab2b09f61",
      "Value": "{n}나이리사는 예전보다 더 무너지기 쉬워 보였지만, 의지는 더욱 확고합니다. 그녀는 돌아서지 않지만, 당신이 접근하는 것을 분명히 느끼고 어깨를 곧게 펴고는 침묵을 깨버립니다.{/n} \"{g|Eldest}원로{/g}들아, 내 말 들리는가? \""
    },
    {
      "Key": "443afba1-a32b-4db2-8d3c-82eba1a0ae0f",
      "Value": "\"{g|Eldest}원로{/g}는 그러할 것이다.\" {n}녹색 로브를 입은 자가 말합니다. 온 세상이 그녀의 목소리에 약간 흔들립니다.{/n}"
    },
    {
      "Key": "373364e4-f3b9-4d8f-a4ee-5b29a7ba8344",
      "Value": "\"그만한 가치가 있나?\" {n}{d|AnotherShyka}샤이카{/d}라고 생각되는 군청색의 로브를 입은 자가 대답합니다. {/n} \"세상에는 너무 많은 소음이 있다. 왜 우리가 이 애처로운 소리를 들어야 하나?\""
    },
    {
      "Key": "b3007aab-3fc7-4855-94be-21110564b1ef",
      "Value": "\"너는 {g|Eldest}원로{/g}가 되고 싶어 했다. 그러나 아직도 너는 우리가 무엇인지, 무엇이 우리를 이끄는지 이해하지 못하는 것 같다. 그러나 충분하다. 너는 여기에서...\" {n}{g|Shyka}샤이카{/g}는 머리를 당신쪽으로 약간 돌립니다.{/n} \"... 물은 이후로 말이다.\""
    },
    {
      "Key": "b24a53ff-3db0-4596-ba9f-df22eaca3dfa",
      "Value": "\"이것은 {g|LanternKing}등불왕{/g}의 게임이다.\" {n}검은 머리의 {g|Eldest}원로{/g}가 처음으로 그의 목소리를 냈습니다. 그의 목소리는 어둡고 감정이 없지만, 비난조의 목소리입니다 — 너무 희미해서 당신의 상상일 뿐인지 궁금해집니다.{/n} \"우리는 여기 왔지만, 거의 참여하지 않았다.\""
    },
    {
      "Key": "e24631a1-dd6b-43b2-99eb-e5b63c7f5cfa",
      "Value": "\"범법과 처벌. 물어진 질문과 받아진 대답. 그것은 영원한 순환이다. 대담한 계획은 큰 대가를 지불해야 한다, 나이리사. 하지만...\" {n}초록 로브를 입은 자가 멈칫합니다.{/n} \"... 내가 생각하기에 {g|LanternKing}등불왕{/g}은 해야 했던 것보다 너무 많은 것을 요구했다. 너무나 많이.\""
    },
    {
      "Key": "7261c00e-7c65-4d06-8800-d13dd94c1ff8",
      "Value": "\"왜 우리가 도울 것이라고 생각하나?\""
    },
    {
      "Key": "f530d135-2b4d-4f80-bca8-ad84c597431f",
      "Value": "\"그리고 우리는 하지 않았다. 우리는 네 허영심에 괴롭혀지지 않은 시간대가 떠오르지 않는다, 님프 소녀야. {g|LanternKing}등불왕{/g}이 우리를 더욱 괴롭게 하는 것을 행운으로 알아라. 그러니 우리는 상관 없다... 그의 계획에 조금 혼동을 주는 것은.\""
    },
    {
      "Key": "0a59ce9e-e8ee-46ff-92a6-94444cfc8186",
      "Value": "\"영리한 아이구나. 우리는 여전히 {g|material plane}물질계{/g}의 거주민들에 만족한다!\" {n}{g|Shyka}샤이카{/g}는 검은 머리카락의 {g|Eldest}원로{/g}에게 돌아섭니다.{/n} \"뭐라고 말할 것인가, 왕자? {g|Golarion}골라리온{/g}의 손님은 가장 재미있는 생물이 아닌가? 네 탑에서 나와 이 땅을 방문해 봐라... 심지어 네가 다음 비논리 토론회를 주최할지도 모른다!\""
    },
    {
      "Key": "3cfb671a-7d03-4ebd-afd5-306df1e75048",
      "Value": "\"직감이다, 내 추측으로는.\" {n}{g|Shyka}샤이카{/g}가 싱긋 웃습니다.{/n} \"소설 쓰는 것은 그만 두자. 우리는 너를 도울 수있다. 너희 둘 말이다. 그러나 도움은 높이 평가받아 마땅하다. 다시 시작하기를 원한다면, 끝에서 너의 여행을 시작하라!\""
    },
    {
      "Key": "cf600621-2da0-4131-935d-a6ad297d25dd",
      "Value": "\"좋다. 나는 너를 도울 수 있는 방법을 알고, 내가 필요로 하는 대가를 안다. 두려움에 대한 시험이 준비되면 와라. 나는 가까이 있을 것이다.\""
    },
    {
      "Key": "48077826-63ce-4489-b1b0-e8e95da00701",
      "Value": "{n}나이리사는 슬픈 파란 눈으로 당신을 쳐다봅니다.{/n} \"강한 자를 다루는 것은 언제나 어렵다. 그들은 우리를 장난감처럼 가지고 놀지만, 그들의 도움이 없다면 우리는 {g|LanternKing}등불왕{/g}에게 대적하지 못한다. 세 명 모두와 이야기하고 그들이 원하는 것을 찾아보자!\""
    },
    {
      "Key": "b2f8445a-ae15-47f3-9977-902238885ee1",
      "Value": "{n}샤이카의 제안은 귀머거리들에게 말한 것 같습니다. 검은 머리의 {g|Eldest}원로{/g}는 그의 장화에 묻은 흙을 살피면서 아무런 주의를 기울이지 않습니다.{/n}"
    }
  ]
}