{
  "$id": "1",
  "strings": [
    {
      "Key": "b2590954-e534-4a08-939e-d12d2d5b48f0",
      "Value": "\"서렌레이는 자비를 가르치지요. 그러나 죽음이야말로 허약한 육신과 불안한 마음으로부터 받는 고통을 끝내주는 가장 큰 자비가 아니겠소?\""
    },
    {
      "Key": "3e4b01db-c233-4328-a9e0-926dd7ea56e4",
      "Value": "\"그렇게 생각되지 않습니다. 죽음은 우릴 고통에서 벗어나게 하지요, 그것은 사실입니다...그러나 죽음은 또한 우리가 우리의 죄를 속죄할 기회마저 앗아가 버리고 말지요!\""
    }
  ]
}