{
  "$id": "1",
  "strings": [
    {
      "Key": "5381c2ed-91b5-4148-9706-b84db4e5e445",
      "Value": "\"그래. Jhod. 우리는 감염의 근원을 발견하고 그것을 단번에 파괴했다. 그들은 되돌아오지 않을 것이다.\""
    },
    {
      "Key": "9bb70535-fb5c-4b04-9806-9eb602d02143",
      "Value": "\"그게 무슨 차이가 있나. 이 나약한 자여? 지금 내 품에서 죽을 거야? 너는 나랑 마을 전체에 실망을 안겨주었다!\""
    },
    {
      "Key": "b4225656-2201-4013-95ff-78a1b3051174",
      "Value": "\"조드. 뭐하고 있는거야? 도망갈 생각이라면 다시 생각해 보는게 좋을 거야. 노인네! 나는 내일 후에 있을 숙취를 치료할 수 있는 사람이 필요해. \""
    },
    {
      "Key": "4dd51e52-0905-40f4-963b-91094885e10f",
      "Value": "\"괜찮아?\""
    },
    {
      "Key": "1a29f676-7c97-4e83-89de-133675cf75f0",
      "Value": "\"상처가 얼마나 안좋은가?\""
    },
    {
      "Key": "bc72cb04-bab9-4eef-9642-2cc5cb1dd4c3",
      "Value": "\"여기 무슨 일이 있었지?\""
    },
    {
      "Key": "0b2cab25-be83-4c82-bfef-7e4bc3736965",
      "Value": "\"다음으로 너는 무엇을 할 것인가?\""
    },
    {
      "Key": "c81f2c03-cf80-4df4-b3bb-b798cfa91bbb",
      "Value": "[떠난다] \"나는 가야 해.\""
    },
    {
      "Key": "2c1775ba-04ac-4285-b752-bf85ada3845e",
      "Value": "\"나는 치유가 필요하다.\""
    },
    {
      "Key": "f74dee81-713c-4c03-ada0-46b66b98ac14",
      "Value": "\"우리는 악마가 어디에서 왔는지를 발견했다. 이제 우리는 그들을 찾아 위협을 처리할 필요가 있다.\""
    },
    {
      "Key": "41405c31-b1f2-4f50-a1b0-c17c3d15e2cc",
      "Value": "\"우리는 감염원을 찾아 내고 파괴했다. 이제 씨앗은 없을 것이다.\""
    },
    {
      "Key": "668a2e3f-7666-49ee-a576-27417c8c01c7",
      "Value": "{n}조드 카브켄은 상처를 입고 피투성이가 되어 누워 있습니다. 그가 당신을 보았을 때 그는 조용히 탄식합니다. 늙은 성직자를 구해줄 무엇도 없음을 당신은 알 수 있습니다.{/n} \"도시...\" {n}그는 속삭입니다.{/n} \"도시가... 안전한가?\""
    },
    {
      "Key": "c76408d9-a4b4-4b88-9c1d-97a614050695",
      "Value": "{n}늙은 사제가 찡그립니다. 그는 옆구리를 움켜쥐고 있지만, 목숨이 위중한 상태는 아닌 듯 옷에 번진 핏자국이 그리 크지 않습니다.{/n} \"돌아오셨군요! 때맞춰 와 주시길 {g|Erastil}에라스틸{/g} 님께 기도한 보람이 있었네요!\""
    },
    {
      "Key": "dff2862e-55f0-4b79-afa0-3980b0116ac1",
      "Value": "{n}사제는 기도를 속삭이고 전사의 엉덩이에 난 상처를 만지고 난 후 상처가 즉시 닫히기 시작합니다. 조드는 눈을 들어 당신을 봅니다.{/n} \"{g|Erastil}에라스틸{/g}이시여. 감사합니다! 네가 해냈어!\""
    },
    {
      "Key": "fa7dd524-5046-4b93-acb6-c849e8be3cdd",
      "Value": "\"수세기에 걸쳐... 이 땅에 온 영웅 중... 너는 최고야. 너 자신을 돌봐. 그리고 그들을 돌봐줘...\""
    },
    {
      "Key": "d2f06e11-12e7-4cc2-9937-fc20ee623068",
      "Value": "\"너는... 나쁜 사람이야...\" {n}조드는 젖은 기침을 하고 피가 그의 턱 아래로 흐릅니다.{/n} \"하지만 이 땅에는... 다른 보호자가 없어... 너 뿐이야... 아무도 없어...\""
    },
    {
      "Key": "643b2de7-bb43-481b-9f01-e80ffaf1d9e0",
      "Value": "{n}사제의 눈은 돌아갑니다. 그는 고통에 찬 얼굴로 죽습니다.{/n}"
    },
    {
      "Key": "27c29ec8-65f6-486c-a2ea-27dabe8aec14",
      "Value": "{n}조드는 크게 웃습니다. 그러나 곧바로 젖은 기침을 하고 피가 그의 턱 아래로 흐릅니다.{/n} \"그렇다... 결국 화를 내는군...하지만 나는... 다른 누구도 원치 않아...이 땅을 보호하는 건... 너야... 그들을 돌봐줘...\""
    },
    {
      "Key": "b9799a4b-70f6-4dd7-9b4f-9fe3e5c34202",
      "Value": "{n}사제의 눈은 돌아갑니다. 그의 상처입은 입술은 웃음을 머금었고 그는 죽었습니다.{/n}"
    },
    {
      "Key": "89db562a-b126-412f-b6e1-4f3bb8480106",
      "Value": "{n}사제의 눈은 돌아갑니다. 피로 덮인 그의 얼굴은 평온해 보입니다.{/n}"
    },
    {
      "Key": "28a034ca-3cb9-4ca1-a6ec-fa00b5b0ba7c",
      "Value": "긁힌 상처입니다... {g|Erastil}에라스틸{/g}이 치료할 수 없는 것은 없습니다. 제 상처는 나중에 고쳐도 됩니다. 저보다는 도시 사람들에게 기적의 힘이 필요합니다."
    },
    {
      "Key": "ee587ff7-03d4-4d74-b923-1c3969123bc3",
      "Value": "\"수술을 막 끝내고 다음 환자를 기다릴 때 갑자기 다른 사람들이... 개화되었습니다. 생존자는 없었고. 저는 싸우러 거리로 나섰습니다. 그리고는 이 괴물의 발톱에 당해버렸지요! 마법과 체력이 바닥 났던 상황이었습니다. 영주님이 아니었다면 제 인생은 끝장났을 것입니다. \""
    },
    {
      "Key": "25e123d3-41b8-4283-a392-56883b027a01",
      "Value": "\"도시에는 여전히 많은 부상자가 있습니다. 저는 되도록 많은 사람들을 돕겠습니다.\""
    },
    {
      "Key": "4e41abd8-bb87-430a-a67a-017ff02ab6c5",
      "Value": "\"어서 가십시오. 전투는 아직 끝나지 않았습니다. 끔찍한 생물들이 거리를 헤매고 도움이 필요한 부상자가 있습니다. {g|Erastil}에라스틸{/g}이시여. 우리 모두를 구해주십시오!\""
    },
    {
      "Key": "57c490ce-67c5-4491-8eb8-11b0913bca95",
      "Value": "\"거의 상처를 입지 않았습니다. 도시의 많은 사람들은 그렇지 않을 것입니다...\""
    },
    {
      "Key": "84d5e6bd-add8-4665-a032-8ae17ef5f7c6",
      "Value": "{n}사제는 그의 거룩한 상징을 움켜잡고 기도를 속삭입니다.{/n}"
    },
    {
      "Key": "1fb44cf8-bd8a-46e3-8b38-0580f3f9db8f",
      "Value": "\"맞습니다. 일깨워주셔서 감사합니다.. 내가 영웅이 되고 있는 동안 조드가 잡아먹혔다면 저는 견디지 못했을 겁니다.\""
    },
    {
      "Key": "84e2db66-be0e-42bd-a6ab-dedeb2554c55",
      "Value": "\"{g|Erastil}에라스틸{/g}이시여! 이 땅을 지켜주소서! 전투가 끝나면 가서 전염병의 근원을 파괴해야 합니다! 필요한 경우 눈에 보이는 모든 것을 구워버리십시오!\""
    },
    {
      "Key": "69ab35d5-0afc-4d4c-b568-3b08b4245003",
      "Value": "\"이것은 기쁜 소식이다... 다른 어떤 상황에서도... 그래도 여전히 너는 우리의 구원자가 되었다. 너는 영토를 구하고 사람들을 구해줬다!\""
    },
    {
      "Key": "2ef703d0-0a4e-453f-acb3-7e2c2cc8f87e",
      "Value": "{n}케스턴은 짧은 인사를 하고 조드를 따라갑니다.{/n}"
    }
  ]
}