{
  "$id": "1",
  "strings": [
    {
      "Key": "2ac913bc-aabd-4d8b-bd5d-e097e8ef96d8",
      "Value": "{g|Loyalty7_1}[선택 시 효과]{/g} \"상인들에게 그들의 노력은 필요치 않다는 것을 알려주어라. 만약 그들이 그 어떤 남의 그릇을 손댄다면, 우리는 무력을 쓸 것이다.\""
    },
    {
      "Key": "15e0b3f3-8c1e-49c9-afd7-a2f504d9634e",
      "Value": "{g|Loyalty7_2}[선택 시 효과]{/g} \"상인들과 용병들을 마음대로 하게 두어라\""
    },
    {
      "Key": "0de174b7-a9d6-43c8-a9e2-85a5075673ef",
      "Value": "\"그들의 일에 나를 끌어들이지 마라.\""
    },
    {
      "Key": "97d0a969-545d-4686-99ed-7b40711b977e",
      "Value": "{g|Loyalty7_3}[선택 시 효과]{/g} \"경비병들에게 그들을 제지하지 말라고 전해라. 더 강한 자들만이 강에서 거래할 권리를 가질 것이다.\""
    },
    {
      "Key": "b9d9f5c2-697c-4209-a5ab-d92b06688e17",
      "Value": "\"{name}, 상황이 진행되었습니다. 법규를 따를 것인지, 자신의 심장이 시키는 대로 따를 것인지 결정해야 합니다.\""
    },
    {
      "Key": "259f8f67-ff5d-49c4-80b6-c966318a88c3",
      "Value": "\"{name}, 민감한 문제라 당신의 판단이 필요하다. 강 여행자들의 배가 당신의 국경을 넘어왔다. 값싼 물건을 거의 헐값으로 팔고 있지. 물론 세금도 내지 않고.\""
    },
    {
      "Key": "fbb33542-4839-40a8-91db-d58bacf83d73",
      "Value": "\"감사합니다, {name}. 법이 항상 도움이 필요한 이들에게 보호를 제공하는 것은 아닙니다.\""
    },
    {
      "Key": "3cbe139b-0865-4e1e-9a22-017f25e4b222",
      "Value": "\"전 이런 미친 짓을 금할 것입니다. 상인들은 사치품을 살 수 있는 부유한 이들과 거래하도록 하십시오. 가난한 이들은 여행자들의 배에서 그들이 살 수 있는 저렴한 물건을 살 수 있게 평화롭게 두십시오.\""
    },
    {
      "Key": "237c1851-e858-4032-a644-644e4b736c60",
      "Value": "\"여행자들의 상선이 {g|Stolen Lands}도둑맞은 땅{/g} 근처를 배회합니다. 세금을 피해 저렴한 상품을 팔고 있죠. 물론 특별한 물건들은 아닙니다. 값싼 옷, 잡화, 간단한 도구들입니다. 이 사람들은 우리 농민들을 위한 생명수 같은 이들입니다. 농민들은 상인들에게 물건을 사는 것을 감당할 수 없기 때문이죠. 반면에 상인들은 현재 상황에 불만이 많습니다. 그들은 여행자들의 상선을 침몰시키기 위한 습격선에 자금을 대고 싶어 합니다.\""
    },
    {
      "Key": "f54d2a4e-bf7e-4403-92b9-f4f20a0bd343",
      "Value": "\"상인들의 주장에 따르면 그들은 법을 집행하고 있는 것이며, 장물 판매에 대해 맞서 싸우고 있다고 합니다. 하지만 사실 그들은 여행자들이 먹고살기 위한 아주 적은 상품들을 탐욕스럽게 통제하려고 있지요. 우리가 무엇을 할지는 당신에게 달려 있습니다. 이 일이 왜 저를 괴롭히는지 아실 겁니다. 우리는 이 부당함을 멈추고 방지해야 합니다!\""
    },
    {
      "Key": "2fd1a609-ea51-4897-b118-a94c920255ef",
      "Value": "\"하지만 당신의 돈주머니인 상인들은 경쟁을 싫어하지. 그들은 여행자들을 사냥하고, 상선을 침몰시키고, 당신의 땅에서 그들을 몰아내기 위해 보트를 만들고 있어. 그들을 움직이는 것은 단순한 탐욕이지만, 그것은 옳은 길이지..\""
    },
    {
      "Key": "e614daf5-74e5-4e60-956c-ce467fc3de03",
      "Value": "\"내 제안은 이 문제에 관여하지 않는 것이야. 강 여행자들은 흰개미처럼 빈곤하고 바글바글 거리지. 그들은 {g|Lamashtu}라마슈투{/g}에게 맡기고, 우리가 필요하지 않는 이상 그들을 귀찮게 하지 말자고. 만약 상인들이 그들을 공격한다면, 우리 경비병들에게 그것에 대해 간섭하지 말라고 명령해야 해. 그럼 강물은 피로 붉게 물들 것이고, 강 사람들은 이웃 땅에서 온 친척들을 부를 것이야. 그리고 함께 그들이 무엇으로 만들어졌는지 상인들에게 보여줄 것이야. 강한 자들은 우리의 땅에서 그들의 재산을 얻기 위해 남아 있을 것이다. 우리는 결과가 어떻든 이익을 보게 되지.\""
    },
    {
      "Key": "5629670b-5dd0-43d1-b639-f24d8f2df5f7",
      "Value": "\"전하, 즉각적인 조치가 필요한 사안이 있습니다. 아마 아시겠지만 여행자들, 출신이 불분명한 초라한 상인들이 강을 오르내리며 생필품을 우리 농민들에게 팔고 있습니다. 그들은 세금도 내지 않고, 어떤 권리도 인가받지 않았습니다. 상인들은 자체적으로 그 무법 행위에 종지부를 찍기 위해 그 상선을 격추시킬 배를 만들고 있습니다.\""
    },
    {
      "Key": "72297121-5019-42cf-86a3-d6344bdd373d",
      "Value": "\"시작이 좋군요. 비록 분명히 이 새로운 법의 집행자들과 어떤 문제가 있을 것으로 예상됩니다. 그것은 다소 정의 남용이니까요. 저는 그들이 시민들의 불안을 야기하기 전에, 그들의 행동을 합법화할 것을 제안합니다. 결국, 그들이 지지하는 것은 당신의 법이니 말입니다.\""
    },
    {
      "Key": "49686e3c-fa44-4923-80de-610e8e2c7cc3",
      "Value": "\"그래, 강한 자가 이기도록 하여라. 만약 상인들이 자신의 이익을 보호할 수 없다면, 더 똑똑하고 숙련된 이들이 그 일을 대신하게끔 해라. 만약 여행자들이 쫓겨난다면, 그들의 정신과 육체가 너무 약했다는 얘기겠지. 그랬다면 그들은 우리가 죽이지 않더라도 어떻게든 죽었을 것이다. 어느 경우든 우리 무리는 강해지고 약자들은 도태되는 것이다.\""
    },
    {
      "Key": "443a3dc7-36a7-4f38-b480-3a6748b16f8d",
      "Value": "\"상인들이 그 좀도둑들을 걷어 찰 수 있도록 하십시오. 이제 {kingdomname}은 {kingdomname}이지, 더 이상 {g|Stolen Lands}도둑맞은 땅{/g}이 아니라는 것을 분명히 하셔야 할 때입니다! 이제 우리는 문명화 되었습니다. 모든 것엔 정해진 질서가 있습니다!\""
    }
  ]
}