{
  "$id": "1",
  "strings": [
    {
      "Key": "2d14e372-648b-47aa-859d-acd450f12a67",
      "Value": "\"엘리나. 와인 한병 주겠어?\""
    },
    {
      "Key": "b06082d8-d76f-4191-8538-d8a06dad87d0",
      "Value": "\"에쿤을 위해 이렇게 멋진 파티를 마련해 줘서 고마워!\""
    },
    {
      "Key": "81ed1d96-554f-4b8a-95db-b150f124bc7f",
      "Value": "[떠난다] \"음, 다른 사람들에게 인사하러 가봐야겠어!\""
    },
    {
      "Key": "a9b2b486-c7cb-4fbb-a009-84b340b9b96c",
      "Value": "\"통치자의 명령을 질문으로 대답하는 거야?\""
    },
    {
      "Key": "7340d735-e8db-4c5e-8945-4f5fac716379",
      "Value": "\"와인 한병 좀 가져와, 당장. 셋 셀게. 하나...\""
    },
    {
      "Key": "040d3e26-f226-4696-8c72-3bca09fcc3d8",
      "Value": "\"은타비를 위해 한병 가져가려고. 그녀는 우리 손님이야. 그녀가 먹고 마시는걸 네가 거부할 수는 없어.\""
    },
    {
      "Key": "2376c074-1a94-4b04-9781-2492e15e10e6",
      "Value": "\"예전부터 혼자 따라마시는걸 좋아해서...\""
    },
    {
      "Key": "ac62c023-bab6-43db-8f55-7864e5bc2881",
      "Value": "\"무엇을 도와드릴까요, 영주님?\""
    },
    {
      "Key": "6877a006-7e95-46ee-ba82-3938d4e10fb2",
      "Value": "\"천만에요, 영주님! 저도 모든 일이 이렇게 잘되어서 너무 좋아요... 게다가 에쿤다요 같은 남자를 즐겁게 해드려서 기쁩니다!\" {n}여관 주인은 킥킥 웃으며 손수건으로 입을 가렸습니다.{/n}"
    },
    {
      "Key": "31fc0573-9915-408b-a092-d73f4872e362",
      "Value": "\"번거롭게 직접 따르시려구요, 영주님? 제가 따라 드리겠습니다. 그냥 잔만 가지고 오세요!\""
    },
    {
      "Key": "1100c9cb-248b-4b2e-9f5e-80616f2e727d",
      "Value": "{n}에쿤은 못 들은 체합니다.{/n}"
    },
    {
      "Key": "401a9c5d-3702-489c-aa14-4c4d92c893a6",
      "Value": "{n}주인은 눈썹을 치켜올립니다.{/n} \"영주님께서 왜 저런 하피같은 여자를 초대했는지 모르겠어요... 물론 다 생각이 있으셔서 그러신 거겠지만, 그래도...\""
    },
    {
      "Key": "a0929716-6913-4b38-ae5b-8c72bde11e6c",
      "Value": "{n}주인은 시무룩한 얼굴을 합니다.{/n} \"자, 자, 여기 있습니다, 영주님...\""
    },
    {
      "Key": "d0d37f71-a642-4cca-8ced-63912d0d36e3",
      "Value": "\"원하시는대로 하겠습니다!\""
    }
  ]
}