{
  "$id": "1",
  "strings": [
    {
      "Key": "0857a579-4b60-470c-99d9-69de21fc8499",
      "Value": "\"죽을 시간이다. 미치광이!\""
    },
    {
      "Key": "9af36fa7-40ed-449c-b343-991b5f145336",
      "Value": "\"정말 이 섬에 머물고 싶은가?\""
    },
    {
      "Key": "7f28ad80-b286-47ee-88f0-c89c0e7557be",
      "Value": "\"마법의 성소, 다른 세계로가는 문... 그것들은 여기에 있나? 이 폐허에?\""
    },
    {
      "Key": "2f68097a-aa8d-4535-afad-98fb79033377",
      "Value": "\"몇몇 사람들은 이 곳이 저주받았다던데..\""
    },
    {
      "Key": "77669fb9-e655-425b-b4a9-15b445eeccf0",
      "Value": "\"네서스가 포털 너머에서 기다리고 있다고 가정해 보자. 하지만 포털 너머에는 정확히 무엇이 있지?\""
    },
    {
      "Key": "c2cf6079-a8a9-4a60-bfe3-d9af212c7b20",
      "Value": "\"이 장소에 대해서는 충분히 들었다.\""
    },
    {
      "Key": "cbbec06b-b34d-47b3-aa7c-5f59bcaa3948",
      "Value": "\"여기서 떠나겠어. 그럼 안녕히.\""
    },
    {
      "Key": "c4cd8f5d-847a-47c6-b243-8c311b22c51c",
      "Value": "\"너는 자신과 다른 사람들에게 위협이 된다. 너를 죽이는 것이 좋겠어.\""
    },
    {
      "Key": "b300c08d-0cb1-42aa-aff9-e27b6fc68951",
      "Value": "\"탑 입구 근처에는 죽은 팔라딘이 있는데, 등을 찔려 죽었다. 너는 자신의 야망과 자존심에 굴복하여 그를 배신한거야. 이 모든 짓을 한 너는 대체 누구지. 리스멜?\""
    },
    {
      "Key": "d068705a-82ef-407d-98e8-7f5ff190a97d",
      "Value": "\"너 자신에게 귀기울여봐! ..'네서스가 내게 말한다', '네서스가 나를 선택했다'...너의 신은 인간에게 시간을 낭비하지 않는다는 걸 너도 잘 알고 있잖아. 네 머리 속의 목소리가 네서스라고 말하며 언제까지 너 자신을 속일 셈인 거지?\""
    },
    {
      "Key": "3e77dc93-f5dc-421f-ab30-d8ac6f9259f2",
      "Value": "\"넌 누구지?\""
    },
    {
      "Key": "ea6d9551-d378-4ae1-b147-8b99b2c2b456",
      "Value": "\"윌-오-위습들이 섬을 떠돌아다니고 있어. 어떻게 그들을 지나쳤지?\""
    },
    {
      "Key": "c3767bad-7ee8-4c83-828c-8f89a3269d27",
      "Value": "[비꼽니다] \"오, 그럼 위대한 네서스가 이 포털 바로 너머에 있다는 거군. 그런데 마법의 신이 혼자서는 건너올 수는 없는 모양이군? 하!\""
    },
    {
      "Key": "9840a9f2-d333-4823-863e-78a0ec809840",
      "Value": "\"섬에서 시체를 발견했어. 내가 말하는게 누구인지 알고있겠지. 그는 고통속에서, 겁에 질려, 자신을 버린 자들을 저주하며 죽어갔다. 그가 너에게 무슨 짓을 했길래 그런 잔인함을 당한거지 ?\""
    },
    {
      "Key": "f4a6e4a9-3870-4336-b24b-3bde948bba1e",
      "Value": "\"나는 성전의 보물을 찾으러 왔는데 가치있는 것이 남아 있나?\""
    },
    {
      "Key": "d6a3712d-d67e-4cde-aac8-18d867e2170f",
      "Value": "\"나를 이 섬으로 보낸 사람은 여기에 보물이 있다고 주장했다.\""
    },
    {
      "Key": "4ec85bb0-a62a-4d7b-8d09-8f3efabac08b",
      "Value": "\"뭐라고 쓰여있었지?\""
    },
    {
      "Key": "57a8e19a-1e6e-4071-a8b6-ed21e221a5b0",
      "Value": "\"같이 온 다른 사람들은 어디 있지?\""
    },
    {
      "Key": "1bcce69a-449a-4b0b-8f92-57f5ea732766",
      "Value": "\"네가 틀렸다는 증거를 찾겠다.\""
    },
    {
      "Key": "2a3d6536-1bb0-402d-99a8-15beccbc4e6a",
      "Value": "\"네가 괴물과 싸울 수 있도록 도와주겠어.\""
    },
    {
      "Key": "35751227-53f9-4194-b15b-7ddf09b3c74c",
      "Value": "\"너를 도울지 안도울지는 아직 모르겠다. 하지만 너와 이야기가 다 끝나지 않았어.\""
    },
    {
      "Key": "15683710-c48d-4894-bb25-19c9f34eaaa8",
      "Value": "\"포털 너머에 있는 것과 직면할 준비가 되었다.\""
    },
    {
      "Key": "76df68ef-7722-4238-b639-c5879ad769ef",
      "Value": "\"나는 너를 납득시킬 필요가 없다. 너를 처형하면 돼.\""
    },
    {
      "Key": "914411b8-eea1-4e55-ac86-58378bfd2cd4",
      "Value": "\"우리는 저 편에서 기다리고 있는 생명체에 대해서는 아무것도 모른다. 준비할 시간을 좀 줘.\""
    },
    {
      "Key": "a99aaefa-7c45-4acf-941e-29da9a15222e",
      "Value": "\"이제 정신이 좀 맑아졌다면... 이 장소에 대해 말해주겠어?.\""
    },
    {
      "Key": "428c6a93-969d-4967-b455-9fbd39ddf67c",
      "Value": "\"포털을 영구적으로 봉인할 수 있어?\""
    },
    {
      "Key": "a2e1f36a-b241-468c-aa15-601b690bdc03",
      "Value": "\"주민들은 섬이 저주를 받았다고 말했다.\""
    },
    {
      "Key": "647e5606-4681-4c24-8d60-c322f398e69c",
      "Value": "\"고마워. 궁금했던 건 다 들었어.\""
    },
    {
      "Key": "d155ddc8-c4dd-4f2e-ab11-43763e3c5ade",
      "Value": "\"너를 믿는 사람들을 배반했다. 한 명은 죽게 내버려두고 다른 사람은 죽였지. 너는 살인자이고 죗값을 치뤄야 해\""
    },
    {
      "Key": "2f450635-668c-49e4-9657-88eeb13fb6a1",
      "Value": "\"너는 네 자신을 통제하지 못해. 네서스가 네게 관심을 가진다면 너는 다시 광기에 사로잡히겠지. 나는 너를 죽여야 한다는 교훈을 얻었다.\""
    },
    {
      "Key": "bd40d4e8-f78f-40ae-a541-a7542b1cbfc1",
      "Value": "\"너는 너무 많은 문제를 일으켰다. 네 사형을 보증하기에 충분하다.\""
    },
    {
      "Key": "a135c286-8976-4c60-a637-e3e22ffb2fc2",
      "Value": "\"내가 말한 건 잊어.\""
    },
    {
      "Key": "611d2fdb-4a00-442a-9443-25cf11f67d37",
      "Value": "\"리즈멜...이 섬이 저주에 걸렸든 아니든 간에 넌 지금 제정신이 아니야. 너는 네가 무엇을 하고 있는지 모르고있어.\""
    },
    {
      "Key": "6f916a24-2fed-46b0-8b1b-d479b62540b2",
      "Value": "{n}한 남자가 반쯤 망가진 회장의 중심에 서있습니다. 그는 움직이지 않습니다. 그는 눈을 감고 무언가를 듣는 듯 고개를 기울이고 있습니다. 그의 로브는 진흙과 먼지가 여기저기 묻어있어 그의 흰색 로브는 회색으로 보입니다.{/n}"
    },
    {
      "Key": "76391fa5-0e98-4c7a-b109-aeb3c3a35364",
      "Value": "{n}당신의 발걸음을 듣자 남자는 깜짝 놀라 뒤돌아봅니다. 그의 얼굴 왼쪽 부분은 피와 흙으로 덮여 있습니다. 당신을 보면서 그는 낮은 소리로 위협합니다.{/n} \"침입자!\" {n}그는 땅에 침을 뱉습니다.{/n} \"그렇게도 죽기를 원하는가?\""
    },
    {
      "Key": "6353ec64-e1c0-47fc-b6cd-2f866ec5295f",
      "Value": "\"감히! 그렇다면 모든 보는 눈의 진노를 느껴봐라!\""
    },
    {
      "Key": "e4f1e429-a4b8-4533-859e-b5b78c17e0c0",
      "Value": "\"또 너냐?\""
    },
    {
      "Key": "25aeafcb-1fcf-4e4d-98fc-8b7c3ee029c6",
      "Value": "\"왜 여기 왔지?\""
    },
    {
      "Key": "001a09f9-5ffc-47cc-87b9-bccc5334638b",
      "Value": "{n}그 남자는 몇 분 동안 당신을 바라봅니다. 그리고는 갑자기 조롱하듯 웃으며 눈썹을 들어올립니다.{/n} \"나는 누구인가? 곧 온 세상이 내 이름을 알 것이다.\" {n}남자는 하늘에 손을 똑바로 들어올립니다.{/n} \"두 얼굴의 리즈멜! 문의 수호자! {g|Nethys}네서스{/g}의 전령! 나는 많은 이름을 가지고 있으니 너희는 그 모두에게 충성의 서약을 해야하리라!\""
    },
    {
      "Key": "b89cbd3a-7226-4620-b4aa-39fb10a71e14",
      "Value": "{n}리즈멜은 창백해져서 끄덕입니다.{/n} \"이것은 내 형벌이다. 누군가 포털을 지키고 있어야 해. 나는... 다른 누구도 여기에서 죽거나 유혹에 사로 잡히지 않게 하겠어.\""
    },
    {
      "Key": "6b841105-376b-4407-9fdd-48e4dd2e1f76",
      "Value": "\"조용히!\" {n}리즈멜이 외칩니다.{/n} \"너는 눈이 멀어서 네 주위의 것을 보지 못해. 신비를 받아들이고 힘을 지배한 자들의 빛나고 영광적인 모습을!\"\n{n}리즈멜의 말소리가 줄어들고 그의 눈은 흐릿해집니다.{/n} \"{g|Nethys}네서스{/g}께서 나를 여기로 인도했다! 포털 안에서 나를 부르는 그의 목소리가 내 머리에 울려퍼진다. 이 새겨진 모든 문장들...이 방랑하는 빛들... 오직 눈먼 자들만이 '모든 것을 보는 눈'이 오는 것을 보지 못한다!\""
    },
    {
      "Key": "2feb013a-116a-47af-9eaa-b5c6ac70845b",
      "Value": "\"저주받았다고?\" {n}리즈멜은 매우 재밌다는 듯이 웃음을 터뜨립니다.{/n} \"멍청이들이나 이 곳이 저주를 받았다고 하겠지! 그 반대로 진정한 위대함을 이해할 수 있는 사람들에게 이 탑과 이 문은 진정한 축복이다!\""
    },
    {
      "Key": "a0592747-ca2d-4aac-92de-853a9c978f62",
      "Value": "{n}리즈멜은 불쾌한듯 하지만 아무런 대꾸가 없습니다.{/n}"
    },
    {
      "Key": "5d624d36-3483-4afb-94c3-5828da82d2f9",
      "Value": "{n}리즈멜은 눈을 감았다가 천천히 다시 뜹니다.{/n} \"어떻게 감히...\" {n}그는 이를 악물고 나즈막히 말합니다.{/n} \"{g|Nethys}네서스{/g}가 친히 나를 인도하신다! 어떻게 네가 감히 모든 것을 보는 눈의 선택받은 자를 판단할 수 있는가?! \""
    },
    {
      "Key": "dc198aeb-2087-4510-bd6e-81d7aff18f97",
      "Value": "{n}리스멜은 그의 눈을 깜박이며 그것이 여전히 존재한다는 듯이 포탈을 향해 돌아섭니다.{/n} \"그러나 목소리가... 문을 열라는 그 목소리...\" {n}그는 잠시 침묵합니다.{/n} \"여전히 내 머리 속에서 들린다. 하지만 그것은 {g|Nethys}네서스{/g}가 아니다. 아니야. 그가 아니야... 그건... 다른 무언가야.\""
    },
    {
      "Key": "89eb6902-388a-4bd3-940e-3bca51968292",
      "Value": "\"가치가있는 것? 네 앞에 있다!\" {n}리스멜은 포털을 가리킵니다.{/n} \"모든 지식의 수호자 뒤에 {g|Nethys}네서스{/g}가 있다! 모든 것을 보는 눈의 지혜가... 그것은 네가 꿈꿀 수 있는 무엇보다도 더 가치가 있어!\""
    },
    {
      "Key": "de6a992b-e2c5-4c7f-a308-bdb3e6a6f819",
      "Value": "\"하지만 금이나 보석 같은 쓸모없는 것들을 찾는다면...\" {n}리즈멜은 비웃으며 머리를 흔듭니다.{/n} \"너는 시간을 낭비했다.\""
    },
    {
      "Key": "58175b40-5f7d-4075-bf85-577d8a100c79",
      "Value": "\"나는 선택된 사람이다.\" {n}리즈멜은 머리를 흔들었습니다.{/n} \"나는 항상 알고 있었다. 다른 것과는 다른... 선택된 자...\" {n}그의 목소리가 떨립니다.{/n}"
    },
    {
      "Key": "f7abab70-c215-49e8-b305-024ec49fef13",
      "Value": "{n}리스멜은 굳어버립니다.{/n} \"그러나 내가 한 모든 일은 더 큰 목적을 위한 것이었어. 역사는 나를 옹호할 것이다.\" {n}리즈멜은 당신을 보지 않습니다.{/n} \"네 말은 내 신앙을 깨뜨릴 수 없다...\""
    },
    {
      "Key": "8cc24192-51ec-4b2f-a992-60db9640c292",
      "Value": "\"그만!\" {n}리스멜은 혼란스러워합니다.{/n} \"그것은 {g|Nethys}네서스{/g}의 이름으로 행해진 유일한 희생이었다! 너는 나를 비난할 자격이 없어!\""
    },
    {
      "Key": "14cd5bd8-138c-494c-9731-6508e52f2b83",
      "Value": "{n}리스멜은 돌바닥에 잡초가 자라나고 먼지로 뒤덮인 돌이 가득한 폐허가 된 타워를 바라봅니다.{/n} \"이 사람이 잘못한 것 같아.\""
    },
    {
      "Key": "62317091-968c-4471-9865-daf74247a0df",
      "Value": "{n}리스멜의 얼굴이 어두워집니다. 그는 유령 같은 빛으로 반짝이는 벽의 글을 쳐다 봅니다.{/n} \"내가 알아낼 거야.\" {n}그는 자신에게 중얼거립니다.{/n} \"그분이 올 때... 나와 함께 그의 무한한 지혜를 나눌 때... 나는 내가 원하는 모든 것을 발견할 것이다.\""
    },
    {
      "Key": "044a0a3c-ab16-4ea1-9bd2-c8e248591686",
      "Value": "\"위습은 육체를 삼키지 않고 고통과 두려움을 먹고 산다. 섬은 인간의 피로 물들게 된 이후로 위습으로 가득하다. 하지만 내 마음에는 두려움이 없다. 기쁨과 경외심만이 있을 뿐. 나는 나의 신이자 주인을 만나기 때문이다.\""
    },
    {
      "Key": "918a3f41-db54-4cbf-aab3-42290eecf3d4",
      "Value": "\"누구?...\" {n}리스멜은 잠시 당신 말의 의미를 생각합니다.{/n} \"아... 나와 함께 섬에 온 사람들에 대해 이야기하는군. 그들은 죽었다.\""
    },
    {
      "Key": "2afc7386-2a6d-489d-9817-20c8b458dae9",
      "Value": "\"그들 중 한 명은 여기서 중도에 포기했다. 그의 운명에 대해 아무것도 모른다. 그리고 두 번째는... 비참한 생물... 그는...\" {n}리스멜은 화를 억누르려는 듯 눈을 감습니다.{/n} \"그는 계속 말했다. 지식은 모든 사람에게 속해야 하고 지혜는 공유되어야 하니 다른 사람들에게 이 장소에 대해 말해야 한다고... 그는 계속해서 말하고 또 말했다.\" {n}리스멜은 잠시 침묵합니다.{/n} \"그래서 나는 그를 침묵시켰다.\""
    },
    {
      "Key": "ebcf9ca7-ad9f-45a1-92e7-0e83ae72d675",
      "Value": "{n}리스멜이 비웃습니다.{/n} \"나를 비난해도 소용 없다. 할 말은 다 했나?\""
    },
    {
      "Key": "1df408a6-c7e8-45bd-9fcc-b37085dd5fe9",
      "Value": "{n}남자가 당신을 돌아봅니다.{/n} \"나는... 난 네가 도와준 것에 절대 보답할 수 없을 거야. 이방인. 하지만 한가지 더 부탁할게있어... 포탈 너머에서 기다리는 생명체와 맞설 수 있게 도와주겠어? 난 이 포탈을 열어서 {g|Golarion}골라리온{/g}으로 들어오게 할 수 있어. 그것이 새로운 먹잇감을 찾기 전에 파괴해야만 해.\" {n}리즈멜은 그의 눈을 감쌉니다.{/n} \"우리가 이 일을 끝내면 나는 여기 머물면서 살아있는 영혼이 이 섬의 희생자가 되지 않도록 하겠어.\""
    },
    {
      "Key": "d57db6bc-5e9d-407d-91d7-319248c61a94",
      "Value": "{n}리스멜은 당신을 조용히 바라보고 그의 눈은 좁아졌습니다.{/n}"
    },
    {
      "Key": "c50fc3fb-05b9-4bd9-8213-a2095c13530b",
      "Value": "{n}리즈멜의 눈은 계속 말을 할수록 점차 흐릿하고 둔해져 갔으며 그의 말은 간신히 이해할 수 있게 되었습니다. 어느 부분이 사실인지 그의 헛된 환상인지 구별하는 것은 불가능합니다. 그럼에도 불구하고 이 미치광이는 지금 당신을 공격하는 것에 관심을 잃은 것처럼 보입니다.{/n}"
    },
    {
      "Key": "5359dc30-03d8-4947-b308-a2218b6558d8",
      "Value": "{n}리스멜의 말을 들으면서 당신은 얼굴을 찌푸리지 않을 수가 없습니다. 뭔가가 분명히 옳지 않습니다. 그 사람이 아니라 그의 말이 그렇습니다. 마법의 미친 신인 {g|Nethys}네서스{/g}는 추종자를 통해 말하지 않습니다. 추종자들은 이를 자랑스럽게 여겨 위대한 신이 자신과 같은 하찮은 생물을 통해 말을 하지 않는다고 생각하기 때문입니다. 포털 너머에 있는 것이 무엇이 되었든 그것은 네서스가 아닙니다.{/n}"
    },
    {
      "Key": "4efa1a08-2335-4463-a5ad-57eb4395a3a4",
      "Value": "{n}리스멜의 말에 귀를 기울이자 당신은 의심을 멈추지 않을 수 없었습니다. 그의 목소리가 너무 설득력 있고 그의 신념은 강했기에 당신의 모든 의구심이 사라지게 됩니다. 이 사람은 정말로 신의 길을 따르는 것 같습니다.{/n}"
    },
    {
      "Key": "ddef82e0-6f5b-4283-b8aa-78cd77bbaf3a",
      "Value": "\"사제, 당신은 큰 실수를 저질렀어요. 네서스는 절대 추종자들의 삶에 간섭하지 않아요. 다른 신들과 달리, 그는 안내자처럼 행동하지 않는다구요. 만약 그가 호기심으로 당신에게 말하기로 결정했다고 해도 전령인 아르카노데인을 보냈을 꺼에요. 그 목소리가 들린다면 그건 우리 신이 아닌 다른 것임에 틀림 없어!\""
    },
    {
      "Key": "0b4aecbf-9ed4-4b1d-a2b1-796c341029a0",
      "Value": "\"도대체 내가 무슨 소리를 들은 거지? 주인에게 칭찬받는 강아지처럼 네서스가 사제를 찬양한다고? 말도 안된다!\""
    },
    {
      "Key": "4d92d0da-f476-4f18-b385-f42c8c004996",
      "Value": "{n}칼리케는 충격을 받은 것 같습니다.{/n} \"선택된 자에게 보상? 오, 고귀한 사제님, 정말 네서스를 다른 신과 혼동하고 있는 것은 아닌가요?\""
    },
    {
      "Key": "5f0895ed-82b6-4628-8d7a-26c0a89503db",
      "Value": "\"네서스를 위해 문을 연다고? 정말로 그가 마법의 전지전능한 신인 그가 너 따위의 도움을 필요로 한다고?\""
    },
    {
      "Key": "514f5e8d-a688-4bd9-9144-d9c75c530a93",
      "Value": "\"신성 모독이다! {g|Nethys}네서스{/g}의 진노를 느껴라!\""
    },
    {
      "Key": "e3c3f93b-8cd4-4bb1-b7de-6bf8f6f7ccfa",
      "Value": "{n}리스멜은 심호흡을 합니다.{/n} \"{g|Nethys}네서스{/g}를 찬양하라!\" {n}그는 포털을 엽니다.{/n} \"이제 끝내야 할 때다.\""
    },
    {
      "Key": "861ade41-0a9f-4ad1-a05d-f80b8a70ab4d",
      "Value": "{n}리스멜은 당신을 봅니다.{/n} \"너를 기다리고 있었다.\""
    },
    {
      "Key": "7bcf74df-4e65-4c2a-b6fd-62fb0b59f4a7",
      "Value": "{n}리스멜은 고대의 탑을 훑어봅니다.{/n} \"두 곳의 세계가 연결되는 곳이다. 경계가 얇아서 문을 열 수 있게 되었어. 이제는 봉인되었지만...\" {n}그는 이마를 문지릅니다.{/n} \"내가 여기서 의식을 수행했을 때 포털을 여는 것이 쉽다는 것을 알았어. 누군가는 이 포털을 얼마 전까지 사용했을 것이다.\""
    },
    {
      "Key": "53b23548-22ba-4d11-9eda-1757f1b5a559",
      "Value": "{n}리즈멜은 머리를 흔들었습니다.{/n} \"아..나는 할 수 없어. 내가 할 수 있는 유일한 일은 내 인생이 끝날 때까지 이 포털의 수호자가 되는 것이다.\""
    },
    {
      "Key": "695276c0-109f-496b-961f-c32420863e7f",
      "Value": "{n}리스멜이 당혹해합니다.{/n} \"저주받았다고? 절대 아니다. 타워에는 마법이 가득하지만 저주는...\" {n}그는 옆을 봅니다.{/n} \"흐려진 마음을 일종의 저주라고 하지 않는 한..\""
    },
    {
      "Key": "c7be4b0a-a222-400c-8673-29ef9ce9406e",
      "Value": "\"좋을대로.\""
    },
    {
      "Key": "51daf0e1-694a-4c5e-9b91-1d4fdac04395",
      "Value": "{n}리스멜의 얼굴이 어두워지면서 한 발 뒤로 물러납니다.{/n} \"이유가 뭔가?\""
    },
    {
      "Key": "092fa395-7125-4add-9920-c3f6edcf8006",
      "Value": "\"나는 맹세를 성실히 이행해야 해! 싸움없이 내가 죽을 거라고 생각하지 마라!\""
    },
    {
      "Key": "bb966d8b-4862-4a38-9641-e2c04481bb3a",
      "Value": "{n}리즈멜의 목소리가 줄어듭니다.{/n} \"그러니 말 조심하라. 내가 포털을 열어 {g|Nethys}네서스{/g}가 이 세상으로 나오는 순간이 멀지 않았다. 내 주인의 분노를 두려워하라. 신을 모독하는 자에게는 도망칠 곳이 없다.\""
    },
    {
      "Key": "0d30a393-cecb-4c30-adae-68b9e2cbf924",
      "Value": "\"{g|Nethys}위대하신 네서스{/g}시여. 이 악몽은 무엇입니까? 이럴 수 없어... 내가 실수했어! 환상에 시달려서... 어둠이 내 마음을 사로잡았고 나는... 나는... \" {n}리즈멜은 울부 짖으며 얼굴을 파묻습니다. 마침내 머리를 들었을 때 그의 눈은 눈물로 가득합니다.{/n} \"내가 무얼 한 거지? 내가 한 모든 일은...\" {n}그는 속삭입니다.{/n} \"이럴 리가...\""
    },
    {
      "Key": "5e45b331-896a-4fb1-b263-10bb60833612",
      "Value": "\"나는…\" {n}리즈멜의 목소리가 떨립니다.{/n} \"나는...하지만 그건...\" {n}그는 눈을 피하고 침묵합니다.{/n}"
    },
    {
      "Key": "789beac2-bb4f-4e58-a48e-7f943684deb8",
      "Value": "{n}리스멜은 당신을 조용히 봅니다. 잠시 후 그는 눈살을 찌푸립니다.{/n} \"모리... 너를 위해 돌아갔어야 했는데...\""
    },
    {
      "Key": "ef909815-df74-4c33-90bf-c04964fb6fe0",
      "Value": "{n}리스멜은 팔짱을 낍니다.{/n} \"무엇이 알고 싶은건가?\" {n}그의 목소리는 둔하고 무기력합니다.{/n}"
    },
    {
      "Key": "b9bbb447-7040-433d-a992-e692eb1e9b5e",
      "Value": "{n}리즈멜은 팔짱을 낍니다.{/n} \"무엇이 알고 싶은건가?\" {n}그의 목소리는 둔하고 무기력합니다.{/n}"
    },
    {
      "Key": "cffc6964-8cad-471c-9006-dd40c2aff8db",
      "Value": "\"그러면 의식을 시작하겠다!\""
    },
    {
      "Key": "2cd2aa3c-aa39-42b6-8f57-fce760bf2dbe",
      "Value": "\"너를 기다릴거야. 시간을 낭비하지 마라!\""
    },
    {
      "Key": "b0d30a86-8e04-4cf8-a0c8-59c6b5fd2d29",
      "Value": "{n}그를 보자, 리스멜의 표정이 바뀝니다. 그의 눈빛은 놀라움과 공포가 섞여있습니다. 그는 멍하니 자신의 주변을 둘러다보고 자신의 얼굴을 만지다 손가락의 피와 먼지를 봅니다.{/n} \"뭐... 내가 뭘 한 거지?\""
    },
    {
      "Key": "55f5da46-e433-4440-a4e9-079735bc5f31",
      "Value": "{n}당신이 그를 바라보는 동안 리즈멜의 표정이 바뀌어갑니다. 그의 강박적으로 번뜩이는 눈빛은 놀라움과 공포를 느끼게 합니다. 그는 주위를 향해 겁에 질린 눈빛을 던지고는 얼굴을 만지며 손가락에 묻은 피와 흙을 무겁게 바라봅니다.{/n} \"내가..내가 무슨 짓을 한 거지?\""
    },
    {
      "Key": "9b11e070-5db3-449e-ac95-6cea5b6489d8",
      "Value": "{n}그를 보면서 리스멜의 표정이 바뀝니다. 그의 눈빛은 놀라움과 공포가 섞여있습니다. 그는 멍하니 자신의 주변을 둘러다보고 자신의 얼굴을 만지다 손가락의 피와 먼지를 봅니다.{/n} \"뭐... 내가 뭘 한 거지?\""
    },
    {
      "Key": "69786a8b-f044-4caa-aaca-53bd261a9be3",
      "Value": "\"모든 것을 보는 눈은 나를 이곳 마법의 성소에 데려왔다. 다른 녀석들도 왔지만 시련에서 살아남지 못했다. 오직 나만이 {g|Nethys}네서스{/g}의 말을 듣고 그를 위해 문을 열 수 있다! 모든 것을 보는 눈은 선택된 자에게 보상을 할 것이다. 나는 그의 새로운 시대에 군주가 될 것이다!\""
    },
    {
      "Key": "ad28f19e-6f67-4d4e-9d31-c78c767c1ccb",
      "Value": "{n}리즈멜의 턱에 힘줄이 솟습니다.{/n} \"한마디만 더..이 벌레같은 놈..\" {n}그는 나지막하게 말합니다.{/n} \"... 그럼 직접 목격하게 될테니!\""
    },
    {
      "Key": "271af401-0b7d-46d9-a2b0-1939ef04f012",
      "Value": "{n}리스멜은 경멸 섞인 말투로 대답합니다.{/n} \"내가 생각한대로.\""
    },
    {
      "Key": "e016a8b9-6d5f-4402-b604-6b06a71e0cee",
      "Value": "{n}리스멜은 눈을 감고 숨을 멈춥니다.{/n} \"느낄 수 있나? 당연히 할 수 없겠지... 탑 전체가 마법의 표식을 가지고 있다! 주위를 둘러 봐! 이 글을 읽을 수 있나? 고대인들은 포탈이 여기에 있다는 것을 알았고 {g|Nethys}네서스{/g}의 도래를 알리는 표식을 남겼어!\""
    }
  ]
}