{
  "$id": "1",
  "strings": [
    {
      "Key": "167deb6c-ef1a-4a51-8b2c-723cd8ea06ee",
      "Value": "\"여태까지 뭐하고 있었어?\""
    },
    {
      "Key": "aeca4516-6a2c-4d40-841d-9318c698a54a",
      "Value": "\"엘리나? 어떻게 여기에 왔지?\""
    },
    {
      "Key": "55f6cafe-6710-46da-9baa-b1e7bb36acb5",
      "Value": "\"왜 떠났어?\""
    },
    {
      "Key": "61bc2ddb-f50a-4107-8551-609ccbc54aed",
      "Value": "\"복수심에 미치지 마라. 에쿤. 거인을 죽여 봐야 네 가족이 돌아오거나 마음의 평화가 오지 않는다. 다음에 너의 가족을 기리자...\""
    },
    {
      "Key": "3e2c6db6-bb1f-4087-a14f-971b13d5a8a1",
      "Value": "\"피가 네 증오를 식힐 수 있다면 너를 돕겠어.\""
    },
    {
      "Key": "1e3c8e3b-963d-4cc5-84ae-a20ccfffef6c",
      "Value": "\"네가 결정해라. 에쿤. 어느 쪽이든 너를 돕겠다.\""
    },
    {
      "Key": "09b5458b-6d51-4b6a-b22a-8e270f0f0999",
      "Value": "\"왜 우리가 선택해야 하지? 거인을 죽이고 너희 가족을 기리자.\""
    },
    {
      "Key": "e35450fe-9d1e-414a-b4ea-99c0146de0b8",
      "Value": "\"하지만 카르가드는 죽었어. 복수는 끝나지 않았나? 에쿤?\""
    },
    {
      "Key": "32449b3e-2910-40aa-92fb-0581b00166e9",
      "Value": "\"뭐 꼭 그래야겠다면... 우리를 거인 우두머리에게 안내해, 에쿤.\""
    },
    {
      "Key": "be10d079-26b0-4a70-a5ea-05b5523b398a",
      "Value": "\"나는 간섭하지 않겠다. 너는 피의 욕망에 눈이 멀었다.\""
    },
    {
      "Key": "cbacba05-fe13-4064-9cb8-a26b6f2625d7",
      "Value": "\"정신 차려. 에쿤! 대체 왜 이러는 거야?\""
    },
    {
      "Key": "fee2f392-2503-4059-b04d-1b529a0cb994",
      "Value": "\"네 생각이 정 그렇다면. 나는 네 편이야.\""
    },
    {
      "Key": "f7c2afaa-cfe7-49ee-a487-878c0c414e50",
      "Value": "\"거인을 죽이지 않으면 근처 마을 사람에게 피해가 갈 거야. 그게 네가 원하는 거야?\""
    },
    {
      "Key": "327d3acd-c9b9-4ebd-a04c-e143dc7eda4e",
      "Value": "\"나는 장례식에 참석하지 않겠다. 그보다 중요한 할 일이 있어.\""
    },
    {
      "Key": "826bfb96-c4da-4b69-a005-81e40b347193",
      "Value": "\"뭐?! 어디 가는 거야? 미쳤어! 이게 무슨 게임인 줄 알아? 목숨을 내버릴 생각이야?!\""
    },
    {
      "Key": "e4a15071-cb73-4bc1-8b94-87073f7009aa",
      "Value": "\"엘리나의 말은 무시해. 누구도 네게서 복수할 권리를 빼앗을 수는 없다.\""
    },
    {
      "Key": "1dd0fcbb-03ad-4df7-8f67-6d9603701b84",
      "Value": "\"사냥. 처음 만난 둘은 죽였고, 나머지는 도망갔다. 하지만 다시 이곳으로 몰 수 있었지.\""
    },
    {
      "Key": "7bf7229a-68e7-4dcc-b71f-8da7c2d92710",
      "Value": "{n}{d|Ntavi}은타비{/d}는 당신에게 고개를 끄덕입니다.{/n} \"우리와 함께 하기로 결정했다니 다행이로군.\""
    },
    {
      "Key": "6e71049c-99f9-4e5b-bdeb-5e7390dd3f40",
      "Value": "{n}은타비의 얼굴에 승리의 미소가 피어납니다.{/n}"
    },
    {
      "Key": "426b246a-d4cd-4bd0-81bc-acaa853a62bf",
      "Value": "\"세상에! 피 좀 봐! 무슨 일이 있었던 거야? 에쿤, 내가 얼마나 걱정했는지 알아?!\""
    },
    {
      "Key": "5faed139-0633-473e-a060-a57750ca5ba1",
      "Value": "{n}엘리나가 두 손 모아 빕니다.{/n} \"당신을... 따라온 거예요! 더 이상 기다릴 수가 없어서 혼자 나서려다가, 당신이 도시 관문으로 향하는 모습을 봤죠.\""
    },
    {
      "Key": "2c88b4f1-2afd-4cb9-8c9e-ef3e2b8c1f6e",
      "Value": "\"에쿤! {g|Erastil}에라스틸{/g} 님의 이름으로 이렇게 빌게. 제발 그만둬! 네가 어떤 기분일지 나는 모르지만... 피를 본다고 슬픔이 가시진 않을 거야!\""
    },
    {
      "Key": "b9e97edc-ad92-4bfc-9d69-afde39965948",
      "Value": "\"가족에게 작별인사를 해. 그들의 넋을 기리고 신이 자비를 베풀게 둬. 그래야 내일을 살아갈 수 있어!\" {n}엘리나는 불안하게 침을 삼키며 모두를 바라봅니다.{/n} \"제발... 모두 집에 가자.\""
    },
    {
      "Key": "d7e64f1d-393f-4d88-b69c-97adfd97654e",
      "Value": "\"시간 낭비할 수 없다. 거인이 도망칠 수 있어. 이번 일을 제대로 마무리 짓자.\""
    },
    {
      "Key": "fcad81a5-46f2-4626-87ba-65b1c97bf9b8",
      "Value": "\"피는 피로 갚아야 해. 희생자들은 정의가 구현되길 바라. 에쿤은 복수의 길을 따를 운명이다.\""
    },
    {
      "Key": "9b2cf6d0-42b7-46bb-8e78-f4514597ee94",
      "Value": "\"뭐? 이상한 소리 마! 또 에쿤의 마음을 어지럽히려는 거지!\""
    },
    {
      "Key": "944719dc-06ae-4dcf-a6b0-f0199c98d204",
      "Value": "{n}에쿤의 이마와 미간에 깊은 골이 생깁니다.{/n} \"나는... 모르겠다.\""
    },
    {
      "Key": "826faa7a-7f59-421d-867b-dcfc4f0364f3",
      "Value": "{n}에쿤은 고개를 젓습니다.{/n} \"안 돼. 이 슬픔은 무엇으로도 치유할 수 없어.\""
    },
    {
      "Key": "c8dfe442-440c-433c-b552-60a2a57fa16c",
      "Value": "{n}에쿤의 목소리는 단호하고 확고합니다.{/n} \"아니. 난 가족을 묘지에 묻지 않겠어. 의식이나 위로의 말에 안주할 수 없다. 사냥은 계속되어야 해.\""
    },
    {
      "Key": "8ec52752-9cab-4402-847c-ce70cfda74b8",
      "Value": "{n}은타비의 목소리에 차가운 분노가 서려있습니다.{/n} \"그래... 더 따지고 들 것도 없지. 기회를 잃는 건 내 쪽이 아니니. 작별이다.\""
    },
    {
      "Key": "5e6af989-42da-42d6-b17e-702104b376b8",
      "Value": "\"오. 에쿤...\""
    },
    {
      "Key": "5829b1f8-2cc6-4e1a-92b0-f7e92c1a6b72",
      "Value": "{n}에쿤의 얼굴이 분노로 일그러집니다.{/n} \"그만! 네가 뭔데 날 평가하는가?!\""
    },
    {
      "Key": "dec40533-cea7-4cd2-92db-d8781bcd063d",
      "Value": "{n}에쿤은 기운을 내려는 듯 잠시 침묵합니다. 마침내 고개를 끄덕이며 당신을 봅니다.{/n} \"결심은 예전에 섰다. 나는 해야 할 일을 알아. 우리가 처음 만난 곳으로 와라. 내게... 의미 있는 장소다. 이별하기 좋은 곳이지.\""
    },
    {
      "Key": "e16f7010-8bc7-4a7e-8e21-48ce29c9c676",
      "Value": "\"아니. 다른 이가 그들을 죽이게 놔둬... 여기서 멈추지 않으면 내가 괴물이 될 것 같군.\""
    },
    {
      "Key": "3fe1cc90-1dcf-464e-b91c-986f9415aa84",
      "Value": "\"슬프군. 허나 네게도 권리가 있지. 가서 거인을 죽여라. 나는 신경 쓰지 않겠다.\""
    },
    {
      "Key": "eb8bdc13-6d59-4471-8cf2-a70504f41c2e",
      "Value": "{n}은타비의 눈은 악의로 불타오릅니다.{/n}"
    },
    {
      "Key": "ad9a4363-5169-4a76-92db-13921106b916",
      "Value": "{n}레곤가르의 웃음이 귀에 걸립니다.{/n} \"너희 둘만 재미 보게 둘 순 없지!\""
    },
    {
      "Key": "ce0c4efc-ae50-4bf8-8911-a31a8298a5a4",
      "Value": "{n}발레리는 처음으로 엘리나를 눈여겨봅니다.{/n} \"혼자서 도시를 떠나온 겁니까? 에쿤을 위해?\" {n}발레리의 시선이 에쿤에게로 옮겨갑니다.{/n}"
    },
    {
      "Key": "cbc411ee-4779-4905-8ff6-18ee35d2b5a5",
      "Value": "\"엘리나! 강도라도 당하면 어쩌려고! 괴물한테 먹혔을 수도 있고! 둘 다였을 수도 있어... 왜 이런 위험한 짓을 한 거야?\""
    },
    {
      "Key": "eb3b4a95-d262-4914-8463-b781a4b147af",
      "Value": "{n}옥타비아는 입술을 깨뭅니다.{/n} \"네가 왜 그랬는지 이해해, 에쿤... 나라도 목숨을 바쳐 {g|Technic League}기술 연맹{/g}을 사냥하고 싶을 거야... 하지만 그런 삶은 인생보다는 저주에 가까워.\""
    },
    {
      "Key": "a3e1d49a-2f0b-4284-89e1-217304aa3ba5",
      "Value": "\"도시 사람이 우리 입장을 어떻게 알아? 은타비 말이 맞아. 우리가 흘린 피에 세 배만큼 쳐서 적에게 갚아주면 돼!\""
    },
    {
      "Key": "821d688f-33f4-4426-a565-6a75c974b053",
      "Value": "\"야만인이 할 법한 말이군.\""
    },
    {
      "Key": "1f997ada-ff01-4919-8048-2ce060071340",
      "Value": "{n}에쿤은 너무 피곤해서 말을 하기 어려워 보입니다.{/n} \"{name}\"."
    },
    {
      "Key": "36c4e189-bd42-4dbf-8fbc-2743354ceaf0",
      "Value": "{n}에쿤은 눈살을 찌푸리고 먼 곳을 봅니다.{/n} \"나는 가야 해. 우두머리가 그곳에 있을 거야.\""
    },
    {
      "Key": "1b5366d3-9108-47c7-8848-144141ff9f9b",
      "Value": "{n}에쿤은 이마에서 땀을 훔쳐내며 당신을 쳐다 봅니다.{/n} \"{name}\"."
    }
  ]
}