{
  "$id": "1",
  "strings": [
    {
      "Key": "0c528d94-54f4-43c6-8c5c-7d5e21283825",
      "Value": "\"이 여행을 떠났을 때 내 책에 쓸 이야기를 발견할 수 있을 거라 생각했어. 백화를 막고 새로운 기쁨을 얻을 발견을 말이지.\""
    },
    {
      "Key": "5d738828-3f8d-4aba-8e83-546fbc50d5a2",
      "Value": "\"발견에 대해서 할 말은 없지만 새로운 기쁨 몇개는 알지. 다른 녀석들은 불쾌해서 안타까울 뿐이야.\""
    }
  ]
}