{
  "$id": "1",
  "strings": [
    {
      "Key": "bdacd4cf-9e76-4f5c-99c9-202468990a34",
      "Value": "\"보다카이에게 가지 마. 함정이야. 나는 알고 있었어.\""
    },
    {
      "Key": "6ffa7af6-2df3-4738-b82d-504c26d7ce14",
      "Value": "\"음... 그걸 함정이라고 생각했어? 나는 초대장이라고 생각했는데.\""
    },
    {
      "Key": "84497395-183a-4ab8-8ce3-3063ebcc32b3",
      "Value": "\"그건 함정이 아니야. 녹 녹. 우리를 기다리고 있는 망각의 첫 단계일 뿐이지. 아니면 종말로 되돌아갈 기회일지도.\""
    },
    {
      "Key": "2bde1063-37ff-4b34-8e14-fdd3d003118a",
      "Value": "\"안돼! 우리는 보다카이와 가서 바닥을 닦고 새를 잡아 수프를 만들어야 해! 나는 수수께끼는 질렸어. 그건 우리가 두려운 나머지 자기 집으로 숨어서 덜덜 떨고 있었을 거야!\""
    }
  ]
}