{
  "$id": "1",
  "strings": [
    {
      "Key": "50d0a013-772a-48a1-a2e7-48d7b61bd9eb",
      "Value": "\"이 괴물들은 전부 어디서 몰려오는거지?\""
    },
    {
      "Key": "512e181c-3c78-4367-9157-31fd4c10224a",
      "Value": "\"그래서 당신은 누구지?\""
    },
    {
      "Key": "99011b1e-7d69-40d0-be76-9c93b9cf44dd",
      "Value": "[공격한다] \"이제야 몸을 좀 덥힐 수 있겠군!\""
    },
    {
      "Key": "97e1c350-a47c-4861-8949-293523732d5a",
      "Value": "\"가봐야겠어.\""
    },
    {
      "Key": "fac65258-d5ba-499c-ba69-795128a865c9",
      "Value": "\"나는 이 땅의 {mf|남작|여남작|왕|여왕}인 {name}이다!\""
    },
    {
      "Key": "0c0e8bc3-8b33-4fd4-9d0c-a2550a523a67",
      "Value": "\"여기서 정확히 뭘 하고 있는거지?\""
    },
    {
      "Key": "d398fd87-1cc6-475f-95ae-97827de66b2c",
      "Value": "\"네가 말하는 협회란 어떤 것이지?\""
    },
    {
      "Key": "a9920302-70e8-4afc-aa34-ba09fdaa9151",
      "Value": "\"그래, 대화하게되어 즐거웠다. 하지만 나는 떠나야 해.\""
    },
    {
      "Key": "ab62ee00-abbf-4c11-9288-cdaf06388666",
      "Value": "\"도움이 필요한가?\""
    },
    {
      "Key": "f6efc3ec-d462-454d-a802-dc78c31fb481",
      "Value": "\"내게 이곳저곳 숨어다니는 단체의 첩자는 필요없다. 당장 내 땅에서 사라져라!\""
    },
    {
      "Key": "d574a9f5-fe06-4db8-97cd-c57a140fd14e",
      "Value": "[공격한다] \"이제 질렸다!\""
    },
    {
      "Key": "a20c619a-81c8-4fb0-9a1f-d06b1af58c66",
      "Value": "\"무덤?\""
    },
    {
      "Key": "e6998341-c6e3-4c9a-abe5-7970c1ac9036",
      "Value": "{n}수많은 배지와 누비 조각으로 장식된 밝은색 재킷을 입은 하프오크가 이마에 흐르는 땀을 닦습니다.{/n} \"허-허-헉, 잘생긴 청년이 우리에게 선행을 베풀어줬군! 거의 몰살당할 위기였는데, 마침 잘 오셨습니다!\""
    },
    {
      "Key": "4ae4778e-2abd-41b6-adc2-17a0b91c69dd",
      "Value": "\"저희요? {g|Pathfinder Society}협회{/g}에서 파견된 패스파인더들입니다. 총괄 본부로부터 신들조차 버리신 이 땅을 탐사하라는 특별한 명령을 받고 왔지요!\""
    },
    {
      "Key": "d9040152-b030-40e3-8d28-d98b040e07f9",
      "Value": "\"음... 제 추측으로는 이것들이... 무덤에서부터 따라온 것 같습니다!\""
    },
    {
      "Key": "6bc51df8-35c5-477d-9fc4-1955cd3cbaf9",
      "Value": "{n}하프오크는 그녀의 손을 풉니다.{/n} \"잠깐! 감사 인사도 안했잖아! 당신이 누구인지는 모르겠지만, 우릴 도와줘서 정말 고마워요. {g|Pathfinder Society}협회{/g}에 몸담은지 수 년이 지났는데도, 이런 괴물들은 처음 봤어요!\""
    },
    {
      "Key": "299c2b5c-51fd-40ad-9c48-dbfc9ff11d6e",
      "Value": "{n}하프오크는 순간 얼어붙었습니다. 잠시 뒤, 단어 하나하나를 신중히 고르며 다시 말하기 시작합니다.{/n} \"당신께 뭘 어떻게 하려는게 아니었습니다, 음... {mf|영주님|영주님|전하|전하}? 저는 많은 나라들을 돌아다녔었고, 그들 모두가 지배자를 다른 방식으로 불렀으니까요 — 제가 실수를 했다면 용서해 주십시오!\""
    },
    {
      "Key": "8b127f51-5b64-4e84-a7f8-658cc30a8967",
      "Value": "\"저희는 머나먼 곳에서 왔습니다 — 바로 {g|Absalom}압살롬{/g}이죠. 저희들도 {g|Stolen Lands}도둑맞은 땅{/g}에 대한 흥미로운 이야기들을 많이 들었습니다... 그렇기 때문에 {g|Pathfinder Society}협회{/g}에서는 이 지역의 지도를 수정하고 추가 조사를 진행하기로 결정한 것입니다! 저희는 어떤 위해도 가할 생각이 없습니다. 사실, 어느 누구도 짜증나게 만들고 싶은 것 또한 아니죠. 저희는 공식 방문같은 호들갑을 떨지 않고, 조용하게 임무를 수행하는 것이 가장 쉬울 거라고 생각했습니다.\""
    },
    {
      "Key": "406cbd81-cddf-4911-9c4c-7ff6584d3bb1",
      "Value": "{n}하프오크는 그녀의 손을 모호하게 흔듭니다.{/n} \"여기서 멀지 않은곳에 한 군데 있습니다. 저희가 가진 구형 지도에는 물음표로 표시되어있죠. 그래서 거기 뭐가 있는지 찾아보기로 결정한 겁니다.\""
    },
    {
      "Key": "9cae613e-1ce7-48aa-94d7-eb241dda251f",
      "Value": "{n}패스파인더는 즐거운듯 웃습니다.{/n} \"그리고 상상해보세요 — 저희는 아무것도 찾지 못했어요. 몇몇 옛 건물들의 유해와 고대의 포탈이 열렸던 흔적만이 남아있었죠... 그곳은 세계 사이의 경계가 특히 희미했던 지역 중 하나로 보입니다. 괴수 하나가 냄새를 맡고 간식거리를 찾아 뛰어들었을 겁니다!\""
    },
    {
      "Key": "42286c04-e52b-47b2-a55d-1ccf8693a0f8",
      "Value": "\"{g|Pathfinder Society}패스파인더 협회{/g}에 대해 한번도 들어보지 못했다는 말씀은 아니시겠죠! 저희는 문명 사회의 조타수입니다! 저희는 미지의 길을 개척하고 그 어떤 끔찍한 비밀이라도 파헤치죠, 심장이 약한 사람은 겁에 질려 도망갈 만한 것들이요! 저희는...\""
    },
    {
      "Key": "70351199-533d-4723-9bc2-cc2b0839bf27",
      "Value": "\"하지만 다 잊으시죠. 충분히 꾸며낸 것 같군요. 진실을 애기하겠습니다: {g|Pathfinder Society}패스파인더 협회{/g}는 {g|Golarion}골라리온{/g}의 가장 커다란 비밀들을 파헤치기 위해 탐험합니다. 그리고 저희들 — 여행과 모험을 좋아하는 패스파인더들 — 은 그걸 해내는 사람들입니다.\""
    },
    {
      "Key": "e1320e5f-38fa-4e5a-b3d7-64232d8ca5d4",
      "Value": "\"아뇨, 아뇨, 걱정하지마세요! 잠깐 숨 좀 고르고 나면 바로 출발할 겁니다. 이런 멍은 해가 뜨고나면 금방 나아요!\""
    },
    {
      "Key": "8743abde-ab88-48a0-947e-2e7fee0e874a",
      "Value": "{n}하프오크는 주변을 돌아보며 입술을 오므립니다.{/n} \"당신께 방해되지 않는다면... 물론이죠, 우리 불쌍한 친구들을 신전에 데려가는데는 시간이 좀 걸리겠지만, 괜찮아요 — 늘상 있는 일이니까!\""
    },
    {
      "Key": "a15c31ee-2f79-43e1-9273-53ec2c57c91a",
      "Value": "{n}하프오크는 경쾌하게 인사합니다.{/n} \"감사합니다! {g|Desna}데스나{/g}님의 뜻이 있다면, 분명 다시 만날 거예요!\""
    },
    {
      "Key": "f901ce62-a0d6-4e8e-ba56-fc870391b74e",
      "Value": "{n}하프오크는 우울해진 것 같습니다.{/n} \"당신이 어떻게! {g|Pathfinder Society}협회{/g}의 일원을 간첩이라고 비난하시다니?! 다시는 이 땅에 찾아오지 않을 겁니다!\""
    },
    {
      "Key": "e23c2da9-a88d-4754-96e8-3169aafc60e8",
      "Value": "\"뭐, 그렇죠, 무덤이요! 바로 여기에 있어요!\" {n}하프오크는 그녀의 손을 모호하게 흔듭니다.{/n} \"아무튼, 여기에 흥미로운 건 아무것도 없어요. 시간 낭비하지 마시길.\""
    },
    {
      "Key": "ea13c806-7d0b-4340-ae33-e5830bf321a6",
      "Value": "{n}수많은 배지와 누비 조각으로 장식된 밝은색 재킷을 입은 하프오크가 이마에 흐르는 땀을 닦습니다. 그녀는 주변을 둘러보고난 뒤 한숨을 내쉽니다.{/n} \"하, 또 손실이네... 아 그렇지, 반대로 얘기하면 저희가 그 괴물을 처리했단 뜻이죠! 감사합니다!\""
    }
  ]
}