{
  "$id": "1",
  "strings": [
    {
      "Key": "3c872dc0-7e63-4fea-a6ce-c0bdb8d420ee",
      "Value": "\"레곤가르는 어떻게 할 생각입니까?\""
    },
    {
      "Key": "0cd54ee3-9e89-4c0c-b62d-31467196b227",
      "Value": "\"진심입니까? 모두를 남겨두고 그냥 떠나겠다는 겁니까?\""
    },
    {
      "Key": "a6b9b548-8f13-4ca9-9ef2-2f480a74b0e3",
      "Value": "\"좋은 생각입니다! 그냥 떠납시다— 가능한 멀리 말입니다! - 지금 당장!\""
    },
    {
      "Key": "6e85b736-5ea2-47f8-a17d-53e02698b59b",
      "Value": "\"정말 어리석은 생각입니다! 난 내 {mf|남작령|남작령|왕국|왕국}과 모든 친구들을 버려두고 갈 순 없습니다!\""
    },
    {
      "Key": "8836e686-f49e-4df6-83ec-04c96aa45482",
      "Value": "\"농담하는거지요, 맞지요?\""
    },
    {
      "Key": "3f4cceea-6df8-4df9-a795-c54f5443d97a",
      "Value": "{n}옥타비아는 당신을 꼭 껴안습니다. 그녀의 부드러운 입술이 당신의 귀를 건드리고, 그녀가 부드럽게 속삭입니다.{/n} \"들어봐요... 이 모든게 지긋지긋하지 않나요? 원정, 전투, 계속되는 피범벅과 먼지투성이... - 그리고 더 끔찍한 건 - 대사들과 보좌관들에 일일히 명령을 내리는 일까지!\""
    },
    {
      "Key": "c3d843e8-2db5-4f27-85c1-c2063b203f50",
      "Value": "\"우리 그냥 떠나요. 모든 일을 뒤로하고. 어린아이한테 맡기고 떠나는 것도 아니잖아요. 당신 없이도 잘 해내겠죠! 그리고 우린, {g|Absalom}압살롬{/g}으로 가요. 항상 거길 가보고 싶었거든요! 아님 더 멀리 가요! 바다 건너 {g|Osirion}오시리온{/g}이나 {g|Katapesh}카타페쉬{/g}까지! 당신과 나 둘이서만요!\""
    },
    {
      "Key": "2366cd49-6971-4f28-bc30-b06f3111c3b9",
      "Value": "\"레곤가르도 같이 갈 거예요! 셋이서 같이 달아나요!\""
    },
    {
      "Key": "26c8582d-1326-4b90-b45d-c260ff7f1f39",
      "Value": "\"정말.. 진심에에요? 오, {Name}, 당신을 정말 사랑해요!\" {n}옥타비아는 당신은 더 바짝 껴안습니다.{/n} \"물론 농담이었어요.. 우리 없이 사람들이 뭘 할 수 있겠어요? 하지만 혹시나../\""
    },
    {
      "Key": "d68133b6-d1f3-431a-8382-cd4db36969e0",
      "Value": "\"아마도 나중에, 이 모든게 끝나면... 우린 진짜로 달아날지도 모르죠. 상상해봐요!\" {n}하프 엘프는 당신의 귀에 키스하고 물어 당깁니다.{/n}"
    },
    {
      "Key": "296d4542-d2a4-4d5d-b9a2-773b86793bf5",
      "Value": "\"찬성입니다! 누가 우릴 막을 수 있겠습니까?\""
    },
    {
      "Key": "9beaf847-a0e4-47bc-9bf5-6c485ebb546a",
      "Value": "\"음, 그래요, 당신에겐 의무가 있지요...꿈이라도 꿔볼 수 있지 않겠어요! 하지만 혹시나...\""
    },
    {
      "Key": "91dae0fe-2095-4abd-80e1-39e4de5a7d16",
      "Value": "\"확실친 않지만, 그럴것 같네요. 모두를 실망시켜선 안되겠지요? 하지만 혹시나...\""
    }
  ]
}