{
  "$id": "1",
  "strings": [
    {
      "Key": "114376bc-0bf9-43b2-8f7d-59dd9df2a068",
      "Value": "[공격] \"너는 어디에도 가지 못 한다.\""
    },
    {
      "Key": "aa692760-4a31-4c3e-a528-5bc5c7f45fd3",
      "Value": "\"안녕히.\""
    },
    {
      "Key": "ddb8a01a-9142-4832-be0f-1194e39e656c",
      "Value": "{n}나이 든 성직자는 땅에 누워 회색 하늘을 쳐다보고 있습니다. 그의 주위에 수많은 상처에서 흐른 진홍빛 피가 황량한 토양을 얼룩지게 합니다.{/n} \"더 가까이 와...\" {n}그는 속삭입니다.{/n} \"너한테 말하고 싶은 게 있어.\""
    },
    {
      "Key": "b2fc8406-1f22-4129-9bbc-7309a9a6764e",
      "Value": "{n}두가스는 전장에 우울한 눈빛을 보냈고 그곳에는 그의 형제들의 시체가 흩어져 있습니다.{/n} \"그들은 의미없는 죽음을 맞았어... 이것만은 알아둬라. 다음에 우리가 만날 때 우리는 적으로 만날 것이다.\""
    },
    {
      "Key": "93afbfcd-4ece-47ff-867f-0e6494339dc6",
      "Value": "{n}그의 부하들의 시체를 지나가고 두가스는 자매의 시체에서 멈춥니다.{/n} \"그들은 의미없는 죽음을 맞았어... 하지만 우린 친구가 될 수 있다. 끝은 항상 이런 식이지. 저런 괴물 같은 년이 사람들의 피를 빨아먹으면 선량한 전사들은 이유 없이 죽는 거야.\""
    },
    {
      "Key": "87cc1023-2ccd-4244-944e-11511a42355b",
      "Value": "\"자매들이 찾고 있는 것이 어디에 있는지 알고 있다. 그것은 {g|Valley of the Dead} 죽은 자의 계곡{/g}에 있어. 그곳은 타락하고 저주받은 곳이지... 나는 내 백성을 거기로 이끌고 싶지 않았지. 이제는 중요하지 않지만... \""
    },
    {
      "Key": "4fc6bbc9-47e5-47b1-8601-b9f83ec673ef",
      "Value": "\"거기에 어떻게 도착할지 알려줄게. 자매가 무덤을 찾고 있었던 것은... 입구를 열기 위해서였어. 거기로 가... 그리고 거기서 죽어라...\""
    },
    {
      "Key": "17e0c157-e917-4ee1-9a4d-839adc04ae9e",
      "Value": "\"여기서 더 이상 할 일이 없다. 우리는 떠날 거야. 그러나 우리가 왜 여기에 왔는지 말해 줄께. 마녀가 찾고 있는 마법의 장난감이 무엇인지 모르겠지만 어디에서 찾을지는 알아. 우리는 오래 전에 거기에 갔지만 내 백성을 거기로 이끌고 싶지 않았지. 무덤에서 가져온 이 향로는 입구의 열쇠다. \""
    },
    {
      "Key": "043a31eb-7c99-4b30-b76c-e8e4e3e1fdad",
      "Value": "\"이 장소는 {g|Valley of the Dead} 죽은 자의 계곡{/g}이라고 불리는 이유가 있지. 그곳은 타락하고 저주받은 곳이지... 도시 전체를 먹어치울 수 있는 것을 찾으려면 거기에서 찾아야 해.\""
    },
    {
      "Key": "fb1edb5f-e4b2-4d65-a9b1-caa44fc26882",
      "Value": "\"지금은 작별이다.\""
    },
    {
      "Key": "74dd3053-bf43-4a24-8b24-358f89e2c2fb",
      "Value": "{n}야만인은 죽은 자매의 후드를 벗겨내고는 눈살을 찌푸립니다. 그녀는 정말로 얼굴이 없었습니다. 대신 나무 껍질과 같은 어두운 거친 표면이 있었고 코가 있어야 할 자리에 구멍이 있고 입 쪽에 균열이 있었습니다.{/n} \"역겨워라... 인간도 아니었어. 그녀는 인간이 아니야. 페이였지! 우리 족장이 이 녀석의 말을 따랐지.\""
    },
    {
      "Key": "f994c64b-22d7-41ad-8926-1a09a706fdb3",
      "Value": "\"불필요한 말은 하고 싶지 않지만 저 바바리안들을 보내주지 말아야겠어. 네 땅에 욕심이 있다고 말한 녀석이야. 그는 정당한 벌을 받아야 해. 죽음 말이지.\""
    }
  ]
}