{
  "$id": "1",
  "strings": [
    {
      "Key": "f24d806a-2c82-454b-8edb-3f267cbd9e6d",
      "Value": "\"정신이 나갔습니까? 지금 당신을 보낼 순 없습니다!\""
    },
    {
      "Key": "652fb794-1c0c-4ea1-823e-385e8c11d79d",
      "Value": "\"미안합니다, 지나쳤던것 같군요.\""
    },
    {
      "Key": "1b5d3aef-bb5d-43de-b284-0bf5f9086d79",
      "Value": "\"난 지금 당신의 자유에 대해 얘기하는게 아닙니다 - 일행 모두의 생명을 위험하게 할 어리석은 생각에 대해 얘기하는 겁니다.\""
    },
    {
      "Key": "de48f5c4-f0e4-4e25-98c0-8f68ff599b1a",
      "Value": "\"당신이 계속 이런 식으로 행동한다면 - 그럴 수도 있습니다.\""
    },
    {
      "Key": "cc275496-a674-4b9a-bd67-c2298120230a",
      "Value": "\"옥타비아, 당신은 버릇없는 아이처럼 굴고 있습니다.\""
    },
    {
      "Key": "655823b3-d75a-419c-a6d0-3b0b57bb0289",
      "Value": "\"먼저 무슨 일인지 설명해 주겠습니까?\""
    },
    {
      "Key": "13a2cdeb-e04d-4f73-9d24-b3ce3362d9d2",
      "Value": "\"당신은 나와 일행 모두를 실망시킬겁니다.\""
    },
    {
      "Key": "e9855b3c-2bd8-4187-aa06-402a92f4d245",
      "Value": "\"이해합니다. 가는데 필요한 보급품이나 장비가 있으면 알려주길 바랍니다.\""
    },
    {
      "Key": "5dffa0f0-2235-4315-aac8-829de80838f5",
      "Value": "\"혼자서요? 위험할 것 같군요. 무슨 일인지 설명해 주십시오, 내가 도와주겠습니다.\""
    },
    {
      "Key": "3148df07-66f2-4ad4-b1ab-ac7227655d84",
      "Value": "\"확실히 생각해 본 것 맞습니까? 혼자서 기술 연맹 전부를 상대하겠다고요? 농담같이 들리는 군요, 재미도 없고요.\""
    },
    {
      "Key": "ff2f5078-042f-46f2-b1cd-fe156e8aa3e5",
      "Value": "\"혼자서 그 일을 할 필요는 없습니다. 당신에겐 우리 팀 모두와, 내 영지의 모든 자원이 있습니다.\""
    },
    {
      "Key": "2435c818-123c-40d2-8906-34d884511b8e",
      "Value": "\"그럼 이게 시험이었습니까?\""
    },
    {
      "Key": "9225e332-18d1-4bca-924c-97ba7e510983",
      "Value": "\"언제나 내게 의지해도 된다는 걸 잘 알지 않습니까.\""
    },
    {
      "Key": "1bbae6ab-a6a0-40cf-9d21-88916fd89aaa",
      "Value": "\"당신은 버릇없는 아이처럼 굴었습니다.\""
    },
    {
      "Key": "39eed1d1-c585-4fe7-b4a0-4a3036444173",
      "Value": "{n}옥타비아가 어두운 기색으로 심각한 표정을 지으며 다가옵니다 .{/n} \"들어봐요, {Name}... 말할께 있어요. 실은... 난 떠날꺼에요. 오랫동안요. 어쩌면 영원히.\""
    },
    {
      "Key": "3c225413-3993-4f6c-ab12-c6e4904d6abe",
      "Value": "\"허락하지 않겠다고요? 날 묶어라도 둘 생각인가 보죠?\""
    },
    {
      "Key": "e94d4406-00a9-474a-9f0f-a78a6c48ab98",
      "Value": "{n}이말을 듣자, 옥타비아는 채찍으로 맞은냥 얼굴을 찡그립니다.{/n} \"그거 알아요, 난 당신을 믿었었어요. 당신이 다른 사람들과는.. 내 전 주인들과는 다르다고 믿었었어요. 내가 잘못 생각한 것 같군요.\""
    },
    {
      "Key": "7eb61478-54c3-4dd1-9c63-d14c6610f689",
      "Value": "{n}옥타비아는 한참동안 당신을 노려보더니, 고개를 돌려 버립니다.{/n}"
    },
    {
      "Key": "59db015c-0764-4c4a-8971-832f0d107b71",
      "Value": "\"좋아요... 상관없어요. 잊어버리라고요. 여기 머물테니까.. 지금은.\""
    },
    {
      "Key": "b9058646-73b7-46bf-bd11-b398f819eb0a",
      "Value": "\"당신은 괜찮을꺼에요!\""
    },
    {
      "Key": "ff8925fa-2bdf-4f30-805e-cd66dd4b3ce6",
      "Value": "\"정말.. 진심이에요? 그냥 날 놔줄 준비가 되었나요?\""
    },
    {
      "Key": "fc63d3c0-a9ad-4f8e-8c2a-034ef4bd874d",
      "Value": "\"난 {g|Numeria}누메리아{/g}에 가서 {g|Technic League}기술 연맹{/g}를 파괴할꺼에요. 당신은 그들이 어떤 괴물들인지 잘 모르겠지요. 그들은 사람들을 죽이고 노예로 만들고 끔찍한 실험을 자행해요...난 그들을 멈춰야해요!\""
    },
    {
      "Key": "74c7dc43-6ce8-478e-b132-d7766e01dbe4",
      "Value": "\"알아요. 미안해요. 하지만 내가 꼭 해야하는 일이에요!\""
    },
    {
      "Key": "862a8220-da0a-4120-8d8a-5df8a03d2513",
      "Value": "\"아니요... 당신을 위험에 처하게 할 순 없어요. 게다가 당신이 신경써야 할 많은 일들이 있잖아요. 그저 날 기다려줘요, 알겠죠?\""
    },
    {
      "Key": "f43f798b-ac89-4a0c-a938-8573327d26f2",
      "Value": "\"거기가서 폭동을 일으킬꺼에요! 그 악당들에게 완전히 끝장내겠어요!\""
    },
    {
      "Key": "7c96e464-4fe3-495b-952f-4b36ac8ebdbb",
      "Value": "{n}옥타비아는 당신의 눈을 바라보더니, 끝내 고개를 돌려버립니다.{/n} \"당신이 옳아요. 멍청한 생각이죠... 내가 잠시 현실과 꿈을 착각했나봐요.\""
    },
    {
      "Key": "a3ef33b1-2452-422d-b2d1-4adceeb611f7",
      "Value": "\"정말... 진심이에요? 날 위해 {g|Numeria}누메리아{/g}와 전쟁을 시작할 생각인가요?\""
    },
    {
      "Key": "d595c1b5-ccfe-47bc-9e68-4df873ab997d",
      "Value": "\"{g|Calistria}칼리스트라아{/g}의 이름으로... 이게 내가 당신을 사랑하는 이유에요. 내가 어찌 당신이 다른 대답을 하리라 생각했을까요?\""
    },
    {
      "Key": "11f03860-e8ff-4901-99a5-bc0e7a588d99",
      "Value": "\"그렇습니다... 아마도..\""
    },
    {
      "Key": "6b7dff9e-67c1-468c-a2a6-af3182462281",
      "Value": "\"그렇습니다. 감사합니다 그리고...\""
    },
    {
      "Key": "851a6bc3-21d9-486a-a36f-2dfb9898a005",
      "Value": "\"시험이라고요? 음... 정확히 그런건 아니지만...\""
    },
    {
      "Key": "cf4d94cc-0631-4e0b-919d-98bb19d83855",
      "Value": "{n}사과하고 싶지만 적당한 단어를 찾지 못한듯, 옥타비아의 말끝이 허공에 맴돕니다.{/n}"
    }
  ]
}