{
  "$id": "1",
  "strings": [
    {
      "Key": "44e61d74-9fee-4486-9a52-e2e2dfe31fde",
      "Value": "[석관의 외관을 조사한다]"
    },
    {
      "Key": "2dea8f89-db5d-4fb2-be6b-b228716eb473",
      "Value": "[힘을 써서 쇠지렛대로 뚜껑을 연다]"
    },
    {
      "Key": "0ef37db3-630a-48e1-85d6-be447b8b831f",
      "Value": "[석관을 열 수 있는 열쇠구멍을 찾거나 석관을 열수 있는 더 쉬운 방법을 찾는다]"
    },
    {
      "Key": "68bb5b78-e5ba-4198-84a5-2eb55172016e",
      "Value": "[떠난다]"
    },
    {
      "Key": "64a34890-f6a8-40f3-aa7f-ca0d4b3c91a0",
      "Value": "[무슨 수를 써서라도 석관을 열려고 합니다.]"
    },
    {
      "Key": "efb838f9-e79c-4b8f-b121-0f70c5832971",
      "Value": "[마법 탐지][석관에서 마법의 흔적을 찾는다]"
    },
    {
      "Key": "ac528682-d17d-41ea-a3f1-256a373bda08",
      "Value": "{n}거대한 돌에서 여전히 물과 진흙이 떨어졌고 그것들은 최근에 호수 바닥에 있던 것들이었습니다. 자세히 보자 그것은 거대한 상자처럼 보입니다. 아니면 석관처럼 보입니다. 한쪽면에는 기호가 새겨져 있는데 외눈 구멍에 동전이 박혀있는 두개골입니다.{/n}"
    },
    {
      "Key": "3cf5ea64-64c3-4a56-ae46-538a1427ac7c",
      "Value": "{n}석관의 조각은 죽음의 기수인 {g|Charon}케런{/g}의 상징처럼 보입니다. 그러나 케런의 상징에는 보통 동전이 박힌 2개의 눈 구멍이었고 이것은 하나뿐입니다. 석관에 대해 더 이상 말할 수있는 것은 없습니다. 고대인이라는 것 말고는.{/n}"
    },
    {
      "Key": "aa321bd3-cf95-4e17-9359-36e0ed772715",
      "Value": "{n}확실한 것은 이 석관은 아마 오우거나 거인과 같은 거대한 시체를 담아두었다는 것입니다.{/n}"
    },
    {
      "Key": "9742c70e-b1b3-4ac2-b4b7-741a79b4cc2b",
      "Value": "{n}당신은 힘을 다하여 지렛대를 누르자 뚜껑이 약간 움직이면서 돌 긁는 소리가 났고 안에서 시체의 부패한 공기가 흘러 나오게 됩니다. \n석관을 더 열자 당신의 심장은 빠르게 뛰었고 거대한 썩은 손이 뚜껑 가장자리를 잡고 석관을 열려고 했습니다!{/n}"
    },
    {
      "Key": "83a853b1-1345-4284-9cac-fd33b8059d82",
      "Value": "{n}석관이 어디서 왔는지는 모르지만 당신은 쉽게 열 수 있는 마법에 대해 알고 있습니다. 조각을 다양한 조합으로 맞추며 실험해 보자 손으로 두개골 조각을 잡고 쉽게 뚜껑을 열 수 있었습니다. 하지만 기뻐할 틈도 잠시였고 뚜껑이 열리자 안에서 어떤 거대하고 떨리는 소리가 납니다. 방울뱀과 같은 소리가 틈에서 들렸고 파리 떼가 석관에서 나옵니다. 그것은 크고 화가 나있고 죽음에서 온 무엇이었습니다.{/n}"
    },
    {
      "Key": "bc97cd0c-1ddb-446f-9c4a-143cc37ce37e",
      "Value": "{n}당신은 지렛대로 열어보려 몇 번 시도해 보았지만 소용없었습니다. 뚜껑은 미동도 하지 않았습니다.{/n}"
    },
    {
      "Key": "33aa8312-09f4-42c5-9008-e6ed2d8479e5",
      "Value": "{n}망치가 깨지고 등과 어깨가 욱신거릴 정도로 많은 시도를 하고 당신은 석관의 뚜껑을 부숴 버렸습니다... 그 안에서는 시체가 부패하는 끔찍한 냄새가 났습니다. 적어도 당신은 그것을 열었지만요. 그러나 당신의 승리는 오래 가지 못합니다. 석관 안에서 뭔가가 무거운 소리가 들리자 당신은 얼어붙습니다. 곧 거대한 썩은 손이 부숴진 석관 뚜껑을 잡았고 이내 석관의 뚜껑을 마저 열어버리려고 합니다!{/n}"
    },
    {
      "Key": "a6703328-0962-4444-a4c4-72c168db558d",
      "Value": "{n}석관은 주목할 만한 것이 없을 것 같습니다. 또한 그것을 열 수있는 쉬운 방법은 없는 것 같습니다.{/n}"
    },
    {
      "Key": "6f601b79-f41a-48fe-9260-ae28c7a49d1c",
      "Value": "{n}여기에 마법의 존재가 있는 것이 분명합니다. 당신은 강력한 사령술사의 기운을 느꼈지만 여기에 사용되는 특정 주문을 파악할 수는 없었습니다.{/n}"
    }
  ]
}