{
  "$id": "1",
  "strings": [
    {
      "Key": "cefe47c0-d171-429c-b94d-bd6ab4b4e8ae",
      "Value": "\"이곳은 어디야?\""
    },
    {
      "Key": "82abf95e-ef80-40cf-9fe5-2a91159b1b4d",
      "Value": "\"나는 너를 죽였다. 왜 또 여기에 있지?\""
    },
    {
      "Key": "61af025f-0d0f-4666-8e23-d4ced59329ae",
      "Value": "\"나는 가야 해.\""
    },
    {
      "Key": "22b3e784-4e4e-41e6-98e3-83f1ee0d79fc",
      "Value": "\"나이리사는 어디에 있지?\""
    },
    {
      "Key": "a8bad95a-5a0a-459e-b77b-881ca0fd1ff2",
      "Value": "\"어떻게 들어가야 하지?\""
    },
    {
      "Key": "191ab0b5-1c40-499f-b507-bf706bf5b4df",
      "Value": "\"나는 린지가 여기에서 나이리사와 이야기하고 있는 것을 보았다. 그것은 무엇이었지? 환영이나 환상인가?\""
    },
    {
      "Key": "300f3b7c-9b50-4ba1-8ed8-7c72cb00d24f",
      "Value": "\"왜 나를 돕는 거지?\""
    },
    {
      "Key": "7b92ee96-7bb8-4490-93e7-102b13bc0429",
      "Value": "[공격] \"나는 너와 아무 상관이 없다는 것을 분명히 하고 싶군!\""
    },
    {
      "Key": "620922a1-8b8e-4d9f-8f44-51f0059e82da",
      "Value": "\"꿈에서 나이리사의 영역을 방문했다. 여기 도착하자마자 큰 빛이 나타났다...\""
    },
    {
      "Key": "8d27f7b1-8926-4838-a070-047c2b5c45de",
      "Value": "\"좋다. 동의하겠다. 나를 어떻게 도와줄 거지?\""
    },
    {
      "Key": "1ccd0640-5394-4c50-b674-fcf4eeadc30f",
      "Value": "\"에빈드라. 거울 속의 환영이 그 집에서 나에게 말했다. 그것은 인간 마법사였고 네가 나에게 준 랜턴을 가지고 있었다. 그에 대해 아는 것이 있는가?\""
    },
    {
      "Key": "f5d778f0-4a00-43df-b050-3850f6029c19",
      "Value": "\"옹이 마녀가 나에게 제안을 하나 했다 — 꿈틀거리는 남자의 생명을 대가로 나이리사의 성소로 가는 열쇠를 주기로 했지.\""
    },
    {
      "Key": "7952a424-956a-4f56-acc0-d306423823e3",
      "Value": "\"꿈틀거리는 남자는 옹이 마녀의 목숨과 성소로 가는 그의 열쇠를 바꾸자고 제안했다.\""
    },
    {
      "Key": "47aa1120-0476-4414-a912-270f83c5028d",
      "Value": "\"페이와의 거래 때문에 머릿속이 복잡하다. 무슨 일이 일어났는지 그것이 무엇을 의미하는지 다시 설명해줄 수 있나?\""
    },
    {
      "Key": "4e1b0066-d887-467f-a1c6-d7cfcc566307",
      "Value": "{n}네레이드는 평소보다 창백한 것처럼 보이지만 파란 눈은 결심으로 빛납니다.{/n} \"{d|c51 Evindra capital}나는{/d} 네가 여기 오지 않을까봐 두려웠지만 결국에 왔다! 여기에 오는 것이 생존과 승리를 위해 해야할 일 중의 일부에 불과할지라도... \""
    },
    {
      "Key": "00f954b0-2365-453c-8d53-f4a5c932740e",
      "Value": "{n}네레이드 에빈드라는 {g|Whiterose Abbey}백장미 수도원{/g}에서 당신에게 죽음을 당했지만 거대한 푸른 눈으로 당신을 차갑게 응시합니다.{/n} \"그래서 이게 다야. 너는 {d|c51 Evindra killed}살인자{/d}이고 나의 기회이기도 하다. 네가 조만간 여기에 올거라 생각했다. 너를 도울 다른 선택의 여지가 없는 것 같다.\""
    },
    {
      "Key": "05815d60-09ff-4f00-9da4-c29a386e03d3",
      "Value": "\"돌아왔군! 힌트나 도움이 필요한가?\""
    },
    {
      "Key": "64eea8ed-4268-4036-a94a-a0b39d362263",
      "Value": "\"네가 변한 모습이... 보인다. 이상하지만 이전의 나이리사의 아주 친숙한 유령을 느낀다. 님프는 관심있는 사람에게 특별한 능력을 부여할 수 있지만 그녀의 마음에서 사랑을 잃어버린 이후로 나이리사는 이 능력을 함께 잃은 것처럼 보였다. 하지만... 어떻게 했지? 이건 그녀의 능력이고 너와 {g|First World}태초 세계{/g}를 연결한다. 그것은 가늘고 힘없는 실이지만 네가 우리처럼 다시 여기에서 태어나게 한다. \""
    },
    {
      "Key": "0b441328-7e62-40cc-b17d-f5004395fb1f",
      "Value": "\"계속하기 전에 두 가지만 기억하길 바란다. 첫째, 이 집은 유령으로 가득 차서 일어난 일에 대한 추억을 가지고 산다. 너는 과거를 볼 수 있지만 바꿀 수는 없다. 둘째, 이 집은 여러번 살 뿐 만 아니라... 두 상태로 산다. 나는 그것을 '현실'과 '부조리'이라 부르고 있는데 모두 실제적이고 위험하고 각각 고유의 비밀을 지니고 있다. 하나는 {g|First World}태초 세계{/g}의 그것과 같다. 다른 하나는 나이리사의 생각과 꿈의 세계이다. \""
    },
    {
      "Key": "cfa544b0-510a-4884-ab72-ed9b71482377",
      "Value": "\"여기에서 보이는 마법의 안개는 현실과 부조리 모두에 존재한다 .나이리사가 적의 공격으로부터 자신의 지배권을 지키기 위해 만들어졌다. 이것은 너를 현실과 부조리 사이에 던져 버릴 것고 이 집의 심장부와 다른 비밀 장소에 진입하는 것을 막을 것이다. 너를 도울 물건을 가져 왔다. 이 등불을 가져가라. 높이 들고 비추면 안개의 영향력이 사라진다. 그러나 현실에서 부조리로 나아가거나 반대로 되돌아 가야 한다면 등불을 숨기고 안개를 따라가라.\""
    },
    {
      "Key": "d817a8ae-a9aa-4020-b04e-c02192ce5571",
      "Value": "\"너는 찔레를 가지고 있군... 그것은 위대한 힘을 가진 유물이다. 현명하게 사용하길 바란다!\""
    },
    {
      "Key": "80855231-c087-49f5-8662-d523309d07ec",
      "Value": "\"그리고 마지막 충고를 하겠다. 위대한 힘과 슬픔을 가진 유물 찔레는 이 집 어딘가에 숨겨져 있다. 그것을 찾아 현명하게 사용하라!\""
    },
    {
      "Key": "1244ccca-18ba-4bb1-924c-b8ef3d302b60",
      "Value": "\"우리가 {d|c51 Evindra Exiled} 다시{/d} 만날 줄 알았다.\" {n}{g|Whiterose Abbey}백장미 수도원{/g}에서 마지막으로 봤던 네리이드 에빈드라가 당신을 쳐다보고 있습니다.{/n} \"나이리사는 최근에 점점 더 불안해하고 난폭해졌다. 누군가가 그녀의 계획을 방해하고 있는 것이 분명하고 그것이 누구인지 쉽게 짐작할 수 있다. 너는 심각한 위험에 처해있다. {mf|왕|여왕}. \""
    },
    {
      "Key": "4a3b298d-67c8-41ef-afb7-1d6b258b8336",
      "Value": "\"이곳은 시간의 끝에 선 집이라고 불린다. 나이리사의 권좌이며, {g|First World}태초 세계{/g}에 존재하는 그녀의 요새이다. 그것은 시간이 멈춘 곳이다... 그리고 시간이 흩어져 있는 곳이기도 하다. 영원한 '내일'의 방과 오래 전에 일어났음에도 여전히 남아있는 방이 있다. 누군가 천 년 전에 사과를 베어물고 여기에 두었다고 하면 오늘날까지도 변하지 않을 것이다. 필멸자에게는 이해하는 것이 어렵다는 것을 알고 있다. 심지어 태초 세계의 자손인 우리들 중에서도, 시간의 {g|Eldest}원로{/g}인 {g|Shyka}샤이카{/g}만이 이 신비를 완전히 이해할 수있다. \""
    },
    {
      "Key": "f84949b4-2b20-4c74-9dd3-8dd035455659",
      "Value": "\"모든 곳이기도 하고 아무곳도 아니기도 하다.\"여기는 그녀의 영역이다. 그녀는 어떤 그림자에서도 숨을 수 있고 그림자를 무기로 바꿀 수 있다. 나이리사는 개방된 전투를 선호하지 않는다... 그녀는 하인들을 이용해 너를 물리치기 위해 노력할 것이고, 마지막까지 나타나지 않을것이다. 그럼에도, 나는 그녀에게 특별히 중요한 장소가 하나 있다고 생각한다. 그것은 이 집 2층의 중앙에 있는 방이다. 그리고 바로 그녀의 잔, 사죄가 보관되어 있는 성소이다. 거기에 도달하면 나이리사가 나타날 것이다. 그녀에게는 선택의 여지가 없을 것이다. \""
    },
    {
      "Key": "ab92d19d-4d89-471c-a95c-e85395854611",
      "Value": "\"기억이다. 이 집은 최근에 일어난 일을 너에게 보여주었다.\""
    },
    {
      "Key": "8b9c5e70-fda7-4af7-86a0-0594d0790f80",
      "Value": "\"여기에는 마법의 우물이 있는데 모든 것이 여기에 있다. 우물을 통해 집 안으로 들어갈 수있다. {g|First World}태초 세계{/g}에서는 예기치 않은 일들이 일어나기도 하니 적응해야 한다. 조심해라! 나이리사는 너의 모든 움직임을 알 것이고 네가 떠나지 않도록 최선을 다할 것이다. 너와 네 왕국은 사죄를 위한 마지막 먼지이다. 그녀를 위해 또는 너를 위해 돌아갈 방법이 없다. \""
    },
    {
      "Key": "7a71a86b-5ece-4f0e-a69d-df3304952c93",
      "Value": "\"도움이 필요하면 다시 오길 바란다!\""
    },
    {
      "Key": "d729955d-066c-4837-a130-854c70b669d4",
      "Value": "\"너는 {g|First World}태초 세계{/g}에 있고, 나는 이 세계의 자손이다. 우리의 고향인 이곳에서, 우리는 영원히 죽지 않고 다시 삶을 되찾는다. {g|Stolen Lands}도둑맞은 땅{/g}은 특히나 항상 태초 세계와 가까웠고, 또한 개화에 압도당했기 때문에, 페이를 지배하는 삶과 죽음의 법칙이 똑같이 작용하기 시작했다.\n원한다면 나를 죽일 수 있다. 그러나 내 말을 듣는 것이 훨씬 좋을 것이다. 너는 도움이 필요하고 나는 나이리사를 막을 수 있는 사람이 필요하다. \""
    },
    {
      "Key": "fcbfc963-9a54-42a7-95a1-9b28cfe4cd1f",
      "Value": "\"{g|Whiterose Abbey}백장미 수도원{/g}에 가보았겠지. 나이리사가 나에게 한 것을 보았을 것이다. 나는 그녀가 변한 괴물의 정체를 알고 내 마음을 다해 그녀를 막을 수 있기를 바랄 수 밖에 없었다. 이상하게 들리겠지만 나는 그녀를 죽일 준비가 되어있다. 나는 그녀를 너무 많이 사랑해 이렇게 그녀를 만나려 한다. \""
    },
    {
      "Key": "651c9788-318c-4122-a37e-09c90cb9866c",
      "Value": "\"내가 아는 모든 것을 말해주겠다. 하고 싶은 질문이 있을 것이다...\""
    },
    {
      "Key": "cdf8b027-ea92-4d9f-aa35-3a3fc2ed96d3",
      "Value": "{n}에빈드라는 머리를 슬프게 저었습니다.{/n} \"아니. 하지만 이 집은 많은 자들의 죽음이 쌓여왔다. 등불에 관해서는... 나는 {g|First World}태초 세계{/g}에 발을 들였다가 불행한 여행자의 시체를 우연히 발견했고 거기서 얻었다. 그러나 나는 누가 그런 선물을 주는 지 잘 안다. 그건 {g|Eldest}원로{/g} 중 하나인 {g|LanternKing}등불왕{/g}이다. 그는 한 때 나이리사를 저주했다. 그는 만나지 않는 것이 좋다. \""
    },
    {
      "Key": "75acf800-b4fe-4895-9f38-2e5a1bea4da3",
      "Value": "\"네가 느끼는 것은 옳지만 나는 그 둘을 3배는 더 조심스럽게 대할 것이다. 그들은 나이리사의 가장 충성스러운 종이며 그녀가 우리와 그녀의 친구 자매들을 신뢰하는 것을 멈추고 가슴에 품은 자들이다. 지금 그녀의 영혼처럼 그들의 영혼은 악으로 가득 차 있다.\""
    },
    {
      "Key": "5b6e1faa-1666-4255-9ea1-c48e8dd6ee1b",
      "Value": "\"물론이다. 수 세기 전, {g|LanternKing}등불왕{/g}이라는 이름의 {g|Eldest}원로{/g}가 나이리사와 그녀의 가장 친한 친구들을 저주했다. 그는 그들의 불멸을 빼앗고 영혼을 악으로 물들였다. 오직 나만이 어려움을 극복하고 저주를 피할 수 있었다.\n선과 빛으로 차 있는 그녀의 영혼의 한 부분을 떼어 찔레라는 유물로 바뀌었다. 원로는 그것을 {g|Stolen Lands}도둑맞은 땅{/g}에 숨겼다. 나이리사의 하인은 그것을 찾으려했지만 아무 소용이 없었다. 오직 노움 타투치오 만이 찾을 수 있었고. 하지만 그 내용은 네가 더 잘 알 것이다. \""
    },
    {
      "Key": "ada05046-1f88-4085-91bb-e4e51067e759",
      "Value": "\"저주 받은 나이리사는 천개의 왕국을 파괴해야 했다. 왕국이 파멸할 때마다 먼지 한 톨이 사죄라고 불리는 마법의 잔에 떨어졌다. 지금은 999개가 모였다 — {g|Stolen Lands}도둑맞은 땅{/g}에서 멸망한 왕국의 수와 같다. 너의 왕국이 천 번째가 될 것이다. 그것이 잔에 떨어지면 나이리사는 {g|Eldest}원로{/g}에게 가서 자신의 죄를 사면받을 수 있다. 이 일은 일어나지 않도록 해야 한다. 원로는 우리 세계에서 잔인한 신이니, 그들이 승리하도록 놔둬선 안된다. \""
    }
  ]
}