{
  "$id": "1",
  "strings": [
    {
      "Key": "5afc871c-c21b-4aaa-a768-26365b138c15",
      "Value": "\"싸이클롭스... 위대한 제국과 위대한 힘, 수많은 생명들. 지금은 모두 사라졌어. 남아있는 것은 무덤과 묘비일 뿐. 모두 그로투스의 작품이야.\""
    },
    {
      "Key": "bd465fa2-d38b-42db-b5a9-8115bf9f36f1",
      "Value": "\"그들은 약점이 틀림 없이 있어서 죽은 거겠지. 살고 싶으면 싸워야 해.\""
    },
    {
      "Key": "56b98f0f-abd5-4597-90b3-a9440722293a",
      "Value": "\"그들이 사라지고 오랜 세월 후에 우리가 나타났어. 삶과 분투는 우리와 언제나 함께하지.\""
    },
    {
      "Key": "5429591d-45bd-4bd8-b3c8-c7bf3abe1157",
      "Value": "\"그들은 무섭게 자랐고 가장 어두운 열망에 의해 압도당해 죽었어. 광기와 악에 물든 자들의 최후야.\""
    },
    {
      "Key": "113d5062-4964-41bc-b902-644fba92fcc8",
      "Value": "\"죽은 고기에 신경써서 뭐해? 고블린은 위대해! 원한다면 우리를 죽이라고 해라. 우리는 숨어서 살아남을 거야!\""
    }
  ]
}