{
  "$id": "1",
  "strings": [
    {
      "Key": "8c8e69d3-755a-45da-8293-52a308d009f0",
      "Value": "\"어떻게 서렌레이를 믿게 되었어? 내 생각에는 너는 정말 지독한 일을 저질렀어! 그리고 지금은 회개하는 거지. 내가 맞아?\""
    },
    {
      "Key": "3818d765-4a33-498b-bd12-5f538d9399e0",
      "Value": "\"나는 세상에 악이 있지만 자비는 없다고 생각했어. 좋은 세상을 위해 그랬다는 이유로 충분하지 않아?\""
    }
  ]
}