{
  "$id": "1",
  "strings": [
    {
      "Key": "f9094103-72dd-4e0f-8197-5ddfd9e7a6de",
      "Value": "\"너는 이 기회를 이용해서 노움들이 태초 세계를 떠난 이유를 – 그리고 어떻게 돌아갈 수 있을지를 알고싶군, 그렇지?\""
    },
    {
      "Key": "7d543b45-a860-4171-bea5-9c6fb436faa7",
      "Value": "\"그렇지 않아. 말해줘.\""
    },
    {
      "Key": "61b6a2c8-fbf2-48a0-a174-5e82491a1302",
      "Value": "\"그게 뭔지 모르겠고 관심도 없어. 안 할 거야.\""
    },
    {
      "Key": "7a37e514-919e-40aa-b4bb-838bdc42b233",
      "Value": "\"비논리 토론회? 그게 뭐지?\""
    },
    {
      "Key": "39dfd8e6-d2ac-43e2-b4cb-e1093db8ee4f",
      "Value": "\"이 토론회에 대해 아는 게 있어? 우린 문외한인 건가?\""
    },
    {
      "Key": "ba44d404-bc97-40b1-b576-d5323e8f8c16",
      "Value": "\"참가하면 위험할까?\""
    },
    {
      "Key": "0438448a-ac62-4607-8c70-21c4cdc1725b",
      "Value": "\"이 기회를 놓칠 순 없지. 참가에 동의한다.\""
    },
    {
      "Key": "e976014b-11db-4234-a927-e645b8db7484",
      "Value": "\"그건 아무 의미도 없어.\""
    },
    {
      "Key": "964beb5e-fe03-460b-9cc3-cd126a4c2245",
      "Value": "\"들어본 적이 있어. 태초 세계의 페이 로드에 의해 골라리온에서 개최되는 기묘한 여흥이지. 기묘한 시험들에 다양하고 독특한 보상들이 있다고 들었는데...\""
    },
    {
      "Key": "5b0c73d2-bbb9-44d2-9b67-85705ba78fc0",
      "Value": "\"네 수수께끼는 너만 알고 있어. 나는 관심이 없으니까.\""
    },
    {
      "Key": "d4a2d915-5421-4e68-928d-0caf8a333f94",
      "Value": "\"세 번째로 누굴 데려갈까?\""
    },
    {
      "Key": "2dfdb3f4-7e6c-412c-8b01-16f024e5187f",
      "Value": "\"좋아, 그 토론에 대해 말해봐.\""
    },
    {
      "Key": "c4ac831f-14f0-4d07-92a4-4ea8b7a8c6c8",
      "Value": "\"근데, 난 신경 안 써.\""
    },
    {
      "Key": "be1d4cd2-4412-41e0-9d32-47a4760063a9",
      "Value": "\"놀랍군. {g|First World}태초 세계{/g}로부터의 괴물들의 침공에서 남작령을 구해내었어. 하지만 태초 세계의 더 강력한 존재들의 관심으로부터 보호할 수는 없는 것이지. 믿거나 말거나, {kingdomname} 나라는 비논리 토론회의 다음 개최지로 선정되었다네!\""
    },
    {
      "Key": "d3b073f9-bccf-4932-82e6-636b2c84c085",
      "Value": "\"잘 알려지지 않은 기묘한 현상이지. 꽤나 오랜 시간 전에, {g|First World}태초 세계{/g}의 지배자들인 {g|Eldest}원로{/g}가 만든 내기에 근거한 것이라고 말들 하지. 어느 날 그들 중 하나가 {g|Golarion}골라리온{/g}에 그들을 대리할 페이를 보냈어. 그들은 경쟁을 치룰 장소를 발표했지.\n명칭에 속지 말게, 그건 결국 논쟁일 뿐이니까. 충분한 참가자가 확보되자마자 대회가 시작될 걸세.\""
    },
    {
      "Key": "da762970-5e51-45e1-bf45-7d5d808bfaa7",
      "Value": "\"대회와 그 보상은 매번 달랐지. '매 번'이라는 건 좀 비약이긴 하지, 천여 년 동안 고작 세 번 개최가 알려졌으니까. 어쨌든, 또 다시 열린 걸세! 그리고 이번의 보상은 주최자나 대회의 우승자가 누구던 간에 어떠한 질문이든 할 수 있는 기회라네. 이 주최자가 어떤 생명체인지 간에, 그는 {g|Eldest}원로{/g}를 대표해서 말하는 것이지. 이런 기회를 놓칠 수 없는 이유를 잘 알겠나?\""
    },
    {
      "Key": "2a95f9b8-0ecd-4a4f-9e37-bc3f1c0d9072",
      "Value": "\"그러나...\"{n}주빌로스트는 평소의 자신감을 잠시간 잃어버렸습니다.{/n}\"이건 새롭고 특별한 지식을 얻을 수 있는 기회라네! 이보다 중요한 것이 무엇이 있겠나? 어쨌든, 내가 사람을 잘못 붙잡고 말했군. 자네가 신경쓰는게 전쟁놀이와 늪지를 뛰어다니는 거라면 거기에나 시간을 낭비하게나.\""
    },
    {
      "Key": "5b077422-e665-41e8-94d3-c692b3a248ed",
      "Value": "\"우리의 유대가 자네에게 영향을 미친 것이 기쁘구만. 그래, 물론이지! {g|Eldest}원로{/g}의 규칙에 따라서 행해야 한다는 것에 나는 조금도 기쁘지 않네. 내가 페이 군주들에 대해 높게 평가하지 않는 것을 알지 않나. 그러나 진실이 이를 요구하는 것이라면, 해야겠지. 결국, {g|First World}태초 세계{/g}의 이 자칭 신들이 아니라면, 누가 내 질문에 가장 잘 대답할 수 있겠나?\""
    },
    {
      "Key": "bcad88e3-23c6-414b-9be7-15f294ba8656",
      "Value": "\"생각해봐! {g|First World}태초 세계{/g}의 자칭 신들이 보낸 전령인 주최자에게 우리는 질문을 하고 답변을 요구할 수 있는 기회가 있는거야! 노움들은 태초 세계로부터 모험을 떠나왔고, 그 때문에 그들의 불멸성을 잃고, 그 댓가로 {g|Bleaching}백화{/g}라는 우리의 저주를 받았지. 어느 누구도 그 원인을 알아내지 못했고, 어느 누구도 그 결과를 피하지 못했어. 그러나 우리가 경쟁에서 이길 수만 있다면...\""
    },
    {
      "Key": "c175b454-c879-40f1-a0cb-55029a7f041c",
      "Value": "\"그 페이가 어떤 미친 생각을 꾸며 냈는지 절대 알지 못할 걸세. 난 단 한가지 조건만 알고 있지. 3명으로 이루어진 팀만 참가할 수 있다는 것을.\""
    },
    {
      "Key": "eb3975f2-fbb9-4c65-986b-8f95da0b4e79",
      "Value": "\"페이가 연관되어 있다는 걸 고려해보면, 그렇겠지. 그러나 그 연대기가 사실이라면, 앞서의 여느 논쟁에서도 죽은 사람은 없다네.\""
    },
    {
      "Key": "47a35210-aecc-4cd3-8497-e3a7d68a60d4",
      "Value": "\"훌륭하군! 이 경쟁이 벌어질 곳을 지도에 표시해 두겠네. 더 빨리 그곳에 도착하는 것이 더 좋겠지. 페이 군주가 영영 기다리지는 않을테니!\""
    },
    {
      "Key": "c8385683-019b-4ae2-a1d9-ed54f57bdfe5",
      "Value": "\"네 지식은 음, 꽤나 놀랍군! 사실일세, 비논리 토론회는 그저 논쟁일 뿐일세. 한 때 {g|Eldest}원로{/g}들이 내기를 했었다지. 아무도 그것이 무엇인지는 모르지만, 때때로 그들 중 누구 하나가 {g|Golarion}골라리온{/g}으로 대리자인 페이를 보낸다네. 이곳에서 그들은 정신나간 자발적으로 참여하려는 이를 위한 경쟁을 개최하고, 기묘한 상을 승자에게 수여하지.\""
    },
    {
      "Key": "4a14c915-84d0-44c6-840a-7ed7afab1ed5",
      "Value": "\"린지를 데려가야겠군. 페이가 개최하는 경쟁이 줄다리기나 맥주 마시기 같은 것이 아니라는 거지. 그러나 음유시인의 기술들은 유용할 걸세. 게다가, 젊은 숙녀에게 그 활기를 전달할 기회를 주어야 하지 않겠나!\""
    },
    {
      "Key": "b39d1bb4-23c7-40ae-8ade-0a617ac10cdb",
      "Value": "\"우리는 이 기회를 잡아야만 하네. 페이의 비밀을 알 수 있는 기회이자, 한 종족 전체의 운명을 변화시킬 수 있는 기회이네.\""
    }
  ]
}