{
  "$id": "1",
  "strings": [
    {
      "Key": "e7f16a1e-bb4a-4f89-8eab-aca3959605e4",
      "Value": "\"왜 대학에서 나온 거예요? 편한 길로 갔으면 배를 곯거나 추위에 떨지도 않았을텐데. 당신의 일은 그냥 시를 쓰는 것 뿐이잖아요.\""
    },
    {
      "Key": "31cd8883-ccec-4f9c-aea3-34eda633e60c",
      "Value": "\"피탁스에서 편한 길이란 이로베티 왕의 장화를 핥는 걸 말하죠! 아니면 더 심한 짓을 하던가. 문자 그대로 그들이 행한다면 말이죠. 그런 건 사양하겠어요. 저는 차라리 길가에 있는 주점에서 노래하는 걸 택할 겁니다!\""
    }
  ]
}