{
  "$id": "1",
  "strings": [
    {
      "Key": "c221a17e-4a65-4284-8d8e-036d6066f323",
      "Value": "\"조각상은 오래되어서 부서지기 쉬웠어. 아무것도 아닌 물건에 의미를 부여하려 하지마.\""
    },
    {
      "Key": "810c081d-84c3-4035-acba-63f17859eef4",
      "Value": "[떠난다] \"징징대지 마. 우리는 여전히 해야 할 일이 많아.\""
    },
    {
      "Key": "8ae73f3e-d904-44f2-a65f-33413c8c64c4",
      "Value": "\"이건 그냥 오래된 조각상이야. 이게 토락과 무슨 상관이지?\""
    },
    {
      "Key": "1b93226f-d26d-486c-a391-1ac56594a687",
      "Value": "\"원인과 결과를 혼동하고 있군. 토락의 숭배자들은 이 장소를 떠났어. 그들의 신앙은 더 이상 토락에게 힘을 주지 않아. 그러니 토락은 이 요새를 지킬 필요가 없어\""
    },
    {
      "Key": "95f9fc88-b550-4055-bd5d-70e24c6299b0",
      "Value": "\"너는 절반만 맞아. 토락을 믿지 않을 수 있지만... 너는 다른 누구도 믿지 않아! 그들은 모두 똑같아!\""
    },
    {
      "Key": "e7600a2a-0c10-4167-9986-4d797656ebd1",
      "Value": "\"토락은 절대 자신의 아이들을 버리지 않아. 그들은 이곳을 떠났고 그는 따라 갔다.\""
    },
    {
      "Key": "b8558fde-2830-4f0d-958c-489a7ac1bea8",
      "Value": "\"너는 조각과 신을 혼동했다.\" {n}에쿤은 침착하게 말하지만 하림은 그 말을 듣지 않거나 신경 쓰지 않습니다.{/n}"
    },
    {
      "Key": "7054553b-e67e-4d45-a5a4-30152e5b3648",
      "Value": "\"자네가 틀렸어. {name}. 이것은 평범한 조각상이 아니야. 그것은 상징이다. 음식이 우리의 몸에 영양을 공급하듯 신앙은 신에게 영양을 공급하지. 그리고 신앙의 상징은 신들과 믿음으로 교감하는 통로이네. \" {n}그는 조각상이 서 있던 자리를 음울하게 바라보지만 지금은 토락의 다리만 남아 있습니다.{/n} \"이 상징은 파괴되었다. {g|Torag}토락{/g}은 약하다. {name}. 그가 이곳을 지킬 수 있다면 이런 황폐한 일은 일어나지 내버려두진 않았을꺼야.\""
    },
    {
      "Key": "ac5a930f-6bf3-464d-b76a-de0c71a216fb",
      "Value": "\"자네는 장님이야. {g|Torag}토락{/g}이 이 곳을 보호하고 있다면 어떻게 이 조각상이 파괴 될 수 있지? 토락이 신경을 썼다면 드워프들은 왜 이곳에서 죽음을 당한거지?\" {n}하림은 입술을 지긋이 다뭅니다.{/n} \"아니. {name}. 이 곳 전체가 나약함을 극복한 망각의 승리를 느끼게 하기 위한 장소야. {g|Groetus}그로투스{/g}가 토락에게 승리했다. \""
    },
    {
      "Key": "da11ab59-4cfe-43fb-a91f-9ddae2874fb0",
      "Value": "{n}하림은 반대하려고 입을 열지만 마땅한 주장이 생각나지 않는 모양입니다. 마침내 그는 당신을 포기합니다.{/n} \"너는 눈이 멀었어. {name}. \" {n}그는 침묵을 깨기 위해 말하고는 등을 돌립니다.{/n}"
    },
    {
      "Key": "0a045133-4732-41fb-b92e-09bf4c6a516f",
      "Value": "{n}드워프는 조각상에서 등을 돌리고 바닥을 보며 당신 뒤를 따라갑니다.{/n}"
    },
    {
      "Key": "1f0afa6f-beea-4cd9-b779-1e326aaaf2ee",
      "Value": "{n}당신은 에쿤이 {g|Torag}토락{/g}을 위해 나설꺼라 생각하고 그를 보지만 레인저는 그저 어깨를 으쓱합니다.{/n} \"지나친 설득은 의미가 없어.\" {n}그는 말하며 하림을 보았습니다.{/n}"
    },
    {
      "Key": "540cf770-134c-4415-818a-46e9fa2391f7",
      "Value": "\"너는 약하다. {g|Torag}토락{/g}. 약하고 애처롭다. 어떻게 드워프의 신이자 창조의 신이 아무개 트롤에게 무너질 수 있지?\""
    },
    {
      "Key": "b156e4a4-d906-4747-993e-c29926cc5239",
      "Value": "\"드워프들이 어떻게 자네를 믿겠나, 이 배신자 신아. 자신도 방어할 능력이 없는데 어떻게 너의 백성들을 보호할 수 있지?\""
    },
    {
      "Key": "77312718-2945-4663-a8ea-cb57fe16d664",
      "Value": "\"신은 한심하지 않아. 엎드려 자선을 구하는 사람들은 신들에게 떡고물을 받지 못한다면 울고 말지...\""
    },
    {
      "Key": "30788f99-aed4-4e7c-be23-46c908cc651d",
      "Value": "\"'결코 포기하지 말라'고, {name}? 결코 포기하지 말라고?! 그가 너를 아직 버리지 않았기 때문에 그리 생각하는게야!\""
    },
    {
      "Key": "090c90ea-fb73-4c58-a785-09a456e4d7ee",
      "Value": "\"아니. {name}. 아니... 너는 네가 하는 말의 의미를 모르고 있어! 나는 네 정신이 걱정돼. 믿음 없는 너의 말 때문에 {g|Boneyard}뼈무덤{/g}에서 영원히 방황할까봐 말이지. \""
    }
  ]
}