{
  "$id": "1",
  "strings": [
    {
      "Key": "a6d03ccd-7f4e-4528-ae32-b685c86d21a9",
      "Value": "\"보다카이의 계획은 효과가 있었을 거야. 그는 바리케이드의 반대편에 있어 운이 좋지 않았을 뿐이지.\""
    },
    {
      "Key": "7e745f7b-3854-4fd8-96f3-58d0ef375458",
      "Value": "\"맞아. 아무도 우리를 맞설 기회가 없었어. 하하하...\""
    },
    {
      "Key": "9c2c380c-ff3d-453d-b37d-a4395389d3fe",
      "Value": "\"어떻게 그런 말을 할 수 있어? 보다카이는 괴물이었고 그렇게 되어도 싸!\""
    },
    {
      "Key": "e4160ee2-b46a-4fc6-ad9d-9d57a2cc8b45",
      "Value": "\"왜 {name}이 너와 함께 있지?\""
    }
  ]
}