{
  "$id": "1",
  "strings": [
    {
      "Key": "76ed2c87-26f2-4348-9c5c-a400445f783c",
      "Value": "\"미쳤어? 나는 호랑이 군주 부족의 일원이야. 여기에 있어야 한다고! 나는 방금 여기에 왔어!\""
    },
    {
      "Key": "fefc210a-176f-4626-9131-f66f03364766",
      "Value": "\"나는 여섯곰 부족 출신이야. 내 이름은... 음... 리미야.\""
    },
    {
      "Key": "eb831b7c-e277-4900-9434-2f5043763706",
      "Value": "\"나는 멀리서 왔어, 먼 북쪽. 나는... 얼음 계곡 출신이야. 내 이름은... 이마리! 얼음 계곡 에서 온 이마리야.\""
    },
    {
      "Key": "8a87b4d3-931c-4a5f-999e-3fdecfad9cf7",
      "Value": "\"두가스도 여기에 왔어?\""
    },
    {
      "Key": "2185b104-65c5-4ae9-8af8-06400fae75c3",
      "Value": "\"아르막은 지금 어디에 있지?\""
    },
    {
      "Key": "f4a08293-3daf-4211-8660-5369e9bd0b6f",
      "Value": "\"캠프에 얼굴잃은 자매가 있나?\""
    },
    {
      "Key": "d4407e3b-041e-42db-ab1b-74570ac4e9bc",
      "Value": "\"닐락? 왜 그녀가 여기에 있지?\""
    },
    {
      "Key": "aa3841c7-5794-42cb-9160-4199a98aa8ac",
      "Value": "\"왜 여기에 앉아있어?\""
    },
    {
      "Key": "4079f4bb-1ba5-468e-910f-ffdb7e3e4221",
      "Value": "\"두가스가 배신자라고?\""
    },
    {
      "Key": "11342567-02ff-44de-b682-07e36a708d58",
      "Value": "\"누구?\""
    },
    {
      "Key": "cd499570-8e35-43d9-ab7f-f73fc4b3b937",
      "Value": "\"어떤 자식의 혀가 잘릴거라고?\""
    },
    {
      "Key": "0ca6ca0c-78c1-406b-80dc-f385187f6738",
      "Value": "\"가 봐야겠어. 여기서 너와 떠드느라 시간을 너무 많이 낭비했어.\""
    },
    {
      "Key": "9e88da5c-6d99-4920-ac39-7a484bee350c",
      "Value": "\"진정해. 농담이야. 나는 여섯곰 부족의 리미야. 내 부족을 찾으러 왔다.\""
    },
    {
      "Key": "420a9fcb-b232-4341-9c99-2f401eaf1db9",
      "Value": "\"회색 수염. 잘 들어. 나를 열받게 하면 혼날줄 알아. 여섯곰 부족은 지금 어디에 있지?\""
    },
    {
      "Key": "a1e2e6fe-35e9-4a8a-bdff-7d907b3b7dbd",
      "Value": "[공격] \"너는 아무말도 하지 마. 그렇게 입을 닥치고 있으면 오래 살았을 텐데.\""
    },
    {
      "Key": "ea722262-e345-4902-a918-550fc8295b00",
      "Value": "{n}큰 흉터가 얼굴에 나 있는 회색 머리의 야만인 남자는 천막에 앉아있습니다. 그는 조는 것 같지만 아미리가 접근하자 아미리를 봅니다.{/n} \"예쁜 처자구만! 말을 걸지 않을 수가 없지. 아가씨는 어디에서 왔지?\""
    },
    {
      "Key": "a2c146ee-ecb8-4cc6-9b0e-37f80a51127b",
      "Value": "\"정말 먼 곳에서 왔구만! 그리고 나쁜 시기에 오기도 했어. 여기는 전쟁이 벌어졌지. 잘못하면 첩자로 몰릴 수도 있어!\""
    },
    {
      "Key": "394093e8-e763-4579-92a0-7db874f4fc64",
      "Value": "\"여섯곰 부족이라. 너무 늦게 왔어. 도망쳤나? 너희 부족은 오래 전에 얼굴잃은 자매 하나와 함께 갔어. 한 명의 이름이 기억나는데... {d|Nilak}닐락{/d}이라던데.\""
    },
    {
      "Key": "b57f249e-feb8-4e1a-b378-767d5e431ac2",
      "Value": "\"미쳤냐고? 아니. 나는 멀쩡해. 기억력도 나쁘지 않다고! 하지만 너는 보지 못한 것 같군.\""
    },
    {
      "Key": "a5738a1d-bb86-4fee-867a-169766838dd4",
      "Value": "\"그녀는 버려졌지. 그들이 그녀의 팔다리를 묶고 아르막의 텐트에 두고 갔어. 그녀는 너무 똑똑하고 용감하더군. 우리에게 반란을 일으키라고 하더군. 아르막이 돌아오면 그녀를 처리할 거야.\""
    },
    {
      "Key": "d0d19764-c0cb-407a-b671-73b7c38c4e46",
      "Value": "\"왜, 반역자가 어떻게 되든 뭔 상관이야! 그는 꽁꽁 묶인 채로 아르막의 천막에서 기다리는 중이야! 족장이 돌아와서 놈의 거짓말쟁이 혀를 잘라 똥구멍에 꽂아주기만을 기다리고 있지!\""
    },
    {
      "Key": "e1ccadab-0fe4-4674-a2ab-66e482e0d142",
      "Value": "\"여기 주변에 걸어다니는 자가 있었어. 내 생각에는... 곧 그녀를 찾을 수 있을 거야. 그녀가 어디로 가서 무엇을 해야 할지 알려줄 거야!\""
    },
    {
      "Key": "af2802ec-de49-4a7a-a962-8c13b00fd02c",
      "Value": "\"내가 어떻게 알아? 그는 족장이고 지금은 전쟁 중이야. 아마 명령을 불복종했겠지!\""
    },
    {
      "Key": "e83a7752-4814-4219-b4f5-69621b4e8d4c",
      "Value": "\"오. 꼬마야. 나는 오랫동안 싸워왔다. 어떤 검과 화살도 나를 쓰러뜨리지 못했지만 시간이 나를 갉아먹었을 뿐이지. 지금은 싸울 나이가 아니지만 여기에 앉아서 입구를 지킬 수는 있어. 그렇게라도 쓸 모가 있어야지.\""
    },
    {
      "Key": "d93d7514-2b84-49b5-ba3c-1b14386e3e69",
      "Value": "\"못들었어? 그 녀석이 얼굴잃은 자매 넷을 죽이고 우리에게 반란을 일으키라고 했어! 곧 큰 전투가 벌어지는데 그가 족장의 뒤에서 음모를 꾸몄지. 그가 멀쩡했다면 우리가 이길 때까지 기다리고 그 후에 족장에게 정당한 싸움을 청했어야지! 그 자는 쓰레기야.\""
    },
    {
      "Key": "c01f50bd-627a-477f-be87-b6aecd5eab30",
      "Value": "\"뭐?\""
    },
    {
      "Key": "76fea0a9-0482-432a-841e-8103b5764b8b",
      "Value": "\"물론 두가스의 혀지! 그가 직접하는건 아니야! 아마 자매들중 하나가 할지도? 그 마녀들이 하는 짓을 누가 알겠어...\""
    },
    {
      "Key": "a0c6a0b7-1fff-4ff0-9ed5-38a89efc215c",
      "Value": "\"뭐가 필요하지? 천천히 생각해. 얼굴잃은 자매가 곧 올 테니 너에게 모두 설명해 줄 거야.\""
    },
    {
      "Key": "02cf4473-8a5a-4a7e-8153-e5fcb2d5feb5",
      "Value": "\"이봐. 기다려! 어디로 가는 거야? 가죽이 벗겨지고 싶지 않다면 멈춰! 우리 개들이 얼마나 사나운지 모르는군! 그 녀석들은 보통 사람들을 물지 않지만 여섯곰 부족 출신인 네 냄새를 맡으면 달려들어서 목을 물 거야! 내 옆에서 기다리라고. 얼굴잃은 자매가 곧 오면 모두 설명해 줄 거야.\""
    },
    {
      "Key": "3bf4684c-4e90-4e23-8e10-5ac67d17bf6b",
      "Value": "{n}나이든 남자는 무기를 잡지도 않습니다. 그는 숨을 들이키더니 큰 소리로 외칩니다.{/n} \"도와줘! 공격이다!\""
    },
    {
      "Key": "cbc7ab6a-92a2-44c2-9101-cf7f1f4c96d9",
      "Value": "\"이런 때에 농담이라니! 우리는 전쟁 중인데 말이야! 너희 여섯곰 부족은 여기에 없어. 그들은 얼굴잃은 자매 한명과 떠났다. 한명 빼고. 누구더라... 닐락이었지.\""
    },
    {
      "Key": "9df21d67-0f77-4344-bef2-896b671f107d",
      "Value": "\"농담이라고? 그런 농담은 들어 봤는데...\" {n}나이든 남자는 헛기침을 하고는 고함을 지릅니다.{/n} \"이봐! 여기다! 첩자다!\""
    },
    {
      "Key": "3cd9616b-a91b-435e-bc7e-c950acdbc7e8",
      "Value": "\"좋아. 나는 아무 말도 하지 않을게. 그만! 하지만 너는 너무 늦었어. 너희 곰부족은 오래 전에 얼굴잃은 자매들과 함께 갔다. 한명만 빼고... 누구더라... 닐락. 그래.\""
    },
    {
      "Key": "03668e06-5c4d-4308-9236-af865c7eb17b",
      "Value": "{n}답변하는 대신 늙은 남자는 헛기침을 하고 고함을 지릅니다.{/n} \"이봐! 여기다! 첩자다!\""
    }
  ]
}