{
  "$id": "1",
  "strings": [
    {
      "Key": "4cdda6b0-eeef-4942-acc2-b0e3e97b51e9",
      "Value": "\"엄청 따분하네! 아무나 후드려 패고 싶다!\""
    },
    {
      "Key": "781ea234-facf-4330-96be-c5b19c83999f",
      "Value": "\"참아, 아미리. 여긴 싸울 상대도 없고, 싸울 이유도 없어. 원한다면 재미있는 이야기를 읽어줄게.\""
    },
    {
      "Key": "0d2dbe13-0c86-48ef-bd95-408ec755c6e4",
      "Value": "\"참 이상해, 아미리. 나쁜 사람 같지는 않은데, 어떨 때는 꼭 파괴를 위해서만 살아가는 것 같다니까.\""
    }
  ]
}