{
  "$id": "1",
  "strings": [
    {
      "Key": "ea61bb75-9f9b-4a53-918f-f6a2f9056fac",
      "Value": "\"난 당신의 지칠 줄 모르는 원기에 놀랐소. 모든 일이 일어난 후에 그렇게 즐길 수 있다는 것이 내게는 생소하다오.\""
    },
    {
      "Key": "a0330d50-b2e3-4367-b83d-268d372ab893",
      "Value": "\"그러는 넌 항상 뚱한데다 뽀루퉁해 있잖아, 하림. 조금 웃어봐! 언젠가 우리가 죽게된다면 난 울적해서 찌뿌린 얼굴로 묻히기 보단 얼굴에 미소를 띈 채가 좋을거 같아.\""
    }
  ]
}