{
  "$id": "1",
  "strings": [
    {
      "Key": "860de8b8-a4bb-4d71-8db4-5ee62425d17b",
      "Value": "\"당신은 누구입니까?\""
    },
    {
      "Key": "67688029-6e36-42d1-993c-55430176e641",
      "Value": "\"당신들 중 누가 내 {mf|남작령|남작령|왕국|왕국}에 대해 더러운 헛소문을 낸 장본인입니까?\""
    },
    {
      "Key": "b4abbba7-59a4-470e-b7a5-181061c0da33",
      "Value": "[공격한다] \"당신들 피로 소중한 신전을 축성해드리도록 하겠습니다!\""
    },
    {
      "Key": "758149e2-2832-483f-b3ab-05307a8e4bfd",
      "Value": "\"가보겠습니다.\""
    },
    {
      "Key": "313b304b-ee91-4a3f-bbd3-8f413fafd592",
      "Value": "\"셸린과 그녀의 추종자와 엮기고 싶은 생각은 추호도 없습니다. 그저 하나만 요구하겠습니다: 나와 내 백성을 모함하는걸 그만두십시오!\""
    },
    {
      "Key": "58baccc5-1ac1-4525-a0f8-c6f82e704f26",
      "Value": "\"이 곳은 어떤 곳입니까?\""
    },
    {
      "Key": "4c0a140f-8a26-45fd-b0c9-d8d9cdeaee48",
      "Value": "\"발레리를 가만 내버려 두십시오. 그녀는 날 섬기고 있으며 셸린에게 아무런 빚도 지지 않았습니다!\""
    },
    {
      "Key": "2098a229-7a25-4c0a-9e42-10bc1fda16d2",
      "Value": "\"발레리를 호송하기 위해 왔을 뿐입니다. 나는 상관 말고 서로 알아서 문제를 처리하기바랍니다.\""
    },
    {
      "Key": "5c7cd93b-ea31-4db1-9892-e248ae38f4a7",
      "Value": "\"당신 뜻대로 하십시오, 발레리\""
    },
    {
      "Key": "90c8c7e4-ccbe-477a-ab1d-daee1921bfd0",
      "Value": "\"이 재판이 당신에게 평안을 가져다 줄지도 모르겠습니다?\""
    },
    {
      "Key": "ff0a67bc-976b-478a-855f-821d4c515069",
      "Value": "\"내가 당신이었다면, 이 잘난척쟁이들에게 지옥으로 꺼지라고 얘기했을겁니다.\""
    },
    {
      "Key": "c7f050ed-2dbb-4b7f-89bd-e9960b13b984",
      "Value": "\"무슨 재판을 말하는 겁니까?\""
    },
    {
      "Key": "00b8ee5f-f8e5-4a2e-bec5-5c9023d4b018",
      "Value": "\"발레리의 죄목이 정확히 뭡니까?\""
    },
    {
      "Key": "fc931d25-2030-4ec9-bdc5-6676cd4215ae",
      "Value": "\"동의한다 칩시다. 무슨 재판을 말하는 겁니까?\""
    },
    {
      "Key": "1dbcd8ad-6f0a-451a-950e-6a443a2da7b6",
      "Value": "\"발레리를 호송하기 위해 왔을 뿐입니다.\""
    },
    {
      "Key": "c10e4743-10ff-43aa-8490-28e2ec11fb4a",
      "Value": "\"당신들의 하찮은 놀이에 참여하고 싶은 생각은 없습니다. 나와 발레리는 떠나겠습니다.\""
    },
    {
      "Key": "77417d06-b195-4806-ab31-badb32122add",
      "Value": "\"모두다 모인것 같군요...\""
    },
    {
      "Key": "05e9f5d9-732a-436c-8a4b-7b28769c76a7",
      "Value": "{n}흰수염을 가진 사제는 안경너머로 당신을 바라봅니다.{/n} \"오셨군요! {mf|남작|여남작|왕|여왕} {name}! 영광입니다. 동료분들도 같이 오셨군요...\""
    },
    {
      "Key": "51902624-1954-436a-9a0e-e10c5a50ec1a",
      "Value": "{n}갑옷 입은 팔라딘이 주먹으로 손바닥을 칩니다.{/n} \"드디어! 파문을 코앞에 둔 여인네치고는, 너무 굼뜨게 온 것 아닌가, 발레리!\""
    },
    {
      "Key": "2607703c-3037-434f-961b-2f9a0ac72949",
      "Value": "{n}발레리는 천천히 고개를 돌려 팔라딘에게 싸늘한 시선을 보냅니다.{/n} \"무고한 피의자 대신 죄없는 자에게 하찮은 복수를 행하는 자들을 만나기 위해, 내가 서두를 필요는 없지요.\""
    },
    {
      "Key": "ce93a358-422d-4bfc-a0af-81320dfbd32d",
      "Value": "\"부디, 모두 진정하십시오. 섯부른 고발과 판단은 그만둡시다. 우린 신성한 장소에 있습니다. 신전의 천장 아래서 논쟁은 용납되지 않습니다.\""
    },
    {
      "Key": "e1ff6035-bf46-4b1c-bf64-31a631a8d52b",
      "Value": "\"제 이름은 라르옌, {g|Shelyn}셸린{/g}의 사제이자, 지역 신자들의 지도자입니다.. 적어도 지금은 말입니다 – 이후엔 프리즘의 기사단에서 보내온 종신 사제가 제 자리를 맡을 것입니다. 또한, 존경하는 헤겐드와 그의 일행-더 경험많은 신도의 조언이 필요한 셸린의 팔라딘들 위해-의 영적 보좌관과 멘토의 역할을 맡고 있습니다.\""
    },
    {
      "Key": "18571705-7371-43ba-b13f-2daf840ef797",
      "Value": "\"우린 사실을 말했을 뿐인데, '더러운 헛소문'이라 손가락질하는군. 우린 {g|Shelyn}셸린{/g}의 의지를 전하고, 여신의 후원자를 지키는 사람들이오. 표리부동한 사람을 친구로 둔 이가 험담을 지적하다니 대체 누가 할 소리인지 모르겠군. 그대의 친구는 여신의 이름에 먹칠을 했소!\""
    },
    {
      "Key": "a4d9e58b-3889-4ee0-a665-224fbc9e754d",
      "Value": "\"원색적인 비난은 넘어가주도록 하겠습니다. 그로인해, 빈말과 증거없는 고발만 남발하는 겁쟁이와 만날 미심쩍은 영광을 가지게 되었으니까요. 당신은 날 일대일로 만날 줏대도 없는 자입니다. - 그래서 그런 교활한 짓을 꾸몄겠지만!\""
    },
    {
      "Key": "867f736b-3095-408c-ab00-e5c2e135fec4",
      "Value": "\"제발 진정하십시오. 존경하는 헤겐드의 방식에 찬성하진 않지만, 여신의 신전에서 {g|Shelyn}셸린{/g}의 팔라딘을 농담거리로 삼는 건 참아줄 수 없습니다.\""
    },
    {
      "Key": "7a69fcbd-aae9-478e-958e-b1a86c8e6545",
      "Value": "\"렌세스의 신전은 {g|Shelyn}셸린{/g}의 기사단을 위한 새로운 수도원입니다.\" {n}사제는 경탄에 차 천장을 올려다 봅니다.{/n} \"건축학적 걸작입니다, 그렇지 않습니까? 이 공들인 건물은 프리즘의 기사단을 위한 훌륭한 집이 될 것입니다.\""
    },
    {
      "Key": "ad820f84-9d46-4dba-a430-c41df6fb6dba",
      "Value": "\"우린 모든 필요한 조치를 취할 것이오. 발레리는 {g|Shelyn}셸린{/g}에게 저지는 그녀의 죄에 대해 설명해야할 것이오!\""
    },
    {
      "Key": "e30832ea-fc89-474e-8516-1e5d18f0c545",
      "Value": "\"I? 내 죄에 대해? 대답을 빚진건 내가 아니라 {g|Shelyn}셸린{/g}입니다! – 그렇게 오랜 시간 내 인생을 망친 데 대해서 말입니다!\""
    },
    {
      "Key": "b42846d9-c8ce-42b6-a015-278ae68ac2cd",
      "Value": "\"기사단이 내 머리속에 억지로 넣은 모든 것을 잊기 위해 노력했지만, 하나만은 분명 기억나는군요: {g|Shelyn}셸린{/g} 은 엄격하거나 복수심에 찬 여신은 아닙니다. 당신의 말은 믿을 수 없습니다, 팔라딘!\""
    },
    {
      "Key": "486bd1b3-8f6c-4d5c-b71c-e20204e6a124",
      "Value": "\"발레리가 당신 품에 있는 한, 당신 땅의 경계를 넘는 그 어떤 예술가들도 안전하고 생각지 않을 것입니다! 우리 모두 그녀가 뭐든 아름다운 것을 만들 능력이 있는 사람을 얼마나 경멸하는 지에 대해 들었소. - 그리고 우린 이를 보고만 있지는 않을 것이오! 물론 그녀가 자신의 죄에 대해 자진해서 참회 하고, 여신에게 자비를 빌 수는 있겠지...\""
    },
    {
      "Key": "498fb5cb-624a-40a2-8917-ab69a6aca48c",
      "Value": "\"신성한 책무는 그 어떤 세속적인 맹세나 약속을 넘어서는 것이오. 발레리는 {g|Shelyn}셸린{/g}으로 부터 약속받았지만 – 그 영광을 거부했소! 그리고 지금 발레리는 기사단에 돌아와서는 - 다시금 셸린을 모욕하고 있소! 이제는 참회하고 네 죄에 대해 이실직고할 때요!\""
    },
    {
      "Key": "107b77d4-19ab-4793-b54c-f40a8e6e7c57",
      "Value": "\"당신이 옳습니다, 발레리: 우리의 여신은 실수를 한 자에 대해 엄격하지 않습니다 - 그게 바로 당신이 신성한 재판을 두려워 할 필요가 없는 이유입니다. '재판'이라는 이름은 그저 오래된 전통으로 붙혀진 것 뿐입니다.\""
    },
    {
      "Key": "28f5183e-9d47-4ecd-92eb-243e44dedf80",
      "Value": "\"이단자! 네 영혼엔 더 이상 희망이 없는 것 같군, 오만에 너무나 타락했어. 그렇다면 신성한 재판 뿐이다.{g|Shelyn}셸린{/g}의 심판이 일부나마 네가 가진 혐오스러움을 정화하실 것이다!\""
    },
    {
      "Key": "8afe0793-6eab-4b5d-b479-ddae97e5b4f9",
      "Value": "{n}팔라딘은 무기에 손을 댑니다.{/n} \"용서하시오, {mf|영주님|영주님|전하|전하}, 하짐나 당신이 떠난다면, 그건 오직 하나만을 의미하는 것이오 – {g|Shelyn}셸린{/g}에 대한 모욕과 그녀의 의지에 대한 무시. 그게 정말 당신이 원하는 것이오?\""
    },
    {
      "Key": "b42c6af9-966b-4edf-a120-4b959cbff944",
      "Value": "\"내 존경하는 동료의 말이 맞습니다. 발레리가 프리즘의 신전에 온 이상, 신성 재판은 반드시 열려야합니다. 게다가, 이 문제를 마무리 지으려는 것이 아니라면 무엇하러 이 먼길을 오셨단 말입니까?\""
    },
    {
      "Key": "105afb65-f6a9-442e-b8f2-e2bc16d8378f",
      "Value": "{n}발레리는 침묵 속에 주먹을 쥡니다. 얼굴에 난 상처가 더 깊고 어두워 진 것 같습니다.{/n}"
    },
    {
      "Key": "2cfde41b-dbd5-4e2b-9e3d-72d26e7ca467",
      "Value": "{n}발레리는 고개를 숙입니다. 당혹스런 정적의 표정이 그녀의 얼굴에 나타납니다.{/n}"
    },
    {
      "Key": "c8b0fde2-7263-42d9-9ff9-3171ceb3c73f",
      "Value": "{n}헤겐드는 무기를 잡습니다.{/n} \"이게 마지막 기회다. 넌 피로 이 모욕을 씻어내게 될 것이다!\""
    },
    {
      "Key": "d52f5a3b-a903-4e51-8be8-476598c1981a",
      "Value": "\"동의해 줘서 감사합니다. 발레리. 시작합시다.\""
    },
    {
      "Key": "36c94682-a668-4731-bab9-ab61a7e99760",
      "Value": "{n}라르옌은 손을 포갭니다.{/n} \"신성 재판은 신앙을 져버린 자를 위해 신의 추종자가 수행하는 특별한 의식입니다. 또한 - 잘 알려진 사실은 아닙니다만 - 교단으로 돌아오고자 하거나 적어도 평안을 찾기를 희망하는 자들을 위한 의식이기도 합니다. \""
    },
    {
      "Key": "b0a7f898-2365-4c11-882b-35b688533f65",
      "Value": "\"평화를 찾는다라! 자신의 여신을 거부한 발레리가 그런 호의를 기대하는 건 부당한 일일것이오!\""
    },
    {
      "Key": "5cd00f78-96db-46f2-8923-bb257f04934e",
      "Value": "\"그녀가 {g|Shelyn}셸린{/g}의 기사단과 여신 스스로에게 지속적으로 불경스럽고 무례하게 군 것을 생각해보시오. 영원한 장미의 기사단은 그녀와 의절했을지 몰라도, 우리, 프리즘의 기사단은 시작된 일의 끝을 볼 것이외다. 발레리가 회개하길 거부한다면, 처벌받아야 마땅하오!\""
    },
    {
      "Key": "1e913656-514c-4d18-9db9-08dae482b22a",
      "Value": "\"한 셸린의 기사단이 날 고발하는 걸 그만둘 때마다 매번 새 기사단이 나타나 날 괴롭힌다면, 당신의 여신에 대한 대 불경심은 커져만 갈 뿐이겠지요. 그 점을 이해하지 모한체 당신은 그저 싸움거리를 만드는 데 몰두하고 있을 뿐이겠지만.\""
    },
    {
      "Key": "218b2569-cc57-414c-885b-ecf6567b7144",
      "Value": "{n}헤겐드는 무기를 잡습니다.{/n} \"넌 도망가지 못한다!\""
    },
    {
      "Key": "2e5ece22-ae0b-497c-8f71-1b9ef25a67e9",
      "Value": "{n}이벨드는 나무랄 데 없는 태도로 절합니다.{/n} \"만나뵈서 영광입니다, {mf|남작|여남작|왕|여왕}! 헤겐드 경의 특별 초대를 받고 이자리에 왔습니다.제 사랑하는 후원자의 팔라딘의 명을 어찌 거절할 수 있겠습니까?\""
    },
    {
      "Key": "40796f7d-7ea0-4b18-9100-d7d8ae4fda71",
      "Value": "\"만나서 영광입니다.. 그리고 다시 만나게 되서 반갑구나, 발레리.\" {n}프레데로 시넷은 당신에게 절하고 발레리를 바라봅니다.발레리의 상처를 보고는 입술을 굳게 다물고 고개를 슬프게 젓습니다. {/n} \"네게 일어난 일은 익히 들었다만, 내 눈으로 직접보게되니 견딜 수가 없구나. 믿어주거라, 그건 절대 내가 바랬던 바가 아니었다. 솔직히 말해, 그 상처를 낸 공격을 한 기억조차 나지 않는단다.\""
    },
    {
      "Key": "12f79c68-82c1-4e16-8793-ae83e863fda1",
      "Value": "{n}발레리의 이마에 잡혔던 주름이 부드러워집니다..{/n} \"우리의 다툼은 이미 결투에서 끝냈지 않습니까, 프레데로. 시간이 지나니 흉터는 그리 신경쓰이지 않습니다.\""
    },
    {
      "Key": "9be0e876-7000-441c-b6c4-1ee3db0c4bd7",
      "Value": "\"하! 바로 그거야! 얘기가 이런식으로 흘러가면, 곧 쌈박질이 시작되겠군!\""
    },
    {
      "Key": "76b5fcde-026e-4079-9898-c7d2a69cd0f8",
      "Value": "\"발레리와 {mf|남작|여남작|왕|여왕}을 조롱하는 게 즐거우신 모양이군? 왜 이렇게 선신의 추종자들 중엔 위선자들이 많은 건지?!\""
    },
    {
      "Key": "5b91792d-fdb9-474f-81f2-f2d7d233ad88",
      "Value": "{n}하림은 주위를 둘러봅니다. 드워프는 화가난 체 무언가 중얼거리며, 손을 수염 속으로 집어넣고 잡아당깁니다. {/n}"
    },
    {
      "Key": "48ec01bc-dc6c-4082-99d4-44fb91f732c9",
      "Value": "{n}팔라딘은 녹-녹을 보자 분노로 숨이 막혀 소리지릅니다.{/n} \"이 생물은.. 어떻게 감히 이 혐오스러운 생물을 여신의 신전에 데려올 수 있단 말입니까?!\""
    },
    {
      "Key": "d87552f5-373a-462e-81fa-86d91d38eb0b",
      "Value": "{n}녹-녹은 찡그린 체 혀를 내밉니다.{/n} \"그래! 악취가 끔찍해! 이 꽃들은 다 뭐지? 으엑!\""
    }
  ]
}