{
  "$id": "1",
  "strings": [
    {
      "Key": "f185ea7f-973d-4e66-866f-b468d862b248",
      "Value": "\"나를 살해한 것에 대해 조사할 시간이 없다니 유감스럽네. 우리의 첫 단서의 조각이었던 올드 시카모어의 야생 맷돼지의 사체는 그곳의 야생동물이나 배고픈 농민들에 의해 조각조각 나 버렸지. 상인 에네오는 도망쳤고 말야. 모든 단서들이 사라져 버렸군. 이제 잊는 수 밖에 없겠지.\""
    },
    {
      "Key": "74117b64-3022-42b9-9418-49fb950d4669",
      "Value": "\"나를 살해한 것에 대해 조사를 계속할 시간이 없다니 유감스럽네. 난 그 맷돼지가 올드 시카모어에 나타나기 전에 있었다던 {g|Thorn River}가시 강{/g} 강둑을 방문한 한 무리의 여행자들을 찾아냈어. 그런데 이제는 그 여행자들도 떠나버렸지. 물론 상인 에네오도 도망쳐버렸고 말야. 모든 단서가 사라졌네.\""
    },
    {
      "Key": "d5c7301f-cff4-4975-b6ff-cae4d8291707",
      "Value": "\"상인 에네오를 방문할 시간이 없다니 유감스럽네. 그는 도망쳤고, 그의 재산들은 별볼일 없는 도둑들이 도둑질해갔지. 모든 단서가 사라졌어.\""
    }
  ]
}