{
  "$id": "1",
  "strings": [
    {
      "Key": "9d5f9aa4-9a4d-4214-9e67-e5ce987aba4c",
      "Value": "\"이웃 국가들의 통치자는 잘 알아야 할 거야. 네 힘은 강해지고 있어, {name}. 새로운 기회가 네게 펼쳐질 거야.\""
    },
    {
      "Key": "54c938ea-a4aa-437d-af7b-6f019f5c6268",
      "Value": "\"힘은 속삭이고 유혹하지. 힘에 휘둘리면 그것의 노예가 되버려.\""
    },
    {
      "Key": "086b84df-3a8c-4f10-bfa0-c45165d24f4a",
      "Value": "\"힘은 단지 도구일 뿐이야. 중요한 건 어떻게 사용하느냐지.\""
    },
    {
      "Key": "11c03489-7c9c-4ca1-9919-50a4909869a6",
      "Value": "\"기회를 엿보고 있다면 나와 함께 수도의 매음글로 가 보자고. 하하하! 잠깐. 제이탈이 그들은 해외에서 최고의 서비스를 제공한다고 말했어?\""
    }
  ]
}