{
  "$id": "1",
  "strings": [
    {
      "Key": "159416cb-4704-44a6-9e6c-a4cf16fb9958",
      "Value": "\"트로볼트가 멸망했다. 너는 더 이상 여기에 속하지 않는다.\""
    },
    {
      "Key": "a550b90c-5bcd-4ddb-a4d6-4ff77f39b13d",
      "Value": "\"너 죽지 않았어?\""
    },
    {
      "Key": "73bfc6ca-e0da-47ee-a21c-d690417dfa2b",
      "Value": "\"하굴카는 어디에 있지?\""
    },
    {
      "Key": "febb1dc6-af8f-4fbf-8b07-85a7fb41ff57",
      "Value": "\"타툭은 어디 있어?\""
    },
    {
      "Key": "5b37b7e3-0a49-4887-a0cb-803b7a2df29c",
      "Value": "[공격] \"나는 이 장소를 한 번 청소했다. 그리고 다시 청소할 것이다!\""
    },
    {
      "Key": "9ac50e33-c11c-4e95-a73a-be20f891a56f",
      "Value": "\"나는 너의 못난 얼굴을 다시 볼 것으로 기대하지 않았다!\""
    },
    {
      "Key": "74a2d25f-9205-4f62-99c4-0f9a0b4104ae",
      "Value": "\"코볼트는 두려워하고 있다. 계속 말을 바꾸는데 내가 죽었다거나 죽은 채로 있어야 한다고 말한다. 괜찮다. 하굴카는 타툭에게서 가져온 용기있는 보바를 돌려줄 것이다. 아니면 그를 때려 죽이겠다. 상관 없다. 트로볼드는 하굴카 밑에서 견딜 것이다.\""
    },
    {
      "Key": "f4b4b60a-ddd2-4fe4-a890-e0e2c9c65ffd",
      "Value": "\"멍청한 트롤. 받드는 것을 거부한다. 새로운 친구, 새로운 집에 대해 떠들어라... 하굴카는 그가 되고자 하는 것이 될 것이다... 트로볼트의 진정한 마스터 타툭의 종 말이다...!\""
    },
    {
      "Key": "caeef949-1328-4c90-9862-53c4aa7e165f",
      "Value": "\"여기 우리 집이다. 보바. 코볼트와 트롤의 집. 너와 너의 부족이 살 곳이 아니다.\""
    },
    {
      "Key": "0e614fc3-0732-4d31-96d3-34e7aaeff719",
      "Value": "\"트롤은 영원히 살 것이다. 하굴카는 네놈을 두려워하지 않는다. 보바. 보바는 적이 아니라 트로볼드의 아이들을 위한 음식이다.\""
    },
    {
      "Key": "54639835-9a8c-4ed2-a82d-1ed93840c348",
      "Value": "\"너는 이것이 나를 멈추게 할 거라고 생각하나? 나는 복수의 화신이다! 나는 멸망한 트로볼트에게 복수할 것이다. 너는 나의 죽음이었다. 이 시간 나는 너의 죽음이 될 것이다!\""
    },
    {
      "Key": "27b90ad1-5bcf-41b4-bea1-f618f1f46640",
      "Value": "\"더 이상 말은 그만해라... 나는 이 벌레를 죽이고 트로볼트를 구할 것이다!\""
    }
  ]
}