{
  "$id": "1",
  "strings": [
    {
      "Key": "3720a1fe-c8c3-4de8-aa3b-2254e7cafb62",
      "Value": "{n}'메이가르'는 눈도 깜빡하지 않고 당신을 봅니다.{/n} \"나를 기다리게 했군. 이렇게 나를 실망시키는 건가. 그리고...\" {n}보다카이는 불평을 합니다.{/n} \"이 신선한 공기도 점점 죽어가는구나.\""
    },
    {
      "Key": "ae6e556b-2d51-446f-a15e-2c95100eb7f3",
      "Value": "{n}보다카이는 눈을 뜹니다.{/n} \"네가 그들을 풀어주었구나.\" {n}그는 얼굴을 찡그립니다.{/n} \"쓸 모 없는 짓이다. 너희들은 빠르게 자라서 짧은 시간 안에 다시 수가 많아지지.\""
    },
    {
      "Key": "129c616a-92e9-4e14-9921-99751c7de503",
      "Value": "{n}보다카이는 눈을 천천히 뜹니다.{/n} \"그래서 이 항아리를 가지고 있겠다.\" {n}그는 끄덕입니다.{/n} \"현명하구나. 이 영혼들을 잡아두는 나의 일은 매우 중요하지.\""
    },
    {
      "Key": "2b6da160-0eed-4f4e-b643-8dbcbf7555eb",
      "Value": "\"너의 손님이 되어주겠다.\" {n}보다카이의 얼굴에서 웃음인지 알 수 없는 표정이 떠오릅니다.{/n} \"네 습성과 네 책들을 모두 연구하겠다... 하지만 두려워 말아라. 너와 네 남작령은 건들지 않을 테니.\" {n}그는 잠시 당신을 봅니다.{/n} \"지금은 작별 인사를 할 때다.\""
    },
    {
      "Key": "3a978ca5-15ac-416a-8625-733d1fd7c8d7",
      "Value": "\"감촉을 느끼는 것을 잊어버렸었는데...\" {n}그는 개가 물기를 털어내듯 몸을 흔듭니다.{/n} \"하지만 내가 기다리는 이유는...\" {n}그는 무덤 안의 소리를 들으려는 듯 눈을 감습니다.{/n} \"영혼들은... 어디에 있지?\""
    },
    {
      "Key": "1069b12a-ce78-4623-b5bf-e1e052b3a457",
      "Value": "\"우선 역할을 정해야겠구나...\" {n}그는 손을 들더니 그의 얼굴은 경멸로 가득합니다.{/n} \"...이 '{d|Varn}메이가르{/d}' 말이다.\" {n}그는 당신에게 시선을 고정하고 그의 목소리는 점점 차가워지고 날카로워집니다.{/n} \"내 열망은 이전보다 더 강하다. 네 성채를 나의 기지로 삼아 너와 함께 있을 것이다.\""
    }
  ]
}