{
  "$id": "1",
  "strings": [
    {
      "Key": "123b7ef6-ff9c-42e6-bd94-b8c55f73ffd3",
      "Value": "\"또 다시 예언이군. 그렇게 사람을 통제하고 선택되었다고 구슬려서 마음대로 조종하기 위해서지.\""
    },
    {
      "Key": "3959d711-e832-41c1-9dd6-ba6da6fb3a8c",
      "Value": "\"그 무엇도 타인을 통제하는 힘을 주지 못해.\""
    },
    {
      "Key": "2e3363ae-9cec-4bef-84c6-3b69df38b757",
      "Value": "\"그래서 다른 사람의 이야기에 너무 귀를 기울이면 안돼! 그들은 너를 속여서 이용했어...\""
    },
    {
      "Key": "e83e93b8-c03c-44da-b901-9ccb4b56e07b",
      "Value": "\"전설에는 큰 권력이 있어. 하지만 나는 절대 어떤 목적으로 사용하지 않을 거야.\""
    },
    {
      "Key": "5632b797-3a7a-4611-9644-36f84344fdaa",
      "Value": "\"맞아! 타인을 구슬리는 짓은 나쁜 짓이야. 선택은 네가 하고 결과도 네 책임이니까!\""
    }
  ]
}