{
  "$id": "1",
  "strings": [
    {
      "Key": "b39fd9fb-003a-4b8c-beac-bc47d5cb50d7",
      "Value": "우리는 저 저지대를 탐험해야 한다고 결심했습니다."
    },
    {
      "Key": "c7087b3f-fbfa-485b-9b2c-17dd8b6c80c8",
      "Value": "우리는 더 중요한 일들이 있었기에, 되돌아 갔습니다."
    },
    {
      "Key": "931ce1ef-53db-4ab2-94ee-955f757c9cd9",
      "Value": "우리는 주변 주거지를 조사하였습니다."
    },
    {
      "Key": "83d0d7ee-202f-4fb6-98ff-4dfcb520a4c0",
      "Value": "가는 길에 큰 오두막에 방문하기로 결정했고, 높이 자란 나무를 향해 앞으로 나아갔습니다."
    },
    {
      "Key": "00ad91d5-f578-4a8e-bfce-b09f451f8ddd",
      "Value": "우리는 시간이 촉박하다는 것을 느꼈고 구조를 서둘렀습니다!"
    },
    {
      "Key": "29b1484b-51c6-4052-a7aa-62240cd05ffb",
      "Value": "또 다른 동료가 늪에 빠질까봐 인간 사슬을 엮기로 결정했습니다. 각자 서로 옆에 서서 손을 잡고 뒤따라오는 동료들을 끌어올리기 시작했습니다."
    },
    {
      "Key": "43404aac-2577-4622-9234-56625c1662a4",
      "Value": "한 사람씩 뒤에 서서 밧줄로 묶었고, 여행을 계속했습니다."
    },
    {
      "Key": "92f9b62e-93b7-4ac5-9c0e-828a6d877149",
      "Value": "닫기."
    },
    {
      "Key": "fb0a85b3-6681-410b-8385-eebd8b0dbc8e",
      "Value": "계속."
    },
    {
      "Key": "bd6611fc-eeaf-452c-9db5-352c326f1671",
      "Value": "우리의 목표에 가까이에 와있다는 것을 보고 우리는 앞으로 나아갔어요!"
    },
    {
      "Key": "59d86bce-480c-43bc-af09-44a37c268bb4",
      "Value": "우리는 오두막 안을 들여다 보았어요."
    },
    {
      "Key": "8522fe45-864e-4d15-b714-d0b7f0bc39d7",
      "Value": "우리는 칼을 뽑아 들어 길을 뚫으려 했습니다!"
    },
    {
      "Key": "4ebc6318-f083-4103-b868-a4beef65c89f",
      "Value": "우리는 횃불이 굶주린 식물들을 태우거나 위협하기를 바라며 앞으로 달려나갔습니다!"
    },
    {
      "Key": "c74356c5-ac7e-4668-9a0f-a5c5204a7fd1",
      "Value": "계속."
    },
    {
      "Key": "545c0313-1286-4370-bf11-75d619cecf2f",
      "Value": "어떤 종류의 우상인지 알아내려고 했습니다."
    },
    {
      "Key": "faa2e6f7-8f0e-407b-8304-797f7b1448bd",
      "Value": "우상에서는 악취가 풍겼습니다. 우리는 그것을 파괴해야 한다는 확신이 들었습니다."
    },
    {
      "Key": "33ab4565-2467-445b-9279-fa255500e708",
      "Value": "갑자기, {name}은 그 잠자리를 잡더니 {mf|그|그녀}의 입 앞에 가져다 두었습니다...오 신이시여, {mf|그|그녀}가 그걸 먹으려고 하는 걸까요?!"
    },
    {
      "Key": "417aefd6-1503-448b-a81a-59572b7f0c21",
      "Value": "사악한 우상을 방해하는 것이 더 좋다고 생각하고 여행을 계속했습니다."
    },
    {
      "Key": "cf447663-be44-4472-b8e8-d41604e5cae9",
      "Value": "그 토우들이 누구를 묘사한 것인지 추측하면서 주의깊게 살펴보았습니다."
    },
    {
      "Key": "d38980c3-e74c-4c3f-8300-033e4ae5570e",
      "Value": "닫히고 있는 통로를 향해 날아가는 것처럼 빠르게 앞으로 달려나갔습니다!"
    },
    {
      "Key": "7c1e05e8-19c4-4f07-a770-ab0676834026",
      "Value": "닫기."
    },
    {
      "Key": "ff1e742b-38cf-433b-89fe-47d0039b6cf4",
      "Value": "닫기."
    },
    {
      "Key": "6aa96c80-e810-4609-9862-44ed3dc20780",
      "Value": "계속."
    },
    {
      "Key": "ff29604a-7aee-47fd-8d74-66ee2bf75ce3",
      "Value": "닫기."
    },
    {
      "Key": "dd45aae1-4ce9-4185-b503-16753722a70a",
      "Value": "우린 꽤 오랜 시간동안 황야를 가로질러 걸었지만, 어떤 것도 특별히 눈에 띄는 것이 없었어요. 언덕면을 뒤따라 흘러내리는 몇 개의 개울들이 있는 황량한 저지대만을 차례로 발견했을 뿐이었죠. 그러다가, 꽤 먼거리를 지나 저지대 한 가운데에 있는 덤불 가운데 한 마른 나무가 있었어요! 정말로 거대했지요! 그 장엄한 윤곽은 마치 하늘을 움켜쥐는 동물의 발과도 같았어요. 그러나 정말로 주목할 만한 것은 그 평탄한 곳에 점점이 신비한 검은 혹들이 있었다는 것이었죠. 그것들은 성인의 키 만큼 쌓여있고 그 주변에 수없이 흩어져 있었어요."
    },
    {
      "Key": "a7a10270-ad9b-4909-becb-2cadedf4ebcc",
      "Value": "우리가 좀 더 걸어가자, 땅은 점차 무르게 되었어요. 한발자국씩 나아갈 때마다, 황야의 풀들은 이끼와 낮은 관목들과 양치류 식물들 그리고 냄새나는 늪 웅덩이들에게 자리를 내 주었죠. 진창 바닥은 우리 발을 빨아들이고, 곧 우리 일행은 허벅지까지 빠져들어갔죠.\n마침내 우리가 신비한 혹들 사이에 접근하자, 우리는 그것이 단순히 작은 언덕 같은것이 아니라 땅을 파 만든 주거지라는 것을 알아차렸죠!"
    },
    {
      "Key": "263b08c7-febc-458f-8aee-9bd7fa5b977f",
      "Value": "그 땅을 파 만든 곳 안은 춥고 구멍 속보다 어두웠으며 완전하게 적막했어요. 진흙 벽에는 창문따윈 없었고, 누더기가 된 이상한 채그릇 조각을 빼고는 가구나 집안기구 같은 것도 없었지요. 그러나 모든 주거지에는 더러운 바닥 한 가운데에 커다랗게 움푹 꺼진 구덩이가 마치 불을 떼는 곳인양 있었는데, 너무 많은 자리를 차지하고 있었어요. 그리고 그 안에는 어떻게 묘사할 수 없을 만큼 물이 차올라서는 악취를 풍기고 있었지요."
    },
    {
      "Key": "3bd56ca3-55ef-4ca7-b2ae-e75d8b07c356",
      "Value": "우리는 주의를 깊이 기울이며 저지대의 중앙으로 나아갔어어요. 그리고 진짜 늪지대가 나타났죠! 신비로운 거대한 나무를 향해 나아가는 길에 우리는 안개 속에서 또 다른 오두막의 윤곽을 보았어요. 이번 것은 훨씬 크고 점토로 만들어진 작은 조각상들로 둘러쌓여 있었어요."
    },
    {
      "Key": "635580cf-bf8e-4bfc-82ec-98ddc1b0e123",
      "Value": "갑자기 {name}가 비틀거리더니 욕설을 내뱉으며 {mf|그|그녀}의 팔을 흔들었어요. {mf|그|그녀}가 잘못 내딛은 한 걸음이 발을 빼내지 못하게 만들었고, {mf|그|그녀}가 크게 도움을 외쳤어요. 그리고는 그 역겨운 녹색의 진창에 빠져들기 시작했어요!"
    },
    {
      "Key": "203cd3b1-8032-466a-a67f-2c674944af77",
      "Value": "종종 비틀거리며 균형을 잃었지만, 튼튼한 밧줄과 친구들의 도움으로 늪에 빠지지 않았어요."
    },
    {
      "Key": "2e835185-b05a-40d3-97fa-48ff7e406b68",
      "Value": "이 만족할줄 모르는 늪이 배고픈 듯이 우리 뒤를 쫓으며 소릴 내었지만, 우리는 뒤돌아 보지 않았어요.\n지치고 또 지쳐서는 우리는 마침내 단단한 땅과 다시 마주하였죠. 그리고 우리 눈 앞에 일종의 궁전같은 것이 떠올랐어요! 다른 것들과 같이 진흙으로 만들어졌지만 조약돌과 뼈 그리고 달팽이 껍질 같은 것으로 장식된 널찍한 움집이었어요. \n그 \"궁전\" 앞에는 넓고 얇은 물웅덩이가 있었죠. 그 녹색의 물에는 거대한 양치류 식물들의 입과 원시적인 진흙 조각상들이 반사되고 있었어요."
    },
    {
      "Key": "c26c5582-f625-4952-8fec-8e5c734904cf",
      "Value": "벌레들의 윙윙거리는 소리는 거의 귀를 멀게 할 정도였어요. 우리는 늪지의 중심에서 멀지 않은 곳에서 무성한 덤불이 만든 단단하고 안전한 길을 따라갔어요. 그 끝에서 크고 마른 나무가 창공을 움켜쥐려는 듯 웅장하게 뻗어있었어요."
    },
    {
      "Key": "ceb85f5b-f63c-45da-ba68-65941bb0c284",
      "Value": "다행히도, {name}은 우리가 {mf|그|그녀}를 구하려고 노력하는 동안 {mf|그|그녀}의 머리를 물 위로 계속 둘 수 있었어요. 가까운 이의 손을 붙잡고 {mf|그|그녀}는 온 힘을 다해 당겼서 마침내 한발을 빼낼 수 있었고, 다시 다른 한발도 빼내었어요."
    },
    {
      "Key": "00304efb-f8a0-480d-9880-85a0fb828332",
      "Value": "{name}의 머리가 죽을 만큼 역겨운 물 속으로 빨려들어갔지만, 우리 손이 제 시간에 닿을 수 있었어요. 우리는 온 힘을 다해 {mf|그|그녀}를 들어내었고, 거품이 이는 그곳에서 올라왔어요. {name}은 우리가 {mf|그|그녀}를 꺼내었을 때 상당히 헬쓱해져 있었지만, 숨을 내쉬고는 우리에게 고맙다고 할 정도로 기운을 차렸어요."
    },
    {
      "Key": "2fb16571-c50e-4410-9729-da481fb01e89",
      "Value": "잘 닦여진 길을 따라 걷는 것은 언제나 행복한 일이죠! 젖었던 우리 옷이 곧 마를 것이라 생각하며, 분위기는 다시금 나아졌어요. 그 길을 둘러쌓고 있는 덤불들이 그 싱그런 잎과 밝게 빛나는 붉은 열매들로 우리에게 쾌활하게 손짓하는 것 같아보였죠. 상쾌한 바람이 그 썩은내를 날려보내주고, 마침내 숲지가 우리 뒤에 있다는 것을 느꼈지요."
    },
    {
      "Key": "6043fa98-86ea-4f58-bc79-0fabaff57a16",
      "Value": "그런데 바람부는 것이 멈추었고 가시덤불이 움직이고 있었어요...그리고 우리는 큰 외침소리를 들었죠!\n우리 뒤편을 바라보던 {name}이 우리 뒤편의 길을 가득 채우며 밀려드는 녹색의 벽을 가르켰어요! 주변의 덤불들이 마치 살아있는 듯 했어요. 가지들이 휙휙 소리를 내며 다가왔어요. 가시로부터 흘러나온 수액들이 에머랄드 빛 어스름을 반짝였지요...길이 사라져버렸어요. 돌아갈 길도 없이 앞의 공간도 닫혀버리고 있었어요!"
    },
    {
      "Key": "b0846138-8b92-4f34-9cb2-a384701e4f64",
      "Value": "우리가 무슨 생각을 할 수 있었을까요?! 축축한 입사귀와 습기를 머금은 잡목들은 불을 지르는 게 불가능했고, 이 피에 목마른 덤불들은 두려움이 없었죠.남은 건 달리는 것 뿐이었어요…"
    },
    {
      "Key": "9368e82d-c84f-45a3-8ee1-1962ef2ba0ff",
      "Value": "우리는 칼을 뽑아 길을 내기로 했어요. 우리 칼이 성냥보다 낫다는 게 증명되었죠. 이 피에 목마른 덤불들이 얼마나 많이 우리에게 덤벼들던, 우린 그것들을 잘게 토막 낸 샐러드 거리로 만들었죠! 느리지만 꾸준히 우리는 앞으로 나아갔어요."
    },
    {
      "Key": "200b3f23-9be3-4604-92a0-bacea95fc447",
      "Value": "아아. 우리는 소중한 순간을 낭비해 버린 것이었어요! 얼마나 뻗어오는 녹색 가지들을 잘라내든, 그것들은 더 많이 그 자리를 매꾸어 자라났지요. 우리에게 남은 길은 오직 죽어라 달리는 것 뿐이었어요!"
    },
    {
      "Key": "006b5709-cd03-4462-ae0e-4a0c5b2b40be",
      "Value": "마침내, 마치 끝없을 것 같았던 도보길 끝에 우리는 처음부터 우리에게 호기심을 불러일으켰던 거대한 마른 나무를 발견했어요. 자, 보시라. 나무 몸통에는 거대하고, 뿔이 달린, 눈이 세개 있는 두꺼비 우상이 조각되어 있었죠. 그것의 툭 튀어나온 눈들은 잔인하게도, 또 거의 멍청이같이 둔해 보이게도 만들어 졌어요. 그 주둥이는 반쯤 열려서 날카로운 이빨이 달리고 몇 가닥의 늘어진 혀들이 같이 걸려있었죠. 짙은 갈색의 줄무니는 그 입가의 양 끝에서 시작되어 죽 가로지르고 있었어요."
    },
    {
      "Key": "912f4a71-ffcf-4a05-a7dc-ceef6dd08d9c",
      "Value": "의심할 여지가 없었죠. 이것은 데몬의 {g|Abyss}심연{/g} 속 거대한 늪의 주인인 {g|Gogunta}고군타{/g}였어요."
    },
    {
      "Key": "629d0c8c-04f0-4dec-9785-8c4aaaa7c39b",
      "Value": "마침내, 다시 단단한 지상을 돌아가긴 했지만... 몇몇은 그 끔찍한 늪의 물을 삼켜버리고 말았습니다!"
    },
    {
      "Key": "b2ed4c4e-5b0d-461d-9c73-b47e527ce2ec",
      "Value": "마침내, 우리는 단단한 지상으로 돌아가긴 했지만... 그 끔찍한 늪의 물을 삼켜버린 {name}이 걱정돼요!"
    },
    {
      "Key": "f18b22ca-c261-4b01-b6d1-964eaa76ead4",
      "Value": "툭 튀어나온 눈, 납작한 머리, 목이나 귀나 턱이 없고, 자연스럽지 않게 꺾인 못생기고 긴 다리들...이 조각상들은 보가드의 작품임이 분명했어요. 원시적이고, 잔혹한 보가드 부족들은 오랜 옛날부터 {g|Garund}가룬드{/g}와 {g|Avistan}아비스탄{/g}의 늪지에서 살아왔죠. 서로가 서로에게 냉혹한 그들은 그들의 미친 사제 왕들의 어두운 본능에 이끌려왔죠. 그들은 집안에 있는 웅덩이에서 어린 새끼들을 키우는 것으로 알려져 있죠."
    },
    {
      "Key": "c9675fa4-f4e1-4cdb-9c7f-8af394a53871",
      "Value": "툭 튀어나온 눈, 납작한 머리, 목이나 귀나 턱이 없고, 자연스럽지 않게 꺾인 못생기고 긴 다리들...이 불가사의한 점토 조각상은 개구리와 인간 사이의 어떤 기묘한 잡종을 묘사하고 있어요."
    },
    {
      "Key": "2569df4e-6eef-462b-8164-cd5f4bf68452",
      "Value": "\"궁전\"은 다른 오두막들보다 두배나 높았고 그 입구는 나란히 셋이 걸어갈 수 있을 만큼 넓었어요. 벽면은 이름모를 건설자가 진흙이 아직 마르지 않았을 때 긁어서 만든 그림으로 장신되어 있었지요. 그 희미하게 남은 그림은 거대한 양서류가 몇몇 개구리 머리를 한 것과 그렇지 않은 작은 형상들을 집어삼키는 것을 묘사하고 있었어요. 4개의 방중 3개에는 흙을 파내 내려가는 계단이 있다는 점을 제외하면 다른 주거지들과 마찬가지로 다듬은 커다란 구덩이에 물이 채워져 있었어요.\n가장 안쪽의 방에서 우리는 가죽갑옷, 창, 몽둥이 따위의 장비들로 장식된 벽을 찾았어요...우리가 놀란 것은, 물품들의 다수가 잘 보존되어 있었던 것이었죠. 오두막은 분명히 인적이 없었기에 우리는 그 중 몇 가지를 챙겨 나오는 데에 주저함이 없었어요."
    },
    {
      "Key": "0491f443-f57d-4c80-aace-19f49a8e2794",
      "Value": "여느 경험많은 여행자들이 말하듯, 어떤 때는 걷을 수 있지만, 어떤 때는 달려야 해요! 가지들이 우리의 등짐과 옷가지를 채내려하고, 새순들이 우리 발을 얽어매려 했지만, 우리는 그들이 움켜쥐는 것을 빠져나왔지요. 우린 너무나도 재빨랐어요!"
    },
    {
      "Key": "30d70703-56eb-4723-845e-798ee886f9df",
      "Value": "아아, 우리는 충분히 빠르지 않았습니다."
    },
    {
      "Key": "f3cdc000-bd91-4ff9-8849-424a84520f1a",
      "Value": "그런데 이게 무엇일까요? 우상을 조사하던 도중에, 거대한 밝은 푸른색 잠자리 한마리가 나무 옹이 속에서 나와 우리 코끝에 눈길을 끌게끔 앉았어요. 이건 정말이지 괴상했지요. 우리의 움직임에도 반응하지 않는데다가 그 앉은 자리가 그대로 있는걸 꽤나 만족해 하는 듯 보였어요."
    },
    {
      "Key": "c818e4e4-6ae3-4d39-a76f-39c5a6047cc1",
      "Value": "왜 신비한 고대의 힘들을 깨우겠어요? 우리는 되돌아서 돌아갔어요. 이번에는 그 살을 먹는 덤불들을 피해서요..."
    },
    {
      "Key": "a1e15e40-4f36-4948-b5cd-0ae5e3b14d8d",
      "Value": "분명하게도 우리는 이런 외설을 그냥 두고 지나칠 수 없었어요. 우리는 검을 뽑아들고서 그 나무얼굴에 칼질을 했지요...그러자 거기에서 끈적한 검은색 피가 흘러나왔어요!\n거대한 우뢰소리가 들리고, 짙은 안개가 어디선가 피어올랐지요. 새들이 사납게 비명을 질렀어요. 더 많은 천둥이 곧 뒤따랐고, 한 번 칠 때마다 하늘은 점차 더 어두워졌지요. 곧 우리는 안개에 가려 태양을 볼 수가 없었어요. 대기가 다시 한번 진동했지요. 그런데 그것이 여전히 천둥이었을까요? 아니면 괴물같은 두꺼비의 목소리였을까요?\n여전히 우리의 검날은 피에 젖은 나무 속에 깊이 박혀있었고, 마침내 우상은 산산조각으로 부서졌어요..."
    },
    {
      "Key": "acdcca33-2a05-407f-9fcc-2b65ffdf95e9",
      "Value": "안개가 걷히고 침묵이 내려앉았어요. 갑자기 우리는 늪의 모든 개구리들이 조용해졌다는 것을 깨달았지요. 안도의 한숨을 내쉬며 돌아서자...살을 먹는 덤불들이 시들어 죽은 것은 보았어요. 일이 잘 풀린 것에 만족하며, 우리는 우리가 왔던 곳으로 되돌아 갔어요."
    },
    {
      "Key": "172d3632-8810-45a3-8c6c-69feb852854c",
      "Value": "슬프게도 우상이 어떤 신을 위한 것인지 알아내지는 못했지만, 적어도 선신을 위한 것이 아님은 분명했습니다."
    },
    {
      "Key": "efce5f94-8414-4e7c-a2f0-d301a5d43578",
      "Value": "정신을 차리고, 밧줄을 잡아당겼지만 꽉 묶이지 않은 매듭은 금방 풀리고 말았습니다!"
    }
  ]
}