{
  "$id": "1",
  "strings": [
    {
      "Key": "c9816bd0-a9c2-4259-a56d-ff86378daaa5",
      "Value": "\"조언을 듣고 싶어. 주빌로스트? 기술 연맹과 친하게 지내지 마. 그 녀석들은 네 연구는 관심 없어. 너는 뭐랄까... 실험용 쥐야!\""
    },
    {
      "Key": "819b50a5-060b-4483-8698-2fbdf8198121",
      "Value": "\"글쎄... 나는 과학자들은 항상 합의에 도달할 수 있다고 생각해. 그들의 연구 주제가 뭐랄까. 논쟁의 여지가 있어도 말이지.\""
    }
  ]
}