{
  "$id": "1",
  "strings": [
    {
      "Key": "4ac1a206-ed2b-4d64-a5a8-267827fd9bc9",
      "Value": "[가능한 것은 모두 시도합니다]"
    },
    {
      "Key": "50b24307-5c0e-44a8-ba12-0ed4658fa229",
      "Value": "[열려고 시도합니다]"
    },
    {
      "Key": "e9c6c6d2-4e65-41c2-ae8d-73dfa12046fb",
      "Value": "[장치에 세개의 톱니바퀴를 넣습니다]"
    },
    {
      "Key": "f7668ae7-eb3b-471e-833f-c8f852acca30",
      "Value": "[장치에 톱니바퀴를 넣습니다]"
    },
    {
      "Key": "58ad2c22-943b-48c4-b981-360303487051",
      "Value": "[떠납니다]"
    },
    {
      "Key": "c85f49ab-f59c-40e4-80d5-96927ac2b8a0",
      "Value": "[동상을 조사합니다]"
    },
    {
      "Key": "2a69514a-f4c5-4584-bed2-37e111367a1e",
      "Value": "[비밀을 해독하려고 합니다]"
    },
    {
      "Key": "9a3801df-e563-4fbf-8775-0dea787ca2a4",
      "Value": "[토락에게 기도한다]"
    },
    {
      "Key": "b2bd0777-ef9e-4a7d-a62a-3c3d770348c5",
      "Value": "{n}세 개의 톱니가 모두 있지만 장치에 맞추는 방법이 확실하지 않습니다. 어쩌면 내부의 비밀 표식이 단서일 수 있습니다.{/n}"
    },
    {
      "Key": "0728dbc8-7036-494e-80f7-557803314f96",
      "Value": "{n}톱니 바퀴를 돌리니 동상에서 시끄러운 소리가 들립니다. 패널이 열리고 저장된 보물이 나타납니다.{/n}"
    },
    {
      "Key": "f21d4d17-b8c2-40f3-8b36-165c28da712f",
      "Value": "{n}돌 판과 기계장치는 매우 견고하고 효과적입니다. 열쇠 따기 기술이나 저주를 이용한 힘으로는 그것을 열 수 없습니다. 적절한 열쇠가 없이는 숨겨진 보물을 얻지 못할 것 같습니다.{/n}"
    },
    {
      "Key": "2175f4e3-5c68-4ced-8bf7-60e15372ca8d",
      "Value": "{n}당신의 직감은 이 동상이 가치있는 것을 숨기고 있다고 알려줍니다. 몇 시간 동안 검색한 후 당신은 위의 틈새가 있는 숨겨진 판을 발견합니다. 틈 안에는 동상 안 쪽 깊숙이 무언가와 연결되어있는 마법 문양이 장식된 들쭉날쭉한 홈이 파여있습니다. 아마 {g|Torag}토락{/g}의 보물들에 접근하려면 이 잃어버린 톱니바퀴들이 필요할 것입니다.{/n}"
    },
    {
      "Key": "8e936d5d-899a-4b41-b89b-4c51eaeb2143",
      "Value": "{n}이것은 생각보다 어렵습니다. 톱니 바퀴를 기계 장치에 설치하고 제거하는 데 약간의 노력이 필요합니다. 몇 시간 동안의 시도 끝에 당신은 마침내 올바른 조합을 찾게 되어 모든 톱니 바퀴가 회전할 수 있습니다.{/n}"
    },
    {
      "Key": "bbddc845-567e-4a5e-abf3-b04ef9f0f8e1",
      "Value": "{n}주빌로스트는 표시를 면밀히 검사합니다.{/n} \"이게 도대체 뭘까? 수수께끼일까? 재미있군. 보자... 아! 이건 고대의 드워프 문헌에 나온 화학 기호다. 이것은 \"주석 \"이야. 이곳에 흰색 톱니바퀴를 놓으면 돼. 그곳은 \"철\"이니 붉은 색을. 금색 톱니바퀴는 나머지 자리에 두어. 아마 유아용 놀이 같은데. 드워프들은 이런 걸 좋아한단 말이지.\""
    },
    {
      "Key": "7ac8e680-b6f6-44f8-9115-ed8662d38e59",
      "Value": "{n}아무리 당신이 그것을 맞추려고 해도 톱니바퀴는 회전하지 않습니다. 판을 열려면 3개 모두가 필요할 것 같습니다.{/n}"
    },
    {
      "Key": "3b52d936-2f71-4ad8-8cbe-9aa43ecac1bf",
      "Value": "{n}불행히도 당신의 일행 누구도 표시의 의미를 해독할 수 없습니다. 유일한 선택지는 가능한 모든 조합을 시도하는 것입니다.{/n}"
    },
    {
      "Key": "b8556bdc-fefb-46dd-b3b1-c67e9a2c5150",
      "Value": "{n}에쿤은 머리를 숙여 동상에 짧은 기도를 속삭입니다.{/n}"
    },
    {
      "Key": "496035b8-fe72-4d98-8b3c-7ff4657be7bc",
      "Value": "{n}낡은 망루와는 달리 {g|Torag}토락{/g}의 동상은 완벽한 상태입니다. 드워프 신의 얼굴은 주변의 폐허와 비교했을 때 마치 만족한 듯한 표정을 보입니다.{/n}"
    },
    {
      "Key": "b2a9cebe-2fb6-4134-9883-90f86a2adbd5",
      "Value": "{n}드워프 장인은 자신의 작품에 숨겨진 기계장치를 설치하는 것으로 유명합니다. 당신은 위쪽의 움푹 파인 벽감에서 숨겨진 돌판을 발견했습니다. 벽감에는 마법 문양이 장식된 들쭉날쭉한 홈이 파여있습니다. 동상 안 쪽 깊숙이 무언가와 연결되어있는 것처럼 보입니다. 아마 {g|Torag}토락{/g}의 보물들에 접근하려면 이 잃어버린 톱니바퀴들이 필요할 것입니다.{/n}"
    },
    {
      "Key": "d6d52567-de64-41f9-bc45-74035697055d",
      "Value": "{n}하림은 동상을 오랫동안 쳐다본 후 말 없이 땅에 침을 탁 뱉습니다.{/n}"
    },
    {
      "Key": "c9add0a5-a622-4d85-bc5f-eaec6b15dc7f",
      "Value": "\"뭐가 문제야?\" {n}하림은 당신에게서 톱니바퀴를 낚아채고 기계장치에 넣으며 불평합니다.{/n} \"이건 여기에. 저건 저기에... 모르겠어?\""
    },
    {
      "Key": "b10cdd90-0877-4b75-9a71-7fe70de26c97",
      "Value": "{n}표시가 모호하게 보입니다. 기억을 긁어모아 당신은 고대의 드워프 문헌에 나온 유명한 화학 기호임을 알게 됩니다. \"주석\"의 상징은 흰색 톱니바퀴를 나타냅니다. \"철\"은 대장장이를 의미한 빨간 톱니바퀴이고 \"금\"은 황금 톱니바퀴와 금 세공인을 의미한 것입니다. 모든 톱니 바퀴를 적절히 배치하면 톱니바퀴가 회전할 수 있습니다.{/n}"
    },
    {
      "Key": "3c08f0cc-cbe8-4e75-a4cc-08d586c918e0",
      "Value": "{n}당신이 신에게 기도를 속삭일 때 어떤 상황에서도 결코 위축되지 않을 결의로 마음을 다잡게 됩니다.{/n}"
    }
  ]
}