{
  "$id": "1",
  "strings": [
    {
      "Key": "697e77ab-526c-449c-b66f-612b4662fc60",
      "Value": "\"파는 물건을 좀 볼까.\""
    },
    {
      "Key": "dfe794f8-9fd2-4f1f-a5d8-41827d2e8492",
      "Value": "\"이곳에서 무슨 소동이 일어난 거야?\""
    },
    {
      "Key": "7395a4dc-49b0-4be4-b2db-b135c528d0c9",
      "Value": "\"이 마을의 책임자는 누구지?\""
    },
    {
      "Key": "10dee19c-50e5-4d9a-a540-2bfae040887c",
      "Value": "\"이런 외진 곳에서 상인을 만나다니 놀랍다.\""
    },
    {
      "Key": "dc8a2268-6e9e-4c00-b916-57ac1da8ee34",
      "Value": "[공격] \"나는 얘기하러 온 게 아니야.\""
    },
    {
      "Key": "027c6fbd-5e4e-4f5d-868b-829366e2222f",
      "Value": "\"나중에 다시 이야기하지. 그럼 안녕히!\""
    },
    {
      "Key": "c488b337-0ca3-4db5-a3b9-0fb379ac3a10",
      "Value": "\"음. 이 것들은 사냥으로 얻은 것 같지 않아보이는군. 강도의 약탈품처럼 보여.\""
    },
    {
      "Key": "882d3a89-cc40-406f-ba4a-f8de5e0480ae",
      "Value": "\"지금 나에게 뇌물을 주려는 거야? 만약 다시 한 번 그런 옛날 방식으로 돌아갈 생각조차 했다가는 정말 큰 후회하게 될 거야.\""
    },
    {
      "Key": "43277117-29b6-4c8f-afd6-5cfc54b455b8",
      "Value": "\"물건을 어디서 구했는지부터 시작하지?\""
    },
    {
      "Key": "c0395999-a09e-4e4a-aad0-7d884398cca1",
      "Value": "\"기부는 항상 환영이야.\""
    },
    {
      "Key": "ad712902-75a3-479a-adda-20f313bf1c7d",
      "Value": "\"네가 이바르를 의심한건 아주 근거없는 소리는 아니더군. 그는 드래곤의 사신이 아니라 늑대 인간이었다.\""
    },
    {
      "Key": "43f5bf59-61ed-40ae-8e94-1d7451c5db8b",
      "Value": "[공격] \"도난당한 물건을 팔 뿐만 아니라 뇌물을 주기까지 해? 너는 처벌을 피할 수 없다!\""
    },
    {
      "Key": "4b625563-d6b3-4944-bd0c-14cf20c0e477",
      "Value": "\"아니. 나는 그를 살려두었어.\""
    },
    {
      "Key": "733a09b7-1a77-4104-af6e-2ae3fc2e77c1",
      "Value": "\"그래. 속이 시원하군.\""
    },
    {
      "Key": "3118d880-7603-4625-bc84-a16c7bf29ac6",
      "Value": "\"동굴의 도적 친구들을 손봐줬어. 그들은 죽었다.\""
    },
    {
      "Key": "f7af6f5f-9a90-4ad2-8015-e449649cfb30",
      "Value": "\"그를 어떻게 하건 너와 상관 없는 일이야.\""
    },
    {
      "Key": "61aab9f8-3ba4-4c05-af0e-099df0e7823f",
      "Value": "\"내게 편지를 보냈지? 이바르와 실버 드래곤 이야기에 관해서 말이야.\""
    },
    {
      "Key": "758c78b8-cf4b-45f5-bef1-1aab79f3df9b",
      "Value": "\"브레비스의 노점상에 온 것을 환영합니다!\" {n}목소리와 깔끔한 옷으로 판단하건데 이 상인은 이곳 출신 사람이 아닙니다.{/n}"
    },
    {
      "Key": "e08d282e-1a07-471a-ab09-31eb586bb34a",
      "Value": "{n}상인은 빙그레 웃습니다.{/n} \"이바르라는 사람입니다. 확실히 그는 똑똑한 사람이긴 합니다. 온 마을을 자기가 '실버 드래곤'의 대변인이라고 믿게 했어요. 여기 멍청이들은 그가 말한 것은 모두 믿고 하라는 대로 하지요.\""
    },
    {
      "Key": "35299379-8642-4d9a-a8d1-2798e24fbc0a",
      "Value": "\"그래도 이상한건, 이 이바르란 친구가 은색 비늘이 담긴 자루와 실버 드래곤에 관한 황당한 이야기를 마을로 들여왔을때부터, 확실히 이 지역의 상황이 변하기 시작하긴 했어요. 늑대 무리가 손쉽게 가축을 잡아갔었는데, 이바르가 여기에 온 이후로 늑대들은 가축들에게 가까이 가지도 않았죠. 숲 속의 괴물들도 마찬가지에요. 마을이나 사람들 근처에도 가까이 가지 않게 되었어요. 정말 이상한 일이긴 하죠. 정말로.\""
    },
    {
      "Key": "a9ec2522-4e0d-4567-98b2-d2e6728033bf",
      "Value": "\"호숫가에 뛰어오르는 저 물고기들을 말하는 건가요?\" {n}상인은 눈살을 찌푸립니다.{/n} \"여가 바보들은 마을 사람들의 '후원자'이신 실버 드래곤 덕분이라고 믿고있어요. 드래곤이 마을 사람들에게 축제를 베풀기로 결심하고 이 '선물'을 보냈다고 생각합니다. 바보들이에요. 저 물고기들이 뛰어나오는 진짜 이유는 모르겠지만 저였다면 저 물고기나 저 호수에 너무 가까이 가지 않을겁니다.\""
    },
    {
      "Key": "69c2d444-7428-4e2e-827d-a23c37312050",
      "Value": "\"나는 지역 사냥꾼들로부터 주로 가죽을 사오지만, 때때로 흥미로운 물건들도 구입해오고는 하죠. 이 숲속에 사는 짐승의 수를 생각해보면 놀랄 일도 아닙니다.\""
    },
    {
      "Key": "c159d6af-515c-4f2e-a728-01998e373ec5",
      "Value": "{n}상인의 얼굴이 멍해집니다.{/n} \"무슨 말씀인지 전혀 모르겠군요. {mf|남작님|남작님|전하|전하}. 제가 다루는건 이 주변에서 꽤나 흔하게 거래되는 것들입니다. 갑자기 다른 얘기지만 남작령을 돕기 위해 기부금을 낼 기회가 없었다는게 방금 떠올랐습니다...\""
    },
    {
      "Key": "038a2e45-9b7f-4fef-b0f9-8cad8f4aa031",
      "Value": "{n}상인은 넓은 미소를 짓습니다.{/n} \"그냥 평범한 물건들입니다. {mf|남작님|남작님|전하|전하}. 저는 여기 저기 떠돌아다니는 여행자들에게서 사고는 합니다.\""
    },
    {
      "Key": "58ffecd4-51a5-41e7-b0b2-1b28cb4a3318",
      "Value": "\"거래하게 되어 기쁩니다! {mf|남작님|남작님|전하|전하}.\""
    },
    {
      "Key": "805f2a19-05a4-4620-934a-74425eb6a36d",
      "Value": "\"늑대 인간! 그래서 그렇게...\" {n}상인은 말을 멈추고 침을 뱉습니다.{/n} \"그 짐승을 죽였기를 바랍니다.\""
    },
    {
      "Key": "7e7d398c-aa8e-481e-beb1-bfb59756f074",
      "Value": "{n}상인이 당신을 의심스럽게 쳐다봅니다.{/n} \"알겠습니다! 알겠어요! 북쪽에 동굴이 있습니다. 법이랑 친하지 않은 녀석들이 거길 차지했죠. 쉽게 말하자면, 그냥 도둑이요. 물론 전 도둑질을 하지 않았습니다! 그놈들이 모아 놓은 물건을 가져다 판 것 뿐이에요! 제 명예를 걸 수 있어요!\""
    },
    {
      "Key": "b6844796-39d4-40ff-b00e-532e06b92e19",
      "Value": "\"물론. 당연히 물론이죠!\" {n}상인의 목소리는 열정으로 가득합니다.{/n}"
    },
    {
      "Key": "70f50cb2-fb88-4ead-a416-da2a870aa2e0",
      "Value": "\"그건 정말이지.. 섣부른 결정..\" {n}상인의 목소리에는 빈정거리는 어조가 담겨 있지만, 얼른 자제합니다.{/n} ..입니다. {mf|남작님|남작님|전하|전하}.\""
    },
    {
      "Key": "af689792-8022-4366-9dd4-cfb61f976ebb",
      "Value": "\"정말 오랜만에 이런 좋은 소식을 듣게 되었군요! 감사의 표시로 선물을 드리고 싶습니다. {mf|남작님|남작님|전하|전하}.\""
    },
    {
      "Key": "87a06fa9-2010-4b2c-ae28-f66063a59e24",
      "Value": "{n}상인의 시선은 아무 감정도 드러내지 않습니다.{/n} \"그들은 내 친구가 아니었습니다! 도둑이 적으면 거래가 더 편하기 때문에...\" {n}상인은 불평하며 걸어갑니다.{/n}"
    },
    {
      "Key": "8c65a8ea-e390-42c5-ab96-18a2cca848dd",
      "Value": "\"물론입니다, {mf|영주님|영주님|전하|전하}. 물론 입죠! 저는 신경 쓰지 않으셔도 됩니다!\""
    },
    {
      "Key": "8dd85410-ff8b-4562-90e9-27b951dc5f57",
      "Value": "\"나를 바보로 만들려고? 내 칼에게도 그렇게 대답해 보지? \""
    },
    {
      "Key": "fd2cbb4f-1566-40ce-b798-3664a7e413c3",
      "Value": "{n}발레리는 의미심장하게 그녀의 손을 무기에 올려놓습니다.{/n} \"행운을 시험해 보고 싶은 겁니까?\""
    },
    {
      "Key": "273bb6bb-cfd9-4ffd-87a3-a6118a3860c4",
      "Value": "{n}발레리의 입술은 경멸로 일그러집니다.{/n} \"이런 자는 뭐든지 돈으로 살 수 있다고 생각합니다. 심지어 법과 통치자까지도요.\""
    },
    {
      "Key": "5f6eb977-43e1-4ed2-9a65-20be6d3b1e60",
      "Value": "{n}발레리가 수심가득한 눈으로 당신을 힐끗 쳐다봅니다.{/n} \"그가 약속을 지킬 것이라고 믿습니까? 한편으론, 당신이 얼마나 설득력 있는 사람인지는 잘 알고있지만..\""
    },
    {
      "Key": "071f7a0a-e6ab-4b56-a177-c5f76f2b9d98",
      "Value": "\"아아아아!\""
    },
    {
      "Key": "d2846357-603a-4111-84d4-9b98443a242b",
      "Value": "\"그리고 너는 정의를 앗아가려 하지!\""
    },
    {
      "Key": "a1064ccf-cf34-4646-ac7d-239e55b231c6",
      "Value": "\"정말 하찮다.\""
    }
  ]
}