{
  "$id": "1",
  "strings": [
    {
      "Key": "4d997539-cc88-4b0d-81cb-41fb4ccf8676",
      "Value": "[남성을 부릅니다] \"거기. 원하는 게 뭐야?\""
    },
    {
      "Key": "4e720f7e-18c6-42f2-9eb3-f712d33dda4e",
      "Value": "\"터발. 무슨 일이야?\""
    },
    {
      "Key": "b654ee63-0a9f-4ac2-80ec-b9e0879fddb5",
      "Value": "\"터발, 당장 부하들을 단속해! 내가 도와주지.\""
    },
    {
      "Key": "7d8d42f4-4650-4b1a-a2cc-026ba799558c",
      "Value": "\"이 사람 말이 맞아. 너는 민병대 대장에 어울리지 않아, 터발.\""
    },
    {
      "Key": "e7c2fc1d-cf6a-40bd-8c1b-f6766386654d",
      "Value": "\"민병대의 반란군을 교수형에 처하고 민병대를 해체한다. 나는 이 땅의 법을 지키겠다.\""
    },
    {
      "Key": "01290a2d-472b-4ddc-8443-ebb2a4eacb25",
      "Value": "\"그들을 살려두어라. 하지만 민병대는 해산이다. 너희를 도저히 믿을 수 없군.\""
    },
    {
      "Key": "07631124-053d-45bb-8eee-188556a17f74",
      "Value": "\"그들이 정신을 차릴 때까지 체포해두어라. 민병대에게는 한번 더 기회를 주겠다.\""
    },
    {
      "Key": "be3b3c3d-dcd5-45d4-acee-e11cf2772494",
      "Value": "\"왜 이 반란을 처리하지 못했지, 터발?\""
    },
    {
      "Key": "bbf1b16c-8045-4286-8867-600509755479",
      "Value": "[공격] \"네놈들한테 완전히 질렸다! 이제 내가 너희를 직접 상대해주마!\""
    },
    {
      "Key": "4f9b0e29-90e9-401b-8a34-b9a7bd9a5f5a",
      "Value": "{n}당신 앞에 좋지 않은 장면이 펼쳐집니다. 민병대 대장 {d|Tirval}터발{/d}이 중무장을 한 화난 남자와 격렬하게 말다툼을 하고 있습니다. 그들은 무기를 쥐고 있었고 서로를 노려보고 있었습니다. 그들의 시선이 만들어내는 긴장감 때문에 부하 병사들을 꼼짝도 못하고 있습니다.{/n}"
    },
    {
      "Key": "1e7ece59-58ea-418c-9b59-b9efd2110a75",
      "Value": "{n}{d|Tirval}터발{/d}은 지친 기색으로 당신을 바라보면서도, 목소리 만큼은 당신의 비위를 맞추려 합니다. {/n} \"{mf|영주님|영주님|전하|전하}, 제발 이 멍청이들을 살려주십시오! 그래요. 그들은... 선을 넘었습니다. 하지만 그냥 바보짓을 했을 뿐입니다! 죄를 지은 자들에게 자비를 베풀어 주시고, 민병대를 완전히 해산하지 말아 주시기를 간청합니다!\""
    },
    {
      "Key": "37b84a56-2161-4dfc-b049-bcfe3dcd84ac",
      "Value": "{n}터발은 굳은 표정으로 당신을 바라봅니다.{/n} \"그건 아무런 소용이 없을 겁니다. 이 사람들이 원했던 것은 그들의 집과 거리를 보호하는 것이었습니다. 근데 단 한 번의 실수로 당신은… 그러려면 그러십시오. 하지만 제가 이곳에 한 시라도 더 머물 필요는 없어진 것 같군요. 그럼 안녕히 계십시오, {mf|영주님|영주님|전하|전하}.\""
    },
    {
      "Key": "53ca097f-e6ec-401b-ad4d-a65a1e6c4c4a",
      "Value": "{n}터발은 후회로 고개를 흔듭니다.{/n} \"어쩌다 이런 일이... 결국 사람들이 스스로를 지킨 다는 건 진정으로 믿을 게 못되는 걸지도. 하지만 아직... 아닙니다. 이건 우리 잘못이죠.\""
    },
    {
      "Key": "837528da-d524-4d95-b356-94eafaa89028",
      "Value": "{n}터발의 얼굴이 감사의 미소로 환하게 빛납니다.{/n} \"감사합니다. 맹세코 다시는 이런 일이 없을 겁니다. 실망시켜 드리지 않겠습니다. 잘 들어라, 이 멍청이들! 저리 꺼져라! 여러분, 집으로 돌아가세요!\""
    },
    {
      "Key": "3727c3a2-a84b-4e6e-aa8f-477056046c89",
      "Value": "\"그러니까... 우리는 군대를 조직했잖아? 그 말은 우리가 스스로를 지켜야 한다는 것이고. 우리는 여기에 집을 짓고 땅을 일구며 도적을 물리쳤어. 그러니까 우리는 반홀드를 지배할 권리가 있다는 거지. 우리는 이방인이 필요하지 않아.\""
    },
    {
      "Key": "65f7e546-e852-493a-996e-563dde27f12a",
      "Value": "\"여기 이 멍청이들은 이제 자기들이 독립이라도 한 줄 아나 봅니다! 이 자식들은 당신에게 한 맹세를 싸그리 잊어버렸어요! 당신이 반홀드를 떠나게 되면 온 지역이 혼란에 빠질 거란 걸 이 바보들은 왜 모르는 걸까요! 도적단이 다시 돌아와 세력다툼이 온 지역에서 벌어질 겁니다! 강이 피로 물들거고요! 우리는 그들에게 법과 질서를 주었는데, 왜 그걸 다 갖다 버리려는 거죠?! 이놈들이 그렇게 바보라면, 차라리 아예 하고싶은 대로 하라고 해야 할지...\""
    },
    {
      "Key": "b29d32d7-6f26-4fdf-a155-95d82879efa5",
      "Value": "\"예, {mf|영주님|영주님|전하|전하}! 이제 이 건방진 놈들을 제자리로 돌려 보내겠습니다...\""
    },
    {
      "Key": "911fc919-3918-41ef-81f6-4861eb03f912",
      "Value": "{n}민병대 한명이 씩 웃습니다.{/n} \"\"자, 들었어? 수도에서는 무엇보다 국민들의 의지가 중요하다는데! 이건 어떨까, 어서 큰 도시로 돌아가시지. 당신은 여기서 더이상 환영받지 못해! 우린 여기서 반홀드 식으로 해나갈테니! 고맙수다, {mf|영주님|영주님|전하|전하}, 우리 문제를 마음에 새기고 국민 말씀을 들어주셔서!\""
    },
    {
      "Key": "b0e026b2-7b34-40de-97df-76a811f81f0d",
      "Value": "\"신이시여 감사합니다! 오셨군요! 이 개자식들을 다스려주십시오! 반란을 선동하고 저희 민병대를 자극하고 있습니다!\""
    },
    {
      "Key": "4b37c0ce-eadd-4e8a-9d3b-911498cdf3b7",
      "Value": "\"아하! 주인이 오니까 개처럼 신발을 핥는구만! 이 땅은 우리 것이다, 이... 철새야, 네 것이 아냐. 우리가 이 밭을 갈고, 우리가 그걸 지킨다. 도적이 오면, 우리는 우리의 터전을 위해 피를 흘릴 것이다. 도시놈들이 쥐구멍에 숨는 동안에 말이지! 내 말은... 여기까지다!\""
    },
    {
      "Key": "eacdd878-6535-431f-96b0-42eb927164f4",
      "Value": "\"헤, 그러고 싶겠지! 여러분, 들으셨죠? 저놈들은 우리가 꼬리를 말고 집으로 줄행랑 치기를 바랍니다! 우째야겠습니까? 우리 땅을 위해 싸울겁니까? 말겁니까?\""
    },
    {
      "Key": "242475fd-7bfd-4a1c-8f8d-fab41bb5cfe8",
      "Value": "{n}터발은 굳은 얼굴로 당신을 봅니다.{/n} \"당신이 여길 망하게 만든겁니다. 알고 계시죠? 누구에게 책임을 넘긴 겁니까? 이 팔푼이들에게? 이놈들이 참 잘도 이곳을 다스리겠습니다. 이 자식들은... 이 땅은 법도 질서도 없이 아수라장이 되겠지요. 그 꼴을 보느니 차라리 이 땅을 떠나겠습니다. 만나서 즐거웠습니다. {mf|영주님|영주님|전하|전하}. 그럼 이만.\""
    },
    {
      "Key": "ef5f8d21-282e-45cd-8082-761f9ca94f4d",
      "Value": "\"그건 맞는 말이군. 당신은 우리가 무장하는 걸 도왔수다, 그건 감사하게 생각합니다. 그래서 우리도 {mf|남작령|남작령|왕국|왕국}에서 벗어나고 싶지는 않다우. 그냥 우리의 터전을 우리 생각대로 하고 싶을 뿐이지! 정말 수도에 살면서 반홀드가 진짜 필요한게 뭔지 우리보다 잘 안다고 생각하쇼? 그러지 말고, 한번 우리한테 맡겨보면 외려 고마워 하게 될거요!\""
    },
    {
      "Key": "13575955-c9d6-43aa-8773-5ab33fcbe597",
      "Value": "\"이 무기를 사려고 누구 돈을 썼는지 기억하나? 싸우는 법을 알려준 게 누구지? 처음 여기다 민병대를 조직한 사람이 누구라고 생각하나?\""
    },
    {
      "Key": "6593e8a4-fc56-4d22-8c5e-bed640f3819a",
      "Value": "\"뭐 어떻게 한다고? 싹 다 교수형? 그러고 나면? 병사를 보낼건가? 이게 네놈이 말하는 '은혜'와 '자비'의 진면모구만! 네 말에 반대한다고 모두 죽일 셈이냐! 빌어먹을 위선자 새끼...\""
    },
    {
      "Key": "c7fb77d1-cfd8-4696-95b6-87109e90ae85",
      "Value": "\"용서해주십시오. {mf|영주님|영주님|전하|전하}. 이건 그저...\" {n}하프엘프의 목소리가 낮아집니다.{/n} \"이들도 우리 백성입니다, {mf|영주님|영주님|전하|전하}. 우리 이웃, 농부, 장인... 저는 더이상 피가 흐르는 걸 원치 않습니다... 하지만 전... 안되나보군요, 그렇죠?\""
    }
  ]
}