{
  "$id": "1",
  "strings": [
    {
      "Key": "406ba4b1-96c8-488d-884b-445c0b49184e",
      "Value": "{g|Loyalty10_1}[선택 시 효과]{/g} \"놈들을 위해 교수대가 기다리고 있다. 모두에게 반역자의 최후가 어떤지 보여주라.\""
    },
    {
      "Key": "615d7079-0f11-40d1-853e-eaefe1edd77d",
      "Value": "{g|Loyalty10_2}[선택 시 효과]{/g} \"놔둬라. 그들에게 교훈이 됐을 것이다. 충분하다.\""
    },
    {
      "Key": "2b9d4b72-bc8e-4cbf-a208-b4aa2f10c503",
      "Value": "{g|Loyalty10_3}[선택 시 효과]{/g} [10000 골드 및 200 BP 획득] \"그들을 풀어주라. 재산, 영토와 값비싼 옷 같은 다른 소지품은 빼앗으라. 국가와 백성의 안녕을 위해 쓰겠다.\""
    },
    {
      "Key": "425b5d51-cd08-4342-b98b-3105c801f7bc",
      "Value": "\"저들의 운명은 자네가 결정하라.\""
    },
    {
      "Key": "f7ee9084-418f-4a95-97c0-c113c38e6b30",
      "Value": "\"상인들은 읽고 쓸 줄 알아서, 그리고 역사와 지리학을 공부해서 부자가 된 것이다. 사람들이 아이들을 학교, 사원, 현자에게 보내도록 허락하라. 더 현명하게 자라도록 말이다.\""
    },
    {
      "Key": "4d2e1ac8-6350-4b6b-bf34-37dbab275027",
      "Value": "\"백성들이 왕국의 귀가 되어줬으면 한다. 수상한 외국인들을 지켜보게 말이다. 수상한 소문을 절대 무시하지 마. 하나로 뭉쳐야만 적들의 기만에 맞서 싸울 수 있다.\""
    },
    {
      "Key": "ef6c9a61-8aa6-4fb2-b238-0a675b46b98f",
      "Value": "\"만나는 모든 사람들에게 내가 그냥 평범한 통치자라고 말하라. 백성들이 날 얼마나 존경하는 지 이웃들도 알게된다면, 명성과 권력도 자라날 것이다.\""
    },
    {
      "Key": "8914c62c-d67d-4154-becd-0ecdf44f76ad",
      "Value": "\"듣기 좋은 소식은 아닙니다. 경비대가 상인들이 꾸미는 모의질을 밝혀냈다고 합니다. 음모를 꾸미던 자는 모두 체포되었고, 결정을 기다리고 있습니다. 사람들은 이 상인들이 그냥 풀려나지 않을까 걱정하고 있습니다. 올바르고 자비롭게 심판 내리시기를 기다리겠습니다.\""
    },
    {
      "Key": "e9f2ef71-f28d-45a0-bfdd-5fc0d04ebc44",
      "Value": "\"시민들이 오늘 의회에 모여 빈민가를 더 만들려고 해. 그 광장 중 한 곳에 당신의 이름을 붙이려고 하더군. 백성들이 이렇게 당신을 물먹이는 꼴이 보기 좋네. 모든 군주가 이렇게 사랑과 공포를 동시에 받지는 않거든!\""
    },
    {
      "Key": "db15bd8c-68e2-4c5a-92a6-4e068a1f614a",
      "Value": "\"참으로 안타깝군요. 그 모의가 너무 나가기 전에 누군가 바로잡았으면 좋았을 텐데 말입니다. 부분적으로는 저도 책임이 있는 몸입니다.\""
    },
    {
      "Key": "edb1a6ea-815e-4cb3-8f65-18021891855f",
      "Value": "\"징계를 목격하는 사람들에게 가혹한 교훈을 안겨주게 될 거야. {name} 을(를) 경외하라, 같은 식으로 말이지. 공포와 존경은 지도자에게 있어 진정한 힘이라고 할 수 있을테니.\""
    },
    {
      "Key": "aa2e1745-6ce6-4020-8d46-0c1825903e92",
      "Value": "\"저들이 얼마나 행운아인지 깨닫고 이 기회에 새 삶을 시작하기 위한 발판으로 삼았으면 합니다.\""
    },
    {
      "Key": "7abbc190-9ffc-46e0-b62f-24a9ecfa6d05",
      "Value": "\"너의 관대함은 지긋지긋 하군. 좋아, 원하는대로 해. 그 관대함이란 징표가 너의 짐이라고 생각할 수 있겠군.\""
    },
    {
      "Key": "21fc6376-9b54-498a-ae7f-bd0d729e9a43",
      "Value": "\"가진 것이 없을 때 진정한 미덕을 깨닫게 된다는 말을 들은 적이 있습니다. 가진 것이 없어진다면 저들의 영혼도 보다 낫고 순수해질지 모르는 일이지요...\""
    },
    {
      "Key": "9397a9ed-56d4-4d2e-adec-1ed68ce127a0",
      "Value": "\"흐음... 제대로 하는 것 같군. 어쨌든, 돈이 없으면 저들도 무력해질테니 말이야.\""
    },
    {
      "Key": "ea6b45b4-6016-4f9b-b3de-f51c6ce44479",
      "Value": "\"저들을 용서하되, 사람을 매수하고 당신의 뒤에서 음모를 꾸미게 하는 수단을 빼앗아야 합니다. 저들의 돈이 가난한 백성들을 위해 쓰이도록 하고, 공모자들도 돕게 하십시오.\""
    },
    {
      "Key": "6f3c4926-bd65-4a38-a54b-a2a783942746",
      "Value": "\"위험하고 오염된 자들은 없어져야만 해. 내가 모두 책임질게. 이 불쌍한 모의자들부터 시작해서 말이야.\""
    },
    {
      "Key": "c189f915-4f0a-4521-91a3-f1736d090925",
      "Value": "\"알현하길 기다리는 다른 방문객도 있습니다. {kingdomname} 드루이드들의 우두머리입니다.\""
    },
    {
      "Key": "2f35d81f-f02b-4861-81e4-74fe3e6cfc5d",
      "Value": "{n}산나의 얼굴이 어두워진다. 그녀는 초조해한다. 그녀의 쥐는 사라져버렸다.{/n} \"이제 공모자들의 운명이 결정되었으니, 다른 방문객을 받아야 해. {kingdomname} 에서 온 드로이드들의 우두머리야. 하지만 조심하라고. 보이는 대로의 인물이 아니니까.\""
    },
    {
      "Key": "4ac22d0c-cbe9-4b42-9bcb-62367a112472",
      "Value": "\"{name}, 도시 의회에서 구역 중 하나의 확장에 대해 토론했습니다. 그 중심 광장에 당신의 명예를 기려 그 이름을 붙이는 것으로 만장일치 결과가 나왔습니다. 당신은 백성들의 사랑을 받을 자격이 있습니다! 모든 군주가 이런 사랑을 즐길 수 있는 건 아니지요.\""
    },
    {
      "Key": "3034f9bf-0851-4110-a7e4-48c8e712966b",
      "Value": "\"궁성의 사냥개들이 오늘 모의를 꾸미고 있던 상인들의 마지막 인원을 잡아들였어. 놈들의 운명을 결정지을 시간이야. 나라면 자비를 베풀지 않겠어. 놈들도 사람 생명에 대해선 관대하지 않았을 거거든. 거기에 하나 더, 관련자 모두에게 가혹한 처벌을 하는 것만이 이런 작당질이 다시는 형성되지 않을 유일한 길이기도 하고 말이야.\""
    },
    {
      "Key": "0def0a5b-f2c8-4973-aa5c-df1d697306a0",
      "Value": "{n}수염이 덥수룩하고 튼튼해 보이는 노인 하나가 목청을 가다듬었습니다. 그의 얼굴은 유순하고 상냥해보이지만, 눈은 뚫어져라 당신을 훑어봅니다.{/n} \"전하 만세! 소인은 이 땅 위에 밭을 일구며 살아가는 사람들, 그 사람들을 지키기로 한 형제자매들을 대신해 나온 놈입니다. 전하께서 오시기 전에는 저희가 이곳을 지키고 있었지요. 처음엔 전하를 우리의 친구로 여기지 않았지만, 인정하건대 저희가 틀렸습니다.\""
    },
    {
      "Key": "d4847373-a5ca-40f8-9a6e-ef081dfb040b",
      "Value": "\"우리는 해낼 겁니다, {name} 시여. 물론 시간이 걸리겠지요, 하지만 나아질 겁니다.\""
    },
    {
      "Key": "75489cb0-29ca-4521-8068-3d5d7aa7651f",
      "Value": "\"사악한 말씀을 하시는군요. 하지만 이에 대해 따지진 않겠습니다. 사실입니다. 이런 시국엔 모든 이웃들이 우리를 질투하지요. 걱정 마십시오. 어떤 문제든 일어나면, 당신의 경비들이 먼저 알아챌 테니까요!\""
    },
    {
      "Key": "b3187d4c-44ec-4e20-9598-c45216cdb039",
      "Value": "\"처리하겠습니다. 모든 이웃들이 백성들에 대한 당신의 사랑을 알게 되겠지요. 만인의 존경을 받으실 겁니다!\""
    },
    {
      "Key": "dbb918f7-07b7-42ae-b722-ab16bf577677",
      "Value": "\"살면서 많은 것을 봐왔지만, 부자에 대항하여 빈민들 편에 서는 군주라니. 이건 신선하군요. 사람들 주머니를 털고다니던 소상인들은 완전 도적떼 수준이었습니다. 하지만 이젠 태도를 바꿔서 정직하게 거래하겠다고 하더군요. 이에 감사드리고자 합니다. 하지만 말로만 감사를 표하러 온 것이 아닙니다. 저희들이 해드릴 수 있는 게 있다면 말씀해주십시오. 사람들은 드루이드의 말을 들을테니 말이죠.\""
    },
    {
      "Key": "a0afff0d-da3c-4c12-8fdc-1304bf8ac5ed",
      "Value": "\"백성들이 당신을 진심으로 사랑하는군요. 제 아무리 강하고 권력이 넘치더라도 드루이드들은 폭군이나 악당에게 호의를 표하진 않으니까요.\""
    },
    {
      "Key": "01e9b5d1-cf0c-46bd-a748-6fe84a4af464",
      "Value": "{n}산나와 노인은 무언의 토의를 하듯 서로를 응시했습니다. 그러자 평의원이 마지못해 고개를 끄덕입니다.{/n} \"이곳에 찾아온 그대의 선의는 알겠소, 노인이여. 그대가 전달한 사람들의 말을 우린 잘 알아들었소.\""
    },
    {
      "Key": "9240ba57-48b8-4701-a7ba-006de3049f8a",
      "Value": "\"전하, 당신을 향해 음모를 꾸미던 상인들이 체포되었어. 이들의 운명을 결정해야 해. 물론 백성들은 피를 원하고 있어. 소상인들은 놈들의 재산을 모조리 압수하길 원하고 있지. 저들의 자리를 자기들이 차지하려는 거야.\""
    },
    {
      "Key": "bfa46b96-badc-466e-88d8-32162c84ab29",
      "Value": "\"만약 저자들이 단순한 백성이었다면 동의했을 거야. 하지만 이 사람들은 왕국에 있어 귀중한 자들이야. 자신의 재치를 사용해 재화를 벌어들였지. 저들의 지혜로 이득을 꾀할 수도 있어. 그 똑똑한 머리들이 잘려서 걸려있다고 생각하면, 참으로 꼴불견이겠지!\""
    },
    {
      "Key": "aa3c2616-fc9a-4aa1-9e31-67456dbc5287",
      "Value": "\"전하, 자비를 보여 새로운 방문객을 맞이하셔야 할 시간이야. 소위 말해 시민들을 대표해서 왔다더군. 에헴.\""
    },
    {
      "Key": "cf043b51-5cc9-4558-adfd-2500464d3146",
      "Value": "\"놈들도 교훈을 배웠어. 체포와 구금으로 명확하게 의미를 전달했지. 놈들이 또 배신하려면 세 번은 다시 생각해볼 게 분명해. 그리고 더 중요한 건, 다른 놈이 반란을 모의한다면 놈들이 달려와 네게 보고할 거야!\""
    },
    {
      "Key": "7b1a2605-06d2-4fa1-b7d8-03bd05e70ed2",
      "Value": "\"전하, 그건 죽이는 것이나 다름 없어. 놈들이 살아있건 말건 관계는 없어. 하지만 놈들이 가진 이름과 재산이 문제지. 놈들의 재산을 빼앗으면 왕국을 지탱하는 기둥을 부수는 격이 될 거야. 다른 상인들에게 공포심을 조장하게 될 테니까...\""
    },
    {
      "Key": "a7259f30-f4ec-4540-9ffc-5c16ac2e0cbb",
      "Value": "{n}평의원은 드루이드에게 관대하게 미소지었지만, 그 눈빛은 차가웠습니다.{/n} \"전하, 우리가 기댈 수 있는 사람이 왕국에 있어 다행이야. 이 백성들의 지도자가 왕국의 귀족들을 대신할 만큼 충성심있고 믿을만하길 바라자고.\""
    },
    {
      "Key": "3ef36976-8424-4d4b-8562-065ac92e9450",
      "Value": "\"난 저들이 사면되었으면 해. 실수를 하긴 했지. 하지만 붙잡혔잖아. 그것만으로도 당신의 분노에 대한 공포심을 심어줄 수 있을 거고, 향후 행동거지에도 재고를 하게 만들겠지. 저 사람들은 국가에서 가장 고귀한 사람들 중 하나였어. 이제 저 사람들은 당신에게 복종할 거야. 저들의 자리를 누구로 채우든 저들만치는 못 할 거야.\""
    }
  ]
}