{
  "$id": "1",
  "strings": [
    {
      "Key": "4d1299a2-a6cd-48aa-b87c-68b6de2ead12",
      "Value": "\"이 무덤에 너희를 묻어버리기 전에 나가!\""
    },
    {
      "Key": "196696b4-c468-4d86-baaa-700cad6088d3",
      "Value": "\"너는 누구며 여기서 뭐하는 거지?\""
    },
    {
      "Key": "c69ed7da-a372-4415-84b8-04cff90e327e",
      "Value": "\"이곳은 어떤 곳이지?\""
    },
    {
      "Key": "dcda2d69-a433-45c9-a303-faafaeebbf47",
      "Value": "\"잊어버려. 나는 떠날 거야.\""
    },
    {
      "Key": "6a208fbd-646b-4d6d-af9e-0a1eba5ebe3c",
      "Value": "\"우리는 서로 도울 수 있어. 내가 가서 함정을 처리할 테니 나를 도와줘. 전리품을 반씩 나누자. 알겠지?\""
    },
    {
      "Key": "39874631-a73a-4afe-a90f-17bcc4a9f378",
      "Value": "\"여기가 전염병이 돌았던 무덤이라는 건 알지? 이 시체들은 모두 질병으로 죽었어. 나는 축복으로 보호를 받지만 너는?\""
    },
    {
      "Key": "e669a5ee-88a0-4ae9-9a36-6d0001130943",
      "Value": "[공격] \"{mf|남작|남작|왕|여왕}에게 영 말투가 좋지 않구나. 무덤 도굴꾼들에게 죽음을!\""
    },
    {
      "Key": "c367c263-68b9-4514-b67b-071f90d014e6",
      "Value": "{n}희미한 불빛 속에서 당신은 칼과 활로 무장한 군대를 만납니다. 그들 중 두 명은 하플링 시체 주위에 쭈그리고 앉아있습니다. 당신을 발견하자 한 남자가 일어서서 비웃음을 지으며 당신을 봅니다.{/n} \"자, 다들 여길 봐바. 자기가 죽을 운명인지도 모르는 녀석이 왔어.\""
    },
    {
      "Key": "d01e7d2c-7742-4261-8e67-031329a6f9f4",
      "Value": "\"못들었어? 여기서 당장 나가!\""
    },
    {
      "Key": "c6b2a136-fc03-41cf-b764-7ad2754e936d",
      "Value": "\"뭐야? 약탈하러 온 거야?\" {n}지도자는 이빨을 드러냅니다.{/n} \"너무 늦었어. 우리가 이곳에 먼저 왔고, 여기서 찾은 것은 우리가 보관하고 있다! 우리는 학자들이야. 자 여기, 우리가 찾은 것들을 보라구!\""
    },
    {
      "Key": "90b143cb-3831-4b29-af1a-c9a507bf11b5",
      "Value": "\"안보여? 우린 학자들이라니까! 이 지하 무덤을 연구중이라고. 우리가 발견한 건? 가난한 사람에게 줄 거야.\" {n}지도자는 껄껄거리며 웃었고 다른 도적도 따라 웃습니다.{/n}"
    },
    {
      "Key": "413f68af-f922-4215-aba0-e51252bdc526",
      "Value": "{n}도적 두목은 당황한듯 당신을 노려봅니다.{/n} \"왜 내가 말해줘야하지? 이제 우린 그냥 문만 열면 되는데 말이지. 누가 이 곳에 묻혔는지, 얼마나 많은 금을 가지고 있는지 곧 알 수 있을텐데.\""
    },
    {
      "Key": "2df39c07-b40f-48f7-96a7-4085feed70b0",
      "Value": "\"다시 말하자면. 이 무덤은 우리가 발견했어. 우리가 함정을 직접 제거하고 이제 탐색을 다시 시작할 거야.\" {n}그 남자는 당신에게 끄덕이며 출구를 향해 끄덕입니다.{/n} \"뭐 얻어갈 생각하지 말고 나가는게 좋을걸.\""
    },
    {
      "Key": "d9957bb1-327b-41e2-b539-962514545bc3",
      "Value": "{n}우두머리는 당신을 응시하며 입술을 잘근거리다 고개를 끄덕입니다.{/n} \"거래 성립이다. 이봐! 저자가 지나가게 해 줘라!\""
    },
    {
      "Key": "c9fb141e-e020-4e25-b589-9c7755323997",
      "Value": "\"네가 그냥 우리 물건을 가지고 도망가게 둘 거라고 생각해? 저 녀석을 죽여라!\""
    },
    {
      "Key": "d73997b9-7a20-4639-8e84-72b9bb75c421",
      "Value": "{n}우두머리의 얼굴은 잠시 멍해졌지만 뒤의 부하들은 웅성이기 시작합니다.{/n} \"역병?\" {n}한 남자가 울부짖기 시작하더니 다른 자들도 기도를 속삭이며 주위를 둘러봅니다.{/n} \"아... 우리는 몰랐어. 아마 신선한 공기를 쐬어야 할 거 같아. 여기를 벗어나자.\" {n}그는 뒤에 있는 사람을 봅니다.{/n} \"어서 나와! 모두 나가!\""
    },
    {
      "Key": "da65be3b-3b8a-4ced-a5f4-fc12c9a8bf97",
      "Value": "\"내가 바보로 보이나? {race}?! 우리가 너를 혼내준 후에 네가 얼마나 영리한지 보자!\""
    },
    {
      "Key": "bf7dabf4-8f01-4db2-9b59-1e12a498caa6",
      "Value": "\"뭐? 그렇게 나오시겠다?\" {n}우두머리는 당신을 향해 한걸음 다가가 시선을 고정합니다. 그는 당신을 내려다보지만 이내 성난 표정이 흔들리며 침을 삼킵니다.{/n} \"흠. 너 진심이로군.. 꽤나 화나신 모양인데...\""
    },
    {
      "Key": "a98a3d20-e159-4eb1-beab-4a375072cb45",
      "Value": "\"오. 그래? 누가 묻히는지 보자!\""
    },
    {
      "Key": "a40e2ff0-c93b-4272-af24-cd9fcbdb9f75",
      "Value": "\"저기 기둥에 몇몇 표시가 있다.\" {n}도적은 거대한 기둥을 가리킵니다.{/n} \"멍청한 하플링 녀석도 무슨 오래된 책에 대해서 떠들어대더군... 이제 됐지? 너도 할 수 있을 때 해 보던가!\""
    },
    {
      "Key": "07a61bf0-60c8-432c-8a45-90f227a347b0",
      "Value": "\"우리는 일 때문에 여기온거야. 봐, 여기 이 자가 우리를 고용했지.\" {n}우두머리는 바닥의 하플링 시체를 보고 끄덕입니다.{/n} \"이 폐허에 들어가기 위해 도움이 필요했나보더라구. 그래서 우리가 좀 도와줬지.\" {n}그는 슬픈듯이 혀를 찹니다.{/n} \"안타깝게도 이 자가 우리에게 길을 안내한 순간 병에 걸려버리더라구. 너무 흥분해서 그랬을 거야. 아마\""
    },
    {
      "Key": "28f0a121-ab46-4c44-be4d-89cedffe9698",
      "Value": "\"그런 악행을! 너를 믿은 사람을 죽이다니! 그리고 지금은 감히 이 땅의 합법적인 지도자를 위협을 하다니!\""
    },
    {
      "Key": "65906a86-e790-4f84-9dbc-91f0354948de",
      "Value": "\"그는 죽은 자의 집에 기뻐하며 왔지만 영원히 이곳에 머물렀어... 이런 것이 필멸자의 운명이지... 하지만 살인자들은? 그들은 희생자와 달리 도망칠 수 있을까?\""
    },
    {
      "Key": "22ebd687-be5c-402d-a51c-4e1791a87216",
      "Value": "\"도망쳐라! 도망쳐! 하지만 바지는 입고 도망쳐! 하하! 제대로 한방 먹였군. 도망치는 모습이 죽이는 것보다 재미있어!\""
    },
    {
      "Key": "66ce1588-f48a-4665-ad49-f17d1564261e",
      "Value": "\"그래, 이 자식들아. 여기가 네 무덤이 될 거다... 덤빌 상대를 보고 덤볐어야지!\""
    },
    {
      "Key": "3c883f3c-9533-4052-a970-f959c63fb46a",
      "Value": "{n}지도자는 불안한 웃음으로 표정을 숨기려고 합니다.{/n} \"자.이 무덤 때문에 싸울 이유가 없어. 우리는 더 쉬운 건수나 찾으러 갈꺼라구.\""
    },
    {
      "Key": "b6747637-6404-4804-94b0-5646890ab9b5",
      "Value": "\"오늘 누가 죽는지 보자...\""
    },
    {
      "Key": "aac20db5-7bc1-4ed4-800f-b21b114fe23e",
      "Value": "{n}발레리는 도적을 보고는 발 밑의 시체를 봅니다. 그녀는 무기에 손을 댑니다.{/n} \"더러운 도적놈들. 우리는 그들을 보내줘서는 안됩니다.\""
    },
    {
      "Key": "b8701e5a-2035-4f93-9dca-c67ed2d1781e",
      "Value": "\"이 짐승들이 하는 짓을 보십시오! 고대의 무덤을 약탈하려는 짓을!\" {n}발레리는 역겨워서 침을 뱉으려는 것 같습니다.{/n}"
    },
    {
      "Key": "39a9ea8a-e271-4eae-9d3e-8baa1d3cca81",
      "Value": "\"왜 이 악당들을 속이려고 하는 거야? 그들이 받을 것은 약탈에 대한 보복이야!\""
    },
    {
      "Key": "cfbc3ffc-3dc4-42be-8ad0-f1ccacca3b19",
      "Value": "\"그들을 겁줘서 도망가게 두려는 겁니까? 이 악당들은 약탈자에 살인자입니다! 그런데 그들을 그냥 보내주려구요?\""
    },
    {
      "Key": "9a231c45-60bf-41e8-8dfa-d3a319feb039",
      "Value": "\"이 더러운 놈들로부터 너의 땅을 정화하겠어.\""
    },
    {
      "Key": "4cf4041b-1ca3-4b87-8839-3aa7133a8f1e",
      "Value": "\"이봐! {name}! 영구자가 뭐야? 영웅 같은 거냐? 아니면 나쁜 놈이야?\""
    },
    {
      "Key": "2e4aab5c-6d16-496b-9ad3-ee5a03f60ac8",
      "Value": "\"여길 봐! 애완동물 같지 않아? 이런 녀석이 있다면 좋겠다. 헤헤...\""
    },
    {
      "Key": "fec6d461-83a0-44d2-b496-426ee99aa3c4",
      "Value": "\"하. 고블린 왕처럼 말하는구나. 영구자라는 말은 나쁜 말이 분명해.\""
    }
  ]
}