{
  "$id": "1",
  "strings": [
    {
      "Key": "7fe13c94-3bc3-4345-a269-4322c93f6010",
      "Value": "[상자를 뒤집니다]"
    },
    {
      "Key": "cc03c4ff-0ca8-4987-9b14-9714effa563e",
      "Value": "[상자들에게서 물러섭니다]"
    },
    {
      "Key": "f08608b1-0f1d-4745-aced-4236c2dbb26f",
      "Value": "{n}몇몇이 모여 여기에 수많은 상자와 나무통들을 옮겼습니다. 흔적으로 보건데 손이 타지 않은지 몇달 되지 않았습니다. 상자 주위의 바닥은 옷과 무기 그리고 보급품들이 흩어져있습니다. 모두 조사하려면 몇시간은 걸릴 것입니다.{/n}"
    }
  ]
}