{
  "$id": "1",
  "strings": [
    {
      "Key": "22eeb9ac-6660-4aba-92a9-8339c225d6d3",
      "Value": "\"아미리! 무슨 일이야?\""
    },
    {
      "Key": "eaccf9c3-47f8-490d-b017-dd512f67904b",
      "Value": "\"정신 차려! 우리는 계속 가야 해.\""
    },
    {
      "Key": "2ffa039f-cab9-4f5b-bf2e-aebdc9640a8b",
      "Value": "{n}아미리는 얼어붙은 묘비에 무릎을 꿇고 조용히 무언가를 중얼거리고 있습니다. 그녀는 간신히 당신을 알아차립니다.{/n}"
    },
    {
      "Key": "b4c19b76-0f3d-423e-9afb-06f3fb0c43a1",
      "Value": "{n}아미리는 검은 머리카락 사이로 그녀의 눈을 들어 올려 당신을 보는데 표정이 이상합니다.{/n} \"무덤에 그 이름이 보여? {d|Nilak}닐락{/d}... 나는 그녀를 구하지 못했어. 왜 미친 개가 발악하는 동안 그녀가 죽어야 하는 거지? \""
    },
    {
      "Key": "4c6c8725-9ba3-414c-b3e5-ab80e6b038f0",
      "Value": "\"아무것도 아니야!\" {n}아미리가 퉁명스레 말하며 뛰어올라 두 발로 섭니다.{/n} \"너를 기다리는 게 지겨워. 그래서 그랬어! 이 마녀가 와서 내 귀에 악담을 퍼부으려고 했어. 뱀이 몇 마리 있는데 그들이 말하길 갈비뼈 안의 칼과 같다고 하더군...\""
    },
    {
      "Key": "8f9d86d4-3e8c-4e28-9014-6cfb116cf002",
      "Value": "\"내가 걱정하듯이! 하! 계속 가라는 건 계속 가라는 의미야! 너는 내 부족이라고 말했지. 우리는 함께 누구든 조각내버릴 거야.\""
    },
    {
      "Key": "3502783d-c707-4b40-922f-42e6b0ab04a2",
      "Value": "\"아니. 나는 떠날 거야. {name}. 너는 나를 신경쓰지 않았으니 달라붙지 마. 나중에 내가 역병 걸린 쥐처럼 너를 맥빠지게 하지 않은 걸 고마워할 거야. {n}아미리는 돌아서서 걸어 나갑니다.{/n}"
    },
    {
      "Key": "6b4bb4be-80db-43a9-82fe-dcb109b919a9",
      "Value": "\"나는 아무데도 가지 않을거야!\" {n}아미리가 퉁명스레 말합니다.{/n} \"아니면 어쩌면... 나는 길을 잃을 거야. 내가 소중히 여기는 사람들에게 슬픔과 {d|Amiri Nilak Sacrifice}죽음{/d}만을 가져다 주겠지. 나를 설득하려고 하지 마. 한계라는 것이 있어. 나도 한계에 도달했다. 나는 더 이상 갈 수 없어... \" {n}아미리가 돌아서서 걸어 나갑니다.{/n}"
    }
  ]
}