{
  "$id": "1",
  "strings": [
    {
      "Key": "d8b9194a-10e8-4806-be60-3ad18539546d",
      "Value": "\"프레데로가 그녀에게 무슨 짓을 했는지 보십시오! 그는 발레리의 얼굴을 망쳐놨습니다! 이런 일을 겪고 나서도 가만히 있어야 했단 말입니까?\""
    },
    {
      "Key": "cf1d9e5b-bece-4840-aeb4-e2047b460b7a",
      "Value": "\"마지막 일격을 가하라고 내가 명령했습니다 - 공정한 결투에 있어 공정한 결말이었지요. 하지만 발레리가 내게 동의하지 않았다면, 그리하지 않았을 겁니다.\""
    },
    {
      "Key": "957f7c7a-c7df-41b3-a8ab-49e218fd1edd",
      "Value": "\"하지만 발레리는 모든 규칙에 따랐습니다. 그녀는 프레데로가 불러서 갔고 프레데로의 도전을 받아들였습니다. 이런 점을 모두 고려해야하지 않겠습니까?\""
    },
    {
      "Key": "e036c556-8510-421c-a2d7-5884e38c3518",
      "Value": "\"발레리는 {g|Shelyn}셸린{/g}과 그녀의 손길이 닿은 모든 것을 경멸하오. 그녀의 공손한 태도를 여신에 대한 복종과 착각하지 마시오!\""
    },
    {
      "Key": "d9a26683-19a1-4a18-8870-e661e763f31d",
      "Value": "\"발레리의 유일한 잘못은 내 명령을 따랐다는 것 뿐입니다.\""
    },
    {
      "Key": "86114802-a5dd-42e2-acbf-de12b77d11f5",
      "Value": "\"명령을 따랐다고 발레리에게 가혹한 심판을 내린단 말입니까? 그렇다면 신의 명령을 따르지 않았다고 그녀를 심판하려 하는 이 노력들은 다 뭐란 말입니까?\""
    },
    {
      "Key": "406283c6-99b7-490a-b070-35b4aa57fa28",
      "Value": "\"발레리에게 동의 하지 않습니다. 하지만 그녀가 가혹한 말을 하더라도, 그녀의 마음은 고통과 비참함으로 가득차 있다는 점을 알아주시기 바랍니다. 그녀의 말이 아니라 행동으로 판단해 주시길 바랍니다. \""
    },
    {
      "Key": "6e12402a-6a78-4f0a-8ebd-9e4dd622e8eb",
      "Value": "\"당신이 지금까지 저질러온 살생에는 뭐라고 얘기할겁니까? 스스로에게 진실하십시오. 발레리. 당신은 전사지, 간호사가 아닙니다!\""
    },
    {
      "Key": "1267d5ec-55f0-4165-926c-d88d9f602dc1",
      "Value": "\"하! 줏대 없는 인간 같으니! 그의 말을 진지하게 받아드릴 필요가 없습니다. 발레리, 이런 자와 인사를 나누다니, 마치 진정한 위선자가 된 기분이겠군요.\""
    },
    {
      "Key": "6d5f55ec-32b6-4aab-b718-f5f78156a4b1",
      "Value": "\"당신이 먼저 그녀를 자극했지 않습니까! 그건 당신 잘못입니다. 이벨드!\""
    },
    {
      "Key": "3a3746b7-ce1d-4316-9f37-e57d6ae600a5",
      "Value": "[발레리에게 속삭인다] \"그에게 분노하면 안됩니다. 그게 그가 원하는 바입니다!\""
    },
    {
      "Key": "d12b0d0b-64e1-4ef9-bcf2-3c067c73a46e",
      "Value": "\"발레리는 결투에서 프레데로를 쓰러뜨렸고 내 명령에 따라 그를 베었습니다. 그녀를 내버려두십시오!\""
    },
    {
      "Key": "b6d4ba9b-21d0-4033-ac70-ff3aaed976ce",
      "Value": "[거짓말] \"프레데로 시넷이란 이름은 들어본 적이 없습니다.\""
    },
    {
      "Key": "0ca0d9b6-93e6-4c04-9255-74f542f4d040",
      "Value": "\"우린 단 한가지 목적으로 프레데로 시넷을 만나러 갔습니다 - 그를 제거하기 위해서지요.\""
    },
    {
      "Key": "746f1202-f9fb-4533-ac68-2262703801cf",
      "Value": "\"누구든 인생에 있어 스스로의 길을 선택할 수 있습니다. 당신과 프레데로는 셸린의 은총 따랐고 발레리는 그곳에서 발길을 돌렸을 뿐입니다! 그게 당신들이 그녀의 인생에 상관할 이유가 되진 않습니다!\""
    },
    {
      "Key": "404e57f1-6377-407c-9e40-d9f1957d95d4",
      "Value": "[이벨드에게 속삭인다] \"내가 당신이라면, 도둑맞은 땅의 {mf|남작|여남작|왕|여왕}을 섬기는 사람을 고발하지는 않겠습니다. 그 땅에서는 무슨 일이 일어날지 알 수가 없으니까 말입니다.\""
    },
    {
      "Key": "9f4720f3-d3ad-4403-9238-ea72da1eeeb7",
      "Value": "\"시간 낭비하는데 지쳤습니다. 발레리, 떠납시다!\""
    },
    {
      "Key": "60fa1133-f159-4560-8f96-db0346138ada",
      "Value": "[거짓말] \"프레데로 시넷이란 이름은 들어본 적이 없습니다.\""
    },
    {
      "Key": "c2595028-f209-4d6d-929a-eb7bae4f5f96",
      "Value": "\"{g|Shelyn}셸린{/g}의 신성 재판이 시작되었도다! 여신계서 길 잃고 혼돈에 빠진 자에게 자비를 베푸소서. 이제 모두의 말을 듣고 발레리를 기다리고 있는 운명을 결정할 때 입니다.\""
    },
    {
      "Key": "e37ec26b-2491-4ed0-9ae2-ee8fbed67385",
      "Value": "\"오늘, 프리즘의 신전의 천정 아래서, 우리, 여신의 추종자들은 , 당신, 발레리에게 {g|Shelyn}셸린{/g}의 눈 앞에서 자신을 속죄할 기회를 주려고 합니다. 그리고...\""
    },
    {
      "Key": "68ddb3a0-8577-48bd-ba26-851e86e10954",
      "Value": "\"충분하오, 라르옌. 여기 있는 모두가 그녀에게 속죄할 자격이 없다는걸 알고 있소. {g|Shelyn}셸린{/g}의 은총을 거부한 그날 그녀는 용서받을 기회를 잃었단 말이오!\""
    },
    {
      "Key": "ff5ccd7c-bbad-4d3c-8508-1a84f97513c7",
      "Value": "{n}프레데로 시넷은 모두의 주의를 끌기 위해 헛기침을 합니다.{/n} \"난 석상마냥 조용히 있기 위해 이자리에 온것이 아닙니다. 내가 발레리에게 결투를 신청했을 때, 그녀는 받아들였습니다. 우리는 규칙에 따라 싸웠고, 우리의 다툼을 마무리시켰습니다. 그때 발레리가 어떤 의도였는지는 모르겠습니다만, 적어도 그녀는 날 어느 정도 {d|Valerie Fredero Lives}존중{/d}해 줬습니다!\""
    },
    {
      "Key": "48d9c4eb-1c47-4806-b505-6716c4081df6",
      "Value": "\"하지만 교단에 대한 그녀의 죄는 여기서 끝나지 않소! 발레리, 너의 전 멘토인, 존경받는 프레데로 시넷에 대해선 뭐라 대답할 것인가? 너의 흔적을 뒤쫒던 고귀한 팔라딘이 영문도 모른체 {d|Valerie Fredero Killed}사라져버렸다{/d}! 진실을 밝혀라, 발레리 - 그는 어디있는가? 마지막까지 너를 믿고 용서하기 위해 노력했던 자는 어디 있냐는 말이다!\""
    },
    {
      "Key": "2f0f6292-32e8-4bf5-9653-886415d2aa43",
      "Value": "\"사라진 팔라딘을 찾으려고 내가 기사단을 떠난게 아닙니다. {g|Shelyn}셸린{/g}의 추종자들이 여신의 모든 종복을 살피는 게 내 일이라고 생각한다면, 크게 잘못 생각하고 있는 것입니다!\""
    },
    {
      "Key": "2a33dff4-a53b-4c7e-9fe9-07c252aeecca",
      "Value": "{n}발레리는 고개를 숙입니다. 뭔가 말하려고 하지만, 한마디도 꺼내지 못합니다.{/n}"
    },
    {
      "Key": "3173e2b4-82a9-4c1b-bfc8-dc7db827e941",
      "Value": "{n}발레리는 콧웃음 칩니다.{/n} \"난 전혀 신경쓰지 않았습니다, 마음대로 생각하세요! 그저 당신에게 교훈 한자락 가르쳐주고 날 내버려두게 하고 싶었을 뿐입니다!\""
    },
    {
      "Key": "a24fa118-ea56-45ae-8433-7bba9d5b9504",
      "Value": "\"누구든 모욕하고 싶진 않았습니다. 내가 원하던 건 - 그리고 항상 꿈꿔왔던 건 - 그저 내 인생을 내 방식대로 사는 것 뿐이었습니다!\""
    },
    {
      "Key": "106688b2-33a6-458d-b636-446edc88f5da",
      "Value": "{n}발레리는 주먹을 꽉 쥡니다{/n} \"그렇습니다! 팔라딘이 결투를 신청했습니다. 자신이 선택한 결과입니다. 내가 왜 그를 살렸어야했단 말입니까? 난 내가 옳다고 생각한대로 행동했을 뿐입니다, -내가 신경쓰지도 않는- 여신이 내게 바라는 대로가 아니라!\""
    },
    {
      "Key": "1c4eb462-c5e6-490f-829b-e257fb4d4760",
      "Value": "\"{mf|남작|여남작|왕|여왕}의 말 속에는 진실이 있습니다. 아름다움을 그처럼 잔인하게 빼았겼을 때 화를 참지 못한 것을 두고 발레리를 비난할 순 없겠지요.\""
    },
    {
      "Key": "e8544544-2f4a-472c-baa2-eebeba3a74eb",
      "Value": "\"지당한 말입니다! 언행이 씁쓸할지언정 그 사람이 한 행동을 무시해서는 안되겠지요!\""
    },
    {
      "Key": "4b3e212b-16b7-4666-8979-41c72050ef1d",
      "Value": "\"정직한 말씀이십니다. 믿어주십시오, {mf|영주님|영주님|전하|전하}, 여기 있는 사람 가운데 발레리에 대한 편견이 있는 자는 아무도 없습니다!\""
    },
    {
      "Key": "5d096130-f2d4-4362-b6eb-1ecbd5c874bb",
      "Value": "\"프레데로에 대해선 이만 하도록 합시다. 시간이 많지 않을 뿐더러, 발레리는 이에 대해 충분히 대답했습니다. 영원한 장미의 기사단 소속인 그녀의 멘토의 증언에 따르면, 발레리는 고귀하고 자비롭게 행동했습니다.\""
    },
    {
      "Key": "8adf9d7e-ab09-4532-9c30-a555d5951a03",
      "Value": "\"그런가? {g|Brevoy}브레보이{/g}에서 들리는 소문에 의하면 전혀 아닌것 같소만? 발레리는 자만디 알도리의 집에서 무고한 사람들이 불지옥 속에서 죽게 {d|c0 Let People Burn}내버려{/d}뒀다고 하오! 단지 그녀가 그렇게 명령 받았기 때문에 말이오!\""
    },
    {
      "Key": "b6797dd7-9395-4d1c-9050-494ae1f85940",
      "Value": "\"{g|Brevoy}브레보이{/g}에서 그녀가 보여주었던 용기에 관한 이야기는 국경 너머에까지 잘 알려졌소. 이 두려움을 모르는 전사가 자만디 알도리 집에서 난 화재에서 얼마나 많은 이를 {d|c0 Saved People}구했소{/d}? 그들과 수많은 사람들이 발레리에게 목숨을 빚진 셈이오.\""
    },
    {
      "Key": "ff88e36a-2009-4069-a018-524d77b3ea9c",
      "Value": "{n}발레리는 얼굴을 밝히며, 급하게 말합니다.{/n} \"둘러볼 시간적인 여유가 없었습니다! 상황을 판단한 시간도요! 그 공격에서.. 살인자들이...\""
    },
    {
      "Key": "a8ad8660-a8cd-4f5b-9f6c-3886113b1bee",
      "Value": "\"뭐라고? 하지만..\""
    },
    {
      "Key": "3a0e0791-7689-48b4-b60a-8fb5f25872df",
      "Value": "{n}발레리는 입을 열지만 한숨을 쉬더니 아무말 하지 않고 고개를 숙입니다.{/n}"
    },
    {
      "Key": "c5f1ba5a-ad4d-4057-9092-973898ba7202",
      "Value": "{n}빌레리는 수심에 잠겨 머리카락에 얼굴을 뭍습니다만, 곧 그녀의 입술에 분노한 비웃음이 나타납니다. {/n} \"맞습니다. 그렇게 극적으로 다른 숫자는 비교해 볼 필요도 없지요.\""
    },
    {
      "Key": "c5a68396-4b36-4afd-a530-361312a4b3db",
      "Value": "\"자만디 알도리의 목숨이 경각에 달려있었습니다! 소드로드의 생명을 위험에 빠뜨릴 수 있었겠습니까?!\""
    },
    {
      "Key": "aa7f2104-7b8f-42e4-9b53-b1976cbd0d6d",
      "Value": "\"그 일은 잘 기억하고 있습니다. 그 불길에서 오직 한 명만을 구해낼 수 있었지요. 하지만 다른 자들은...\" {n}발레리는 말을 멈춥니다.{/n} \"미안합니다.\""
    },
    {
      "Key": "3b460d53-f65e-4ca3-8ed3-fefe40edc851",
      "Value": "\"오, 내 행동을 자비로 해석하지 말아주세요 - 그리고 셸린을 끌어들이지도 마시고요! 난 명령에 따랐을 뿐입니다 - 그게 다란 말입니다!\""
    },
    {
      "Key": "5b60e698-f1ba-4e44-9819-d3eb5585dcbd",
      "Value": "\"난 내가 해야할 일을 했을 뿐입니다. 그뿐입니다.\""
    },
    {
      "Key": "a176a2a9-63a6-4190-b824-4f5c2196acda",
      "Value": "\"그만! 이 끝없는 헛소리가 지겨워지는군. 발레리는 오직 {g|Shelyn}셸린{/g}이 소중하게 여기는 모든 것을 해치려는 하나의 목표만을 위해 뒤틀린 삶을 선택한, 변덕스럽고 명예없는 여성이라는 사실을 밝혀줄 증거가 여기 있소!\""
    },
    {
      "Key": "14823637-884e-441b-9196-7ab2ad2a44e7",
      "Value": "\"내 주장을 확인해 줄 믿을 수 있는 증인을 데려왔소. 이벨드 경을 소개하오!\""
    },
    {
      "Key": "7740fec9-499d-4649-a3bc-33f63b25612e",
      "Value": "{n}이벨드는 가슴을 들고 턱을 곧게 세웁니다.{/n} \"이 여인은 관객들 앞에서 날 모욕했소 - 아무런 이유 없이말이오! 무력으로 날 체포했고, 더 최악인건 - 먼지가 가라않고 냉정해지고 나서도 - 발레리는 {d|Valerie Support Valerie}사과{/d} 따윈 전혀 하지 않았소. 이런 행동들이 그녀의 악의를 확인하는 증거라고 말하는 바이오!\""
    },
    {
      "Key": "628635a2-bd20-4113-a745-bbef11b6bce2",
      "Value": "{n}이벨드는 주저하며 발끝을 바라봅니다.{/n} \"글쎄올시다, 헤겐드 경, 사실 발레리는 그녀가 일으킨 모든 불편에 대해 {d|Valerie Support Eveld}사과의 뜻{/d}을 표했다오. 지난 과거를 다시 파헤친다면 내 체면은 뭐가 되겠소?\""
    },
    {
      "Key": "62567604-a2a5-423d-b21e-8078d1c622f5",
      "Value": "{n}라르옌은 눈썹을 치켜세우고 안경넘어로 이벨드를 바라봅니다.{/n} \"오? 이분의 예술이 누군가에게 해를 끼칠 목적으로 행해졌습니까?\""
    },
    {
      "Key": "3588dbba-5997-4ec7-9f41-1b09249ae7b8",
      "Value": "{n}이벨드는 손사래치며 부정합니다.{/n} \"무례하군요. 예술은 정신을 고양시키기 위한 것이지, 폭력을 부르기 위한 것이 아니오!!\""
    },
    {
      "Key": "1355715c-0bc3-4cbf-92cf-b8980cc301d2",
      "Value": "{n}발레리는 그늘진 미소를 보입니다.{/n} \"그렇습니다. 제가 사과하지 않았다면, 슬픔에 빠져 죽음을 선택할 것 처럼 보였지요.\""
    },
    {
      "Key": "d7f909db-0735-4c2e-8da0-6c7b3045c2c9",
      "Value": "{n}발레리는 피곤한 눈초리로 당신을 바라봅니다.{/n}"
    },
    {
      "Key": "ef9bed19-f835-48f3-b4d1-fbd0256e5fd4",
      "Value": "{n}발레리는 고개를 세우고 크게 숨을 들이쉽니다 - 마치 긴 잠에서 깨어난듯이. 신전의 장식을 둘러보더니 손을 들어 올립니다.{/n} \"당신들의 말은 충분히 들었습니다. 이제 내가 말하게 해주십시오.\""
    },
    {
      "Key": "c07aa46f-cd71-460f-92dd-fc5eb990f74a",
      "Value": "\"지난 몇달 동안, {g|Shelyn}셸린{/g}의 추종자들은 내 인생을 고문처럼 만들었습니다. 왜 그랬을까요? 그저 내가 다른이의 뜻을 거부했기 때문입니다. 그들은 한 번도 내가 뭘 원하는지 묻지 않았습니다. 중요한건 오직 그녀의 광신도로 표출되는 여신의 희미한 변덕 뿐이었지요!\""
    },
    {
      "Key": "9f8082e9-416e-40f3-b040-b7ddb68d787c",
      "Value": "\"내가 기사단을 떠난 건 {g|Shelyn}셸린{/g}의 추종자를 모욕하기 위함이 아니었습니다. 내가 원한 건 오직 내가 중요하다고 생각하는 것에 내 인생을 헌신하는 것 뿐이었습니다. 여신의 추종자들은 단 한번도 내 스스로의 길을 갈 기회를 주지 않았습니다.\""
    },
    {
      "Key": "566c45d9-9f5f-4391-a710-527b2f8c3d67",
      "Value": "\"당신들은 당신 주위의 사람들에게 분노를, 슬픔을, 그리고 고통을 가져다 주고 있습니다. 왜 그랬습니까? 당신들의 여신이 그걸 원해서입니까? 아니면 확고한 신앙으로 치장한 당신들의 야망의 발로인 겁니까?!\""
    },
    {
      "Key": "a8a41904-224e-41a2-a498-55af8630ab50",
      "Value": "\"난 언제나 당신들의 광신에 거부감이 들었습니다. 내 아름다움 뒷편에 있는 한 인간을 보지 못하게 하는 무신경한 어리석음이 역겨웠습니다. 그리고 그거 아십니까? {g|Shelyn}셸린{/g}의 '선물'을 잃고 나서야 - 모두가 진정한 나를 보지 못하게 가로막았던 이 가면을 잃고 나서야 - 난 진정한 자유를 찾았습니다. 누구든...\""
    },
    {
      "Key": "f52d5c7d-956a-49db-ac0a-77d6a00c6c91",
      "Value": "\"내가 예술을 숭상하냐고 물었습니까? 아닙니다. 네가 예술을 섬길 준비가 되었냐고 물었습니까? 아닙니다. 나와 {mf|남작|여남작|왕|여왕}에게 그 많은 문제를 가져운 자들에게 존경의 뜻을 보이겠냐고 물었습니까? 이 또한 아닙니다. 하지만 이곳에도 나처럼 단 하나의 목표-자신이 선택한 의무를 수행하는 것을- 만을 가지고 사는 자들이 있지요.{n}발레리는 라르옌에 고개를 돌려 예를 표합니다.{/n} \"{g|Shelyn}셸린{/g}의 종복이 모두 당신과 같았다면, 그때 더 평화롭게 기사단을 떠날 수 있었을겁니다.\""
    },
    {
      "Key": "608695ed-cd57-4be6-ae6e-d20cb01341b4",
      "Value": "\"내가 {g|Shelyn}셸린{/g}의 용서를 받을 자격이 없을 지도 모르겠습니다. 아마 헤겐드 경 같은 광신도들은 제가 교수형을 당하면 더 기뻐할 지도 모르겠습니다. 하지만 이제 깨달았습니다. 단지 이해하거나 공감할 수 없다는 이유로 다른 이의 방식을 비웃어서는 안된다는 걸요. 하지만 이제 당신 앞에서 자유롭게 얘기하건데, 내 양심은 분명 떳떳합니다. 그러니 내가 당신들과 의견이 다르다는 이유만으로 날 심판하려한다면...\""
    },
    {
      "Key": "6629b400-c86e-40e6-89aa-23d59d2d35c6",
      "Value": "\"신성 재판은 끝났습니다. {g|Shelyn}셸린{/g}께선 결정을 내리셨습니다.\""
    },
    {
      "Key": "642e73ed-b2ac-43f9-8b96-689dcec00446",
      "Value": "\"무슨 결정을... 아니 어떻게?\" {n}발레리는 얼굴을 만집니다.{/n} \"상처가! 상처가 없어졌어!\""
    },
    {
      "Key": "85561a9f-2444-4980-8f13-d61dfbdb2428",
      "Value": "{n}헤겐드는 백지장처럼 하얘지고선, 발레리를 떨리는 손으로 가르킵니다.{/n} \"하지만.. 하지만 왜?!\""
    },
    {
      "Key": "ae437171-0d7f-4947-ae26-00e3d593db7d",
      "Value": "{n}라르옌은 발레리를 슬프게 바라봅니다.{/n} \"당신의 내면은 {g|Shelyn}셸린{/g}에 대한 분노와 억울함으로 가득차있습니다, 그리고 그러한 내면은 여신의 빛으로 돌아가는 걸 결코 허락하지 않을 것입니다. 셸린은 복수심에 가득한 여신이 아닙니다. 오직 당신에게 교훈을 가르쳐 주고 싶었을 뿐이시지요. 하지만 당신의 여신의 빛을 거부했으니, 여신은 그저 물러서서 온연히 -여신의 것이 아니라- 당신의 것이었던 걸 돌려주었습니다. 당신의 아름다움 말입니다.\""
    },
    {
      "Key": "eee7c3d4-9bfd-4dbe-9951-2c3005437436",
      "Value": "{n}라르옌은 발레리를 바라보며 부드럽게 미소짓습니다.{/n} \"그녀를 보십시오, 여러분. 그녀의 내면이 자존감으로 가득 차있지만, 이렇게 놀라운 아름다움을 가진 생명이 그러하지 않을 수 있겠습니까? 이제 {g|Shelyn}셸린{/g}의 빛이 발레리의 영혼을 채웠으니, 그녀는 다시금 여신의 광휘로 가득 채워졌습니다. 장미에 났던 가시는 불태워졌습니다. 여신께서는 발레리에게 빛과 아름다움의 원천으로 가는 길을 보여주었습니다.\""
    },
    {
      "Key": "c0bec21a-38f0-4ebd-8ee2-7171af881f07",
      "Value": "\"안돼!\" {n}헤겐드는 충혈된 눈을 부라리며, 무기를 뽑고선 허공에 흔듭니다.{/n} \"저 마녀가 {g|Shelyn}셸린{/g}을 속였다! 오직 나만이 여신을 뜻을 알지어다! 발레리에게 죽음을!\""
    },
    {
      "Key": "bd652d2e-31c2-4bf7-a849-f180b0548bf3",
      "Value": "\"발레리의 증언은 그 어떤 말보다 그녀가 받는 비난을 확인해줄 뿐이오! -그저 이 여자의 미덕에 믿음을 가지고 있었던게 유일한 잘못이었던- 시넷 경에 무슨 일이 일어났는지 더 이상 의심의 여지가 있겠소?\""
    },
    {
      "Key": "980fedf6-4de7-44be-bf3e-0289f0eaacc5",
      "Value": "\"네 영혼을 정화하고 잘못을 인정해 스스로를 해방시킬 수는 있겠지 - 하지만 난 네가 울거나 자비를 구걸하는 걸 보진 못했다. 얘기해봐라, 발레리, 무엇이 널 이렇게 만들었느냐? 고약한 오만함이냐 아니면 벽돌과 같은 고집스러움이냐?\""
    },
    {
      "Key": "d38c3c45-158f-48b6-a0d4-887f80b11fb5",
      "Value": "{n}발레리는 슬쩍 보고는 입을 닫습니다. 그녀의 목은 땀으로 흥건합니다.{/n}"
    },
    {
      "Key": "ff88e713-693b-4b25-aeb1-d14d991a9dda",
      "Value": "{n}발레리는 당신의 얘기를 듣지 않은 척하지만, 당신의 그녀 어깨의 긴장이 풀리는 것을 봅니다.{/n}"
    },
    {
      "Key": "fbede796-c5bb-45f4-8d86-6148a02c966e",
      "Value": "\"흠, 당신 얘기를 믿지 않을 이유가 없지요, {mf|영주님|영주님|전하|전하}. 그럼 프레데로의 실종은 발레리의 양심과는 무관한 것으로 알겠습니다.\""
    },
    {
      "Key": "c9d6ee1a-0544-4156-a162-34b439bef26e",
      "Value": "{n}발레리는 광분한 표정으로 당신을 태워버릴 듯이 노려봅니다. 당신의 뻔뻔한 거짓만이 그녀를 기쁘게 한 것 같지는 않습니다.{/n}"
    },
    {
      "Key": "74cee83a-dc4d-45df-a662-f12b900c51da",
      "Value": "\"그렇습니까? 그럼 이 재판이 끝나면, 당신의 그런 경솔함에 대해 논의보도록 해야겠군요!\""
    },
    {
      "Key": "6d010e7f-6bb7-4f03-a11b-5c2b802ab1a5",
      "Value": "\"{mf|남작|여남작|왕|여왕}에겐 그럴 권리가 있습니다. {g|Shelyn}셸린{/g}의 팔라딘이라 할지라도 그들이 밟고 있는 땅의 법도를 존중해야 합니다.\""
    },
    {
      "Key": "51b46c18-29b8-48ac-a811-71150352afab",
      "Value": "\"발레리..\" {n}성직자는 말을 잇지 못하고 무겁게 한숨을 내쉽니다.{/n}"
    },
    {
      "Key": "bd826cca-6f39-41a7-ab8f-52d6763c6105",
      "Value": "\"세상에 빠져들고픈 어린 소녀의 열망은 이해할 수 있습니다. 그저 발레리가 그 소망을 표현할 다른 방식을 찾지 못하고, 버릇 나쁜 아이처럼 기사단을 달아나는 것으로 끝난 게 안타까울 뿐입니다.\""
    },
    {
      "Key": "f645136a-6153-422f-b0b6-cd3efe910df3",
      "Value": "\"이 여자는 뻔뻔하게도 공개적으로 {g|Shelyn}셸린{/g}의 종복을 모욕하고 있소! 오, 너의 불경함은 한도 끝도 없구나, 발레리?\""
    },
    {
      "Key": "5569e331-b9f9-4478-bc92-dcb2717b6861",
      "Value": "\"놀라우실지 모르겠습니다만, 당신 말이 맞습니다. 냉정을 되찾고, 전 발레리에게 한 비평이 약간 지나쳤다는걸 깨달았지요.\""
    },
    {
      "Key": "f7c598d9-3213-418b-a0e6-7fadf9abcdf8",
      "Value": "\"그리고 우린 그렇게 했습니다 - 단지 당신이 그의 발자취를 따라오길 바라면서 말입니다!\""
    },
    {
      "Key": "cc46c961-c9ea-44d5-a8ef-b618e7f2bd8d",
      "Value": "\"변명의 여지가 없는 용서할 수 없는 죄 -그게 네가 발레리의 행동에서 본 것이오.\""
    },
    {
      "Key": "36d987a8-773d-4a7c-b5db-3c674c3055ee",
      "Value": "{n}발레리는 짜증에 눈을 감아버리고 숨을 크게 삼킵니다. 그녀는 소리를 지르기 직전의 상태로 보입니다.{/n}"
    },
    {
      "Key": "97671085-daa2-4a8f-b85d-c9f9081335cd",
      "Value": "\"하지만 자만디 가문의 평화를 지켜주던 이들의 생명이 한 명의 소드로드의 생명이 덜 중요하다는 것입니까? 끔찍한 실수를 저질렀습니다, 발레리.\""
    },
    {
      "Key": "7b104472-20fb-4032-a7d9-41130799fb26",
      "Value": "\"정말입니까? 그게 비방자의 상상 속에서만 벌어진 일이라면 발레리의 행동을 심판할 수 없겠군요...\""
    },
    {
      "Key": "06f71b98-7ca8-4ce5-8360-3417e430871a",
      "Value": "{n}발레리는 일어서서, 돌처럼 굳은 모습으로 허벅지를 꽉쥡니다. 그녀는 당신이 부끄러운 듯 당신의 시선을 피합니다.{/n}"
    },
    {
      "Key": "870dcd8a-677f-4e71-a8a3-99ccd1ef3678",
      "Value": "{n}라르옌의 목소리가 평온해집니다.{/n} \"이해합니다. 발레리. 당신의 잘못이 아닙니다. 이제 이 슬픈 주제는 넘어가도록 하지요.\""
    },
    {
      "Key": "49eab897-b977-45e9-9d5f-4441f4e2053f",
      "Value": "{n}Valerie's face is lit by a faint smile.{/n} \"Truly. I forgot what hypocrites {g|Shelyn}셸린's{/g} servants are! You only care about one freedom of will – the one that serves your own interests!\""
    },
    {
      "Key": "2831541c-cfb3-4127-b2f9-99820917d9f0",
      "Value": "{n}성직자는 사죄의 뜻으로 손을 들어올립니다.{/n} \"우린 몇몇 뉘앙스를 분명히하려 했을 뿐입니다, {mf|남작|여남작|왕|여왕}. 비난의 화살을 기꺼이 몸소 받으시려는 뜻은 잘 알겠습니다. 발레리가 실로 섬길 가치가 있는 통치자를 선택한 것 같습니다.\""
    },
    {
      "Key": "157cf13c-4c3e-4bfb-a792-fc4f38b62cde",
      "Value": "\"그만!\" {n}발레리의 목소리가 신전 전체에 울려퍼집니다. 신전의 조각들이 떨리는 것 같습니다.{/n} \"이 쓸모없는 수다에는 질렸어! 내가 여기 서있는데도 당신들은 내가 마치 멍청한 그림이나 석상인 것 마냥 나에 대해 논의하고 있어! 심판하고, 고발하고, 나에 대해 말하고, 마치 내가 아예 존재하지 않는 것처럼 말이야! 당신들의 {g|Shelyn}셸린{/g}과 함꼐 {g|Abyss}어비스{/g}로 꺼져버려!\""
    },
    {
      "Key": "5dbd0b4a-795e-421c-b235-1f5ad519f0b6",
      "Value": "\"여신의 신전에서 여신을 모욕하다니! 발레리에게 죽음을!\""
    },
    {
      "Key": "ba38fc09-b449-44f8-ad96-c1727a30afe9",
      "Value": "\"그녀의 언행에 뻔뻔함이 가득하구나! 오만함이 가득해!\""
    },
    {
      "Key": "ebffac0d-47f2-4090-9a25-a80cdd1d843f",
      "Value": "\"발레리의 마음에 선함이 가득한 것은 확실합니다. 결국, 그녀의 아름다운 겉모습은 -곁눈질로부터 숨겨진- 완벽한 영혼을 반영한 것일 뿐이니까요.\""
    },
    {
      "Key": "6eb05343-44dd-4434-8c93-013155d28a04",
      "Value": "\"물론입니다, {mf|남작|여남작|왕|여왕}. 우린 발레리의 행동으로만 판단할 것입니다.\""
    },
    {
      "Key": "405eb0d8-31ad-4cd7-81d4-8176fe4c3366",
      "Value": "\"뭐-뭐라고요? 죄-죄송합니다, 뭔가 착오가 있었던 것 같구요... 전 발레리 양에게 전혀 불만이 없습니다. 전혀요! 지금 당장 볼일이 있어 가봐야겠습니다!\""
    },
    {
      "Key": "6b846a4f-b51c-4b47-9445-560772ff29a5",
      "Value": "\"하! 그런 저열한 협박으로 절 겁줄 수는 없습니다! 당신이 방금 한 짓은{mf|영주님|영주님|전하|전하}, 당신의 땅에서 널리 퍼지고 있는 소문을 확인해 줄 뿐입니다!\""
    },
    {
      "Key": "05f38114-58e6-405b-a6cb-ac425091f57f",
      "Value": "\"하지만.... 재판은 아직 끝나지 않았습니다! {g|Shelyn}셸린{/g}의 신성한 법정을 모욕해서는 안됩니다!\""
    },
    {
      "Key": "11ecd131-56ec-4ba4-bcaa-0bd9c556fa1a",
      "Value": "\"그만.. {g|Shelyn}셸린{/g}의 종복이여 - 나를 따르라! 이 악당들이 준 모욕을 그들의 피로 닦아내야한다!\""
    },
    {
      "Key": "9f38cc04-c67f-4e9d-8726-cbc46cda553a",
      "Value": "\"오 안돼, 전... 음, 할 수만 있다면 - 그냥 바램이지만 - 시적 정의에서 영감을 좀 얻었으면 했는데.. 에헴... .\""
    },
    {
      "Key": "454a8a08-a950-494f-bb82-547b971b5af0",
      "Value": "\"그렇다면 당신의 주장을 받아드릴 수 없습니다. 이 신전을 떠나십시오.\""
    },
    {
      "Key": "c9615782-7f81-4735-815f-24c6e82f5100",
      "Value": "{n}발레리가 낮게 속삭입니다.{/n} \"부탁입니다, 내게 맡겨주세요.\""
    },
    {
      "Key": "97216686-7347-4d05-a3a3-d872436c28e7",
      "Value": "\"그럼에도 불구하고, 그 일들이 발레리가 고귀한 일을 하는 걸 가로막지는 못했습니다. 그 정신이야 말로 그녀의 아버지와 프레데로가 그녀에게 가르쳐 준 것이지요.\""
    },
    {
      "Key": "76a4bf8b-69cd-4afc-9af9-4caa300a8ee5",
      "Value": "\"부탁입니다, 너무 분노하지 마십시오. 당신의 말 속에는 진실이 있습니다. 인정하지요.\""
    },
    {
      "Key": "4234ceec-aae9-40d5-a661-7ba276ea5514",
      "Value": "\"제발, {name}! 그게 불명예스러운 명령이었다면 난 따르지 않았을겁니다 - 내 행동은 오직 나 자신의 책임이란 말입니다.\""
    },
    {
      "Key": "234fa7ed-2ed2-41b4-b3c9-d0da1044c10f",
      "Value": "{n}발레리는 당신의 말을 못들은 척합니다..{/n}"
    },
    {
      "Key": "88d3a2ea-3c7c-4b81-9ae8-c57459f152ec",
      "Value": "\"에헴.. 좋습니다. 그렇다면, 이 문제는 넘어가도록 합시다.\""
    },
    {
      "Key": "e3a0b829-8422-44bf-a545-abc6b442cd4e",
      "Value": "{n}발레리는 조용히 이를 갑니다.{/n}"
    },
    {
      "Key": "18ab112e-2fc8-4440-aa15-d2dd47ffdfd7",
      "Value": "\"내게 스스로 말할 수 있는 기회를 주지 않겠어요?!\""
    },
    {
      "Key": "b0203c51-dbc7-440e-930a-1e751e1c7d40",
      "Value": "\"정말입니까? 그게 비방자의 상상 속에서만 벌어진 일이라면 발레리의 행동을 심판할 수 없겠군요...\""
    },
    {
      "Key": "f232d02f-3c06-4360-bc9c-c52f1a91c505",
      "Value": "\"고맙소, 이벨드. 당신의 얘기에 전혀 놀라지 않았소 – 발레리는 목소리만 큰 상점주인마냥 행동했겠지...\""
    },
    {
      "Key": "29925687-9b73-4602-906e-6f3a0211c511",
      "Value": "\"감사하오, 이벨드! 발레리의 양심없는 행동에 대한 당신의 증언이 무시되지...\""
    },
    {
      "Key": "6e6a7ded-e88d-4170-979c-2cd53c79bcb9",
      "Value": "{n}발레리는 놀라서 음유시인을 쳐다봅니다, 그리고 당신을 바라봅니다.{/n} \"무슨 짓을 한겁니까? 왜그랬어요?!\""
    },
    {
      "Key": "0c5807a3-21aa-4d06-b88e-72fcba1e651d",
      "Value": "\\하 하 하! 그들을 열받게 했구만, 친구! 그래도 싼 작자들이지!\""
    },
    {
      "Key": "bc17c3e8-ddd7-4e8e-9e67-0d542b0c2407",
      "Value": "\"내가 말해도 그것보단 더 낫겠는데.\""
    },
    {
      "Key": "70f0c6b7-fff1-480b-b678-64d826649794",
      "Value": "\"당신도 알다시피 피할 수 없는 진실이오! 그녀의 공격에 대한 희생자로서, 내가 말하고 싶은건... 오, 미안합니다. 계속하세요, 헤겐드 경.\""
    },
    {
      "Key": "3e7a8380-5a93-48e3-8fc6-b617d9b5e956",
      "Value": "{n}린지는 당신을 걱정스런 표정으로 바라봅니다.{/n} \"당신이 발레리를 걱정하는 건 잘 알지만... 솔직히 말해서, 이 고발은 완전히 공정해요! 그렇게 생각하지 않나요?\""
    },
    {
      "Key": "c6624abd-b126-4926-900c-ec18c839caa5",
      "Value": "\"오, 내게도 그렇게 사과하곤 했지. 그걸 어떻게 잊을 수 있을까?\""
    },
    {
      "Key": "478137c7-9c12-49ed-b3ea-6b5f15e3c9f1",
      "Value": "\"사과라고? 발레리가? 그런 대단한 기적은 처음 들어보는데!\""
    },
    {
      "Key": "7f460fce-b5d5-4087-be75-3d577672272e",
      "Value": "\"오, 언제? 전혀 몰랐어!\""
    },
    {
      "Key": "d8367b64-8d23-479f-a900-a6772fa6d5cf",
      "Value": "\"요술이다!\""
    }
  ]
}