{
  "$id": "1",
  "strings": [
    {
      "Key": "5d6660a4-25a8-4338-b09f-7d7313957ea8",
      "Value": "\"{name}에게 새로운 길이 열린 것을 알았으면 좋겠군.\""
    },
    {
      "Key": "96fc2034-9a8a-4b5e-8939-e3671a4adf38",
      "Value": "\"맞아! 모든 길은 우리에게 열려있어!\""
    },
    {
      "Key": "db29389a-bb9b-4143-a933-4139e76ecc3b",
      "Value": "\"어떤 사람들에게는 권력이 주머니를 채우는 수단이지만 어떤 이들에게는 중대한 책임이라고 할 수 있지.\""
    },
    {
      "Key": "e59562c0-a5e1-4ab5-8d12-74889f4f2d51",
      "Value": "\"그런 권력으로 무엇을 할지 보고 싶지 않아...\""
    }
  ]
}