{
  "$id": "1",
  "strings": [
    {
      "Key": "d994a45e-b280-401c-89ee-e482c40905a0",
      "Value": "{g|Military3_1}[선택 시 효과]{/g} \"소드로드를 장교로 고용하라.\""
    },
    {
      "Key": "d674dd27-0ab1-4641-aa00-8190b1c44f8e",
      "Value": "{g|Military3_2}[선택 시 효과]{/g} \"주문 시전자를 장교로 고용하라.\""
    },
    {
      "Key": "ec1884b6-3781-4070-afb3-cd9874b7fce4",
      "Value": "\"나보다 이 문제들에 대해 더 잘 이해하는 듯하군. 네가 직접 문제를 해결해라.\""
    },
    {
      "Key": "90b4c9d5-99bc-408d-982c-14946dc19cf4",
      "Value": "\"{mf|영주님|영주님|전하|전하}, 신병 모집이 계속 진행된다는 보고를 드리게 되어 기쁩니다. 저희 병사들은 점점 더 훌륭한 병사들로 채워지고 있습니다. 하지만, 우리는 또 다른 문제에 직면해 있습니다. 그 말인즉슨, 장교가 부족하다는 것입니다. 우리는 일반 시민들 사이에서가 아닌, 특정한 기술과 지식을 갖춘 자를 찾아야 합니다.\""
    },
    {
      "Key": "3ecabf96-b327-40df-bc3e-9995d7f5fb45",
      "Value": "\" {g|Swordlords}소드로드{/g} 중에서 장교를 모집할 것을 권합니다. 그들은 경험 많은 전사이자 능숙한 지도자이며 전략적인 사고를 할 수 있고 전쟁터의 가혹한 현실에서 살아남을 수 있는 일종의 용기를 북돋울 수 있습니다.\""
    },
    {
      "Key": "ca848280-d823-491d-bd04-a65cafffdf81",
      "Value": "\"음, {name}, 또 나야. 우리 군대는 성장하고 있어. 더 많은 병사들이 생겼지. 하지만 지휘관이 부족해. 신병 중에는 똑똑한 사람이 없어. 좋은 지휘관 없이는, 음, 너도 알잖아. 군대를 운영할 수 없을 거야.\""
    },
    {
      "Key": "adf88a2a-85f7-4034-bb33-b3555866b44a",
      "Value": "\"어떤 군대에서는 마법사나 샤먼이 장교를 맡더군. 그들은 머리는 좋지만... 군인에 대해서는 전혀 모르잖아? 하지만 {g|Brevoy}브레보이{/g}에 있을 때 봤던 게 있는데... 있잖아... 그... {g|Swordlords}소드로드{/g}, 맞아! 그들은 좀 말랐지만 무기에 대해 잘 알고, 군인들도 우러러보잖아. 내 생각엔 그들을 우리 군의 지휘관으로 고용해야 한다고 생각해. 그들은 분명 군대의 존경을 이끌어 낼 거야.\""
    },
    {
      "Key": "6669f522-ccff-4c8f-bddb-0e69f7d62fad",
      "Value": "\"들어봐, {name}. 신병 모집에 대해서 기억해? 음, 내가 그랬잖아. 우리는 숫자는 많은데 지휘관이 없다고.\" {n}레곤가르는 그의 송곳니를 통해 침을 뱉습니다.{/n} \"우리는 이 멍청이들이 두려워하고 복종할 만한 누군가를 찾아야 해. 나 혼자만으로는 부족하다고.\""
    },
    {
      "Key": "d899a11e-62f5-4577-86ae-3f43536ca241",
      "Value": "\"누굴 지휘관으로 세워야 할지 알아? {g|Brevoy}브레보이{/g}에 춤추는 멧돼지 사냥꾼들 같은 멍청이들은 안되지, 안돼. 대신 주문 시전자를 고용해야 해! 우리 성가신 군인들은 마법사에 대해서는 불평 한마디도 속삭이지 않을 거야. 얼굴에 번개가 떨어질까 무서워할걸? 그리고 그 마법사들이 전쟁터에 어떤 공포를 가져올지 상상해봐. 대걸레로 바닥이나 닦던 {g|Swordlords}소드로드{/g}나 {g|Choral}코랄{/g}이랑은 차원이 다를걸!\""
    },
    {
      "Key": "d373da7a-33df-449e-8e06-00b519ddbf4a",
      "Value": "{n}카실이 끄덕입니다.{/n} \"당장 필요한 준비를 하겠습니다.\""
    },
    {
      "Key": "bcc1052d-0665-4ed5-9a85-0fa2c77cfdd2",
      "Value": "{n}아미리가 만족스럽게 콧노래를 부릅니다.{/n} \"좋아. 가서 다른 사람들한테 네 명령을 전할게.\""
    },
    {
      "Key": "7e3793c1-a261-4dbf-ba67-6d9077afcfa6",
      "Value": "{n}레곤가르는 경멸하며 비웃습니다.{/n} \"뭐야, 너도? {g|Swordlords}소드로드{/g}라니, 말도안돼... 농민들도 그놈들은 안 무서워한다고! 어떤 군인이 그들을 우러러볼까?\""
    },
    {
      "Key": "17f9792d-8a7f-43a2-89c9-a7cf2b30d12c",
      "Value": "\"하지만 평생 연구실에 앉아 있는 주문 시전자들이 어떻게 지휘를 할 수 있을까요?\" {n}카실은 고개를 가로젓습니다.{/n} \"저.. 저는 당신의 결정이 조금 놀랍습니다.\""
    },
    {
      "Key": "c4cdb0a2-dc42-40cc-8cf5-cc1fdf6f72ea",
      "Value": "{n}아미리는 모욕당한 듯한 표정을 하고 있습니다.{/n} \"뭐, 뭐어?! 로브나 입고 다니는 말라깽이들이 내 부하들한테 이래라저래라 하게 한다고? 장난하냐, {name}?! 내가 그놈들을 가만둘 것 같아?!\" {n}아미리는 화가난 듯 바닥에 침을 뱉습니다.{/n}"
    },
    {
      "Key": "44b780be-ea28-4197-b9c6-84392d30c620",
      "Value": "\"좋아! 골칫덩이 한두 명 정도 튀겨주고 나면, 나머지 병사들은 대열을 잘 지키고 서 있을거야.\""
    },
    {
      "Key": "6a42ef37-5d3d-4c83-8b6e-aa91a507d773",
      "Value": "\"믿어주셔서 감사합니다. 바로 이 직책에 관심이 있는 {g|Swordlords}소드로드{/g}들에게 편지를 보내보겠습니다.\""
    },
    {
      "Key": "7eb453db-1de4-438e-adc6-291bf887dc36",
      "Value": "\"그럼 나는 그 {g|Swordlords}소드로드{/g}들을 구하는 방법을 좀 알아볼게. 나중에 다시 오지.\""
    },
    {
      "Key": "1a5b38ca-9ddb-47c9-ac4e-b822bd552fe5",
      "Value": "\"지휘관에 완벽하게 어울리는 마법사 몇 명을 알아. 내가 알아서 다 처리할게.\""
    }
  ]
}