{
  "$id": "1",
  "strings": [
    {
      "Key": "81f4ad5e-d704-4047-9f37-d3c0c59b653c",
      "Value": "[에빈드라를 함정에 끌어들였습니다] \"에빈드라. 내 보좌관 산나는 태초 세계를 잘 아는 사람의 조언이 필요하다. 여기서 멀지 않은 곳에서 그녀가 기다리고 있다. 도와주겠나?\""
    },
    {
      "Key": "e42dc60a-0e21-409f-82a0-e4efce16422d",
      "Value": "\"나는 가야 해. 안녕히!\""
    },
    {
      "Key": "b3896808-875f-461e-8547-aa841bf26271",
      "Value": "[에빈드라에게 경고합니다] \"나는 너에게 경고해야겠다. 라마슈투의 여사제인 산나가 너를 제물로 선택했다.\""
    },
    {
      "Key": "3710e5e8-a888-438d-a25e-87dcfc9d7383",
      "Value": "{n}에빈드라는 하고 있는 일을 멈추고 슬픈 눈으로 당신을 바라봅니다.{/n} \"내가 뭔가 도워줘야해?\""
    },
    {
      "Key": "a638f160-2a5f-442e-90b0-6f5d55897c68",
      "Value": "\"아무도 {g|First World}태초 세계{/g}를 잘 알지 못한다, 심지어 여기에서 태어나고 자란 나도 그렇다. 그러나 내가 할 수 있는 한 도울 것이다. 이것이 내가 여기있는 이유이다. \""
    },
    {
      "Key": "ed747515-40c3-4f5b-b50f-648759c6ee14",
      "Value": "\"물론, 이것은 무의미한 소원일 수 있지만, 조심해라. {g|Eldest}원로{/g}는 적 중의 적이다. 그의 힘은 그의 속임수에 의해서만 맞설 수 있다...\""
    },
    {
      "Key": "cccc69a3-a50f-47ae-b443-83575ba83c1e",
      "Value": "{n}네레이드는 허둥댑니다.{/n} \"{g|Lamashtu}라마슈투{/g}의 제물이라니! 그 무서운 신이 내 삶을 원한다면, 나는 영원히 사라질 것이다.\n경고해주어 고맙다... 조심하겠다. 어쨌든 나는 네가 {g|LanternKing}등불왕{/g}에게 이기는 것을, 그리고 그의 왕관이 떨어지는 꼴을 보기 위해 살아야만 한다!\""
    }
  ]
}