{
  "$id": "1",
  "strings": [
    {
      "Key": "68fc77ab-8afd-4cb2-88e7-41124d20028f",
      "Value": "\"들어봐, 서렌레이께서는 모든 이를 용서하라고 하신댔지. 그럼 너한테 동전 몇 개 빚진 것도 용서하시겠네?\""
    },
    {
      "Key": "555c6c6e-ce6d-4d16-9e1f-0f10703e8436",
      "Value": "\"아미라, 아미리...서렌레이께선 죄를 용서하시지 빚을 용서하시지 않습니다. 서렌레이 님은 모두에게 속죄할 기회를 주십니다. 당신은 제게 빚을 갚을 기회를 얻게 되지요!\""
    }
  ]
}