{
  "$id": "1",
  "strings": [
    {
      "Key": "c19d98e5-53f3-4357-8746-0417706c9e2a",
      "Value": "\"그저 당신이 여태껏 진정으로 용감한 신사를 만나지 못했을 뿐이라 생각합니다.\""
    },
    {
      "Key": "65f030f9-dc68-434c-8508-e1d32d68e061",
      "Value": "\"그런 일이 일어나서 유감입니다.\""
    },
    {
      "Key": "94865fb4-18fa-4ea2-9298-3205d7b87655",
      "Value": "\"대화 주제를 바꿔보지요.\""
    },
    {
      "Key": "78c00580-1226-4fc0-a209-2d36488073bf",
      "Value": "\"역겨운 소리군요.\""
    },
    {
      "Key": "e423f1e3-4bae-40a4-9d34-11bdef4d4598",
      "Value": "\"여자가 남자에게 구애하는 세상이라니, 내가 죽기 전까진 그런 세상이 오지 않았으면 좋겠군요!\""
    },
    {
      "Key": "68956084-1f25-4bea-ae2f-823b47b0340b",
      "Value": "\"왜, 있지 않습니까. 용감한 여기사의 의중부터 여쭤봐야겠지요.\""
    },
    {
      "Key": "01fd5187-5930-4f4a-b225-47448bd00bfb",
      "Value": "\"그들의 사랑하는 마음마져 놀리지는 맙시다.\""
    },
    {
      "Key": "3a17935c-96f8-416d-815f-a48ef74e6198",
      "Value": "\"침착하게 여인을 정복하는 작업을 진행해야겠지요.\""
    },
    {
      "Key": "03a22218-d7d4-4c6e-b474-3ee09c51b26b",
      "Value": "\"... 내가 막 돌아서려고 하는데 그 순간 - 꽝! 그 일격을 맞고도 어떻게 방패가 박살나지 않고 버텼냈는지 지금도 놀라울 뿐이랍니다! 치유사를 찾아갈 때까지 이틀동안 팔과 어깨가 욱신거렸지요. 그때부터 누군가 전쟁터에 방패없이 나가겠다고 할때면 그 오우거가 떠오른답니다. 내 방패가 없었다면, 난 지금 이자리에 있지 못했을테니까요.\""
    },
    {
      "Key": "19ad1e1b-fbec-4e9b-97e5-3297a0d398fe",
      "Value": "{n}발레리는 머리를 흔들며 한숨을 쉽니다.{/n} \"솔직히 말하자면, 지각없는 괴물들보단 지각을 가진 생명체가 더 두렵답니다. 예의를 앞세워 썩은 본심을 숨기는 놀라운 능력 때문이지요. 언젠가 만났던 기사 한 명이 생각나는군요...\""
    },
    {
      "Key": "e26ee059-481d-4bbe-8c6a-e8b2fb8fbb8b",
      "Value": "\" 난 한 {g|Brevoy}브레보이{/g} 용병 야영지에서 그 사람을 만났지요. 그는 무리 중에서 나에게 관심을 갖더니 날... 정복해야겠다고 결심했답니다. 마치 무슨 포상이나 영광스런 전리품처럼 말이에요. 이틀 정도 지나자, 그가 내게 관심이 있다는 소문이 야영지 전체에 퍼졌고 - 조금만 시간이지나면 - 내가 분명 그의 소유가 될거라고 확신하는 분위기였답니다.\" {n}발레리는 이를 갑니다.{/n} \"그리고 여태껏 내 삶은 이런 재수없는 불량배들을 여럿을 내게 던져왔지요. 용감한 신사분들께서는 여자에게 오직 한가지 모습 - 순종적이고 의사표현을 감추는 모습만을 바라는 모양이지요?\""
    },
    {
      "Key": "125847d5-2b7d-4bfd-bb23-427da41c1680",
      "Value": "{n}발레리는 보이지 않는 먼지를 털어내는 양 손가락으로 갑옷을 쓸어내립니다.{/n} \"음, 그래서 어디까지 말했더라? 어쨌든, 이제 가봐야겠네요. 앞장서세요, {name}.\""
    },
    {
      "Key": "0df2d02e-95e2-4d86-a85d-0f8b903bea55",
      "Value": "{n}발레리는 끄덕입니다.{/n} \"그래요. 그게 바로 내가 정확히 느낀 바에요: 역겨움. 당신이 숭배의 대상에서 살아있는 인간으로 변해 거절의 말을 건낸다면 - 그 순간 바로 '용감한 기사나리'는 당신을 고마워할 줄 모르는 몹쓸년으로 본답니다.\""
    },
    {
      "Key": "ffa04414-f83c-4181-b398-0b07a1763c08",
      "Value": "{n}발레리는 고개를 젓더니 웃습니다.{/n} \"이 얘기를 들으면 안타깝겠군요. 내가 거절할 수 있을 뿐만아니라 모욕에 걸맞는 매질도 할 줄 안다는 걸 그가 깨달았을 때 어찌나 한심해보이던지!!\""
    },
    {
      "Key": "201fd5a5-58ab-4dbd-943e-f13dd4db475a",
      "Value": "{n}발레리는 진지한 호기심으로 당신을 바라봅니다.{/n} \"안될께 뭐있나요? 여자는 앉아서 행복이 - 그들을 사랑하는 남자의 형태로 - 눈앞에 떨어질때까지 기다리기만 해야 하나요? 그런 여자들이 이 세상에 수없이 많긴 하지만요 - 당신의 짝이 될 사람도 그런 사람 중 하나겠지요.\""
    },
    {
      "Key": "9ad9c111-cb36-470a-b021-5d9089ce2e45",
      "Value": "{n}발레리는 당신을 재어봅니다.{/n} \"그런가요? 그럼, 진정 용감한 신사라면 어떻게 행동해야 하는거죠?\""
    },
    {
      "Key": "c862979b-7aee-4dd2-91b0-f2efac5d6f54",
      "Value": "{n}발레리는 입술을 꾹 다뭅니다.{/n} \"정직한 사람의 방식이라기보다 첩보 작전에 가까운 것 같군요. 물론 많은 남자들이 당신 말에 동의하겠지요.\""
    },
    {
      "Key": "478488d5-8873-4e3c-b3d2-24bcc2bc4c4d",
      "Value": "{n}발레리는 당신에게 미소짓더니 아래를 쳐다봅니다.{/n} \"그래요. 이긴 적도 없으면서 승리를 뽐내는 재수없는 수탉들보단 더 좋은 얘깃거리가 많으니까요.\""
    },
    {
      "Key": "64ce3825-56ae-4e64-b1da-3587cf9b7445",
      "Value": "{n}당신 말에 발레리가 웃습니다.{/n} \"오, 내가 보기엔 당신이 바로 그 멸종위기종 중 하나인 모양이네요! 당신같은 남자가 여전히 존재한다니 정말 마음이 놓이네요.\" {n}발레리는 잠시 말을 멈추더니, 당신을 바라봅니다.{/n} \"아마 그게 내가 당신과 여전히 함께하는 이유겠지요. 아니 내 말은, 당신 일행과 함께요!\""
    }
  ]
}