{
  "$id": "1",
  "strings": [
    {
      "Key": "b7bf5542-2017-490a-beeb-ab3d586cecfa",
      "Value": "\"족장이 되니 어때?\""
    },
    {
      "Key": "89ca32d2-8c3c-420f-bfcd-3552d1c7e2e9",
      "Value": "\"너희 부족 상황은 어때?\""
    },
    {
      "Key": "61c2e673-7bd5-4143-923e-7e35fed79885",
      "Value": "[공격] \"너희는 더 이상 필요 없어.\""
    },
    {
      "Key": "46af03e7-3841-47e3-90a4-a6a539a250fe",
      "Value": "\"이만 가봐야겠어.\""
    },
    {
      "Key": "006cac3b-39c2-4f0c-af11-fb7cf2b3613f",
      "Value": "\"안녕한가! 너희는 항상 부족의 {d|c41 Chief Gwart}손님{/d}이야.\""
    },
    {
      "Key": "cc420ba7-06eb-4646-a07d-55a8755b2512",
      "Value": "\"쉽지 않았던 것을 고백해야겠어. 많은 부족이 내가 부족을 이끌기에는 어리다고 생각했거든. 매일 나는 부족에게 나의 가치를 입증해야 해. 하지만 {g|Gorum}고룸{/g}은 나를 버리지 않으셨어. 내 말을 명심해. 의심은 곧 사라질 테니!\""
    },
    {
      "Key": "9d333751-3ad9-4055-a4f1-5c3676097c8d",
      "Value": "\"아르막이 우리에게 한방 먹였어. 우리는 힘을 회복하려고 하고 있지... 하지만 사실 예전으로 돌아가려면 많은 시간이 걸려.\""
    },
    {
      "Key": "376c5b4b-243f-44b9-b631-e749f75c1ef8",
      "Value": "\"뭐? 하지만 왜?\""
    }
  ]
}