{
  "$id": "1",
  "strings": [
    {
      "Key": "c6269040-b084-4a49-8ad2-b60df9897ffe",
      "Value": "[골렘을 조사합니다]"
    },
    {
      "Key": "f525e090-e11d-489a-8f3c-fc95100fb89b",
      "Value": "[골렘을 무기로 때립니다]"
    },
    {
      "Key": "17bba9ec-fc2f-4f15-b25e-386233bf4610",
      "Value": "[골렘에게서 물러섭니다]"
    },
    {
      "Key": "7a768857-0802-4290-984d-9fabeff11b62",
      "Value": "{n}시간에 잊혀졌던 무쇠 골렘이 당신 앞에 섭니다. 그것은 누군가 창조한 거대한 골렘이었습니다. 거대한 팔은 당신을 두조각 낼 수 있을 것 같았지만 움직이지 않았습니다.{/n}"
    },
    {
      "Key": "9dd3ec35-aa0d-47d2-9290-ef23e53adeee",
      "Value": "{n}절대 부서질 것 같지 않은 단단한 판이 장치를 보호해 거대한 몸체를 움직이게 합니다. 이 골렘은 분명히 전투 목적으로 제작되었습니다.{/n}"
    },
    {
      "Key": "a179017c-3984-416c-95d5-b6c4cb33d01f",
      "Value": "{n}무기에는 아무 표식도 없습니다.{/n}"
    }
  ]
}