{
  "$id": "1",
  "strings": [
    {
      "Key": "26e8b6c7-49b3-4e3f-b073-9561dae21b99",
      "Value": "{n}루드린은 처음 그녀를 만났을 때보다 더 나아보였다. 그 때 그녀는 골렘과 싸운 상처를 간신히 견디고 있었다. 이제 그 드워프는 윤기나는 갑옷을 입고 당신 앞에 당당히 서 있다.{/n}"
    },
    {
      "Key": "0448fa85-7daf-4e6f-84f1-d548c33b1794",
      "Value": "\"{g|Groetus}그로투스{/g}의 충실한 하인인 친애하는 하림 경! 셰게 가문은 당신이 우리에게 해준 모든 것에 대해 감사를 표하기 위해 이 변변치 않은 선물과 함께 저를 보냈습니다. 우리는 하림 경에 의해 파괴된 아티팩트의 금속으로 부터 당신을 위해 직접 만들었습니다.\" {n}루드린은 작지만 묵직한 상자를 하림에게 숙이며 전한다.{/n}"
    },
    {
      "Key": "1ca0b3b3-866a-493c-a878-c4e33668f82a",
      "Value": "{n}하림은 눈살을 찌푸리며, 자신의 복잡한 심경을 감추려 애쓴다. 그리곤 목례하며 선물을 받았다.{/n} \"음... 기쁘게 받지. 누군가 그 쓸모없는 찌꺼기로 유용한 것을 만들어 낸 것을 보니 반갑군.\""
    }
  ]
}