{
  "$id": "1",
  "strings": [
    {
      "Key": "2683b566-69ce-4521-a662-f797a8a22442",
      "Value": "\"쑤시개가 무뎌졌다. 녹 녹 새거 필요해. 이건 이제 쓰레기다.\""
    },
    {
      "Key": "d567dc99-94d0-4c3c-b321-cf6427639d2d",
      "Value": "[한숨] \"칼 나에게 줘. 갈아줄게.\""
    },
    {
      "Key": "00809866-593a-4f99-a438-b4bb40238918",
      "Value": "\"하지 마라! 나 너 안다. 칼 잘 던지니까 무뎌진 쑤시개 훔쳐가서 쓰려고 한다.\""
    }
  ]
}