{
  "$id": "1",
  "strings": [
    {
      "Key": "08ffa794-4ab0-40ce-afd7-83a76afa1684",
      "Value": "[금화 5개를 준다] \"여기!\""
    },
    {
      "Key": "3a352d18-de42-4249-b050-534e8db9aabe",
      "Value": "\"너는 누구지?\""
    },
    {
      "Key": "3146fa42-5857-46b4-a07e-e7af4219bb00",
      "Value": "\"당신은 좀비처럼 보이진 않는데.\""
    },
    {
      "Key": "032b8a51-7296-439f-8f4d-80516a95c51b",
      "Value": "\"무슨 노래를 부르고 있나?\""
    },
    {
      "Key": "d14daaab-1c89-44b1-86fa-fb05bc264034",
      "Value": "\"이런 여관은 어디서 찾았어?\""
    },
    {
      "Key": "5ebae20c-3ae1-4585-b43c-9842055248a9",
      "Value": "\"나는 가야 해.\""
    },
    {
      "Key": "2f76148e-f0cf-45b5-b856-f7bb0d9ee3e8",
      "Value": "{n}음유시인이 다소 기괴한 모습으로 당신 앞에 섭니다. 물려받은 것이 분명한 조끼는 한때는 비싼 옷이었겠지만 지금은 낡고 너덜너덜해져 천 조각으로 마구 덧대었고, 군데군데 해골이 자수가 보입니다. 분장한 하얀 얼굴은 두 눈과 광대뼈를 뒤덮은 검은 칠이 눈길을 끕니다.{/n}"
    },
    {
      "Key": "7ca396e6-e7dc-4c9c-bb3a-e2153643042e",
      "Value": "\"내 노래가 낡아빠지는 날까지, 바보에게 바치는 노래를 하리라, 겸손하고도 담대한 그를 노래하네. 거기 장군님! 음유시인에게 동전 한 닢 던져 주시지 않겠습니까!\""
    },
    {
      "Key": "a435d21b-5a6b-477a-bf14-95890904830c",
      "Value": "\"감사합니다, 나리! 맹세컨대 나는 이 안에서 돈을 몽땅 쓸 겁니다. 그리고 이거면 족히 1년 동안 버틸만큼 충분합니다.\""
    },
    {
      "Key": "dc7d6712-2ac6-452c-901f-303ec865bf12",
      "Value": "\"아무런 명성 없는 요란한 악당. – 좀비 어릿광대가 제 이름입니다! 하하하!\""
    },
    {
      "Key": "0dd95e25-3a0c-4fd2-949c-f7268313771b",
      "Value": "\"현재로서는, 저는 아직 살아 있는 것 같습니다만, 오직 케이든만이 내일 뭐가 일어날지 알 겁니다! 저는 제 노래에 이런 이름을 붙였어요. 다른 음유시인들은 영웅들과 로맨스, 꽃, 그리고 다른 썩을 것들을 노래합니다. 제 노래는..\" {n}그 음유시인은 낮은 불협화음으로 류트를 퉁깁니다.{/n} \"훨씬 더 흥미롭지요!\""
    },
    {
      "Key": "cb08f41f-4fe6-4997-9dd8-7da6c47d2725",
      "Value": "\"전 지금 새로운 곡을 쓰고 있습니다 – 그것은 오늘의 여행자들에게 어제의 여행자들로부터 잘라낸 인육을 먹이는 여관에 관한 이야기에요, 하하! 그건 그렇고, 이건 단순한 이야기가 아니라 진실입니다! – 제가 직접 거기 가서 그들의 인육 파이를 맛봤고, 내 껍질만 남겨서 간신히 탈출했어요!\""
    },
    {
      "Key": "d7a0bfcf-e734-44a3-80d5-f3321ffbbd61",
      "Value": "\"공포와 기적! 데몬들과 죽은 자들! 제가 잠 올 때까지 노래로 불러드리죠, 그리고 당신은 자기 침대에 오줌을 지릴 겁니다! 이곳 도둑맞은 땅에는 공포가 도처에 널려 있습죠. 매일 새 노래를 쓸 만큼!\""
    },
    {
      "Key": "60d21e24-c203-4a8d-809b-580808140a45",
      "Value": "\"저는 슈라이크 구릉지에 가 보았고, 십여 곡의 신곡을 가지고 돌아왔습죠. 미친 수사슴 군주의 노래, 사악한 페이의 장난과 트롤들의 축제, 늑대 인간과 호수의 용, 그리고 거미들의 춤... 그리고 지금은 여기서 사이클롭스에 대한 곡을 쓰고 있습니다.\""
    },
    {
      "Key": "238ef514-5a3f-46e7-ba64-11adbbd573a9",
      "Value": "\"검은돌 여울에서요! 제 말을 못 믿겠으면 직접 가서 저들의 솥에 뭐가 들었는지 보십쇼!\""
    },
    {
      "Key": "42602032-0799-4488-ba06-18e6fd555829",
      "Value": "\"속이 다 시원하네! 사이클롭스들 해골들에게 발뒤꿈치를 물리지 않도록 조심하십쇼!\""
    }
  ]
}