{
  "$id": "1",
  "strings": [
    {
      "Key": "1528104c-9f0f-4b3e-b89d-77c019bc364c",
      "Value": "\"한 번은 오크와 싸웠지. 멍청한 길쭉이. 강하고, 멍청하지. 다리 사이로 슬라이드해서 뒤로 가, 찔렀어. 오크는 죽었지!\""
    },
    {
      "Key": "2003c838-4e6c-46b3-9949-00400d50b5f0",
      "Value": "\"넌 진짜 막강한 부족의 오크를 본 적 없을걸. 그것들은 가치있는 적들이야. 그리고 그들의 등짝은 돌로 되어 있어서 찌를 수 없어. 뭐? 이건 사실이야!\""
    }
  ]
}