{
  "$id": "1",
  "strings": [
    {
      "Key": "c17140fe-7a1d-49ee-855b-265025c44414",
      "Value": "\"헤, 나도 귀족 집안에서 태어났으면 좋았을걸. 하인이 내 장화를 핥아주고 침대로 아침을 가져다주겠지. 우리 부족이랑은 다르게 말이야. 네가 부족에서 자랐다면, 놈들은 발로 차서 널 깨운 다음 밥 달라고 부엌으로 떠밀었을걸? 냄새나는 염소 같은 놈들!\""
    },
    {
      "Key": "985c7d02-d0e7-4b20-8b96-82a72d8c603a",
      "Value": "\"귀족 생활을 오래 하긴 어려울 거야. 드레스를 세 번 넘게 갈아입어야 하고, 숙모님과 티타임을 가져야 한다고 하면 어때? 당장 뛰쳐나가 숲으로 줄행랑치지 않겠어?\""
    }
  ]
}