{
  "$id": "1",
  "strings": [
    {
      "Key": "0228ed51-bcc2-4031-906b-4f5ba7a6db5e",
      "Value": "\"넌 누구지?\""
    },
    {
      "Key": "fa436f01-0654-46d4-a78b-66bdc9e0ab80",
      "Value": "\"여긴 뭐하는 곳이지?\""
    },
    {
      "Key": "a5fe041b-407c-409d-a902-342e56fcc9b5",
      "Value": "\"왜? 무슨 목적이지?\""
    },
    {
      "Key": "06bd1e67-94c1-4a30-ac96-656d1543ae25",
      "Value": "\"널 믿겠어. 페이는 사악하고 종잡을 수 없는 농담으로 유명하지.\""
    },
    {
      "Key": "6ab7a664-a840-4d2e-968d-b483d0dd7d32",
      "Value": "\"난 널 믿지 않아. 이 모든 것이 어떤 더 큰 계획 – 네가 조심스럽게 숨겨왔던 세부 사항들의 일부임에 틀림없어.\""
    },
    {
      "Key": "886c6ecf-761d-45db-9323-02b578e84356",
      "Value": "\"더 이상 뭘 믿어야 할지 모르겠어.\""
    },
    {
      "Key": "3834a6f8-7d1b-4105-aa33-e8cc1d90cb73",
      "Value": "\"그렇다면 이 사이클롭스 군주의 무덤과 케런의 선물 - 그것들은 존재하지 않았단 말인가?\""
    },
    {
      "Key": "95e82158-777d-4009-9a96-f0d12471cdc3",
      "Value": "\"반홀드에, 내 동료들에게 무슨 짓을 한 거지?\""
    },
    {
      "Key": "438a4433-19c5-400e-9f6b-51d09b7f00ca",
      "Value": "\"넌 내게 너의 게임에 대해 말했어. 그래서 이제 나한테 뭘 바라는 거야?\""
    },
    {
      "Key": "3ce459ec-65ab-4b7e-a0b2-0dec8e659ccd",
      "Value": "[포탈 쪽으로 물러난다] \"가까이 오지 마, 괴물아!\""
    },
    {
      "Key": "a6c49ecf-748e-48d5-b708-27e5f56f73ae",
      "Value": "[공격] \"우리는 더 할 얘기가 없다, 괴물아!\""
    },
    {
      "Key": "846eaa1a-ccd6-4969-b70f-21dbbb681111",
      "Value": "\"동감이야. 내게 반홀드를 보호할 힘을 줘!\""
    },
    {
      "Key": "a88fbdc5-26d7-4913-9398-bd69c54639ce",
      "Value": "[포털로 들어간다] \"나는 너에게 아무것도 바라지 않는다. 난 집에 갈 거야.\""
    },
    {
      "Key": "c2e0d481-d6ab-4d08-bbdf-674171acc336",
      "Value": "[공격] \"넌 괴물이야. 죽어라!\""
    },
    {
      "Key": "64e5d867-383a-47f4-97d9-dd66635bbf5d",
      "Value": "\"동감이야. 날 위대하게 만들어줘!\""
    },
    {
      "Key": "ff39a4f7-fe3c-4bd2-b185-38414ed5c481",
      "Value": "\"동의해. 나를 반홀드의 통치자로 만들어줘!\""
    },
    {
      "Key": "e57fecbe-170b-4079-a863-3b2a58704485",
      "Value": "\"메이가르 반?\""
    },
    {
      "Key": "ab8b3300-5a04-4b87-84db-5167d6449d70",
      "Value": "\"케팔 로렌투스?\""
    },
    {
      "Key": "40ac4e01-c70f-495c-9535-61a5a4eed6f8",
      "Value": "\"윌라스 건더슨?\""
    },
    {
      "Key": "6d747e2d-433d-421a-ac5a-1684b7117980",
      "Value": "\"나?\""
    },
    {
      "Key": "2f0c1793-1efc-4a44-bba2-8f71f150e21f",
      "Value": "\"모르겠고 알고 싶지도 않아!\""
    },
    {
      "Key": "9921e0c8-4af9-451a-88a3-38b0378c8517",
      "Value": "{n}괴물은 죽었고, 전투 소리는 잦아듭니다. 들리는 것이라곤 귓전을 때리는 피의 맥동과 주변에 널린 생소한 식물의 바스락거리는 잎사귀 소리뿐입니다.{/n}"
    },
    {
      "Key": "faae0bee-ee56-49f2-b4dc-b46d0b76e315",
      "Value": "{n}중후한 손뼉소리에 침묵이 깨집니다. 천천히 박수를 치며, 무거워 보이는 뿔로 장식된 투구를 쓴, 인간형의 생물이 빈터로 들어옵니다. 당신은 그의 눈은 볼 수 없지만, 헬멧 아래의 짙은 어둠이 호기심으로 당신을 살펴보고 있는 것을 느낄 수 있습니다.{/n}"
    },
    {
      "Key": "5c75a8ce-e56d-4546-8c86-c972a4f88afc",
      "Value": "\"브라보. 아주 훌륭한 승리였다. 내 신하 두 명을 죽인 것은 말할 것도 없고, 여기까지 올 수 있는 인간도 많지 않았을 것이다. 난 감명받았다. 그런 위업은 보상을 받을 만하지.\""
    },
    {
      "Key": "2173cdf7-cb65-4bb4-939a-12e6292a35fc",
      "Value": "\"날 뿔난 사냥꾼이라고 불러라. 내겐 다른 이름이 있지만, 오늘은 그 이름으로 하지. 나는 이 지하감옥의 진정한 창조자이자 주인이다.\""
    },
    {
      "Key": "8d1e4126-0f53-4674-8171-a14e73b5bd19",
      "Value": "\"또 묻고 싶은 것 없나? 그렇게 해도 좋다. 너는 그럴 권리를 얻었다.\""
    },
    {
      "Key": "9fb3f00a-2077-4f14-b825-7c7e22749087",
      "Value": "\"우리는 또 다른 차원, 페이의 세계에 있다. 흔히 태초 세계라고 불린다. 아니면 방금 지나온 지하감옥을 말하는 건가? 여기는 로스틀란 성채 – 두 세계 사이를 잇는 나의 관문이다.\""
    },
    {
      "Key": "256850e2-7be3-453c-9cb5-5273bceb007f",
      "Value": "\"옛날에는 자랑스러운 탈도르 제국의 성이었다. 이후에는 다른 세계를 꿈꾸는 소서리스의 동물원이 되었었지. 그리고 마침내 그것은 나의 장난감이 되었다. 나는 그것을 땅 밑에 숨겼고, 이곳이 그들의 소중한 사이클롭스 군주가 잠든 안식처라고 조용히 현지인들을 속였다.\""
    },
    {
      "Key": "ac44658a-c01b-429d-957a-87bcfaf3fb89",
      "Value": "\"내가 말해주면 믿겠나, 이걸 그저 변덕으로. 장난 삼아 했다면? 단지 네 얼굴 표정이 어떻게 바뀔는지를 보려고 오랜 세월 이 놀이를 해왔다면, 넌 믿겠니?\""
    },
    {
      "Key": "c65aeacd-e8d6-499f-8dea-82bed2ac5f5a",
      "Value": "\"오, 이건 전혀 무의미한 일이 아니야. 너는 그저 아이러니의 아름다움을 감상할 줄 모르는 거다. 너 같은 필멸자들의 삶은 진정으로 서사적인 농담의 깊이를 즐기기엔 너무 짧다!\""
    },
    {
      "Key": "14f60e20-4f56-4d65-846d-bbff346ebaa5",
      "Value": "\"넌 아주 분별력이 깊구나! 그래, 더 큰 게임이 있지. 그리고 넌 그 게임에서 네 역할을 다했어. 그러나, 나는 이 순간을 음미하겠다.\""
    },
    {
      "Key": "0e2e2d3e-3eb1-4008-abc5-c4949505f305",
      "Value": "\"그렇다면 광기를 선택하라고! 이성이 날아가 버렸을때 네가 뭘 할 수 있는지 보는거야. 그땐 내 농담의 일부나마 알아먹을지도 모르지!\""
    },
    {
      "Key": "c1ba76f5-ce64-4a1d-b6e0-135e2db040a9",
      "Value": "\"이 아름다운 순간을 놓칠만큼 내 계획은 허술하지 않아. 맹세컨데 나는 천년묵은 와인만큼이나 이 대화를 즐기고 있다고!\""
    },
    {
      "Key": "057434d9-dc52-4daf-9568-bc864d06fe53",
      "Value": "\"오, 아니야! 둘 다 존재한다. 그들은 여기서 멀지 않은 곳에 있다 – 산에서 남서쪽으로. 더 말해주지. 먼지투성이 리치는 이미 깨어났고, 자기 보물을 찾기 위한 사냥이 시작된다... 아아 그러나, 너는 다른 사람들과 합류하지 못할 것이다.\""
    },
    {
      "Key": "6a410135-95fb-4bb1-b6cc-bf9559f10f46",
      "Value": "{n}뿔난 사냥꾼의 조롱 섞인 목소리가 동떨어진 곳에서 들려오는 것 같습니다.{/n} \"난 네게 저주로 보답하고 싶었는데... 하지만 넌 스스로에게 꽤 멋진 농담을 했구나! 안전한 여행이 되길! 네가 집으로 가는 길을 찾을 수 있다면 우리는 다시 볼 거다.\""
    },
    {
      "Key": "63db127b-cbde-4907-8796-842daea4ef00",
      "Value": "\"내가? 아무것도 안했어. 네 대장이 본 끔찍한 장면은 그저... 장면일뿐이었지. 네 대장은 집으로 돌아가서 반홀드가 안전한 걸 확인했을거야.마법사가 그 뒤를 따랐지. 그 두명은 널 구하려고 사람들을 모으려 했는데... 하지만 갑자기 마음을 바꾸더니... 딴 곳으로 가버리지 뭐야. 물론 그건 시작일뿐이지만. 끝내주는 모험이 그 두 명을 기다리고 있다고 !\""
    },
    {
      "Key": "311e1344-7dc7-4923-8a55-b0a97ec54b9e",
      "Value": "{n}뿔난 사냥꾼의 조롱 섞인 목소리가 동떨어진 곳에서 들려오는 것 같습니다.{/n} \"세상에 괴물이 있는 한 영웅이 필요할 것이다. 저 영웅이 경계를 서고 있는 한, 괴물들의 격류는 그칠 줄 모른다. 이 땅의 주인이, 너희가 요새를 떠나도록 허락할 때까지 너는 쉼도 잠듦도 없이 반홀드를 지키리라!\""
    },
    {
      "Key": "4dfe3803-1880-42cf-adf6-ac216986038a",
      "Value": "{n}마지막으로 들리는 것은 뿔난 사냥꾼의 조롱 섞인 목소리입니다.{/n} \"오 그래, 넌 크게 될 것이다. 너는 공포를 심을 것이다. 나는 관대하다! 넌 작위와 지배권을 갖게 될 거야! 나는 너를 로스트라른 요새의 새 주인, {mf|후작|여후작} 데부라티오라고 명명하노라!\""
    },
    {
      "Key": "60f34a7a-ea71-43e8-8a6a-aa75c21174d3",
      "Value": "\"넌 여기서 구하던 것을 찾지 못했지만 그래도 보상을 받을 자격이 있다. 네가 진심으로 원하는 게 뭔지 알아. 그리고 그 소원을 이뤄주겠다.\""
    },
    {
      "Key": "ad056be1-8866-4830-8712-47629b97773a",
      "Value": "\"정말 무례하군! 그렇다면 잘 가라! 하지만 갈 때 조심해. 이 포탈들은 믿을 게 못 되니까. 네가 결국 어디로 갈지 누가 알겠나?!\""
    },
    {
      "Key": "584dd5d5-36f2-4803-b57a-675fb24b39f4",
      "Value": "{n}웃음을 터뜨리며 뿔난 사냥꾼은 사라집니다. 그리고 그와 함께 – 당신 뒤의 포탈이!{/n}"
    },
    {
      "Key": "410a7ee2-2907-4a7d-948d-f73eab92f898",
      "Value": "\"너 정말 골수부터 영웅이구나, 그렇지? 넌 괴물과 악신의 추종자와 상종하고 싶지 않아. 넌 힘을 추구하지만 그 힘으로 남을 겁박하고 싶어하지도 않지. 아니야, 넌 괴물을 죽이기 위해서 힘을 갈구해. 자, 내가 그 힘을 선사하지! 내 손을 잡아 그리고 반홀드가 바라는 수호자가 되는거야!\""
    },
    {
      "Key": "5dd692e5-ef5e-4572-bfd9-4aff3093a78f",
      "Value": "\"너는 적은 것에 안주할 사람이 아니다. 넌 힘을 찾고, 힘을 얻으려면 어디든 갈 준비가 되어 있다. 심지어 죽음의 신에게라도. 나는 그 점을 존경한다. 오라, 내게서 이 힘을 가져가라! 그것을 받아들여. 그리고 이 땅의 옛 주인들마저 떨게 만들 위대함을 성취하라!\""
    },
    {
      "Key": "3f20c352-9e6e-4a0f-9616-8666690b8832",
      "Value": "\"너는 네 지도자를 오래 충실하게 섬겼다. 그렇지만 넌 섬기려고 태어난 것이 아니다! 아니, 너의 운명은 지배하는 것이다. 저 늙은 바보 케팔은 자기 제자를 뒤엎길 거절했지만, 난 아니야! 메이가르 반을 제거하고, 널 반홀드의 유일한 통치자로 만들도록 내가 도와주겠다!\""
    },
    {
      "Key": "1ff1fe3a-813c-4716-9e76-e3074303a365",
      "Value": "{n}뿔난 사냥꾼이 손을 내밀자 당신은 멀리, 멀리, 전송되는 듯한 느낌을 받습니다...{/n}"
    },
    {
      "Key": "9dab2e7f-9ac6-46c7-ba13-7c25266e10ae",
      "Value": "{n}뿔난 사냥꾼은 손을 내밀고, 당신은 밝은 빛으로 휩싸입니다...{/n}"
    },
    {
      "Key": "f57749cd-3d1f-4ed5-9e7f-580c5984eebb",
      "Value": "{n}뿔난 사냥꾼이 손을 내밀자 당신의 눈에 보이는 세상이 어두워집니다...{/n}"
    },
    {
      "Key": "2dc4a6f9-04f9-4c3a-9f2f-a054862578b4",
      "Value": "\"아아, 내가 얼마나 멋진 마지막 판을 계획했는지 네가 알아만 준다면... 그거 알고 있나? 그 비밀도 말해서 나쁠 건 없을 것 같아. 그래도 우선 한 번 맞춰 봐, 내가 반홀드에서 치른 체스게임의 핵심 조각은 누구였을까?\""
    },
    {
      "Key": "b7196a36-000d-4e1f-b1ac-731f00ad0af2",
      "Value": "\"아아, 안됐군. 음, 이것이 내가 혼자 간직할 첫 번째 비밀은 아니다.\"\""
    },
    {
      "Key": "7b3cd9dc-a0a0-4dac-9140-f2a85db761aa",
      "Value": "\"자신이 플레이어라고 생각하는 저 잿빛머리 여왕? 아니, 내가 그런 타입을 좋아하긴 하지만 너무 원시안적이면서 동시에 근시안적이야. 교활한 바보, 카드로 된 집을 짓느라 바빴다만, 난 그것을 날려버리는 게 좋거든. 다른 상황에서, 나는 그와 가장 재미있는 게임을 할 수도 있겠지... 그러나 그는 이번에는 방관하고 있군.\""
    },
    {
      "Key": "6fd8f83a-dd87-4a07-b0ea-51533cd6b244",
      "Value": "\"정확해!\""
    },
    {
      "Key": "1e5fa584-ec62-42bb-8c85-c593eba7e5aa",
      "Value": "\"우쭐대지 마라. 너는 일개 폰에 불과하지만, 어쩌다 보니 체스판의 끝까지 당도했다. 사실, 네가 여기 있는 건 전혀 예정에 없었지!\""
    },
    {
      "Key": "102347b2-b6dc-490a-a9ba-ab6c18095585",
      "Value": "\"아니. 물론 체스판에서는 왕이 다른 기물들보다 더 중요하지만, 그건 그가 없으면 게임이 안 되기 때문이지. 하지만 킹은 좀처럼 게임의 아름다움을 드러내지 않는다고.\""
    },
    {
      "Key": "7d4cc620-6c18-4dad-aba7-db86ed4ab3ab",
      "Value": "\"모든 사건의 연쇄, 즉 일어난 일과 앞으로 일어날 일은 모두 건더슨이 주도했다. 그 지칠 줄 모르는 나이트는 작지만 재빠르게, 자신이 예상하지 않은 칸으로 계속 뛰어다녔지!\""
    },
    {
      "Key": "af843ca3-5155-4bff-b520-3dbe9ce8d16e",
      "Value": "\"사이클롭스 군주의 무덤으로 가는 길을 가리킨 것은 바로 나였다. 내가 없었다면 그는 여생을 산 속을 헤멨을지도 모른다. 나는 어둠을 소환해 무덤의 대문을 열었다. 나는 그를 보물창고로 안내했는데, 그는 그 곳에서 팔찌 한 개, 아니 반지라고 해야 옳지. 잠자는 자의 손가락에서 그걸 뽑아 가져갔다. 잠자는 자는 즉시 도둑의 존재를 느꼈고 죽음같은 깊은 잠에서 깨어나 하인들을 부르고 그를 쫓도록 했다...\""
    },
    {
      "Key": "43305437-e2a3-4f4c-8d58-2204ed88e7b0",
      "Value": "\"그런 나이트의 움직임은 어떤 체스 고수라도 질투나게 만들었을 것이다! 내가 왜 그랬는지, 아니면 다음에 무슨 일이 일어날지 묻지 마라. 만약 모든 계획을 스스로 드러낸다면 그게 무슨 선수겠나. 하지만 날 믿어라, 하루가 지날수록 판돈은 더 높이 올라가고, 경기는 더 흥미로워진다!\""
    },
    {
      "Key": "0b73eae0-9b9f-42ac-8f89-9ad223cef7b1",
      "Value": "{n}뿔난 사냥꾼의 조롱 섞인 목소리가 동떨어진 곳에서 메아리치는 것 같습니다,{/n} \"포상을 즐겨라! 아무것도 아닌 것들의 군주여, 너에게 주는 나의 이별 선물은 고독이다. 두 번이나 배반한 사람이, 성배에 독을 뿌릴 것인가? 믿을 만한 누군가를 찾아낼 것인가?\""
    }
  ]
}