{
  "$id": "1",
  "strings": [
    {
      "Key": "dd3471fc-0899-4f01-b27d-4b5a01d55936",
      "Value": "\"레스토프에 있는 많은 사람들이 에라스틸을 존경하나?\""
    },
    {
      "Key": "774c1231-1562-4a98-ad4f-1c9289740fd9",
      "Value": "\"나도 에라스틸을 숭배한다. 나에게 축복을 내려줄 수 있어?\""
    },
    {
      "Key": "612a8b17-4009-4d3a-9761-8fcb78cd8a16",
      "Value": "\"도둑맞은 땅에 법을 제정하는 것은 어려운 일이야. 네 도움이 있다면 정말 고마운 일이겠지!\""
    },
    {
      "Key": "b3634c65-628b-456c-9192-7e40303d8c89",
      "Value": "\"기념 행사에 놀랍도록 단순한 복장이군.\""
    },
    {
      "Key": "39b9560e-99d2-4d39-8c31-6dde13857a4c",
      "Value": "\"만나서 영광이었다. 안녕히.\""
    },
    {
      "Key": "6dc5a240-06a9-4de2-a023-621d49bbe42e",
      "Value": "\"신은 괴물이다. 사제. 숭배받을 자격이없는 상냥한 괴물.\""
    },
    {
      "Key": "78c6571e-2023-4f6e-9941-eed4d17225e0",
      "Value": "\"네가 그날 밤 자만디와 함께 싸운 모습을 봤어. 신에게서 놀라운 힘을 물려받았구나!\""
    },
    {
      "Key": "c44ba120-f1ce-4ba1-acca-0bfe935bd7c2",
      "Value": "{n}세월의 흔적이 쌓였지만 잘생긴 얼굴의 남자는 거칠고 궂은 살이 박힌 손으로 당신의 손을 단단히 잡습니다. 연미복으로 차려입은 다른 사람들과 달리 그는 간소한 옷을 입었습니다. 그에게서 고급스러워 보이는 것은 금으로 만든 성스러운 {g|Erastil}에라스틸{/g}의 상징이 유일합니다. 다른 손님은 그를 존경의 눈빛으로, 몇몇은 경외감으로 바라봅니다.{/n}"
    },
    {
      "Key": "f3dfe60e-4cd8-4861-8862-9f43e7b94357",
      "Value": "\"승리를 축하하네.\" {n}그는 깊이 있는 목소리로 말합니다.{/n} \"내 소개를 허락하게. 나는 에즈반키 키크. {g|Restov}레스토프{/g}에서 온 {g|Erastil}에라스틸{/g}의 고위 사제라네.\""
    },
    {
      "Key": "37240614-d138-4163-bed7-833ec782a70d",
      "Value": "\"그들은 {g|Restov}레스토프{/g}의 많은 신들을 경배하지. 그들은 도시의 후원자인 {g|Abadar}아바다르{/g}, 영혼을 수집하는 {g|Pharasma}파라즈마{/g}와 같은 신을 숭배한다네. 좀 더 희귀한 종파도 있어. 그러나 {g|Erastil}수사슴 신{/g}의 신도가 가장 많다는 것은 부정할 수 없는 사실이야. 이곳의 사람들은 수세기 동안 농사와 사냥으로 생계를 유지했어.\""
    },
    {
      "Key": "e557eb56-3841-4e1d-9110-660443ce112c",
      "Value": "\"남작이 용감할 뿐만 아니라 신앙심 또한 깊다는 것을 알게 되어 기쁘군. {g|Erastil}에라스틸{/g}께서 너를 돌봐주시기를!\""
    },
    {
      "Key": "a273c9ac-d359-48e8-85a4-362fa530f7b3",
      "Value": "\"이것은 진정으로 고귀한 일이야. 지역 사회가 너에게 합당한 도움을 줄 거라고 믿네. 너를 도와 수도에 무료로 성소를 지어주고 싶어.\""
    },
    {
      "Key": "d0668909-9502-4a61-8733-b9d5f831ea50",
      "Value": "\"우리의 가장 경건한 열망은 종종 방해를 받지. 그러나 그러한 장애를 극복하여 우리가 신과 더 가까워 질 수 있지 않을까? 네가 역경을 극복하고 목표를 이루리라 믿네!\""
    },
    {
      "Key": "79aecf36-2e8d-4ff3-bc29-0a724093630a",
      "Value": "{n}사제의 입가에 희미한 미소가 나타납니다.{/n} \"귀족들은 실크와 새틴으로 드레스를 입고 가난한 사람들에게서 돋보이려 하지. 사제는 귀족들로부터 구별되기 위해 간소한 옷을 입고.\""
    },
    {
      "Key": "d91e2b23-28b8-47a0-80d2-02d6d473bb45",
      "Value": "\"{g|Erastil}에라스틸{/g}이 그대를 지키길.\""
    },
    {
      "Key": "8238c46f-834a-4842-8c31-a4c3de8d2c99",
      "Value": "\"전능하신 이들께서 지금까지 자네를 도왔어. 미래에도 그들이 그대와 함께하길!\""
    },
    {
      "Key": "d806ecda-89c0-4e1f-b53b-aadeba678e6a",
      "Value": "\"정말로 그렇게 생각하나? 그렇게 생각하다니 슬프군.\""
    },
    {
      "Key": "d54bd5ca-30d4-473d-9012-f300160157a1",
      "Value": "\"그래. 나는 전장에서 {g|Erastil}에라스틸{/g}을 섬겼지만 그 시절은 옛날이야. 요즘은 칼에 상처를 입은 사람보다 지붕에서 떨어진 사람들을 더 많이 치료하지. 물론 누군가 숲을 떠돌다 괴물을 죽일 수 있겠지만 나는 이곳에 머물며 병원이나 피난처 같은 곳에서 평범한 일을 하는 게 내 신도들에게 더 도움이 된다네.\""
    }
  ]
}