{
  "$id": "1",
  "strings": [
    {
      "Key": "6d9051f2-d570-4d53-b24b-5416bc2fdaf5",
      "Value": "\"두려워하지 마. 나는 너와 얘기하고 싶다. 여기서 뭐하고 있어?\""
    },
    {
      "Key": "b5bc942f-6e31-4fba-9485-ab1816eeb8fb",
      "Value": "\"내 눈에서 꺼져! 어서 가! 아니면 너를 베어버릴 거야!\""
    },
    {
      "Key": "41f7cfe9-0685-4823-9131-cc355c67a31f",
      "Value": "[공격] \"오늘 고블린 피를 보고 싶어\""
    },
    {
      "Key": "5825a0e9-4979-480f-a109-be0d5c287e50",
      "Value": "\"나는 가야 해.\""
    },
    {
      "Key": "a6e86f8e-f181-4420-815b-41d8f22651de",
      "Value": "[언덕에서 다른 곳을 가리킵니다] \"흠. 나는 뚱뚱한 거미를 많이 봤다... 내 말은, 많은다리 말이야... 저기 어딘가야.\""
    },
    {
      "Key": "a8a99f47-5870-401c-9438-1c5481eac53c",
      "Value": "[고블린에게 식량을 줍니다] \"자. 배고프면 먹어라.\""
    },
    {
      "Key": "16d116af-a5a9-41bb-a151-775f5d3f4b76",
      "Value": "\"언덕 위의 그 돌은 무엇이지?\""
    },
    {
      "Key": "2906a52f-b4fd-41a2-9559-c4ed8f3e601a",
      "Value": "\"여기서 뭐 본 거 없어?\""
    },
    {
      "Key": "5d7f3bee-5130-4a05-8dcd-b319d26b1887",
      "Value": "{n}고블린이 당신을 쳐다보며 무기를 단단히 붙잡고 있습니다. 그의 넓은 얼굴은 진흙으로 덮여 있으며 잔디와 나뭇가지가 귀에 꽂혀있습니다. 고블린은 뒤로 물러나 무기를 휘두르지만 그는 싸우고 싶어하지 않은 것 같습니다.{/n}"
    },
    {
      "Key": "8cea2b35-b89a-4820-a6f4-b0be9c33d486",
      "Value": "{n}고블린은 떨면서 귀가 쳐졌고 당신에게서 물러나기 시작합니다. 그리고는 더 멀리 떨어지려 하고 언덕 아래로 굴러떨어졌고 저주를 퍼붓습니다.{/n}"
    },
    {
      "Key": "c8a49783-4b8c-4871-85d5-95121028864f",
      "Value": "{n}고블린은 이빨을 드러내며 그의 붉은 눈은 좁아졌습니다.{/n} \"길쭉이가 위협한다! 길쭉이 후회할 거다!\""
    },
    {
      "Key": "c62185ae-c36d-4473-a23e-6cca4e52352b",
      "Value": "{n}고블린은 주위를 훑어보고 즐거운 목소리로 말합니다.{/n} \"음식이 필요하다. 나는 많은다리를 잡는다. 뚱뚱하고 맛있는 많은다리!\" {n}고블린은 입술을 핥으며 웃습니다.{/n}"
    },
    {
      "Key": "712e04a5-c339-4031-872b-85664d210260",
      "Value": "\"뚱뚱한 많은다리! 그렇게 토실토실한 녀석은 보지 못했어!\" {n}고블린은 흡족한 미소를 지으며 입술을 핥습니다.{/n}"
    },
    {
      "Key": "31aaf043-b72d-4f2a-b858-1229d847be2c",
      "Value": "{n}고블린은 어깨를 으쓱합니다.{/n} \"빛났다. 타오른다. 만지면 안된다.\""
    },
    {
      "Key": "4bff8007-0d37-47df-8b08-fa1f01faf812",
      "Value": "{n}고블린은 격렬하게 외치며 눈은 빛났고 입을 죽 내밉니다.{/n} \"멍청이! 이리와! 많은다리 잡으러 가자! 나를 따라와!\""
    },
    {
      "Key": "f3cbd418-9a0f-4e14-bfb6-2528b5ae0d96",
      "Value": "{n}고블린은 당신 쪽을 불쾌하게 바라보았지만 움직이지 않습니다. 그는 당신을 돌아보고 그의 눈은 좁아집니다.{/n} \"안돼. 많은다리 여기에 있었다. 나는 여기서 봤고 다른 것도 곧 나올 거야.\""
    },
    {
      "Key": "fdbd9406-f012-4deb-9a9b-b2794f2e011d",
      "Value": "{n}그가 음식을 보자마자 당신의 손에 있는 것을 빼앗아 도망치며 입으로 쑤셔 넣습니다.{/n}"
    },
    {
      "Key": "6d4e505c-ae9b-4b3e-a8b2-09efbf33efe9",
      "Value": "\"흠. 고블린들은 식성이 좋지만 여전히 굶주린 녀석들은 어떻게 거미를 사냥하게 되었을까?\""
    },
    {
      "Key": "50a63549-2fa8-4040-909a-2568769c3d09",
      "Value": "\"아이구! 불쌍한 것! 정말 말랐구나... 고블린은 항상 말라보이긴 했어도... 하지만 이 녀석들은 거미를 먹은 걸로 보아 정말 배가 고팠나봐.\""
    },
    {
      "Key": "d3cb55e9-94d2-4143-b190-e25098a28a5a",
      "Value": "{n}고블린이 당신을 의심스럽게 쳐다보며 무기를 움켜쥡니다.{/n}"
    },
    {
      "Key": "a7ab8983-1ab5-4ba8-9b4f-4b4010603f49",
      "Value": "{n}순간 당신은 고블린이 언덕위에 홀로 있지 않은 것을 알게 되었습니다. 다른 많은 고블린들이 풀과 이끼, 진흙으로 위장을 하고 언덕에 누워있습니다. 이상하게도 그들은 공격하지 않습니다. 그들은 여전히 남아서 풀과 섞이도록 최선을 다하고 있습니다.{/n}"
    },
    {
      "Key": "2ffad952-b5da-41f4-9e88-8b99a05f01a0",
      "Value": "{n}고블린이 당신을 보고 당신이 움직이기를 기다리고 있습니다.{/n}"
    },
    {
      "Key": "314f9a9e-124c-4101-be21-2b5df0da60d3",
      "Value": "{n}녹 녹은 당신의 옷자락을 당기며 당신에게 경고합니다.{/n} \"이봐! 잘 봐! 주위에 많아!\""
    }
  ]
}