{
  "$id": "1",
  "strings": [
    {
      "Key": "f50deda6-8e54-4acb-9c25-2f17fc963c1c",
      "Value": "\"너에 대해서 더 알고 싶다.\""
    },
    {
      "Key": "09c594e6-b2ac-45ee-a0f5-103dc93fb51d",
      "Value": "\"안도란에 대해 이야기해봐.\""
    },
    {
      "Key": "23a85a31-9f16-4e45-8ac2-0fad3233b14b",
      "Value": "\"왜 나의 {mf|남작령|남작령|왕국|왕국}이지?\""
    },
    {
      "Key": "97154a2a-a08c-45c7-9de2-f42f58dc6ce8",
      "Value": "\"네 은행에서 어떤 이익을 얻을 수 있지?\""
    },
    {
      "Key": "eeaab8cd-def5-43ae-95f6-8ceca6663c35",
      "Value": "\"네 말은, 가족 은행 말인가?\""
    },
    {
      "Key": "e0ba98c1-e84b-4ad7-8e30-a739ae5986b9",
      "Value": "\"필요한 정보는 모두 얻었다.\""
    },
    {
      "Key": "16d6ba03-29e1-408b-b534-c7567864e7d5",
      "Value": "\"나는 수도에 은행을 건설하겠다.\""
    },
    {
      "Key": "5b7cf576-51d4-4754-9d00-4faea4f9aa68",
      "Value": "\"내가 제대로 기억하고 있다면, 안도란은 한 때 첼리악스의 식민지였던 곳 같은데.\""
    },
    {
      "Key": "63a94c60-6336-4f4b-abc8-be6c417d919c",
      "Value": "\"네가 언급한 기회에 대해 자세히 말해보라.\""
    },
    {
      "Key": "2ae34029-7b96-426a-8ce8-8daa8affc9a2",
      "Value": "\"너나 네 안도란 프로파간다나 마음에 들지 않는군. 내 땅에서 떠나라.\""
    },
    {
      "Key": "a933de05-2e0f-45aa-86d1-495c1f03098e",
      "Value": "\"이 생활 방식이란 뭐지?\""
    },
    {
      "Key": "11131042-224b-4435-9ef0-dee8657afa2b",
      "Value": "\"매우 흥미롭긴 하다만, 먼저 처리해야 할 다른 문제들이 더 많군.\""
    },
    {
      "Key": "45ba6baa-2b8f-4090-b7a0-9bfea927f20c",
      "Value": "\"시간이 필요하다. 당장 결정하기는 어렵겠군.\""
    },
    {
      "Key": "65fd7c7e-2bfd-46e4-9e2e-6c18174ba98c",
      "Value": "{n}정교하게 차려입은 남자가 그의 어깨에 핀으로 걸어둔 케이프를 벗은 뒤 길게 인사합니다.{/n} \"안녕하십니까, {mf|영주님|영주님|전하|전하}! 제 이름은 알렉스 코버노브입니다. 당신을 뵙기 위해 {g|Andoran}안도란{/g}으로부터 위험한 길을 여행했죠.\""
    },
    {
      "Key": "e65cfa90-c497-434e-ac88-0e84ee7411b4",
      "Value": "{n}알렉스는 당신에게 서류로 가득찬 무거운 서류철을 보여줍니다.{/n} \"저는 '유산과 명예'라는 가족은행의 공식 대변인입니다. 본점은 어거스타나에 있지만, {g|Andoran}안도란{/g}의 국경 너머에서도 사업을 하고 있죠. 저희는 당신의 수도에 은행을 건설하려 합니다.\""
    },
    {
      "Key": "6e67502c-f2dd-4364-a102-b7c27c0c8da0",
      "Value": "\"물론입니다! 하지만...\" {n}알렉스는 생각에 잠겨 그의 서류 무게를 확인합니다.{/n} \"저는 수치나 용어들 따위로 당신이 짜증내게 하고 싶진 않습니다. 대신 제가 언급한 모든 것을 확인시켜드릴 수 있는 당신의 재무관에게 이 서류를 넘기겠습니다. 걱정스러운 부분이 있다면 뭐든지 말씀해주십시오!\""
    },
    {
      "Key": "fb3d4171-3251-423f-b70d-e06315418ffa",
      "Value": "{n}대답하기 전에 알렉스는 몇 초간 당신을 응시합니다.{/n} \"제가 주사위 놀이나 하는 거라고 생각하셨다면, 아마 다시 한 번 생각해보셔야 할겁니다. 저는 당신께서 저희들의 법칙에 동의하실 수 있도록 심혈을 기울여왔습니다.\""
    },
    {
      "Key": "817de430-54ec-40f3-8aed-97cb4905f90f",
      "Value": "\"단지 당신의 돈을 저장하는 것만이 아닙니다. 오히려 예금해두면 돈이 점점 불어나죠! 우리는 당신을 위해 이 체계를 만들었습니다. 우리는 이익을 가져오기 위해 이 체계를 만들었습니다. 이런 약속들을 처음 듣는 사람들은 달콤한 거짓말로 치부하겠지만, 저는 사람들이 태도를 완전히 바꿀 때까지 기다릴 준비도 되어있습니다.\""
    },
    {
      "Key": "8c9e0aac-966c-4074-a07f-0cf87ac243da",
      "Value": "\"은행은 제 아버지께서 설립하셨습니다. 존경받는 사람이었고, 현명한 회계사이자 통찰력있는 사업가셨죠. 아버지께서 이 사업을 저에게 물려주셨고, 지금은 성공한 사람으로서 은퇴하셨습니다. 저와 제 자매를 거의 돌보지 못하셨습니다만 – 그래도 무엇과도 바꿀 수 없는 선물인 당신의 경영 철학을 물려주셨습니다.\""
    },
    {
      "Key": "e0d4afc3-ff8a-4a50-92cc-c016bf2068eb",
      "Value": "\"당신이 이 이야기들을 좋아하셨으면 좋겠습니다. {mf|영주님|영주님|전하|전하}, 이제 우리 계약서에 서명할 준비가 되셨습니까?\""
    },
    {
      "Key": "7462a44b-ab30-4354-a617-5ff6d8c01038",
      "Value": "\"저는 교리나 입법 절차를 의미한 게 아닙니다. 제가 말한 것은 사람의 가치입니다. 제 나라가 혁명을 거치는 동안 배운 것이며, 우리가 어떤 대가를 치르더라도 지키기 위해 노력하는 것이죠. 명예, 고결함. 평등. 이 모든 개념들은 당신의 {mf|남작령|남작령|왕국|왕국}에도 잘 맞을겁니다.\""
    },
    {
      "Key": "dfeb8c94-b22b-41b2-9323-7fcac0de8bba",
      "Value": "{n}은행원은 그의 턱를 문지릅니다.{/n} \"짧게 말씀드리겠습니다, {mf|영주님|영주님|전하|전하}. 그곳은 제 고향입니다. 제가 자란 곳이며 제가 오늘날까지 간직해온 법칙들을 배운 곳이죠. 선량한 여행자들을 언제나 반기는 아름다운 나라이기도 하고, 또한 열심히 일하는 사람에게 많은 기회를 주는 곳이기도 합니다.\""
    },
    {
      "Key": "07915c80-7533-49a6-a4fc-4a979fc098e8",
      "Value": "\"이전에는 {g|Taldor}탈도르{/g}의 영토였죠. 맞습니다, {g|Andoran}안도란{/g}은 수세기동안 지배자가 변화해왔습니다. 운좋게도, 사람들은 그 굴레를 부수는데 성공했고 독립을 선택했습니다. 혁명은 저희에게 새로운 문제를 안겨주었지만, 동시에 독특한 사회 질서도 얻을 수 있었죠.\""
    },
    {
      "Key": "839b1a62-0b4a-4196-98fa-4b225ae761cb",
      "Value": "\"{mf|영주님|영주님|전하|전하}, 외람된 말씀입니다만, 현대 {g|Avistan}아비스탄{/g}의 정부 체계는 근본부터 틀렸습니다. 일부 사람들에게 다른 사람 보다 우월한 위상을 부여하고, 그들의 사상을 민중들에게 강요하고, 그들의 운명을 결정하는 행위 모두를 허락하죠. {g|Andoran}안도란{/g}은 그런 폭군에게서 자유롭습니다. 국가의 통치자는 왕이나 황제가 아닙니다, 바로 민중들이죠!\""
    },
    {
      "Key": "b8c0e208-e9d2-45fe-ae99-5b98a40420fa",
      "Value": "\"민중의 의회가 국가를 다스립니다. 항상 시민들 중에서 선출된 350명의 조언자들을 구성하죠. 그들 중에는 과거 귀족이던 사람들도 있고, 평범한 장인과 부유한 상인, 그리고 존경받는 시장도 있습니다. 민중의 의회는 장관들, 주지사들, 의회원들과 함께 최고 통수권자인 최고 의장을 임명합니다. 특권 계층도 후원자도 없습니다. 모든 사람들이 그들이 받아 마땅한 대우를 받습니다.\""
    },
    {
      "Key": "44b84ebf-c823-4334-998d-bf39e2007501",
      "Value": "\"저희 가족이 어떻게 은행원이 되었고 사회에서 중요한 위치로 올라섰는지 궁금하십니까? 저희는 자랑할 만한 가문도 가보도 없었습니다. 제 할아버지는 한 부유한 귀족 밑에서 일하던 매 사냥꾼이셨고요. 하지만 우리 혈관에는 불꽃이 흐르고 있었죠! 우리는 말도 안되는 위험을 무릅쓰기로 결정했고 저희 사업에 투자했습니다. 지금 보시는 대로, 그 보답을 받았습니다.\""
    },
    {
      "Key": "5f8a8bef-10e9-4774-a245-163fabb84178",
      "Value": "\"소매를 걷어붙이고 일을 해서, 그걸로 좋은 명성을 얻을 수만 있다면, 그를 통해 뭐든지 할 수 있습니다. {g|Andoran}안도란{/g}은 고귀하고 용감한 사람들을 환영합니다.\""
    },
    {
      "Key": "1829712e-6933-4f70-957d-164bc9027fa0",
      "Value": "{n}알렉스의 얼굴이 창백해집니다.{/n} \"{mf|영주님|영주님|전하|전하}, 제 말을 오해하신 것 같아 두렵군요. 저는 제 고향에 대해 미사여구를 노래할 수는 있습니다만, 제가 허접한 프로파간다나 지껄이고 다닌다면 {g|Abadar}아바다르{/g}께서 금하실겁니다! 더이상 제 존재로 인해 문제가 생기지 않도록 하겠습니다. 하지만 모든 서류를 당신의 보좌관에게 전달하는 것을 허락해주십시오! 당신의 화가 가라앉고 나서, 이 사업이 가져다줄 모든 이익에 대해 깊이 고민해주셨으면 좋겠습니다.\"{n}남자는 예의있게 인사합니다.{/n}"
    },
    {
      "Key": "08278085-25f3-4404-938c-3d5701e491b2",
      "Value": "{n}알렉스가 고개를 끄덕였입니다.{/n}"
    },
    {
      "Key": "81406380-7e81-4ba7-bbe6-c965f27c13f6",
      "Value": "\"합리적인 도움은 아무도 해치지 않습니다. 이 서류들을 보좌관 중 한 명에게 전달하겠습니다. 당신이 '유산과 명예' 은행의 제안에 동의하기로 결정하신다면, 저희가 다시 찾아뵙도록 하겠습니다.\" {n}알렉스는 예의있게 인사합니다.{/n}"
    },
    {
      "Key": "0a0044c3-0cfb-43d0-a832-0aba32d3212d",
      "Value": "\"{mf|영주님|영주님|전하|전하}께서 믿어주셔서 감사합니다. 단언하건데, 저희 은행이 제안하는 기회를 주민들 모두 환영할겁니다! 더이상 당신의 시간을 낭비시키지 않겠습니다. 최종 사항은 당신의 보좌관과도 토론할 수 있으니까요.\" {n}알렉스는 예의있게 인사합니다.{/n}"
    }
  ]
}