{
  "$id": "1",
  "strings": [
    {
      "Key": "b5e57149-2765-4eca-ae36-a29ee004a480",
      "Value": "\"기분은 좀 어때?\""
    },
    {
      "Key": "4bd5c31d-9a86-4fe0-a6c0-9e9e1c288265",
      "Value": "\"왜 이 수술에 자원했지?\""
    },
    {
      "Key": "8e8a0e08-aac9-4c07-ab1d-eade5a3b993c",
      "Value": "\"너 자신에 대해 말해봐.\""
    },
    {
      "Key": "50d1fd46-b681-4aeb-b459-3233abdcfa67",
      "Value": "[떠납니다] \"준비해. 이제 곧 시작 해야해.\""
    },
    {
      "Key": "760f0863-2fce-4cca-b998-f77e1c7469c9",
      "Value": "{n}환자로 보이는 이 농민 여성은, 중년에 혈색 좋은 얼굴을 지니고 있었습니다. 당신을 의식하고는 눈을 깜박입니다.{/n} \"세상에! {mf|영주님|영주님|전하|전하}께서 직접 방문해주시다니! 안녕하세요, {mf|영주님|영주님|전하|전하}. 저는 세지데일에서 온 마들라 스타섹이라고 합니다. {mf|영주님|영주님|전하|전하}의 사제들이 정말 저를 치료해 주실 수 있는 건가요? {g|Erastil}에라스틸{/g}의 도움으로 분명 치료해 주실꺼라 믿어요. 저 두분을 보세요. 얼마나 똑똑해 보이시는지!\""
    },
    {
      "Key": "96d5ec78-2ecd-4de4-a287-ec08eff453a8",
      "Value": "\"언제부터 시작하죠?\""
    },
    {
      "Key": "732c388a-7caf-419e-855d-9e7e95d9d909",
      "Value": "실은, 저 정말 무서웠어요. 그래도 이 병은 그냥 감기 같은 게 아니니까, 내버려 둔다고 나아지지는 않겠죠. 이 방법을 택하면 최소한 희망은 있잖아요, 안 그래요? 어쩌면... 의사들이 전염병의 정체를 알아내 치료할 수 있을 거예요. 저는 영웅이 아니지만, 그래도 가끔은 타인을 위할 줄도 알아야 한다고 생각해요! 의사들이 저를 치료하진 못해도, 그 경험에서 다른 사람을 치료할 방법을 찾을지도 모르죠. 그럼 제 죽음은 헛되지 않은 거예요, 그렇죠? \""
    },
    {
      "Key": "46ac50e1-4f44-4d98-a2fa-79010347a646",
      "Value": "\"열이 있어요. 기침도 하구요. 게다가 먹을 수도 없어요. 항상 구역질이 나거든요. 저는 더한 것도 겪었었죠. 여섯 아이를 낳고도 살아남았으니까요! 하지만 이번은 정말 숨이 막힐 정도로 무서워요. 몸안에 작은 통증이 있을 때마다 저를 떨게 만들어요. 그리곤 이런 생각이 들죠. '그래 이거야. 이제 시작된거야. 이제 난 갈기갈기 찢겨질꺼야!'\""
    },
    {
      "Key": "d7265422-9212-4291-b8e7-f144a9502f9e",
      "Value": "\"딱히 말할 것도 없어요. 우리는 평범한 사람들이고, 평범한 삶을 살고 있어요. {g|Silverstep}실버스텝 호수{/g}를 지나, {g|Gudrin River}구드린 강{/g} 근처에 있는 세지데일이란 곳에서 평생을 살아왔죠. 제 아이들도 그곳에서 키웠고요 그리고 손주들까지... 고블린보다 더한 괴물은 보지 못했지만 지금은... 아울베어와 히드라가 도처에 깔렸어요...저는 신들에게 우리 마을을 살려달라고 기도했지만, 마을이 문제가 아니었어요. 이 질병은 바로 저에게 들어와버렸으니까요!\""
    },
    {
      "Key": "107d30ba-797f-43e4-88f9-6412abdff4ca",
      "Value": "\"영주님께서 함께 있어 주신다면 무섭지 않을 거예요!\""
    }
  ]
}