{
  "$id": "1",
  "strings": [
    {
      "Key": "5c5b28f0-7a92-4b30-b252-76991af2ee5d",
      "Value": "\"왜 사람들은 모든 것을 기록하는거지? 기억은 종이보다 견고한데.\""
    },
    {
      "Key": "c8456a0b-4e45-474c-a79a-9924c1d7d45a",
      "Value": "\"네가 다른 사람의 기억을 빌릴 수 없겠지만 도서관에서 읽을 수는 있지! 거기에 기억이란 건 그 주인과 함께 죽어버리지만, 책은 계속 남잖아...그래, 영원히는 아닐지 몰라도, 그것을 기록한 이보다는 적어도 오래갈 거야!\""
    },
    {
      "Key": "a3e08471-e652-465b-b6b6-3ee6d0b5cc11",
      "Value": "\"나는 그 안에서 평화를 찾았어. 아름다움의 순간을 기억하는 것은 특별하지만 그것을 묘사하는 것은 전혀 다른 것이지.\""
    },
    {
      "Key": "a68c00f6-fd8c-4c4e-b068-ba6a94f92676",
      "Value": "\"에쿤다요. 카라반을 호위했다고 했지. 네 고용주의 사업이 종이 없이 번창했다고 생각해?\""
    }
  ]
}