{
  "$id": "1",
  "strings": [
    {
      "Key": "4a6de46a-b5ec-4314-aeec-6edf01458866",
      "Value": "\"너에게 줄 것이 있다. 여기 있다.\""
    },
    {
      "Key": "0f21cd1c-50cf-4746-b6f1-021c5093c981",
      "Value": "[거짓] \"미안하다, 그것을 찾을 수 없었다.\""
    },
    {
      "Key": "0a06c37b-a390-4bbf-9582-145bc32fd725",
      "Value": "\"나는 그것을 가지고 있지만 네게 그것을 주지 않을 것이다.\""
    },
    {
      "Key": "1e6e1e55-7c23-4a12-a1a3-91ddb8457a69",
      "Value": "\"가격을 얘기하자. 그 물건은 너에게 어떤 가치가 있지?\""
    },
    {
      "Key": "f3c71598-45a3-47f3-ac8b-60442a19e6cb",
      "Value": "\"귀신들린 물건이라는 것을 알고 있었나?\""
    },
    {
      "Key": "ddfeb55c-99d3-42b8-92d1-5d5eac9e99d3",
      "Value": "\"나중에 얘기하자.\""
    },
    {
      "Key": "b064cde5-2468-46c3-b4af-e4e3bfae5326",
      "Value": "\"여기 있다, 샤이카.\""
    },
    {
      "Key": "74d721e6-2abc-4532-bd41-1c06d0377962",
      "Value": "\"여기 있다. 살림. 너의 여신께서 레소리엘을 쉬게 하길.\""
    },
    {
      "Key": "1a30d109-5e36-49c6-9637-916d4d8d46b6",
      "Value": "\"내가 가지고 있겠다.\""
    },
    {
      "Key": "3a50296b-f8b4-4a8d-8493-f49205cd6be6",
      "Value": "\"나는 유령을 풀어 놓을 것이다.\""
    },
    {
      "Key": "499b800e-a07a-40b1-9e0b-9c728a3ea798",
      "Value": "\"나는 생각해 볼 필요가 있다.\""
    },
    {
      "Key": "295481d1-0748-4b45-a758-883aa1951f22",
      "Value": "\"마음을 바꿨다. 여기있다, 샤이카. 네가 가져가라.\""
    },
    {
      "Key": "26f83498-99db-45bf-800b-55779cefb73c",
      "Value": "[유령을 풀어줍니다] \"레소리엘!\""
    },
    {
      "Key": "adf98c62-1972-40b9-96c5-2f0726111cf4",
      "Value": "\"마음이 바뀌었다.\""
    },
    {
      "Key": "7e8b0bbf-d230-4e07-8058-1d8d6dbf3e60",
      "Value": "\"나중에 할거야.\""
    },
    {
      "Key": "8f76c733-6c87-40a3-96b5-0415ef727c6d",
      "Value": "\"내가 해 볼게!\""
    },
    {
      "Key": "39d2ba7a-41f7-4734-b451-4d8ee54ea50a",
      "Value": "\"뭐야? 안 돼!\""
    },
    {
      "Key": "4da24c80-97eb-4e0b-9da1-7716b1f7a24e",
      "Value": "\"하지만 내가 널 죽였어!\""
    },
    {
      "Key": "3c5d58d8-2002-4017-890e-b529bfca0311",
      "Value": "\"나는 왕관을 어떻게 처리해야 할지 결정했다.\""
    },
    {
      "Key": "f503ffa9-4bc1-44bc-86df-cccf99c1e35a",
      "Value": "{n}당신은 나무의 가장자리에서 팔짱을 끼고 당신을 기다리는 {g|Shyka}샤이카{/g}를 올려다 보았습니다.{/n}"
    },
    {
      "Key": "a9bac3ce-ca54-4447-9e2f-5f5a779454f5",
      "Value": "{n}{d|Salim}살림{/d}이 팔짱을 낀 원로 근처에 서있습니다. 그는 당신에게 끄덕이지만 아무 말도하지 않습니다.{/n}"
    },
    {
      "Key": "19472f61-4aab-4d2f-8429-2df745ca560b",
      "Value": "{n}당신이 그를 마지막으로 보았을 때 죽었음에도 불구하고 {d|Salim}살림{/d}은 이제 당신 앞에 서있고 짜증이 나 보입니다.{/n}"
    },
    {
      "Key": "a119296a-5c5f-4034-a5b8-87ec2c79ae02",
      "Value": "\"음? 네가 우리를 위해 가져왔어?\""
    },
    {
      "Key": "53dd7bc2-db26-4144-ace4-db90483116d0",
      "Value": "\"음? {n}{d|AnotherShyka}샤이카{/d}가 묻습니다.{/n} \"우리를 위해 가져왔어?\""
    },
    {
      "Key": "9123b43c-3026-4519-afa8-496a98bc02f8",
      "Value": "{n}{g|Shyka}샤이카{/g}가 왕관에 손을 대자 살림은 앞으로 나아가서 둘 사이에서 손을 올립니다.{/n} \"이것을하기 전에 나는 이 왕관에 묶여있는 유령이 사후세계로 가지 못하고 갇힌 필멸자의 영혼이라는 것을 말하고 싶다. 죽음의 여신 {g|Pharasma}파라즈마{/g}의 대리인으로서 나는 왕관을 그녀의 영역으로 가져갈 수 있고 유령이 승천할 수 있도록 도울 수 있다.\" {n}샤이카의 충격받은 표정을 보고 그는 웃습니다.{/n} \"놀라지 마! 네가 그것을 찾을 수 있도록 도와 줄 것이라고 했고 그렇게 되었어. 하지만 영혼을 쉬게하는 것은 여전히 내 직업이다.\" {n}그는 당신을 돌아 봅니다.{/n} \"그래서 어떻게 하고 싶지?\""
    },
    {
      "Key": "7d40f08e-a068-49e3-a50c-89f495225d11",
      "Value": "{n}{g|Shyka}샤이카{/g}는 머리를 흔듭니다.{/n} \"{g|Eldest}원로{/g}에게 거짓말해서는 안된다. 애송이. 나는 한 번만 봐 줄 것이다. 너의 보상 중 하나는 나의 무관심으로 바꿀 것이다. 이제 왕관을 넘겨라.\""
    },
    {
      "Key": "7cfb8e07-bfc9-46c8-b889-b84e8fd0517f",
      "Value": "{n}샤이카의 충격받은 표정을 보고 살림은 웃습니다. 그는 씨익 웃고는 손뼉을 칩니다.{/n} \"너와 같은 족속은 배워본 적이 없군? 당신은 우리 인간을 훈련받은 개로 생각하지만 우리는 여전히 너를 놀라게 할 수 있다.\" {n}그는 당신에게 돌아섰고 그의 표정은 더욱 진지합니다.{/n} \"이 경우에 나는 제안을 가지고 있다. 이 왕관에 묶여있는 유령이 사후세계로 가지 못하고 갇힌 필멸자의 영혼이다. 죽음의 여신 {g|Pharasma}파라즈마{/g}의 대리인으로서 나는 왕관을 그녀의 영역으로 가져갈 수 있고 유령이 승천할 수 있도록 도울 수 있다. 그것이 나의 일이야.\"{n}그는 당신의 눈을 봅니다.{/n} \"그래서 어떻게 하고 싶지?\""
    },
    {
      "Key": "82c60465-c1e8-4b37-a631-b7b679cab078",
      "Value": "{n}{g|Shyka}샤이카{/g}는 한숨을 쉽니다.{/n} \"너희 필멸자는 항상 돈이 문제겠지? 너의 작은 삶을 반짝이는 돌멩이로 측정하지 않나. 이미 말 했을 텐데. 왕관을 주면 나이리사의 뜻을 반대하는 너의 임무를 도울 것이라고. 하지만 네가 물질적인 보상을 기대한다면. 그렇게 해.\" {n}{g|Eldest}원로{/g}는 소매에 손을 넣어 부푼 자루를 꺼내고 당신에게 보여주고는 다시 집어 넣습니다.{/n} \"이것은 왕관과 교환하면 네가 얻을 것이다. 이제 우리는 거래를 할 것인가?\""
    },
    {
      "Key": "1ee78750-a672-4e22-bc00-55ce245276b1",
      "Value": "\"내가 유령에 대해 알고 있었냐고?\" {n}{g|Shyka}샤이카{/g}는 웃습니다.{/n} \"아이야. 왜 내가 그것을 원한다고 생각하느냐? 나는 너무 늙어 멋진 모자에 흥분하지 않는다. 이제 나에게 그것을 줄 것인가?\""
    },
    {
      "Key": "078f6725-2132-463c-9c47-80e819674d16",
      "Value": "{n}{g|Shyka}샤이카{/g}는 한숨을 쉽니다.{/n} \"너는 우리의 인내심을 시험하는군. 시간의 신이 존재할 때부터 그것은 정말로 무언가를 말하고 있다는 의미지. 하지만 알겠다. 네가 돌아올 때 우리는 여기에 있을 것이다.\""
    },
    {
      "Key": "e3410bd3-6715-4350-acdd-19f929d95446",
      "Value": "{n}{g|Shyka}샤이카{/g}는 그들이 왕관을 가져갈 때 의기양양하게 웃습니다.{/n} \"어떤 필멸자는 세상이 어떻게 돌아가는지를 이해해서 기쁘게 생각한다. 우리가 약속했듯이 너는 네가 유익하다고 생각할 사건을 시작하였다. 과거는 나이리사가 믿는 것처럼 잔이 꽉 차지 않은 것처럼 그렇게 변하지 않았군. 하지만 여기에 너의 문제를 해결하는 작은 선물이 있다.\" {n}{g|Eldest}원로{/g}는 소매에 손을 넣어 부푼 자루를 꺼내고 당신에게 보여주고는 다시 집어 넣습니다.{/n} \"이제 변명하면 약속은 늦을 것이야... 아니면 너무 서둘렀나?\" {n}사려 깊은 표정으로 샤이카는 살짝 윙크합니다.{/n}"
    },
    {
      "Key": "4590cc94-5ba0-4a0c-9015-7e38131c1374",
      "Value": "{n}살림은 찡그립니다.{/n} \"가지고 있어? 더 나은 선택을 기대했건만. 하지만 그렇게 된다면 나는 더 이상 볼 일이 없다.{n}그는 팔을 올려 나선 모양의 목걸이를 그의 로브에서 꺼냅니다.{/n} \"다음에 보자, {g|Shyka}샤이카{/g}.\" {n}그는 말하고는 즉시 사라집니다.{/n}"
    },
    {
      "Key": "128a8ebb-88ff-4cc4-8832-27b7a0ae8cad",
      "Value": "{n}살림은 찡그립니다.{/n} \"확실한가? 불사는 정신을 뒤튼다. 가장 무고한 영혼들로 형성된 유령조차도 분노와 상실로 왜곡될 수 있다. 하지만...\" {n}그는 칼을 내리고 준비되었다는 의미로 끄덕입니다.{/n} \"만약 네가 그렇게 한다면 지금 당장해라. 잘못되면 내가 뒤처리를 하지.\""
    },
    {
      "Key": "c9ad7d4e-ff8b-4fbc-99c2-70b322d55827",
      "Value": "{n}당신이 레소리엘을 불러 자신을 해방하라고 명령하자, 왕관이 당신 손에 부수어지고 숲에서 빛이 사라지는 것처럼 보입니다. 유령이 당신 위에 나타나서 기쁨과 난폭함이 뒤바뀌며 몸을 당기기도 하고 뒤틀기도 합니다. 유령의 울부 짖는 소리가 나무를 통해 비명을 지릅니다. 살림은 당신의 눈을 쳐다 봅니다.{/n} \"그는 너무 오래 유령이되었다. 마법의 반발로 인격이 찢어지고 있다! 네가 주인이니 너만이 그에게 영향을 미칠 수 있다. 빨리 너의 마음과 그의 마음을 연결해서 의지력을 빌려주어야 한다!\""
    },
    {
      "Key": "1d038fb1-8b26-4ab4-800a-df17aa09a6a7",
      "Value": "{n}{g|Shyka}샤이카{/g}는 머리를 흔듭니다.{/n} \"우리는 예언하기를 좋아하지 않지만 미래를 보았던 사람으로서 말할 수 있는데 나중에 그렇게 하는 것은 현명하지 않을 것이다. 그렇게 하려면 지금 해라.\""
    },
    {
      "Key": "fe7b9e46-c8e0-41cb-8438-a8e0f63ccf67",
      "Value": "{n}살림 끄덕입니다.{/n} \"좋다. 계획은 무엇이지?\""
    },
    {
      "Key": "42f7dfaa-0afe-4053-bdff-4ca9459bec67",
      "Value": "{n}당신의 것이 아닌 레소리엘의 과거의 기억의 홍수가 되어 쏟아집니다. 마침내 홍수는 잦아들며 유령은 맑아진 눈과 친절한 표정으로 당신을 내려다 봅니다.{/n} \"고맙다. 나는 수 세기 동안 내 나이보다 많은 것을 느꼈다. 나는 지금 숲으로 가서 아마도 이 영역 너머의 영역을 탐구할 것이다.\" {n}그의 미소가 위험해집니다.{/n} \"그러나 나이리사의 부하들과 싸울 때... 내 이름을 부르면 내가 할 수있는 일을 다할 것이다.\"{n}그 말을 끝으로 유령은 사라집니다.{/n}"
    },
    {
      "Key": "fd8f4ab8-52fc-45a3-9a8f-5edc659eff4b",
      "Value": "{n}당신의 것이 아닌 레소리엘의 과거의 기억의 홍수가 되어 쏟아지고, 당신은 숨을 헐떡입니다. 그것이 끝나고 레소리엘은 당신을 광기 가득한 표정으로 바라봅니다.{/n} \"나의 왕국을! 그들이 훔쳤다! 그러나 나는 그것을 되찾을 것이다. 물론이지...\" {n}낄낄거리는 소리와 함께 유령은 사라집니다.{/n}"
    },
    {
      "Key": "40cab104-04c9-4863-bb16-37a0cb49570e",
      "Value": "{n}살림은 당신에게 끄덕이고 그의 목에 걸린 나선형 목걸이을 건드리고는 사라집니다.{/n}"
    },
    {
      "Key": "f5b02728-9d98-4ff1-8966-9a47b4f69087",
      "Value": "{n}살림은 당신에게 역겨운 표정을 짓습니다.{/n} \"흠. 대단한 일이군. 나는 사냥을 할 새로운 유령이 생긴 것 같아. 고마워.\" {n}그런 다음 그는 자신의 목 주위에 나선형 목걸이을 건드리며 사라집니다.{/n}"
    },
    {
      "Key": "082a5374-d91a-4cda-848f-ff10a64ffa50",
      "Value": "{n}{g|Shyka}샤이카{/g}는 당신을 놀람으로 쳐다보면서 마지막으로 떠납니다.{/n} \"그건... 우리가 예상했던 것이 아니었다.\" {n}그런 다음 그들은 사라졌고 당신만이 남았습니다.{/n}"
    },
    {
      "Key": "ac82d404-bac7-433b-bf4f-58abe46b06ed",
      "Value": "{n}살림은 찡그립니다.{/n} \"가지고 있어? 너는 쓰레기 나이리사와 다를 것이 없군. 하지만 그렇게 된다면 나는 더 이상 볼 일이 없다.{n}그는 팔을 올려 나선 모양의 목걸이을 그의 로브에서 꺼냅니다.{/n} \"다음에 보자, {g|Shyka}샤이카{/g}.\" {n}그는 말하고는 즉시 사라집니다.{/n}"
    },
    {
      "Key": "3c49969d-195b-4b5f-a944-07894b12b361",
      "Value": "\"내가 죽음의 여신을 위해 일한다는 것을 잊어버렸나 보군. {g|Pharasma}무덤의 여인{/g}이 그 종들을 쉽게 포기할 거라 생각하나?\" {n}그는 당신을 노려보고 머리를 흔듭니다.{/n} \"그러나 너는... 괴물 공격에서 살아남았던 여행자를 살해했는가? 너를 파라즈마의 심판대에서 피할 수 없는 판단을 보길 바란다. 그러나 그때까지는 해야 할 일이 있다.\""
    },
    {
      "Key": "0380ce6c-928b-43e8-a0dd-09ecbdf217bf",
      "Value": "{n}Salim은 당신을 보고 머리를 흔듭니다. 한숨과 함께 그는 목에 걸린 목걸이를 만지자 즉시 사라집니다.{/n}"
    },
    {
      "Key": "02a09dcc-0282-47da-a2c2-8e0d8a46aa2b",
      "Value": "\"{g|Eldest}원로{/g}는 현명하다. 왕관을 어떻게 처리할지 결정하게 두어라.\""
    },
    {
      "Key": "e198a952-eeb6-4748-b270-70fdb72fbc82",
      "Value": "\"그냥 우리가 가져가자! 이건 귀한 거니 우리를 위해 사용해야 한다!\""
    },
    {
      "Key": "665a2a5c-dc46-4083-9829-0c5fd3ed0df0",
      "Value": "\"만약에 그 불쌍한 유령이 {g|Pharasma}파라즈마{/g}나 {g|Shyka}Shyka{/g}에게 가고 싶지 않다면? 그를 자유롭게하고 자신이 무엇을 할지 결정하지 두는 것이 좋지 않을까?\""
    },
    {
      "Key": "c90308dd-39dc-4f7a-bc7a-786da905029c",
      "Value": "\"{g|Shyka}샤이카{/g}가 무엇을 할지 알 수있는 방법이 없다. 많은 얼굴과 자아를 가진 사람을 믿을 수 있는 거야? 비밀에 감추어진 계획을 가진 자들을? 살림이 옳다. 왕관을 주고 영혼을 쉬게 하고 모든 것을 정상으로 되돌리는 것이 가장 좋다.\""
    }
  ]
}