{
  "$id": "1",
  "strings": [
    {
      "Key": "5988a8fc-c39f-4e96-8d40-9a6c18194da3",
      "Value": "\"레곤가르, 손에 무슨 짓을 한겁니까?\""
    },
    {
      "Key": "5d67e34e-a0a9-4ee5-82b5-32121f22085e",
      "Value": "[무시한다]"
    },
    {
      "Key": "33bb34d5-6736-4280-974c-443b0fdad333",
      "Value": "[돌아선다] \"알겠습니다.\""
    },
    {
      "Key": "c6c8ab6e-e1b5-4e5d-8f47-8a5015703cd1",
      "Value": "\"상처를 봉합해 줄께요. 더 악화되면 안되니까 말입니다.\""
    },
    {
      "Key": "b59fb2b1-bdfc-4533-8a52-646c111ad661",
      "Value": "\"다시는 이런 꼴 보고싶지 않습니다!\""
    },
    {
      "Key": "3d5b8034-7509-4437-bc72-882ee34cf7c7",
      "Value": "[레곤가르의 손목에 입을 맟추고 피를 핥아준다]"
    },
    {
      "Key": "2ca690be-9625-433b-8f15-b20e780f0930",
      "Value": "\"레그, 너 걱정된다. 도대체 무슨 일이야?\""
    },
    {
      "Key": "3a25405a-0f96-42f7-a3de-7b3322de2b97",
      "Value": "{n}당신은 레곤가르의 손목에서 막 생긴 자상 여럿을 발견합니다.{/n}"
    },
    {
      "Key": "2939b536-d92c-4b13-9b58-77062e2c8df7",
      "Value": "\"별 거 아니야!\" {n}하프-오크의 목소리엔 분노가 깃들어 있습니다{/n} \"그냥 상처일 뿐이라고! 네가 신경 쓸 필요 없다고! 아무도 신경 쓸 필요 없어!\""
    },
    {
      "Key": "0b866a54-8af2-4795-94dd-034f742de96a",
      "Value": "{n}레곤가르는 억지로 무관심한 척하며 당신에게 손짓합니다.{/n} \"전혀 신경쓸 것 없어. 그냥 멍청한 생각이 내 머릿속에 들었을 뿐이니까. 난 괜찮아 - 나와 옥타비아가 빠져나왔던 곳에 비하며 분명 훨씬 괜찮지!\""
    },
    {
      "Key": "35f0b88d-9895-4779-a96f-487f425252fa",
      "Value": "{n}하프-오크는 순간 돌처럼 굳더니, 당신을 끌어 안습니다.{/n}"
    },
    {
      "Key": "f7cf68e2-b252-4835-9692-a4df0a570610",
      "Value": "\"좋아, 알았다고! 그럴 일 없을거야. 쓸때없이 비극적으로 생각하지 말라고, 그냥 잊어버려! 그냥 긁힌 것 뿐이니까.\""
    },
    {
      "Key": "d82c5796-c5e7-4d99-8ac5-d15d29c6b129",
      "Value": "\"걱정하지마. 자살 같은 건 안할테니까! 물약 좀 마시면, 다 낫겠지. 걱정하지 말라고. 난 괜찮아, 하 흠...{n}레곤가르는 잠시 멈추더니, 입술을 깨뭅니다.{/n}"
    },
    {
      "Key": "a9523e09-4777-42a1-9e40-790466dcfbff",
      "Value": "{n}하프-오크의 쉰 목소리가 부드러워집니다.{/n} \"멍청한 말을 했군, 미안해. 물론 너희가 내게 신경써주는 건 잘 알아. 그저, 음, 요즘은 밤이 되도, 잠을 잘 수가 없어, 여러 생각을 하거든.... 너와 옥타비아, 그리고 내가 했던 멍청한 짓을 생각하면서 말이야. 일부러 그런 건 아니야, 난 너희 둘다 사랑한다고! 하지만 옥타비아가 여전히 날 사랑하고 있는 걸까? 내가 했던 모든 짓에도 불구하고? 더 이상 확신이 들지 않아. 그리고 너는 어떻고? 그러더니 모든 게 최악으로 느껴졌어... 그리곤 ,그냥.... 그냥 갑자기 그럴 기분이 들더라고. 신경 쓰지마, 그냥 긁힌 것 뿐이니까. 상처에 대해선 더 이상 얘기하지 말자고, 알았지?\""
    }
  ]
}