{
  "$id": "1",
  "strings": [
    {
      "Key": "3f30e29c-81fb-4b5a-9c91-53763ec29a33",
      "Value": "[그 새를 나이리사에게 줍니다] \"이것은 샤이카의 수수께끼의 마지막 단서이다.\""
    },
    {
      "Key": "c2d3724f-bf23-45fa-b705-59d453aa9fe8",
      "Value": "\"가능한 일인가? 원로와 싸워서 이기는 것이?\""
    },
    {
      "Key": "cc7a4f01-ba92-41ee-bfd2-f649d7e03e33",
      "Value": "\"알겠다. 조언해 주어 고맙다.\""
    },
    {
      "Key": "126b5115-8f4b-4d9d-b482-682dd68cc65a",
      "Value": "\"우리는 세 원로의 말을 들었다. 이제 뭘 하지?\""
    },
    {
      "Key": "154ac69d-a077-4c94-9c98-ce21da2f2b6e",
      "Value": "\"너는 얘기하고 싶었었지...\""
    },
    {
      "Key": "9e15e212-8063-42c4-87b3-fc95d9cca9e7",
      "Value": "\"말해봐. 너는 무엇을 할 거야?\""
    },
    {
      "Key": "7b5d01db-c179-4cc5-b10c-2aecc5e64096",
      "Value": "\"좋아. 여기 어딘가에 조용한 구석이 있을거야.\""
    },
    {
      "Key": "06930b9a-6dc7-4067-8825-2daff72e03da",
      "Value": "\"지금은 아니야, 나중에 너에게 돌아갈 거야.\""
    },
    {
      "Key": "5248802b-7f62-4505-9079-d63fb4141962",
      "Value": "\"믿어도 된다. 우리는 모든 일을 극복했고, 아무것도 우리를 막을 수 없다.\""
    },
    {
      "Key": "d201b704-ccc1-403a-b174-3ba752a6d598",
      "Value": "\"의심의 여지가 없다. 무엇이든 우리는 싸울 것이다.\""
    },
    {
      "Key": "fc73aa99-0be0-4244-ad42-921413faabe1",
      "Value": "\"물론이다. 나는 너와 시간을 — 또는 영원을 공유할 준비가 되어있다.\""
    },
    {
      "Key": "1aac98a6-65b3-4383-8d26-11b6893b9acb",
      "Value": "\"좋은 시간이 아니다. 우리는 다른 일에 집중해야 한다.\""
    },
    {
      "Key": "bf670476-e158-4c34-9daa-6a1574ce08b7",
      "Value": "\"나는 내 여행을 계속할 것이다.\""
    },
    {
      "Key": "203d8853-bd6c-4451-acbe-ee62bca1df01",
      "Value": "\"어떻게 도와줄까?\""
    },
    {
      "Key": "6e9d8161-6474-44ce-a411-49cf2de38939",
      "Value": "{n}나이리사는 마치 추위에 떠는 듯 떨고 있습니다.{/n} \"도시에서 너를 떠나서 미안해. 나는 {g|LanternKing}등불왕{/g}이 강제로 나를 데려갈까 두려웠어. 내가 마침내, 어떻게 저주와 싸울 수 있는지에 대해 네가 짚어준 단서를 발견하기 시작했을 때 말이야...\""
    },
    {
      "Key": "6a2e8696-26b8-4a1c-a48f-359aae493ca2",
      "Value": "\"새... 기억나. 천 개의 숨결의 명금들은 한 때 {g|First World}태초 세계{/g} 전체에서 유명했어. 나는 오랫동안 그들이 노래하는 것을 듣지 못했어...\" {n}나이리사는 조심스럽게 새의 빛나는 깃털을 쓰다듬고 우아한 몸짓으로 날 수 있게 돕습니다.{/n} \"날고 노래해라, 날개짓을 하거라. 날면서 노래해라!\""
    },
    {
      "Key": "b3d5a06f-6e7f-4f3b-9212-8b28d0b900e6",
      "Value": "\"음, 아이야. 이 작은 여정이 즐거웠니? 독이 든 연못은 맑아지고 반짝이고, 뼈는 노래하는 새가 되었다. 우리는 미래를 보기 위해 과거를 보았다.\""
    },
    {
      "Key": "514fdbc8-429e-4365-a141-529d24b0a848",
      "Value": "\"그러나 시간을 낭비하지 말아라. 너는 대담한 무언가를 계획했다 — 자존심 강한 우리 형제인 {g|LanternKing}등불왕{/g}의 저주를 되돌리기 위해서 말이다. 하지만 우리 {g|Eldest}원로{/g}들은 한 번 이상, 천 번 이상의 저주를 받았었다 — 그리고 너도 알다시피, 우리는 영향 받지 않고 설득 당하지 않았다.\""
    },
    {
      "Key": "f6dd0b96-903c-4438-af16-9901e947cb8c",
      "Value": "\"우리는 이것을 말해줄 수 있다. 비틀거리다 넘어지는 대부분의 사람들은 넘어지기 직전의 순간에는 확신한다. 그러니 우리가 말한다 — {g|Eldest}원로{/g}를 저주하려면, 그가 넘어지는 순간, 그가 자신의 발판을 잃는 순간에, 그리고 그가 균형을 회복하기 전에 해라. \n이를 할 수 있는 가장 확실한 순간은 {g|LanternKing}등불왕{/g}이 전투에서 패배했을 때이다.\""
    },
    {
      "Key": "8a8e9d31-f07d-4777-b070-7e04a3571a0d",
      "Value": "\"누구도 무적이 아니란다, 아이야. 너무 단순하게 들리는 것은 안다. 신을 쓰러뜨리고, 그가 전투에 져서 헐떡일 때 저주를 하라니! 그렇다 해도, 가능하다. {g|Eldest}원로{/g}를 영원히 죽이는게 아니라, 잠시 쓰러뜨리는 것뿐이라면.\""
    },
    {
      "Key": "97071ee9-8d6f-4d92-bc3a-25adc4172a13",
      "Value": "\"가장 중요한 것은, 그것에 취미를 들이지 마라. {g|Eldest}원로{/g}를 이기는 것은 일생에 한 번으로 충분하다.\""
    },
    {
      "Key": "b285fa9b-b70a-4156-97ad-822d023ea9b5",
      "Value": "\"우리 목적에 가까이 왔다. 나는 이 모든 것이 헛된 일이 아니라고 믿어...\""
    },
    {
      "Key": "9bdea605-0a44-495a-b5b1-98aa7f24f311",
      "Value": "\"나는 우리와 {g|LanternKing}등불왕{/g} 사이의 유대감을 진짜처럼 느낀다. 그는 그것을 말도 못 부리는 말고삐라 생각한다. 그러나 나는 그것을 양날의 칼로 본다. 그리고 우리가 충분히 가까이 가서, {g|Shyka}샤이카{/g}가 말했 듯 그를 패배시키면, 우리는 이 칼을 겨누었던 사람에게 겨눌 것이다. \""
    },
    {
      "Key": "1fde67d8-6371-40f0-a799-146a463b5a31",
      "Value": "{n}나이리사는 생각에 잠겼으며, 약간 슬퍼보입니다.{/n} \"우리의 사명은 끝났다. 계속하기 전에... 나는 개인적으로 이야기하고 싶다. 시간을 내줄 의향이 있어?\""
    },
    {
      "Key": "8a439b40-ec1b-41b1-b788-b19e31a801e1",
      "Value": "\"좋아. 기다릴게.\""
    },
    {
      "Key": "1bebca93-49ed-4565-adab-a30fbc119042",
      "Value": "{n}당신은 조용한 초원으로 이동합니다. 나이리사는 잠시 동안 조용히 서서 먼 거리를 응시하고 생각을 모읍니다.{/n} \"{g|Eldest}원로{/g}의 말은 기발하거나 심지어 무의미해 보일 수도 있지만, 나는 그것들을 이해했다. 나는 천 년 동안 저주를 받았고, 내 기억은 찌르는 독과 같다. 아프지만 거기에 숨겨진 것이 무엇인지를 알 수 있다.\""
    },
    {
      "Key": "c0fe91d3-5921-44d4-b4e0-bc748a8d927b",
      "Value": "{n}님프는 마침내 돌아서서 당신을 눈을 봅니다.{/n} \"저주가 나를 짓누른 지 수 세기가 지났어, 나는 자신이 아닌 다른 사람을 두려워하는 느낌을 거의 잊어버렸다. 얼어붙은 땅과 차가운 눈을 뚫는 첫 번째 봄 꽃은 항상 가장 힘든 시기를 겪지. 여행의 고통과 포부를 용감히 느끼는 것 — 그것이 내가 느끼는 것이다. 우리는 미래에 살아남을 수 있을까? 함께 살아남을 수 있을까? \""
    },
    {
      "Key": "103c9b98-1c39-4584-bc3d-cda714b52159",
      "Value": "{n}나이리사는 당신의말 인지 자신의 생각인지 모르지만 고개를 끄덕입니다.{/n} \"그러면 내일까지 기다리지 말자. 폭풍이 터지기 전의 마지막 순간을 포착하자. 우리를 기다리고 있는 모든 것을 함께 나누자.\""
    },
    {
      "Key": "fed177e9-5bcf-4a54-a0f5-2afd8df8bc87",
      "Value": "{n}나이리사는 숨을 내뱉습니다.{/n} \"네가 원하는대로. 수도 근처의 야영지에서 나를 찾아라. 나는 거기에서 기다리고 오는 전투에 대비할 것이다.\""
    },
    {
      "Key": "3a9ff3e1-243d-4919-8f88-b295d5ddeae5",
      "Value": "\"나는 너의 말을 계속해서 반복했다. 저주에 대해 나에게 말해준 모든 것을 말이다. 내 마음은 우리가 옳은 길을 가고 있다고 말한다. 그러나 우리는 여전히 {g|LanternKing}등불왕{/g}과 같은 적과 싸울 만큼 충분히 알지 못한다.\n나는 다른 {g|Eldest}원로{/g}가 도움이 될 것이고, 일종의 계획을 추천할 것이란 희망을 품고 있었다. {g|First World}태초 세계{/g}의 강자들은 서로에게 매우 친절하지 않다, 때문에 적어도 시도는 해봐야 한다.\""
    },
    {
      "Key": "89f36fa4-a2cf-44e8-b709-c0083465d2a0",
      "Value": "\"우리는 그들 모두와 대화를 하고, 도움을 받기 위해 그들의 요구는 무엇이든 할 필요가 있다. 나는 네가 해줄 것을 요청하고 있다. 나는 잠시 동안 이 장소에 머물고 싶다... 저주받았던 시간을 기억하고 싶다. 그러나 필요하다면, 너에게 나의 예지력을 보내겠다. \""
    },
    {
      "Key": "3183a6d5-570d-4526-a339-8d97f6e17860",
      "Value": "{n}님프는 고개를 끄덕이고 생각에 잠깁니다.{/n}"
    }
  ]
}