{
  "$id": "1",
  "strings": [
    {
      "Key": "75c2b423-7ea3-4753-9f8f-aa595c96b29d",
      "Value": "\"말이 정말 많구나. 물릴 정도야. 하지만 그건 너 자신을 숨기기 위한 가면일 뿐이지... 내면은 네가 지루한 녀석일까봐 겁내고 있지.\""
    },
    {
      "Key": "6d480916-cad3-49c7-a062-3cf4c62fe183",
      "Value": "\"누가 너를 전문가로 만들었지? 이제 그 다음에는 내 아버지와의 관계를 물으려는 건가?\""
    }
  ]
}