{
  "$id": "1",
  "strings": [
    {
      "Key": "6ef0e6fc-9b90-4419-b300-66447113899a",
      "Value": "... 미완성 책을 죽은 그녀의 손에서 가져와 세상에서 가장 소중한 보물과 같이 가슴에 품었습니다."
    },
    {
      "Key": "42eb1e9a-12ac-4678-8bfb-4671657511f7",
      "Value": "... 씁슬한 한숨을 뱉습니다. \"그들은 이 대가를 치를 것이다.\""
    },
    {
      "Key": "547baf47-30b2-4f91-9d1c-1a0509c8b8d5",
      "Value": "... {mf|그의|그녀의} 입술을 꽉 다물었고 더 위험한 일을 할 준비를 합니다."
    },
    {
      "Key": "837a5032-315a-4f47-bcb4-265b7b59f2d0",
      "Value": "... 침묵 속에서 얼어붙었습니다."
    },
    {
      "Key": "7755e0c8-c1ac-4260-9d3f-aa9c38094bfe",
      "Value": "\"린지?!\""
    },
    {
      "Key": "66b64b91-b467-491f-be95-50179d0d6ed5",
      "Value": "\"뭔가 잘못 됐어.\""
    },
    {
      "Key": "b66f037d-690c-4779-9bc1-910501ab4f2d",
      "Value": "[닫기] \"적어도 너는 여전히 가장 좋아하는 것을 하고 있다. 그리고 나는 계속 나아가야 한다.\""
    },
    {
      "Key": "d91088a9-4cc8-4659-9026-2dcde8c79e8b",
      "Value": "[닫기] \"이게 끝인가? 마침내 아수라장이 시작되고 있다! 앞으로 다가올 내 모든 업적에 대해 쓸 준비가 되었기를 바란다.\""
    },
    {
      "Key": "eb3133de-229a-4abd-96d9-b11a6b116c91",
      "Value": "[닫기] \"린지. 너를 구하지 못한 나를 용서해! 너를 데려가 지켜 줄 거야. 약속해.\""
    },
    {
      "Key": "f2e81079-e6bc-46cf-bd2a-22d9e94b1ca6",
      "Value": "\"우리 주인이 너를 상대할 거다!\"\n작별의 뜻으로 주먹을 허공에 휘두른 뿔난 사냥꾼은 두 번째 층으로 향하는 문에 기댑니다. 마치 그를 인식하는 것처럼 문이 열리면서 나이리사의 무서운 하인이 들어가는 것을 허락했습니다. 그는 도망갔습니다."
    },
    {
      "Key": "b6b7fc8c-9352-4039-b276-ca2388204799",
      "Value": "... 살해된 사티로스의 시신은 {mf|왕|여왕}의 발치에 놓였지만 하지만 영웅의 눈에는 그들에게 고정되어 있지 않았습니다. 조금 더 나아가, 대담하고 재능있고 안절부절하지 못했던 린지. 충성스러운 연대기 기록자이자 친구는 바닥에서 움직이지 않습니다. 그녀는 죽었습니다."
    },
    {
      "Key": "40c0ca03-54b7-47ff-bcb2-b505546fe0bb",
      "Value": "무슨 일이 일어났는지 깨닫고 {mf|왕|여왕}는..."
    },
    {
      "Key": "20c67d9c-df78-4d2f-bc6d-20677b40da65",
      "Value": "... 시간의 끝에 선 집의 환영은 {mf|왕|여왕}에게 슬픈 진실을 알려주었습니다. 린지는 결코 배반하지 않았습니다! 그녀는 나이리사의 계획을 알아 내고 싶었습니다. 부지런히 관심있고 흥미를 느낀 듯이 행동한 린지는 질문을 던지다 마침내 시간의 끝에 선 집에 있는 특별한 장소를, 성소의 위치를 발견했습니다. 성소에는 사죄 — 거의 천 개의 왕국들의 먼지를 담고 있는 잔 — 가 보관되어 있습니다. 이 보물에 다다르면 사악한 님프는 더 이상 우리에게서 숨을 수 없습니다!"
    },
    {
      "Key": "985d6549-0625-407f-b657-c30080c28fed",
      "Value": "성소의 입구는 세 개의 열쇠로 열어야 합니다. 꿈틀거리는 남자가 첫 번째 열쇠를 가지고 있고, 옹이 마녀는 두 번째 열쇠를 가졌으며, 세 번째 열쇠는 1 층의 비밀의 방에 보관되어 있습니다. 내부로 들어가려면 집의 지하실에 있는 안개의 방을 통과해야 합니다. 이 모든 것을 발견하자 린지는 세 번째 열쇠를 찾아서 {mf|왕|여왕}을 돕기로 했었습니다. 그러나 그녀는 붙잡혔습니다. 그리고 살해됐습니다. 그리고 그녀의 마법 반지조차 그녀를 구할 수 없었습니다. 단독 임무는 내 분야가 아니라는 사실을 알고 있었는데!"
    },
    {
      "Key": "0105463b-3e0e-4315-bb57-e901ab747cdd",
      "Value": "... 그리고 나서, {mf|왕|여왕}은 {mf|그의|그녀의} 가장 충직한 동반자의 시체 곁에 서서 생각했습니다, 작가가 이미 죽었는데, 이 순간을 책이 어떻게 묘사할까요?"
    },
    {
      "Key": "faecf0b2-224f-4313-9d2f-09d13b836a5d",
      "Value": "그래요. 저입니다. 바로 여기 책을 쓰고 있습니다. 당신이 나를 발견하고 읽는 것은 좋은 일입니다. 나는 열쇠에 관해서 모든 것을 썼습니다. 알겠죠?! 당신은 어딘가에서 안개 속에서 그것을 발견 할 수 있습니다... 혹은 안개를 이용하세요... 저는 그것을 완전히 이해하지 못했습니다."
    },
    {
      "Key": "faf5c6d2-b9f0-40d3-8bd5-d30d7de511a9",
      "Value": "내가 집의 문에 서서 주변에 아무도 없다는 것을 깨달았을 때 무서웠어요! 그리고 나는 책 속에 들어있어요. 이것은 아마도 영혼에 자주 발생하는 일이 아닐 겁니다. 심지어 {g|First World}태초 세계{/g}에서도요. 기분이 정말 이상해요! 기쁜 건지 슬픈 건지 감정을 주체할 수가 없어요."
    },
    {
      "Key": "cada0240-7cd0-486b-8ff8-84268327cb10",
      "Value": "생각해 봤는데, 책이 책을 읽을 수 있을까요? 그 많은 적을 죄다 물리쳤으니, 집으로 돌아가면 지루해질 것 같아요. 아마 도서관에서... 먼지만 쌓이겠죠... 혹시 알현실 진열대에 저를 넣어주실 수 있나요?"
    },
    {
      "Key": "16e721ec-1cda-4828-8279-c9e960f187c1",
      "Value": "나는... 코를 훌쩍이고 싶지만... 할 수는 없습니다. 정말 답답하군요. 흥미로운 모험이었습니다! 제발 어디를 가든 나를 함께 데려가기 바래요. 결말이 어떻게 끝나는지 알아야 하니까요! 내 이야기를 끝내주세요. 아직 마침표를 찍기에는 일러요!"
    }
  ]
}