{
  "$id": "1",
  "strings": [
    {
      "Key": "85187b8b-c872-4e8c-bc40-4ae2537f78a5",
      "Value": "\"아무도 사냥을 가지 않으니까 다음에는 식량을 충분히 사두자. 이제는 질린다!\""
    },
    {
      "Key": "0daa85cb-356c-44b8-b6ff-a756e24ad897",
      "Value": "\"신선한 사냥감 대신에 이제는 점심에 마른 식량을 먹게 생겼네? 사냥을 보내지 않을 거라면 드워프를 본받아 봐. 식량에 소시지며 말린 고기며 넣어두잖아!\""
    },
    {
      "Key": "5022b9b1-3f5d-4258-a5d3-068bb0e34883",
      "Value": "\"경험 많은 요리사가 만든 신선한 식사보다 더 좋은 것은 없어.\""
    },
    {
      "Key": "055358e2-daa7-4a5d-a8d1-a866a4d19bc6",
      "Value": "\"우리 불쌍한 주빌로스트! 동료들이 밥을 안줬어요? 우리 주빌로스트가 입맛이 얼마나 까다로운데! 키가 조금만 더 컸으면 가서 직접 사냥할 텐데 말이야!\""
    },
    {
      "Key": "4cb6f784-a520-4e55-8d9b-003d0422730e",
      "Value": "\"맞아! 말은 제대로 하네? 사람들이 네 얼굴에 주먹질하지 않게 할 거야!\""
    },
    {
      "Key": "e4e78f5c-dee1-4f6e-815b-abf89f1fea11",
      "Value": "\"저질 음식으로는 영감을 발휘할 수 없어. 진짜 시를 원해? 그러면 진짜 음식을 줘!\""
    }
  ]
}