{
  "$id": "1",
  "strings": [
    {
      "Key": "38a087ac-20c8-4989-9df5-9d3291d77936",
      "Value": "\"버려진 사원이 평화롭네. 서렌레이의 사원이야. 그로투스의 추종자들은 성소를 건설하지 않지만 다른 신들의 파괴된 사원에서 숭배를 하고는 하지.\""
    },
    {
      "Key": "323a1074-0aa5-40db-9c7c-8a9acc32c34c",
      "Value": "\"정말 신기한 전통이네! 하지만 다른 신의 사원에서 숭배를 하다니 보기에는 좋지 않은걸...\""
    },
    {
      "Key": "8db998ad-4507-461f-8498-6266760129b0",
      "Value": "\"쥐새끼 신이 다른 신의 집에서 집주인이 나갈 때까지 기다리는군. 빈집털이범이야.\""
    },
    {
      "Key": "1973a4ca-78c9-4a3b-80e8-0ca9dc8f8fc3",
      "Value": "\"버려진 사원의 모습이 흥미로워. 마침 지루해 죽을 뻔했어!라니. 나는 놀랍지도 않다. 하하하!\""
    }
  ]
}