{
  "$id": "1",
  "strings": [
    {
      "Key": "f43e2019-48fe-48b0-8c2a-ba4bc5357eb1",
      "Value": "\"너 자신에 대해 말해봐.\""
    },
    {
      "Key": "cb73e90b-62e2-48e6-b21e-5aaea97bb954",
      "Value": "\"만약 내가 이로베티를 반대한다면 오래된 가문들이 나를 지지할까?\""
    },
    {
      "Key": "bf9daae5-fdc4-46d3-b693-318cfbca7ff6",
      "Value": "\"나는 다른 무역 회사를 반란에 가담하도록 설득 할 것이다.\""
    },
    {
      "Key": "f0d5ca20-5036-41fa-86d4-58c7395e3b21",
      "Value": "[공격합니다] \"피탁스는 내 것이 될 거야. 나는 엘리트들은 모두 죽일 거야. 너부터 시작하겠다!\""
    },
    {
      "Key": "53e945ce-a645-42e0-9255-2decd8480362",
      "Value": "\"나는 가야 해. 한눈 팔지 말라고.\""
    },
    {
      "Key": "8fb97676-1b59-4d34-9043-bc4fa915d396",
      "Value": "\"피탁스는 요즘 어때?\""
    },
    {
      "Key": "981e3007-4cff-42e6-8748-e1b6d8d51f79",
      "Value": "\"안녕.\""
    },
    {
      "Key": "c43fb781-588f-45fa-a589-b3fbd2d5260b",
      "Value": "\"카스트루치오 이로베티가 가장 싫어하는 농담은 그의 이름에 관한 것이 아닐까?\""
    },
    {
      "Key": "2bb58bae-44e9-40e7-b1cb-a505ab6a3ee2",
      "Value": "\"이것이 바로 그들이 예술 학원에서 가르치는 희극의 종류라면 린지는 그곳으로 돌아갈 의사가 없다는 사실이 놀랍지 않군...\""
    },
    {
      "Key": "2b4a00a1-7391-4bd8-87ef-c1de44c75793",
      "Value": "[아무 말도 하지 않습니다]"
    },
    {
      "Key": "e2ac052b-e56e-466a-acf8-5fb2fb6649a4",
      "Value": "\"레곤가르. 우리는 진지한 토론을 하고 있어. 농담 좀 하지마.\""
    },
    {
      "Key": "d825986b-661b-492a-b484-5b687f3fc2a7",
      "Value": "\"여기 오셨군요, 전하. 이로베티는 당신이 무릎을 꿇을 것을 기대하고 있습니다. 하지만 당신께는 다른 계획이 있겠죠...\""
    },
    {
      "Key": "13cc3474-c9ed-4f68-8f1a-d78cc61752b5",
      "Value": "\"저는 리아첸자 가문과 강철 여우 무역 회사의 대표입니다. 저희는 얼마 전까지 {g|pitax}피탁스{/g}를 지배했었죠, 악당 이로베티가 왕관과 대부분의 재산을 취하기 전까지는요. 여전히 오래된 가문들은 남아있지만 이전의 영향력은 희박합니다. 하지만 저희는 여전히 살아있습니다... 조용하게 복수를 바라면서...\""
    },
    {
      "Key": "0bcf7911-4512-4f94-8ca3-9d845dfb1646",
      "Value": "\"리아첸자 가문의 도움은 기대하실 수 있습니다. 그러나 다른 무역 회사는... 여러 번 그들을 단결시키려 노력했지만, 그 완고한 바보들은 힘을 합쳐 승리하기보다 혼자서 죽는게 훨씬 빠를겁니다. 그들을 어떻게 끌어들어야 할 지 모르겠군요.\""
    },
    {
      "Key": "61f5a21f-3ecb-44de-a6a0-e7cd3920b3fb",
      "Value": "\"당연히 역겨운 일입니다, 그러나 저는 오래된 가문 어디도 이로베티에게 공개적으로 맞설 정도로 분노할거라는 생각이 들지 않는군요.\""
    },
    {
      "Key": "e0f57557-e806-4da3-8e01-1669e3c3e7e0",
      "Value": "\"듣고 있습니다.\""
    },
    {
      "Key": "6315cc5b-2416-4940-a702-cc26a8430576",
      "Value": "\"별로 놀랍지도 않군요. 모든 가문이 그런 사업 관계를 갖고 있으니까요.\""
    },
    {
      "Key": "27c653a6-835a-4374-93c0-bb48f3cf0c28",
      "Value": "\"다른 가문들을 하나로 뭉칠 수 있을만한 더러운 진상을 발견하신다면, 승리는 따 놓은 당상입니다!\""
    },
    {
      "Key": "e8697eda-76d5-4342-b7fa-7e32ae60b866",
      "Value": "\"신이시여... 이건 전례가 없는 일입니다! 즉시 사람을 수도원과 다른 가문에게 파견하겠습니다. 사실이라면... 이로베티는 모든 가문들에게 피의 복수를 당할 겁니다!\""
    },
    {
      "Key": "575c818e-c9b3-46c4-89ae-84fcfeefb2ab",
      "Value": "\"흥미롭군요! 그래서 그는 예술에 대한 사랑 때문에 {g|Academy of Grand Arts}아카데미{/g}를 만든 것이 아니었다니, 하하... 하지만 이것이 무역 회사와 어떤 관련이 있죠?\""
    },
    {
      "Key": "6efab205-df02-46f4-bd0f-ed9efd15a2d2",
      "Value": "\"오래된 가문 전부가 당신의 편입니다. 저희는 명령대로 행진할 준비를 끝냈습니다!\""
    },
    {
      "Key": "f2b3d11f-42d4-442b-86a0-21db7b0fa6f8",
      "Value": "{n}가스페레는 당신을 예의 바르게 맞이합니다.{/n} \"전하, 저희 가문이 당신께 큰 빚을 졌습니다. {g|pitax}피탁스{/g}도 마찬가지고요.\""
    },
    {
      "Key": "7e53c225-7427-42fe-8a10-6004566d56a5",
      "Value": "\"안녕하십니까.\" {n}가스페레의 목소리는 공손하지만 약간 차가웠습니다.{/n}"
    },
    {
      "Key": "b19775ca-c51d-49cd-bc9d-b009f410712e",
      "Value": "\"만약 그런 말이 {g|pitax}피탁스{/g}에 퍼졌다면 도시가 시끄러웠을 겁니다. 오래된 가문들은 거의 문제없이 재산을 회수했습니다. 도둑 길드는 조용하고, 거리에는 마약 유통이 적어졌죠. 이로베티 이전의 좋았던 시절과 거의 같습니다!\""
    },
    {
      "Key": "08f48be1-a406-4f8b-a475-a762494b6b21",
      "Value": "\"그럼 안녕히.\""
    },
    {
      "Key": "b32c9463-431d-49d5-95dc-a0031dd89cd5",
      "Value": "\"전하 만세!\""
    },
    {
      "Key": "fbd3f09e-9f71-4ee4-b5cc-79ebabf47b5c",
      "Value": "\"글쎄요... 이로베티 때보다 상황이 더 나빠졌습니다. 도둑 길드는 활개를 치고 있죠 – 의심 할 여지없이, 당신이 허락하셨을 테지만. 그들은 원하는 것을 취하고 반대자를 살해하거나, 도시에서 내쫓고 있습니다. 이제는 도시 구석구석 핏자루 추출물이 팔리지 않는 곳이 없고요. 오래된 가문의 지배 하에선 이런 일이 없었습니다. 저희는 최소한 선은 넘지 않았었다고요!\""
    },
    {
      "Key": "4ad50fef-b238-40b3-8ad9-e12eef375438",
      "Value": "\"그리 좋지 않습니다. 뒷골목, 부두, 골목길에서 싸움이 일어납니다 – 적막하지만 살벌하죠. 지배자는 매일 바뀝니다. 오래된 가문, 도둑 길드, 새로운 모험가들. 그들 모두가 자기 몫을 챙기길 원합니다.\""
    },
    {
      "Key": "50a85b11-0257-4dee-b4bb-a81261e4a798",
      "Value": "\"끔찍합니다. 솔직하게 말해야겠네요. 첫 번째 왕은 바보가 아니었습니다. 어떤 이유 때문에 도시 경비대를 만들었죠. 오늘날, 그들이 피하고자 시도했던 모든 일들이 도시에서 일어나고 있습니다: 모든 사람이 다른 모든 사람과 싸우고 있죠. 오래된 가문, 도둑 길드, 새로운 모험가 무리까지, 이들 모두가 거리 한가운데서 서로 죽고 죽입니다. 밤에 불이 없는 곳은 지나다니지도 못합니다. 당신은 엄청난 실수를 했습니다, 전하. 저는 이를 고칠 수 있을지도 확신하지 못하겠군요.\""
    },
    {
      "Key": "ceb173f6-073b-4875-acbc-92070160af69",
      "Value": "\"'세금 지불'이라는 곳에서 열심히 일해야 겠군. 하하!\""
    },
    {
      "Key": "2133672a-097e-4ea8-86a2-dd2e6b34c984",
      "Value": "{n}가스페레가 킬킬 웃습니다.{/n} \"그 말장난을 처음으로 생각한 것이 너라고 생각하지 마! 심지어 이로베티도 그 농담을 좋아했다지!\""
    },
    {
      "Key": "fa8a2b74-aa52-4f73-b8d2-650822520f52",
      "Value": "\"하하하! 농담의 금광이야!\""
    },
    {
      "Key": "08ffdd13-0088-4562-a666-148547b733d4",
      "Value": "\"그러게!\""
    },
    {
      "Key": "f83aebb5-96cc-492f-baef-8cf3694f83c5",
      "Value": "\"하하! 일단 우리가 이로베티를 돌봐 주면 강의를 해야겠어. 교수형 유머를 말이지!\""
    },
    {
      "Key": "c5661d87-6235-4171-80ae-9c55d8323adf",
      "Value": "{n}자신의 농담에 신경 쓰지 않는다는 것을 깨달은 레곤가르는 시무룩한 얼굴로 주위의 거리를 탐색하기 시작합니다.{/n}"
    },
    {
      "Key": "efa23ed6-3dda-4a3f-af8f-64b621e66f55",
      "Value": "\"좋아, 좋아... 조용히 할게. 농담 이었어...\""
    }
  ]
}