{
  "$id": "1",
  "strings": [
    {
      "Key": "2e45d1df-1a2a-4f31-9024-93f8cbf2d5f2",
      "Value": "\"왜 아르막 때문에 고통스러워 하지?\""
    },
    {
      "Key": "29f19627-c273-464a-be5a-b0bc4c9b8682",
      "Value": "\"계획이 뭐야?\""
    },
    {
      "Key": "388e9dd2-89b1-4821-beb6-cf1d958d4bcc",
      "Value": "\"네가 아르막을 제거하면 족장은 누가 하지?\""
    },
    {
      "Key": "0cc4021e-f13b-4bb5-b7ec-5cd988ed486c",
      "Value": "\"준비 됐다.\""
    },
    {
      "Key": "e72a8faf-52b4-41b3-acaf-626435553fae",
      "Value": "\"여기서 기다려. 준비해야 해.\""
    },
    {
      "Key": "6886aa30-fa33-4405-a493-ccc2eed2edee",
      "Value": "\"기다려. 우리는 준비할 것이 있다.\""
    },
    {
      "Key": "e4150933-74f7-4f89-ab3d-5622ce7cf302",
      "Value": "\"캠프로 몰래 들어가야겠어. 아르막을 혼자 상대해도 괜찮겠어?\""
    },
    {
      "Key": "05db9c4f-21ef-47c9-957a-833ddfd8a707",
      "Value": "\"그게 전부야? 네가 나를 무언가에게서 멀어지게 하는 거 같은데.\""
    },
    {
      "Key": "82512d2e-0f1d-4681-881b-a23878620beb",
      "Value": "\"내 지휘관이 명령하면 나는 따른다. 하지만 나는 부하들에게 강요하지 않아. 그건 개인적인 선택이다.\""
    },
    {
      "Key": "bfe0094e-1cea-4a57-9bc9-4a92d16b5a5a",
      "Value": "\"그런 지도자라면 부하들을 죽이기 전에 절벽에서 밀어야지!\""
    },
    {
      "Key": "c80abae1-8b7e-4e36-93b6-04e2b0fdd7a4",
      "Value": "\"지휘관의 명령은 논할 것이 아니야. 지휘관이 그런 명령을 내린다면 이유가 있겠지. 그건 내 원칙이야. 내 부하들도 내 원칙을 따라야 한다.\""
    },
    {
      "Key": "0f8f578e-2fe9-460d-8235-e8a6c4343fdc",
      "Value": "\"뭐? 그런 명령이라면 지옥에나 가라고 해!\""
    },
    {
      "Key": "7ea4890e-1786-4947-bbf4-a5f60aa22463",
      "Value": "\"상황을 파악하는 동안 우선 부하를 보내야겠다. 급히 움직이지 않는 게 좋을 거야.\""
    },
    {
      "Key": "249211a5-9547-49a3-b635-4e8f8a9c44db",
      "Value": "\"설명하기 어려워. 그가 맞을 수도 틀릴 수도 있어. 모든 것을 생각해 봐야 해.\""
    },
    {
      "Key": "42b758ef-ed10-4943-813b-e2d4c75cddc1",
      "Value": "\"네 목표는 레스토프를 손에 넣는 것이라고 생각했는데.\""
    },
    {
      "Key": "2a100c1e-9acc-402e-9386-a3410d2069ba",
      "Value": "\"누메리아는 여기서부터 상당히 멀어. 어떻게 로스틀랜드 국경을 찾아갔지?\""
    },
    {
      "Key": "dcc9a89b-09bb-4032-a2be-b7f218ab3561",
      "Value": "\"짜증나게 하는군. 너희 야만인 맞아? 대항할 용기도 없어서 살금살금 기어다니고 싶은 건가! 아르막이 너희를 깔보는 것도 당연해!\""
    },
    {
      "Key": "1fba6ce7-3494-480d-a29e-7ab708d793a8",
      "Value": "\"여기 왔구나! {d|c41 Follow Amiri}때가 되었어{/d}. 전투가 아직 시작되지는 않았어. 아직 시간은 있지.\""
    },
    {
      "Key": "346fbe75-911a-49d8-a1d4-171f8892e821",
      "Value": "\"너를 {d|c41 Follow Tristian}기다리느라{/d} 늙는 줄 알았다! 전투가 이미 시작되었어. 온통 피바다가 될 거야! 지금 우리가 시간이 충분한지는 모르겠군!\""
    },
    {
      "Key": "a8f6a912-e723-4d7f-97eb-698281d9c74a",
      "Value": "{n}야만인은 허공에 손을 듭니다.{/n} \"진정해! 너와 대화하기 위해 기다렸다. 나는 그와트고 {g|Tiger Lords}호랑이 군주{/g} 부족이다. {g|Gorum}고룸{/g}의 성직자이고 {d|Ashman}Dugath's{/d}의 제자이지. 너에게 제안을 하러 왔다.\""
    },
    {
      "Key": "88590b33-bda8-4495-b56c-e91058193d3d",
      "Value": "\"모두 준비 됐어?\""
    },
    {
      "Key": "ffb1bc47-9496-40a1-9aca-91ffa4933871",
      "Value": "\"준비 됐어?\""
    },
    {
      "Key": "9d921391-0128-46cf-b33e-be5fb3d073ba",
      "Value": "\"{g|Tiger Lords}호랑이 군주{/g} 부족의 그와트와 만나봐. 그는 {d|Ashman}두가스{/d}의 제자이고 성직자이지. 아주 똑똑하기도 하고! 그들은 우리의 편이 되었고 우리 둘은 그의 이야기를 들어 보기로 했지. 그가 설명할 거야.\""
    },
    {
      "Key": "b0ac7fca-283c-4d73-95f9-900490fc45f6",
      "Value": "\"시간 낭비하기는 싫다. 우리는 아르막이나 마녀들은 지긋지긋해. 너는 브레보이 사람들을 돕고 싶고 우리는 무자비한 도살자를 끌어내리고 싶어하지. 우리는 서로 도울 수 있어.\""
    },
    {
      "Key": "0731e877-568e-4bab-8cd0-b08324f0cf39",
      "Value": "\"족장의 일은 부족의 영광과 부를 위해 뛰는 것이지 부족 사람들에게 환상을 심어주는 사기를 저지르는 것이 아니야! 진짜 아르막은 {g|Numeria}누메리아{/g} 전역을 {g|Tiger Lords}호랑이 군주{/g} 부족 앞에 떨게 했다. 하지만 가짜는 어떤가? 우리 부족을 보내 이유 없이 죽게 하고 앞으로도 죽게 하겠지. 우리가 왜 브레보이 사람들과 싸워야 하는 거지? 우리에게 보상해주기라도 하는 건가? 얼굴잃은 자매들이 보상을 해줄 건가? 꿈 깨! 우리는 알지도 못하는 놀음에 놀아나는 것도 지쳤어!\""
    },
    {
      "Key": "3c7826ff-4697-40de-ab27-a5478c79b0ce",
      "Value": "\"간단히 말해서 조금만 도와주면 내가 캠프에 몰래 들어가 두가스를 풀어줄 수 있다는 거야. 그러면 우리는 아르막과 얼굴잃은 자매들을 죽일 거고. 내가 보기엔 정말 완벽한 계획이라고!\""
    },
    {
      "Key": "4a8b7580-fa82-4acc-a245-badda27143ad",
      "Value": "\"간단히 말해서 조금만 도와주면 내가 캠프에 몰래 들어가겠어. 그리고 아르막과 얼굴잃은 자매들을 찾아 머리를 베어버릴 거야. 완벽한 계획이지!\""
    },
    {
      "Key": "63afcd67-1ed0-4731-92b0-2447b552c400",
      "Value": "\"캠프로 가서 폭동을 벌이자! 돈도 못받고 사지로 가는 그들의 처지를 설명해주면 캠프는 우리가 손에 넣게 되고 아르막과 얼굴잃은 자매들을 죽일 수 있을 거야!\""
    },
    {
      "Key": "32bc1cae-8b6a-4979-9b40-bfb86f28147d",
      "Value": "\"{d|Ashman}두가스{/d} 같아. 하지만 그건 중요하지 않지.\""
    },
    {
      "Key": "21b31500-4d1a-40c7-a916-2722ca34bb87",
      "Value": "\"준비했어? 시작하면 되돌릴 수 없어. 아직 시간이 조금은 있어.\""
    },
    {
      "Key": "190b1564-50ee-4951-b9b7-65aacaae2c3a",
      "Value": "\"누군가 찾자. 지금은 중요하지 않아.\""
    },
    {
      "Key": "44fbcc7f-47ae-4d00-a5f6-795a785999a8",
      "Value": "\"우리 주요 목표는 아르막을 죽이는 거야. 아무것도 모르는 꼬마라도 마녀들에게 복종하는 미치광이 족장보다는 나을 거야.\""
    },
    {
      "Key": "a017add8-2f47-45ef-a213-bc1cc28f1ae0",
      "Value": "\"뭐? 나는...\""
    },
    {
      "Key": "b2cd06a5-23f7-4227-aaae-fb69da63f006",
      "Value": "\"캠프로 몰래 들어가는 것은 선택이 아니야. 아미리는 여섯곰 부족이고 쉽게 들어갈 수 있을 거야. 속임수는 네게 통하지 않겠지. 너는 이끌어야 할 군대가 있어. 군대가 없으면 모든 계획은 쓸 모가 없지.\""
    },
    {
      "Key": "ae4ca28e-7a91-4c0c-9f64-59aad404c4c8",
      "Value": "\"너는 브레보이 사람들을 데리고 와. 네 군대가 모습을 드러내고 아르막의 정체가 탄로나면 우리 부족을 후퇴시킬 수 있으니.\""
    },
    {
      "Key": "29f18a8a-49d1-46bc-9b8e-6faa3d80dd9e",
      "Value": "\"좋아. 하지만 시간 낭비하지는 마.\""
    },
    {
      "Key": "861d7902-f697-40a6-a41e-6280fd0d7657",
      "Value": "\"정말인가? 나는 거짓말쟁이가 되었군... 좋아. 아직 할 일이 하나 남았어. 여섯곰 부족은 {g|Tiger Lords}호랑이 군주{/g} 부족의 캠프에 있어. 그들이 마음에 들지는 않지만... 그들은 닐락과 함께 있어. 그리고 닐락이 다치게 두지는 않을 거야.\""
    },
    {
      "Key": "fd166cc2-7ac2-4690-9553-ead09e74cce0",
      "Value": "\"예를 하나 들어 보지. 아마 너는 {g|River Kingdoms}강의 왕국들{/g}에서 가장 중요한 사람은 아닐지라도 너는 백성들의 적은 아니지? 우리의 입장을 생각해봐. 너희 대장이 늙은 미친놈의 예언을 들어 너희들을 절벽에서 뛰어내리라고 명령했다고 생각해 보라고. 너라면 어떻게 하겠어?\""
    },
    {
      "Key": "bd1cade5-3627-4f0e-bcf4-1c4399b695c6",
      "Value": "\"아르막과 얼굴잃은 자매는 이제 끝이야.\""
    },
    {
      "Key": "fbb99f03-513c-4783-807f-20ff22f71817",
      "Value": "\"너는 정말 좋은 사람 같군. 너같은 녀석이 없어서 아쉽다. 그런 자들은 오래 살지 못하지. 우리의 길은 조금 다른 것 같아.\""
    },
    {
      "Key": "5c43a095-ef03-400e-bcac-414b4d98bff9",
      "Value": "\"그래! 우리도 그렇게 생각했어!\""
    },
    {
      "Key": "5a9fda7a-5019-42b7-bcb9-685af2977cc0",
      "Value": "\"너희는 그렇게 생각하겠지만 우리는 조금 달라.\""
    },
    {
      "Key": "a7dba866-a21e-40cb-a7ca-0f103ea80587",
      "Value": "\"정말 교활하군. 불난 집에 부채질하는 거야? 남작이라면 그럴지 몰라도 우리는 달라. 우리는 서로에게 가족이야. 족장도 우리를 가족처럼 생각해야 해!\""
    },
    {
      "Key": "1e83a8f7-9eac-4aa7-ba06-0d4184d3396f",
      "Value": "\"우리는 쓰레기같은 족장은 필요 없어!\""
    },
    {
      "Key": "c5ab7cb7-350a-474a-a4e1-640c4fa3e63f",
      "Value": "\"너 스스로를 족장이라고 한다면 부족을 보살펴야지. 그렇지 못한다면 죽어 마땅해!\""
    },
    {
      "Key": "b6eabcfe-bf04-4e57-adf7-14c32559f457",
      "Value": "\"하지만 아르막은 {g|Brevoy}브레보이{/g}의 군대를 과소평가했어. 그는 군대가 실제보다 삼분의 일에 지나지 않다고 했고 네 지원군도 오지 않았다고 했지! 오늘 우리의 적은 브레보이 병력의 일부에 불과해. {g|Restov}레스토프{/g}의 병력과 성채는 우리에게는 도전하기 힘들어. 우리가 할 수 있는 것은 {g|Swordlords}소드로드{/g}의 군대를 약화시키는 것일 뿐이야. {g|House Surtova}서토바{/g}는 좋아하겠지만 우리에게도 좋은 걸까? 서토바는 돈도 들이지 않았지만 우리는 피해가 크다고!\""
    },
    {
      "Key": "a70ffd7b-5076-458c-8444-085f47629f73",
      "Value": "\"우리는 {g|pitax}피탁스{/g}를 여행했어. 이로베티 왕이 우리에게 시련을 준 것은 여전히 알 수 없어. {g|Restov}레스토프{/g}를 공격한 병사들 중에서 소문이 돌았었지만 이제 우리가 돈을 받지 못한다는 것은 뻔해! 나는 이런 식으로 힘든 일을 겪기는 싫지만 부족들을 보살피지 않는 족장은 최악이야!\""
    },
    {
      "Key": "ccb93e36-0b8f-40d7-ab06-51bacb36248b",
      "Value": "\"하지만 우리는...\""
    },
    {
      "Key": "ebedc984-aee6-4f9a-8d78-55591500b487",
      "Value": "\"어때? 그렇게 어렵지 않을 거야! 그와트. 생각해봐! 아르막에게 대항하자!\""
    },
    {
      "Key": "29124eb8-8db9-479e-9a74-7e3588c76eeb",
      "Value": "\"네가 맞아! 우리에게 남겨진 것은 없지. 공격하자!\""
    },
    {
      "Key": "5bfb5180-30b4-4b43-8a60-605a88889c34",
      "Value": "{n}옥타비아가 눈을 찌푸립니다.{/n} \"정말이야? 그냥 멍청한 농담인줄 알았는데...\""
    },
    {
      "Key": "73c4d72e-c030-4281-9bd2-a5e78cffa631",
      "Value": "\"잠시 아미리를 혼자 두면 가서 반란을 일으킬 거야!\""
    },
    {
      "Key": "b8761df3-f971-4d35-99c8-e2f99f07e3c8",
      "Value": "\"명예가 아닌 욕망의 소리를 들었어. 사람들과 폭력 사이에 남은 유일한 것은 먼지 뿐이지. 누군가 돈을 지불한다면 그들은 평화로운 마을도 공격할 거야.\""
    },
    {
      "Key": "6d79f4c3-7c8b-48c2-9718-f65d693a24c2",
      "Value": "\"진정해! 우리는 전사다. 우리는 전사와 싸우지 약한 녀석들을 공격하지 않아!\""
    },
    {
      "Key": "fabd8a91-1cbb-42d9-a5f8-6e139aa19a02",
      "Value": "\"확신이 서지 않아.\""
    },
    {
      "Key": "be7566f9-6585-47c3-80af-f7440cccfdb9",
      "Value": "{n}제이탈은 조용히 말해서 야만인은 듣지 못했습니다.{/n} \"두가스는 자신을 너무 높이 평가했군. 그는 통제 불가능한 녀석이야. 이 군단은 다른 족장이 어울려. 물론 그들의 계획을 따르고 마음을 바꾸는 것도 불가능한 것은 아니야.\""
    },
    {
      "Key": "86a63537-7ffe-4a2d-a805-25d4e888eeeb",
      "Value": "\"그들은 계급간의 혼돈이 발생하기 시작했어. 그들은 정복을 하지 못하거나 새로운 족장의 정체를 알지 못해서 걱정하는 것이 아니야. 광기가 가장 큰 적이지.\""
    },
    {
      "Key": "913463a5-fb77-4f7c-b54d-dd2c46a8382f",
      "Value": "\"이성의 목소리? 나는 그다지 기대하지 않았어. {g|Numeria}누메리아{/g} 야만인들은 학살로 평화를 가질 거라고 생각했지!\""
    },
    {
      "Key": "9c0f4e1b-3138-4662-a772-5914b2e72117",
      "Value": "\"내가 생각하기에는 울어야 할 지 웃어야 할 지 모르겠어. 훈련도 없고 전략도 없는 상태라면 야만인 군대는 찢어져서 서로를 죽일 거야. 불쌍한 아르막. 백성들을 통치하는 것도 쉽지 않구나!\""
    },
    {
      "Key": "eb869759-0615-40fd-a0b0-2feca2c60fad",
      "Value": "\"고룸의 사제가 야만인 군대를 지휘한다고? 무슨 생각이지? 몇년 되지 않아 그는 부족을 희생하고 이웃 국가를 약탈하려 할 거야.\""
    }
  ]
}