{
  "$id": "1",
  "strings": [
    {
      "Key": "0d37ee6f-e0e1-4ed5-9bc2-e04c9fe8e1d1",
      "Value": "\"여기서 뭐하고 있어?\""
    },
    {
      "Key": "6b8aa1a0-5880-4afc-838e-087af6fdb5f4",
      "Value": "\"어둠의 여신을 숭배하는 사교도를 찾고 있어. 날 도와 줄 수 있어?\""
    },
    {
      "Key": "b74566ae-64a3-48a3-b076-039cca01a81f",
      "Value": "\"이만 가봐야겠어.\""
    },
    {
      "Key": "ec47a3ee-f89a-41d1-8dfa-a97bfc050856",
      "Value": "\"올리카. 왜 방에 피 묻은 속옷이 있지? 어디서 나온 거야?\""
    },
    {
      "Key": "6bb0036f-940d-4fe3-aa25-68ce8880aad7",
      "Value": "\"그랄튼에 머무를 계획인건가?\""
    },
    {
      "Key": "083d48dd-08ff-4090-bdc0-52fc5cdde809",
      "Value": "\"넌 어느 나라에서 왔지?\""
    },
    {
      "Key": "0135cbf3-f01b-4dcc-9e24-337c6bae48d8",
      "Value": "\"다른 것에 대해 얘기해 보자.\""
    },
    {
      "Key": "e7bb5c04-b8e2-49bc-8109-b34d2bb2c4fc",
      "Value": "\"오늘밤 의심스러운 것이 있었어?\""
    },
    {
      "Key": "985a87c9-95d7-4c9d-8dfc-049ad4dd7eeb",
      "Value": "\"이 회장 안에 아는 사람이 있어?\""
    },
    {
      "Key": "cac60995-02d6-4a41-98f4-65b73a656116",
      "Value": "\"저쪽 테이블에 커플이 보이지? 레스토프 출신의 귀족들이야. 그들은 네가 회장 안에 마지막으로 들어온 사람이라고 얘기하던데..\""
    },
    {
      "Key": "a6d2de1b-fb48-4098-8c5b-b713a2bd58cd",
      "Value": "\"누가 마지막으로 이 산장에 들어 왔는지 알아?\""
    },
    {
      "Key": "432937fa-c9ef-42ce-8daf-5401659fe239",
      "Value": "\"너에겐 긴 여정이었겠구나.\""
    },
    {
      "Key": "acb3e1fa-edf4-4076-a15d-3359aed69d87",
      "Value": "\"다른 것에 대해 얘기해 보자.\""
    },
    {
      "Key": "3be3a559-332a-4a57-8e92-aa6f798977c2",
      "Value": "\"네 방 열쇠가 필요해.\""
    },
    {
      "Key": "a835d93e-a182-4fef-80e5-11317e802684",
      "Value": "{n}평범한 드레스에 후드가 달린 망토를 두른, 한 젊은 여자가 당신 앞에 서있습니다. 그녀의 배는 불렀습니다. 그녀는 임신했고 출산할 때가 다 되어 보입니다.{/n}"
    },
    {
      "Key": "822cb11a-d6ef-44c7-806f-8348a3976305",
      "Value": "{n}여자는 겨우 인사합니다.{/n} \"다른 사람들이 당신을 {mf|영주님이|영주님이|전하|전하}라고 부르는 것을 들었습니다. 당신 앞에 서게 되어 영광입니다. 저는 올리카라고 합니다.\""
    },
    {
      "Key": "bddb44c9-9ead-4ab9-80ed-3e612f5e7deb",
      "Value": "\"만나서 영광입니다. {mf|영주님|영주님|전하|전하}!\" {n}여자는 고개숙여 인사를 하고는 빛나는 눈으로 당신을 봅니다.{/n} \"친절을 베풀어 주신 것에 직접 감사를 전할 길은 없을 줄 알았는데, 아무래도 신들께서 저를 도우시나봐요.\""
    },
    {
      "Key": "d0c3ef5f-f4e7-4fd9-b008-6b8aff289942",
      "Value": "{n}그녀는 드레스에 꽂힌 터키석 브로치를 만집니다. 브로치는 당신에게 낯익어 보입니다.{/n} \"남편이 집에 돌아오는 길의 마지막 선물을 당신께서 전해주셨습니다. 제가 얼마나 감사하고 있는지는 세상 어떤 말로도 충분하지 않을꺼에요\""
    },
    {
      "Key": "a7453bb9-cae5-41ad-8166-502c24e316d2",
      "Value": "\"더 물어보실게 있나요?\" {n}올리카는 희미한 미소를 지어줍니다.{/n}"
    },
    {
      "Key": "aa36dc73-8233-4e6c-a205-42f488613ba4",
      "Value": "\"그랄튼에 여동생이 있어요. 그녀가 자기 집에 제가 머무를 만한 곳을 마련해준다고 했어요. 그래서 나는 그곳으로 갔죠. 거기 말고는 갈 곳이 없었어요.\""
    },
    {
      "Key": "1b6b4439-98ef-4d36-9c3a-4bc083e55fd3",
      "Value": "\"{g|Galt}갈트{/g}에서 왔습니다. {mf|영주님|영주님|전하|전하}. 변두리 작은 마을 출신이에요. 여기에서는 아무도 이 장소에 대해 들어본 사람이 없는 것 같아요.\""
    },
    {
      "Key": "76c0cbd9-80c3-4a69-8277-df37a95ab516",
      "Value": "{n}올리카는 망설입니다.{/n} \"아직 모르겠어요.\" {n}그녀는 대답했습니다.{/n} \"하지만 일이 잘 풀린다면... 그래야겠죠?\""
    },
    {
      "Key": "78ba4568-766b-4efc-a7d0-181d9fc2c654",
      "Value": "{n}올리카는 고개를 끄덕입니다.{/n} \"얼마든지요. {mf|영주님|영주님|전하|전하}.\""
    },
    {
      "Key": "9a631b5f-4219-4352-b41d-3f6863db407c",
      "Value": "{n}올리카가 창백해집니다.{/n} \"사교도들? 그건... 그건 정말 끔찍해요! 하지만... 제가 어떻게 도와줄 수 있을까요?\""
    },
    {
      "Key": "6cc7b300-6e4c-4697-805e-11798c9b70ca",
      "Value": "{n}올리카는 어깨를 으쓱합니다.{/n} \"저는 돈이 거의 없어요. {mf|영주님|영주님|전하|전하}... 그래서 길가에서 상인들의 마차를 태워달라고 간청하고는 했죠. 밤은 되는대로 아무데서나 보냈구요. 이곳은 그래도 따뜻하고 아늑한 편이에요.\""
    },
    {
      "Key": "90990657-1f43-4130-8982-79740d294db8",
      "Value": "{n}올리카는 한 발 뒤로 물러났고 그녀의 눈은 두려움으로 가득 차있습니다.{/n} \"제가... 제가 설명할게요...\""
    },
    {
      "Key": "8e4d1d6e-e318-4430-a225-f1a167e5f20f",
      "Value": "{n}올리카는 당혹스러운 표정을 보입니다.{/n} \"하지만 그건 사실이 아니에요! 그렇지 않아요!\" {n}그녀의 목소리가 떨립니다.{/n} \"덤라... 여주인... 그녀가... 그녀가 마지막이었어요! 나는 그녀가 부엌을 통해 들어오던 것을 기억하고 있다구요!\""
    },
    {
      "Key": "0877785c-9007-4d25-9162-9d663d0af11f",
      "Value": "\"길에서 긴 하루를 보낸 후, 휴식을 취하고 있었습니다. {mf|영주님|영주님|전하|전하}. 저는 미망인이에요...{n}올리카는 잠시 멈칫합니다.{/n} 남편을 잃은지 반년도 되지 않았고 게다가 그는 저와 아이를 남겨둔채 떠났죠. 이렇게 어려운 시기에 말이에요...\""
    },
    {
      "Key": "ea718c09-6a79-401a-8055-f0a9a3f69b75",
      "Value": "{n}올리카는 머리를 천천히 흔듭니다.{/n} \"아니... 못본거 같아요...\""
    },
    {
      "Key": "2f5e3681-9f83-470f-8a45-1564bd24c016",
      "Value": "\"이 산장에 들어왔을 때 이사람들이 있는 걸 본 게 처음이야.\""
    },
    {
      "Key": "f2c9e399-0ccf-4738-a2c4-45b1d95f6d5a",
      "Value": "{n}올리카는 눈살을 찌푸립니다.{/n} \"부엌에서 소리가 들렸어요... 무언가 바닥에 떨어지는 소리 같았죠. 그리고는 저 괴팍한 노인 덤라가 나왔어요.\""
    },
    {
      "Key": "a7d28cb0-1aa1-4829-b106-92264fe9fa3a",
      "Value": "{n}올리카는 고개를 여러번 끄덕입니다. 사교도에 대한 이야기가 그녀를 겁먹게 한 듯합니다.{/n}"
    },
    {
      "Key": "67d2f28f-f23d-4cfb-ad05-fb699bda1423",
      "Value": "{n}여자는 머리를 숙이고 손을 배에 올립니다.{/n} \"저… 저는 출산을 앞두고 있어요...하지만...긴 여행 때문에..아니면 걱정거리 때문인지..뭔가 잘못됐나 봐요. 아프기 시작했어요...\" {n}올라카는 눈을 꼭 감습니다.{/n} \"그리고 피가 흘렀어요.\""
    },
    {
      "Key": "2e29e810-751b-4fb9-8ccc-3be8170c233e",
      "Value": "{n}올리카는 흐느끼기 시작합니다.{/n} \"저는 노력했어요! 뭐가 잘못된 건지 알아내려고 했다고요! 제 몸을 정화하고, 신들을 달래기 위해서라면 뭐든 했죠! {g|Pharasma}파라즈마{/g}의 사제에게 갔지만 도와줄 수 없다고 했어요. 여신께서 원치 않으셔서, 제 아이가 죽은 채로 태어날 거라고요!\""
    },
    {
      "Key": "9abfde57-2a76-4da2-932d-8a4a54fcf8a7",
      "Value": "{n}당신은 {g|Galt}갈트{/g}와 그랄튼을 떠올립니다. 당신이 알기로 {g|Stolen Lands}도둑맞은 땅{/g}은 올리카가 말했던 곳 옆에 있었습니다.{/n}"
    },
    {
      "Key": "536740f9-69d0-443b-8c0c-e76873a8b82f",
      "Value": "{n}올리카는 옷의 주름을 곧게 펴고 그녀의 배 위에 손을 올려 놓습니다.{/n}"
    },
    {
      "Key": "5cfb7d42-b76d-43b9-9fc2-0ba66e2ef140",
      "Value": "{n}올리카는 망설이지만 망토에서 열쇠를 꺼내, 말없이 당신에게 건네줍니다.{/n}"
    },
    {
      "Key": "14c10155-7ed4-4264-8dff-65111b469340",
      "Value": "\"하지만 그럴 순 없어요....저는 받아들일 수 없어요. 포기 할 수 없다구요. 이 아이는... 내 남편의 아이는... 제게 남긴 남편의 유일한...\" {n}올리카는 손으로 얼굴을 가리고는 흐느끼기 시작합니다. 당신은 지금 그녀에게 아무것도 얻을 수 없다는 것을 깨달았습니다.{/n}"
    },
    {
      "Key": "3b605629-8770-4b6f-8989-d3fefec66ecf",
      "Value": "{n}올리카의 편지에 대한 기억이 당신의 마음 속에서 떠오릅니다. 그녀는 편지에서 아들을 언급 했었지만, 지금 엄마 옆에는 아이가 없습니다. 그랄튼에 머무를 계획이었던 올리카가 아들을 데리고 오지 않았다는 것은 이상한 일입니다.{/n}"
    },
    {
      "Key": "7031a77b-2e6b-4964-9e49-7ab32e7e8ab2",
      "Value": "\"이미 잊어버렸을지도 모르지만... 내 {d|Leksen}남편의{/d} 시신을 발견한 건 {mf|영주님|영주님|전하|전하}이십니다. 그는 상인이었는데, 여행 중 죽음을 당했어요. 당신께서 그에게서 브로치와 편지를 발견해서 저에게 보내주셨어요.\""
    }
  ]
}