{
  "$id": "1",
  "strings": [
    {
      "Key": "7b4ab1d9-008e-4749-8518-2c9be61a5fe3",
      "Value": "\"어디에서 왔나, 제이스?\""
    },
    {
      "Key": "fe4568ec-e9a8-4ca9-ba4d-307efd5f4b49",
      "Value": "\"선술집과 여관이 있는데 신전이 무슨 소용이지?\""
    },
    {
      "Key": "b8916e65-f03c-4e5f-be52-fb8933cdd470",
      "Value": "\"이 것을 내게 왜 제안하는 거지?\""
    },
    {
      "Key": "6526539b-84c4-4e76-aba0-59fd01406719",
      "Value": "\"이런 말도 안되는 일에 돈을 낭비하기는 싫다.\""
    },
    {
      "Key": "9f7b95c5-bd9a-42b8-8ef0-a96ae1e6db8e",
      "Value": "\"사원을 짓는 것은 좋은 생각이다! 물론 돕도록 하지!\""
    },
    {
      "Key": "b3fe176a-2855-4308-bd5e-f1f4e7486a87",
      "Value": "\"이 사원을 짓는 것을 돕는다. 하지만 내 법을 준수하는 이만 환영받을 것이다.\""
    },
    {
      "Key": "273b428f-ebee-4ee0-89c6-3e19699d3a14",
      "Value": "\"데즈나의 문제에 간섭할 생각은 없다. 미안하지만 돕지 않을 것이다.\""
    },
    {
      "Key": "b5cfb1ed-02dd-423a-a8cf-9debec35a25b",
      "Value": "{n}낡아빠진 옷을 입은 중년의 하플링 여자가 당신 앞에서 조아립니다.{/n} \"반갑습니다, {mf|영주님|영주님|전하|전하}! 알현을 허락해주셔서 감사드립니다!\""
    },
    {
      "Key": "c552cc25-9022-477f-8608-ea9d4a6816ac",
      "Value": "\"제 이름은 제이스입니다. 여행자와 여행자의 행운을 관장하는 여신,{g|Desna}데즈나{/g}님의 사제입니다. {mf|영주님|영주님|전하|전하} 땅의 명성이 저의 요청과 함께 저를 부르셨지요.\""
    },
    {
      "Key": "f227e370-a3d8-470a-8553-5437ee87305e",
      "Value": "{n}제이스가 그녀의 팔을 가슴에 얹습니다.{/n} \"{g|Desna}데즈나{/g}께서 밤을 거니는 자들을 보호하십니다. 부디 저와 제 동료들이 여행자들을 위한 성소를 짓는 것을 도와주세요. 길 옆의 여신의 성소지요! 엄청난 수고가 들어가는 건 아니지만, {mf|영주님|영주님|전하|전하}의 영토를 지나는 수백명의 여행자들이 기도하면서 {mf|영주님|영주님|전하|전하}께 감사드릴겁니다.\""
    },
    {
      "Key": "cd8820bb-18a3-48ef-a616-5851ee5d344d",
      "Value": "{n}제이스가 고개를 젓습니다.{/n} \"필요로 하는 사람이 돈이 없으면요? 혹은 주인이 입구에서 씻지 않았다고 거절한다면? 안돼요, {g|Desna}데즈나{/g}님의 사원은 호텔같은 곳이 아닙니다. 데즈나님의 사원은 모든 떠돌이가 환영받는 장소입니다. 여신님의 사원에서는 부자와 빈자가 똑같아요!\""
    },
    {
      "Key": "d5b5631f-9aa8-4eae-94d9-ccd02e8a1dc3",
      "Value": "\"사원을 짓는 것은 물론 쉽지요. 제단을 만들고, 그루터기 몇개를 뽑아내고, 주변을 정리하면 끝이에요! 하지만 보이지 않는 {g|Desna}데즈나{/g}님의 존재는 계속 남아서 영주님의 영토 구석구석을 지켜주실겁니다. 그 누구도 사원의 그늘 밑에서 자는 사람을 감히 공격하지 못해요!\""
    },
    {
      "Key": "5d1cf309-a437-482e-80c4-049370bcc80f",
      "Value": "{n}제이스가 놀라워 하면서 당신을 봅니다.{/n} \"이 땅의 모든 이가 당신을 좋은 {mf|남작|여남작|왕|여왕}으로 여기기 때문이죠! 모든 영혼을 지켜주고 빈자들과 병자들이 홀로 싸우도록 내버려두지 않는 사람! {mf|영주님|영주님|전하|전하}의 백성들은 당신의 모범을 따라서 상냥하고 친절하지요. {g|Desna}데즈나{/g}께서 당신을 사랑하심은 의심의 여지가 없습니다. {mf|영주님|영주님|전하|전하}의 땅을 여행하는 모든이도요!\""
    },
    {
      "Key": "0369c7ef-d8b3-4dd8-bf70-f5bd41ab28dc",
      "Value": "{n}제이스는 기쁘게 박수를 치지 않을 수 없습니다.{/n} \"그러실줄 알았어요! 동의하실 줄 알았다고요! {g|Desna}데즈나{/g}께서 당신과 당신이 사랑하는 모든 이를 지켜주시길!\""
    },
    {
      "Key": "f2392473-4751-49e3-9915-b2400875af03",
      "Value": "\"저는 동료와 연락을 기다리고 있을게요. 준비가 되면 바로 시작하죠. {mf|영주님|영주님|전하|전하}의 나라 구석구석에 사원이 생기겠군요!\""
    },
    {
      "Key": "472038df-0298-4cfe-9392-12e1837cd026",
      "Value": "{n}제이스가 심각하게 끄덕입니다.{/n} \"길은 모든 여행자들을 유혹하지요. 하지만 모두를 돌보고 지키는 것을 길 잃은 양 몇이 거부하지요? 저도 악한자들이 이 땅에서 사라지길 당신만큼 바라고 있어요.\""
    },
    {
      "Key": "a200d12f-3b42-401f-a2d7-6e93b91371e7",
      "Value": "{n}제이스가 탄식합니다.{/n} \"그렇다면 더이상 {mf|영주님|영주님|전하|전하}의 시간을 낭비하지 않겠어요.작별입니다, {mf|영주님|영주님|전하|전하}!\""
    },
    {
      "Key": "a749755c-2ee9-4553-a812-c1e29f028c4e",
      "Value": "\"먼곳에서 말입니다, {mf|영주님|영주님|전하|전하}. 저도 제 선조들처럼 {g|Cheliax}첼리악스{/g}에서 귀족 가문을 섬겼던 적이 있어요. 하지만, {g|Desna}데즈나{/g}를 찬앙하라, 저는 도망쳤고, {g|Varisia}바리시아{/g} 대상단에게 거둬들어졌지요. 그 이후로 운명이 저로 하여금 많은 땅의 많은 길로 이끌었습니다. 나쁜 것과 영광스러운 것 모두요. 그리고 솔직히 말해서, 제 '고향'에 대해서 다시 기억해내고 싶지는 않군요.\""
    }
  ]
}