{
  "$id": "1",
  "strings": [
    {
      "Key": "92828486-ae7f-4dc9-aeab-11aa8d0e4a85",
      "Value": "\"오. 친숙한 얼굴들이군...\" {n}창백한 엘프는 어둑한 곳에서 보니 으스스해 보입니다. 마치 유령이 시체에 빙의한 듯합니다.{/n} \"보이는 그림자마다 칼을 휘두를 만큼 놀라지 않았으면 좋겠네. 나야. 제이탈. 복도를 따라 나가지 않는 것이 좋을 거야. 물론 네 인생을 소중하게 생각한다면 말이지. 나랑 동행하던 이들이 몇명있었는데.. 걔네가 어떻게 됐는지 보이지?\""
    },
    {
      "Key": "75a181f8-4eb8-46ba-ace7-71eb42e81044",
      "Value": "\"그래서 모두가 죽은 와중에 너한텐 왜 상처 하나 없는 거지?\" {n}타투치오는 의심스럽게 제이탈을 봅니다.{/n}"
    },
    {
      "Key": "8d872d54-5fca-42da-9ae0-b9fb247f4ace",
      "Value": "\"짧게 대답해줄께. 한 번만 할거야. 지금 부터 느낄 공포와 궁금증은 우리가 암살자들에게 쫓기지 않을 때까지 참아줘. 알겠지? 난... 언데드야. 이 함정은 살아있는 사람에게는 치명적이지만 나에게는 해가 되지 않아.\""
    },
    {
      "Key": "2609c6ab-b1e9-43db-81b5-d703e6a2af55",
      "Value": "{n}제이탈은 성가신 파리를 보는 것처럼 린지를 봅니다.{/n} \"이미 말했듯이 더 자세한 설명은 나중에 하겠어! 당장 너희가 알아둬야 할 건 우리가 같은 편이라는 것과 우리가 작은 군대 규모의 고용된 암살자들과 싸워야 한다는 것 정도야. 가보자고!\""
    },
    {
      "Key": "bfa928a0-21c7-4687-86ca-f8e2666ddae6",
      "Value": "\"'언데드'라니 무슨 뜻이죠? 정말로? 그러니까 좀비, 스켈레톤 같은... \""
    }
  ]
}