{
  "$id": "1",
  "strings": [
    {
      "Key": "e4698891-d10d-497e-b4a0-1e2da3d1dbab",
      "Value": "\"당신이 야만적으로 분노하는 것에 자비를 요구한다고 제가 겁쟁이처럼 보이는 겁니까? 전 겁쟁이가 아닙니다!\""
    },
    {
      "Key": "d55e9783-89c0-4275-9343-4af7fb42bf3b",
      "Value": "\"뭐, 겁쟁이라면 나 같은 성질 더러운 놈한테 관용이나 설교하면서 자빠져있진 않으셨겠지! 자넨 겁쟁이가 아니야. 하지만 따분할 정도로 착해 빠진 놈인 건 확실하긴 하군! \""
    }
  ]
}