{
  "$id": "1",
  "strings": [
    {
      "Key": "44328ea9-25c8-47fa-be9d-ac96be38b88e",
      "Value": "{n}트리스티안은 걱정하는 얼굴이지만 두려워하진 않습니다.{/n} \"{name}, 당신의 목숨이 위험합니다. 상인들이 자기네들의 계획에 맞서 백성들을 보호하려는 당신에게 화가 났습니다. 그리고 당신에게 모략을 꾸미려고 하고 있습니다. 다행히 백성들은 충성스러운 지라, 충성스러운 백성 중 하나가 이 배반 행위를 보고해왔습니다.\""
    },
    {
      "Key": "201dd8a2-4a16-4927-a7f1-bd4d26ac1fd8",
      "Value": "\"{name}, 상인들이 네가 정한 규범을 더 이상 못 버티겠다는군. 심각한 손해를 입었다고 놈들이 역적 모의를 하고 있다. 다행히 그대의 백성 중 하나가 이 계획을 듣고 내게 이 배반행각을 보고해왔다."
    },
    {
      "Key": "4a4a9afb-87dd-4c41-b817-d54925400b65",
      "Value": "\"역적들의 공격을 막고 처리할 방법을 계획해야 합니다. 아니면 재무관을 시켜 놈들에게 뇌물을 주는 방법도 있습니다. 장관을 시켜 비밀리에 이 역적들을 제거해버릴 수도 있지요. 하지만 그렇게 하는 것은 놈들의 방식에 가깝지, 우리와는 다릅니다. 군대를 소집하기엔 시간이 부족합니다. 하지만 섭정에게 말해 백성들에게 이 사실을 알리도록 하면, 충성스런 백성들이 당신을 보호하겠지요.\""
    },
    {
      "Key": "e00c6cd1-dc4a-4337-8780-b2ab388348cb",
      "Value": "\"선제공격을 해야 해! 재무관을 보내 몇 푼 쥐어주고 역적모의를 그만두게 하는 건 겁쟁이나 할 짓이다. 순진해 빠진 놈이라면 섭정을 보내 백성들을 설득시켜 모집시킨 뒤 적들의 칼 앞에 서더라도 궁성을 지키게 할테고 말이다. 보다 현명한 방책을 알려주지. 널 암살하려는 놈들에게 먼저 선수를 치는 거다. 장관에게 명령해 역모자들의 수괴의 집에 암살자를 보내자고. 역적의 목을 자르기만 하면 아무런 해가 없을 거다. 놈들은 우두머리가 없어진 채 진퇴양난에 빠진 무리 꼴이 나겠지.\""
    },
    {
      "Key": "0ad3aab7-8db7-4af0-9bcf-5a691f161189",
      "Value": "\"전하, 수도의 유명한 상인 몇 명이 역적모의를 하고 있습니다. 전하께선 백성들의 사랑을 받으시는 지라, 백성 중 하나가 이 모의를 보고해왔더군요. 놈들은 암살자를 보내올 것 같습니다.\""
    },
    {
      "Key": "f7bf5744-05dd-4e42-8343-6ad759721e60",
      "Value": "\"장관의 암살자를 보내 이 불순분자들을 처리할 수도 있습니다. 아니면 섭정을 불러 백성들의 보호를 살 수도 있지요. 하지만 더 나은 방법이 있습니다. 재무관에게 명령해 이 탈선한 상인들에게 뇌물을 주는 겁니다. 놈들이 우리 편으로 넘어오면, 반란군도 서로를 믿지 못할 겁니다. 그리고 역적 모의는 아무런 사상자 없이 끝나겠지요.\""
    }
  ]
}