{
  "$id": "1",
  "strings": [
    {
      "Key": "a87cb6ef-6150-44f1-b1a3-8256997b940c",
      "Value": "\"카네라. 뭔가 이상한 걸 느꼈어. 누군가 바로 직전에 여기 와서 원반에 무슨 짓을 한 거 같아...\""
    },
    {
      "Key": "add0ef75-7ba1-4932-9b47-9b7c58780367",
      "Value": "[마법 탐지] [아티팩트에 담긴 마법 아우라와 주변 지역을 조사합니다]"
    },
    {
      "Key": "8a670aeb-dea0-454c-8d6f-f7b0d461a7b3",
      "Value": "\"좋아. 원반을 챙겨.\""
    },
    {
      "Key": "575b14dd-5ce4-48b8-a6f7-663043a015eb",
      "Value": "\"너에게 원반을 주지 않겠어.\""
    },
    {
      "Key": "25e16970-9f73-43e3-8860-7828739c0d9f",
      "Value": "\"위험할 수도 있어. 목숨을 걸 필요는 없잖아.\""
    },
    {
      "Key": "242a66a5-7ff0-4842-a7db-b76e83087a9e",
      "Value": "\"괜찮아?\""
    },
    {
      "Key": "a4e7eb90-eec6-4de6-bdc2-fe6f1be0a56f",
      "Value": "\"하지만 네가 갖게 하지는 않겠어.\""
    },
    {
      "Key": "b4882742-07c6-447c-b445-44ebfe4763b0",
      "Value": "\"결국 이렇게되는군. 아티팩트를 방금 찾아 놓고는 벌써 잃어버리다니...\""
    },
    {
      "Key": "3d5050dd-88d2-49f4-852d-1b5ba8e0bbc6",
      "Value": "\"무슨 일이 일어난건지 모르겠지만 별로 마음에 들지 않는군!\""
    },
    {
      "Key": "e6732ccf-df11-48f3-a0d3-8b1fd904ce3f",
      "Value": "\"너희 둘은 정말 나를 미치게 만드는구나!\""
    },
    {
      "Key": "b1afa226-b58d-4ea1-864f-f5bd5c638134",
      "Value": "\"카네라와 나는 해와 달을 삼킨 원반을 되찾았어. 그게 카네라에게 이상한 방식으로 영향을 준 것 같아...\""
    },
    {
      "Key": "9a0240bc-c02d-49e3-803a-a07e45146cff",
      "Value": "\"이제 원반도 찾았으니 이 바보같은 일은 그만두기로 할까?\""
    },
    {
      "Key": "ac9bd596-2b38-4cc5-ab58-a4fa2d556ff8",
      "Value": "\"네 언니가 널 보고 염소처럼 바보같은 년이라고 전해달라고 부탁했지.\""
    },
    {
      "Key": "b5d23a89-7236-4e76-902c-59699a5b6fd3",
      "Value": "\"카네라가 네가 그립다고 전해달라는군.\""
    },
    {
      "Key": "f6f4b94e-2d7a-438d-b630-f8f12ffffd6a",
      "Value": "\"너희 언니가 지금껏 자신을 물심양면 도와주신 위대한 {mf|남작|여남작|왕|여왕}님을 네가 한번 꼭 안아주라고 전해달라고 하더라고...\""
    },
    {
      "Key": "a5820ccb-22f8-4ff2-aa85-d9f2cd5bad42",
      "Value": "\"농담이야!\""
    },
    {
      "Key": "93df6c91-c7f3-446a-987f-d037bf99942e",
      "Value": "\"그건 농담이었지만, 네가 정말로 나를 꼭 껴안아준다면 참 좋을 것 같긴 해...\""
    },
    {
      "Key": "86c009a3-e842-47f9-a07c-8fcbf8aac15b",
      "Value": "\"나로 말할 것 같으면 전적으로 괜찮아!\""
    },
    {
      "Key": "9a72581d-f1fb-4bd1-b912-a5c6a3fc47c4",
      "Value": "\"그러니까 이제 원하는 대로 너희들 사이를 바꿀 수 있는 거로구나...\""
    },
    {
      "Key": "78b4d715-4c08-44a7-84c6-0ba9460231be",
      "Value": "\"너는 언제든 환영이야!\""
    },
    {
      "Key": "ef26cfa5-4590-4072-b5dd-8340aaa96fe9",
      "Value": "\"너는 필요 없어.\""
    },
    {
      "Key": "d479e4b5-e850-454a-870e-4bc562dfaf17",
      "Value": "\"한번 살펴볼까...\" {n}카네라의 꼬리가 흥분을 감추지 못하고, 땅을 스치듯 춤추고 있습니다. 원반을 당장에라도 움켜잡고 싶은 기색이 역력하지만, 그녀는 일단 당신의 승낙을 기다리고 있습니다.{/n}"
    },
    {
      "Key": "e92e956a-7b38-42e6-a24e-95cf1d8db422",
      "Value": "{n}카네라는 재빨리 양손으로 원반을 거머쥡니다. 그리고 바로 그 순간 마치 박수 치는 것 같은 큰 소리가 울렸고, 하얗게 빛나는 구체가 카네라를 감싸더니 금세 어둠만이 남았습니다.{/n}"
    },
    {
      "Key": "7060286b-5005-4e9c-a7bf-b86228120d5f",
      "Value": "{n}당신은 원반의 기운을 쉽게 찾을 수 있었습니다. 원반은 난해해 보이긴 하지만 특별히 강력해 보이지도 않습니다. 하지만 곧 당신은 근처에서 훨씬 강한 기운의 흔적을 발견합니다. 강력한 힘을 지닌 누군가가 당신보다 먼저 이곳에 와서, 원반에 손을 댄 것 같습니다...{/n}"
    },
    {
      "Key": "e539cb32-14b7-42d7-8b09-4c5b87ff3e42",
      "Value": "{n}카네라는 놀란 것 같습니다.{/n} \"누가 먼저 왔었다고? 원반과 다른 보물을 발견하고도 가져가지 않았다니, 뭔가 이상해... 원반을 지금 막바로는 사용하지 않는게 좋겠어. 일단 수도로 가져가서 시험해 보자.\""
    },
    {
      "Key": "e9748052-96fd-45b9-99de-dd3cd5ea4576",
      "Value": "{n}카네라가 언짢은 듯 얼굴을 찡그립니다.{/n} \"얘기가 다르잖아. 통치자의 말에는 무게가 있어야 하지 않나?\""
    },
    {
      "Key": "e431c04c-3ec7-40fa-ad43-7beb6dfd14b8",
      "Value": "{n}카네라는 고개를 가로젓습니다.{/n} \"뭐가 위험하고 안전한지는 내가 결정해. 나와 동생은 겨우 반쪽짜리 삶을 살고 있어. 미래의 계획도, 평화로운 삶을 누리는 것도, 사랑하는 사람과 가까워질 기회도 없는 그런 삶 말이야. 이 원반은 이 모든 걸 나아지게 할 수 있는 유일한 기회고, 우린 그런 기회를 놓칠 수 없어.\""
    },
    {
      "Key": "085d86c7-14dd-4fb5-9ebd-0cbefbe1c63a",
      "Value": "{n}카네라는 분노에 차서 꼬리를 쾅 내려치고는 독설을 퍼붓습니다.{/n} \"네 결정이 그렇다면, 좋아. 잘 먹고 잘 살아라! 너처럼 매사에 무책임한 통치자 아래서 너희 {mf|남작령|남작령|왕국|왕국}이 얼마나 오래 갈 수 있을지 두고 보자!\""
    },
    {
      "Key": "8db83403-527d-4823-b65e-b1da7c57a8fc",
      "Value": "{n}그녀가 사라진 바로 그 순간, 당신은 무언가 바스라지는 듯한 이상한 소리를 듣습니다... 그리고 해와 달을 삼킨 원반은 당신의 눈 앞에서 먼지가 되어 흔적도 없이 사라집니다.{/n}"
    },
    {
      "Key": "125ab850-c2bb-44f8-a86f-bf1501a5e419",
      "Value": "{n}당신은 서로에게 참견하며 대화하는 듯한 속삭임을 듣습니다. 그들은 단어라기보다는 형상을 통해 대화를 나누는 것 같습니다. '흑', '백', '속박', '분리', 그리고 '불가분'.{/n}"
    },
    {
      "Key": "c1bd7ac2-e75c-4f36-8207-8ed560abc3b5",
      "Value": "{n}그리고 이 이상한 현상은 시작될 때 만큼이나 갑작스럽게 끝났습니다. 어둠이 사라지고, 카네라는 원래 서 있었던 모습 그대로 서 있습니다. 모든 게 그대로인 것 같지만, 손에 들고 있던 원반만은 사라지고 없습니다...{/n}"
    },
    {
      "Key": "a105b77f-27c6-4616-847c-e29fb097a952",
      "Value": "\"놀라워... 예상하지 못했어. 원반은 사라진게 아니야! 마치 그게 내 일부가 된 것 처럼, 그 존재를 느낄 수 있어! 그리고 내 생각에... 그걸 어떻게 사용하는지도 알 것 같아!\""
    },
    {
      "Key": "01ef1378-3f56-45bf-b4a3-7f4d295a845c",
      "Value": "\"뭐라고?\" {n}카네라는 당신의 말을 듣지 못한 것 같습니다. 그녀는 꿈에서 깨려는 듯 고개를 몇 번 흔듭니다.{/n}"
    },
    {
      "Key": "93f0702c-40f3-47b3-b31b-69d8e41dfc07",
      "Value": "{n}칼리케는 놀라서 어안이 벙벙한 표정입니다.{/n} \"{name}? 무슨... 무슨 일이 있었던 거야? 나는 우리 차원에서 잠을 자고 있었는데, 이번에는 억지로 끌려온게 아니야. 보통 때와는 달랐어. 카네라의 목소리를 들은 것도 같고...\""
    },
    {
      "Key": "55acab15-205d-4085-9f3b-9e217056d8b8",
      "Value": "{n}칼리케는 애원하듯 손을 뻗습니다.{/n} \"미쳐버릴 것 같아! 인생이 지금보다 더 미치기도 힘들거라고 생각했던 바로 그 순간에 말이야... 무슨 일이 일어났던 거야?\""
    },
    {
      "Key": "ed6df69c-1842-4ae8-9f4b-4d291379a028",
      "Value": "\"내가 느끼고 들은 것이 원반의 영향이라고? 하지만 너무 이상해...\" {n}칼리케는 잠시 눈을 감고 조용히 서있습니다. 그녀의 검은 머리카락만이 바람에 찰랑일뿐, 얼마간 아무 일도 일어나지 않습니다. 잠시 후, 눈을 감은 채로 그녀는 손을 움직이기 시작합니다.{/n} \"그래... 이제 이해하겠어!\""
    },
    {
      "Key": "8254f2c7-609b-4870-a4bc-8d02ff6da90e",
      "Value": "\"또 보네! 우리 아직 슬픔의 폭포에 있는 거야? 우리 친절하신 동생이 이 새로운 능력을 그렇게나 빨리 배웠다는 말이지? 난 족히 1년은 걸릴 줄 알았거든! 내가 우리를 다시 한번 바꿔볼께. 동생한테 염소처럼 멍청한 년이라고 전해줘!\""
    },
    {
      "Key": "056e68e9-935a-46aa-bda2-2fdb9a9c05dd",
      "Value": "{n}칼리케는 더 큰 충격을 받은 것처럼 보입니다.{/n} \"다시 돌아왔어... 그리고 이번에도 카네라가 날 부르는 소리를 들었어! 내가 원소의 힘과 맺고 있는 연결과 비슷하게 내 안에서 그 연결이 느껴져. 이제 우리를 우리의 의지대로 바꿀 수 있어.\""
    },
    {
      "Key": "7b7800be-2be4-4a8b-a3cc-1681a61da65c",
      "Value": "\"정말?\" {n}칼리케는 진심으로 놀라고 당황한 듯한 표정입니다.{/n} \"해줄 수 있겠지... 너만 괜찮다면 말이야...\""
    },
    {
      "Key": "82c408bb-203b-48c7-ae84-9c8b4fc825f7",
      "Value": "{n}칼리케의 뺨이 붉어집니다.{/n} \"왜 그런 말을 했어?! 나는 뭐든지 잘 속는단 말이야...\""
    },
    {
      "Key": "7f2bcc20-d3ee-480d-bb73-c257c65ebc15",
      "Value": "{n}칼리케는 더욱 당황합니다.{/n} \"나는... 네가 정말 하려던 건... 에잇, 그게 문제가 아니지! 난 그런 간단한 농담에도 왜 늘 속는 건지 모르겠네...\""
    },
    {
      "Key": "048695eb-8993-4195-90e5-2c7028717a3b",
      "Value": "{n}칼리케가 의심 가득한 표정으로 바라보다가 말합니다.{/n} \"장난하는 거지?\""
    },
    {
      "Key": "d12cd50b-2da8-466a-b086-2cb3005b4eaf",
      "Value": "\"우리에게 일어난 일이 너무나 많은 것을 바꾸었어... 생각해 봐야겠어...\""
    },
    {
      "Key": "f4250aa0-06ed-4395-9114-322c7ce89b05",
      "Value": "\"그래. 지금 머릿속에는 생각이 너무 많아! 이렇게 희귀한 아티팩트, 그것도 우리에게 큰 도움을 줄 아티팩트를 실제로 찾아낸 건 분명 기적이야. 아니면 이것조차도 네서스의 계획이었을까? 그렇다면 이 선물로 우리는 무엇을 해야 할까... 일단 우리는 물질계에서 공유하는 시간을 어떻게 나눌지부터 결정해야 해...\""
    },
    {
      "Key": "5b946825-df25-484f-9c9e-8c04d062cdcb",
      "Value": "{n}칼리케가 소리내어 웃습니다.{/n} \"겨우 염소라고? 언니가 전에는 나를 사악한 악어 새끼나 음흉한 카멜레온이라고 부르기도 했었는데...\""
    },
    {
      "Key": "ef10673b-ba05-49a0-9bfb-90e447d9291f",
      "Value": "\"카네라가 정말 그렇게 말하지 않은 건 알아... 어쨋든 날 격려해준 건 고마워.\""
    },
    {
      "Key": "6d9ace47-6ac2-4963-9fc2-312f0fed6466",
      "Value": "{n}칼리케는 고개를 가로젓습니다.{/n} \"그래. 일단 난 생각을 좀 정리해봐야 할 것 같아. 일단 지금은 고맙다고 말하고 싶어, {name}! 나같이 근본없는 방랑자의 감사가 너에게 별 것 아닐수도 있겠지만 말이야. 아, 그리고 너만 괜찮다면 이 땅에서의 너의 여정에 함께 하고 싶어. 이제 우리는 어느 정도는 우리를 통제할 수 있으니까, 더 떠돌아다니지는 않아도 될 것 같아. 카네라도 동의할 거라고 생각하거든... 네 생각은 어때?\""
    },
    {
      "Key": "ab5643eb-8c82-4ae2-a2e6-35645188b342",
      "Value": "\"정말 아쉽다. 그래도 우릴 도와준 건 정말 고마워! 우리의 삶은 이제부터는 훨씬 나아질거야. 네가 베풀어준 친절을 잊지 않을게, {name}!\""
    },
    {
      "Key": "672e0385-29ca-4558-b794-edee52301b91",
      "Value": "\"이것이 우리의 환상적인 여행의 시작이길!\""
    }
  ]
}