{
  "$id": "1",
  "strings": [
    {
      "Key": "ac642fa7-a011-4464-a088-b9b387b2456a",
      "Value": "\"전 보큰이 맘에 들어요. 제가 알던 책장수를 생각나게 해요... 처음에는 냉담하고 신랄하지만 한번 정을 주면 끝까지 주는 그런 사람이지.\""
    },
    {
      "Key": "38620865-c79c-4037-9a46-6cf467bb18fa",
      "Value": "\"올렉과 스베틀라나가 그를 돕다니 정말 잘되었어. 그들이 없었다면 힘들었을 거야.\""
    },
    {
      "Key": "084db046-2c50-4f11-982c-c54e00a09e72",
      "Value": "\"많은 소녀들이 그렇지. 하하.\""
    },
    {
      "Key": "e2c3ab10-15b7-4ccf-8d9e-fe5b337c4903",
      "Value": "\"물론 나이에 맞는 수당을 받아야 하지. 하지만 예절을 안다면 좋은 대우를 받아도 좋지.\""
    }
  ]
}