{
  "$id": "1",
  "strings": [
    {
      "Key": "35b94aa1-9480-444a-8111-e35292be9bc0",
      "Value": "\"하림... 그로투스는 신도들을 별로 신경 쓰지 않나봐. 그를 숭배해서 뭐해?\""
    },
    {
      "Key": "62de4d11-b084-4fbb-a662-2670761a6ffa",
      "Value": "\"다른 신들을 숭배해서 뭐하나? 그들의 신도들은 빈 껍데기야. 쾌락에 전쟁에 마법을 추구하는... 그로투스는 종말을 겸손하게 받아들이는 법을 가르치지.\""
    }
  ]
}