{
  "$id": "1",
  "strings": [
    {
      "Key": "f4533e14-d937-4c86-b8a1-9cc452cc0401",
      "Value": "\"이들은 셰게 가문이다! 그들은 이 요새의 정당한 상속인이다!\""
    },
    {
      "Key": "2e48ef71-d05d-4ed0-9973-2f291602ddf8",
      "Value": "\"진정한 진리를 말해주지. 힘이 진리다.\""
    },
    {
      "Key": "7cd1be40-25d8-4008-a9da-8d6d807a2abe",
      "Value": "\"그래. 우리는 여기에 용무가 없다. 가야할 시간이군.\""
    },
    {
      "Key": "d544a818-9882-4787-a528-f100fecaaf48",
      "Value": "{n}열린 문 너머로 요새 입구라기보다는 공방처럼 보이는 이상한 방을 찾았습니다. 방을 가로질러 가장 안 쪽의 벽에 금속 왕좌가 있습니다.{/n}"
    },
    {
      "Key": "50f91683-8ee2-4d11-8849-0ca907d1db53",
      "Value": "{n}그 앞에 {d|Jarmuld}야르물드{/d}가 있습니다. 한 손에는 무쇠 셉터와 다른 손에는 {g|Torag}토락{/g}의 성스러운 상징을 들고 있습니다. 성기사의 얼굴은 고통스러워 보여 숨조차 쉬지 않는 것 같습니다.{/n}"
    },
    {
      "Key": "3ee84b2d-4d89-4336-922f-4018794a0b26",
      "Value": "{n}그 앞에 {d|Jarmuld}Jarmuld{/d}가 있습니다. 한 손에는 무쇠 셉터와 다른 손에 들고 있는 {g|Torag}토락{/g}의 성스러운 상징에는 아다만틴 골렘의 심장의 것과 같은 보석이 반짝이고 있습니다. 성기사는 창백해 보였고 입을 간신히 엽니다.{/n}"
    },
    {
      "Key": "6c4fe074-b80c-4aaf-86d6-bca6ec127365",
      "Value": "{n}그 앞에 {d|Jarmuld}야르물드{/d}가 있습니다. 한 손에는 무쇠 셉터와 다른 손에 들고 있는 {g|Torag}토락{/g}의 성스러운 상징에는 아다만틴 골렘의 심장의 것과 같은 보석이 반짝이고 있습니다. 성기사의 얼굴은 고통과 긴장으로 뒤틀려있습니다.{/n}"
    },
    {
      "Key": "423bf595-f6de-486b-b946-8536f41d430c",
      "Value": "\"와... 왔군! 도와... 도와줘! 빈 왕좌 위에 있던 이 셉터를 집었는데, 골렘들이 말을 안들어. 골렘에 대한 통제력을 잃으면... 우리는 모두 죽을 거야!\""
    },
    {
      "Key": "3971dd69-15c4-453e-a0ea-11cd07008930",
      "Value": "{n}골렘 중 하나가 당신을 보고는 조화로운 목소리로 말합니다.{/n} \"너희는 모두 죽어 마땅하다! 도둑들아! 무슨 권리로 이 요새에 찾아왔나?\""
    },
    {
      "Key": "6225aa01-89ce-4f1f-bf61-b3ed02f0d83f",
      "Value": "\"도둑들이로군! 네 죄를 인정하기 전까지는 아무데도 가지 못할 것이다. 나 오펠드 셰게는 일족의 명예를 책임진 마지막 드워프이다!\""
    },
    {
      "Key": "69e7e82b-bb1f-4c0b-932b-649c7f9a5f43",
      "Value": "\"그들은 셰게가 아니다! 그저 이름 없는 겁쟁이들이다! 오직 나 오펠드 셰게만이 일족의 명예를 책임질 수 있다!\""
    },
    {
      "Key": "62416196-bef0-4eaf-b598-beead24f97c0",
      "Value": "\"오펠드 셰게? 그렇다면 나의 증고조 숙부겠군! 우리 클랜이 이 요새를 떠났을 때 너와 네 골렘이 이곳을 보호하기 위해 남았었지. 우리는 너의 자손이다.\""
    },
    {
      "Key": "df0a45ec-159b-44f0-b11a-a05fedf0f1e3",
      "Value": "\"힘이 진리라고! 맞다. 그렇다면 해 봐라! Offel 셰게가 만든 골렘들에 맞서 싸워 봐라! 나는 일족의 명예를 책임진 마지막 드워프이다!\""
    },
    {
      "Key": "d146075b-2716-4e3e-a299-e93f5b9ccbca",
      "Value": "\"네겐 자격이 없다! 진정한 셰게 사람은 자기 창조물을 포기하지 않아! 이곳을 떠난 자는 그 자랑스러운 이름을 가질 권리가 없다! 우리가 피땀 흘려 지은 요새에, 감히 이곳을 등지고 떠난 이의 후손이 찾아오다니! 네 졸개들과 함께 죽어라! 골렘이여, 공격하라!\""
    },
    {
      "Key": "3405b04d-b356-4bf4-90d0-f41d4ff74f15",
      "Value": "{n}이를 갈면서 야르물드는 무쇠 셉터를 머리 위로 올립니다.{/n} \"최선을 다하고 있지만 그의 의지가 너무나 강해! 골렘들을 파괴해! 하림. 저 왕좌를 네 힘으로 파괴해야 해!\""
    },
    {
      "Key": "bff8b6b4-d487-4836-bec8-f8bc5ffbc5e6",
      "Value": "{n}하림은 어깨를 으쓱합니다.{/n} \"이렇게 끝날 거라고 얘기했지. 하지만 유산 때문에 죽겠다니! 그게 무슨 소용이라고? 죽기 위해 여기로 온 것인가? 차라리 집에서 얌전히 죽지 그랬나?\""
    },
    {
      "Key": "9fb9ff06-d0a7-4b8b-aeff-c09dc1fc4fc4",
      "Value": "\"나는 너에게 빚진게 없어! 너나 토락에게 빚은 없다고!\""
    },
    {
      "Key": "b5cf056e-1a17-4393-8634-7f5324c96937",
      "Value": "{n}당신 뒤의 문이 철컹하는 소리와 함께 닫힙니다.{/n} \"너희 모두 죽을 것이다! 죽을 거야!\""
    },
    {
      "Key": "9649077f-8011-44b0-b76b-4a3246482e5b",
      "Value": "{n}에쿤은 무기로 손을 댑니다.{/n} \"도움이 필요해!\""
    },
    {
      "Key": "17fd2a06-5bc0-423e-9c8b-6885613e7ca5",
      "Value": "\"물론. 그는 여기로 와서 사과하고 골렘을 없애고 손자를 안아줄 것이야. 가족이 가장 중요한 거니까. 그렇지?\""
    },
    {
      "Key": "a3122e43-e076-4a02-b886-23b5d94e47ae",
      "Value": "\"그래. 신학에 대해 토론하기 좋은 시간이군...\""
    }
  ]
}