{
  "$id": "1",
  "strings": [
    {
      "Key": "916e67af-c6ad-4ce4-b73e-b400f5d46873",
      "Value": "\"여기 너무 어두워... 기분이 섬뜩해!\""
    },
    {
      "Key": "8da772dc-13d2-4b0e-aaec-521244e76f14",
      "Value": "\"기분이 불편해... 여기는 안전하지 않은 거 같아.\""
    },
    {
      "Key": "bbe9b168-a548-42b6-9cb9-521954756f21",
      "Value": "\"아름다운 곳이지? 이런 곳에 있으면 기분이 좋아져!\""
    },
    {
      "Key": "2fca5e33-2c32-422b-aaae-b7c7b1a74077",
      "Value": "\"정신 차려! 괴물이 공포에 젖은 네 숨소리를 맡을 거야. 네가 울면 너부터 잡아먹을 거야!\""
    },
    {
      "Key": "254d8d9a-dc24-4eef-91cc-2c8b0d4dca82",
      "Value": "\"너무 불안해. 하지만 함께라면 어떤 위험도 맞설 수 있어.\""
    },
    {
      "Key": "14573a00-2b9d-4f6c-b477-3e86d98aeb4b",
      "Value": "\"겁내지 마. 내가 여기 있어.\""
    }
  ]
}