{
  "$id": "1",
  "strings": [
    {
      "Key": "198bd6b9-5973-4b03-a294-271a3fee866a",
      "Value": "\"이 안개... 다 이유가 있어. 나는 쿄닌의 법정에서 많은 도둑들을 보았지. 어떻게 그 멍청이들이 할 수 있었는지 모르지만 안개를 이용해 길을 숨겼어.\""
    },
    {
      "Key": "14ce06ae-bcf6-4dbd-9a88-902eddcae65c",
      "Value": "\"아마 안개는 도적과 아무 관련이 없고 완전히 다르게 만들어진 것이 아닐까?\""
    },
    {
      "Key": "621c14f5-6368-46d3-90b8-ebe264dd960f",
      "Value": "\"그것이 어디에서 왔는지에 상관없이 안개가 사라질 때까지 우리는 떠날 수 없을 거야.\""
    },
    {
      "Key": "ffd18e59-982a-4315-9592-1d33794f0647",
      "Value": "\"하하. 그런 녀석들이 마법을 걸 수있는 마법사를 고용할 여력은 없는 것 같아.\""
    }
  ]
}