{
  "$id": "1",
  "strings": [
    {
      "Key": "21247271-907e-4c01-9511-1090fb9dafd3",
      "Value": "\"당신은 누구지?\""
    },
    {
      "Key": "aa3cef14-1ed0-4b11-bcc9-4cc01f1204e9",
      "Value": "\"당신을 속였다는 사람에 대해 말해봐.\""
    },
    {
      "Key": "5e04cbec-ba42-42da-b6b4-c813c350e3ad",
      "Value": "\"당신은 이 지역사람처럼 보이지 않는군. 왜 당신 소유물들을 캔들미어 호수 한가운데 있는 섬에 보관하려 하는거지?\""
    },
    {
      "Key": "ba53a5b5-da85-4f1d-81c7-67aff8f79096",
      "Value": "\"좋아. 한번 조사해보도록 하지.\""
    },
    {
      "Key": "d5b513ac-b1d0-4900-b514-a6de3a384764",
      "Value": "\"내게 길 안내를 할 사람이 필요해. 나와 함께 섬에 가지 않겠나?\""
    },
    {
      "Key": "7f9c9f78-7c5a-4766-b402-3ce36e51d6d4",
      "Value": "\"하는 이야기 전체가 이상합니다. 저는 관련되고 싶지 않습니다.\""
    },
    {
      "Key": "64d0a178-eb11-478e-926e-9fff4a89e148",
      "Value": "\"나는 이 저주받은 섬을 방문했었습니다. 단지 탑의 벽면에 고대의 마법이 있었을 뿐, 괴물들이 우글거리고 모든 선원들이 죽었으며 유적은 텅 비어 있었습니다.\""
    },
    {
      "Key": "8d2115fe-cccd-4f07-a592-93b58e044f92",
      "Value": "\"나는 가야합니다.\""
    },
    {
      "Key": "5b45f2b3-f190-4108-90e9-b8d929d8084d",
      "Value": "\"그들에 대해서 좀 더 말해 보겠어?\""
    },
    {
      "Key": "1d69901a-9d77-4017-a1d0-7327a3e774e6",
      "Value": "\"팔라딘과 사제가 당신을 위해 심부름하는 일을 맡았다고? 나에게는 이상하게 들리는군.\""
    },
    {
      "Key": "60e5edaa-199f-48f3-abf8-784978dc683c",
      "Value": "\"다른 것들을 질문해 보겠어.\""
    },
    {
      "Key": "a6d914a3-f659-4e09-b484-8786b389eba9",
      "Value": "\"그 신전은 어느 신에게 바쳐진 것이지?\""
    },
    {
      "Key": "3d11688a-042c-430b-854a-e536c2cfec4b",
      "Value": "\"내 말이 틀렸다면 정정해 주겠어? 그러니까 그 이름모를 신전에 있는 어떤 성스러운 유물이 당신의 소유라는 건가? 무슨 권리로?\""
    },
    {
      "Key": "7f484b75-3fe6-4803-908a-7bc3a94e60d7",
      "Value": "\"누군가 그곳에서 제물을 바친다고 했는데, 그건 동물을 바치는 제물 얘기가 아니겠지?\""
    },
    {
      "Key": "8fb2d6a3-df30-4cd7-bb51-a1a5d9107933",
      "Value": "\"무슨 유령같은 불빛을 말하는 거지?\""
    },
    {
      "Key": "1c2a9c36-c857-4e9f-af67-dd3224f698a9",
      "Value": "\"폐허 넘어로 불빛이 번쩍였다고 했었지. 두 눈으로 직접 본 건가, 아니면 단지 누군가가 한 말을 들은건가?\""
    },
    {
      "Key": "eb72df85-7823-4eeb-ac9d-4761250b9a5d",
      "Value": "\"그 섬에 대해서는 충분히 알게된거 같군.\""
    },
    {
      "Key": "e8c22472-0bf3-46a5-a485-301af92c5fcb",
      "Value": "\"물론 저주는 존재하지. 이 섬은 너무 많은 슬픔과 고통을 겪었어. 이제 어떤 생명체도 그곳에 발을 들이면 파멸할 것이다. 탑 안에 잠재해 있는 악을 피하려면 주민들은 그곳에서 멀리 떨어져있어야만 해.\""
    },
    {
      "Key": "d29a5b85-7d6f-40b6-b2e8-3515c9dea856",
      "Value": "\"그곳에는 어떤 저주도 없다. 사람들에게 때때로 나쁜 일이 일어나는 것처럼 단순한 일인거야. 그 세사람은 위험한 곳으로 갔고 그 위기를 극복하는데 실패한 것 뿐이다. 슬픈일이지만, 초자연적인 현상은 아니야.\""
    },
    {
      "Key": "0be65f7f-cbd8-4bba-903e-436326d18836",
      "Value": "\"있잖아, 막 떠오른 생각인데말야... 너는 그 불쌍한 세 친구들을 섬으로 보냈다고 했지? 결국 네가 그들에게 불운을 안기고 확실한 죽음으로 내몬 거야. 그리고 너는 나까지 그 곳으로 가게 만들었지. 그래서 이제 나는 정화 의식을 치르느라 내 자원들을 써야 할 텐데, 너는 그저 아무일도 없었던 것처럼 그냥 떠나겠다는 거야?\""
    },
    {
      "Key": "d411a5c0-a79e-44cf-8f6b-56cf528788b4",
      "Value": "\"그 저주받은 섬에 가보았었어. 괴물들이 우굴거리고, 레인저와 팔라딘은 죽었고, 네서스의 사제는 스스로 유배 길에 올랐지 . 폐허는 완전히 비어있었고 보물 같은건 없었다.\""
    },
    {
      "Key": "05debc84-17e0-4d92-9bde-23d24d9fb967",
      "Value": "\"왜 내가 신경써야하지? 세 멍청이가 죽었고, 이야기는 끝났어. 내 보상은 어디있지?\""
    },
    {
      "Key": "eed6bace-32e7-4013-a67e-99f0f9cc5c86",
      "Value": "\"저주가 존재하든 아니든, 지금 운명이나 파멸 같은 허튼 소리를 계속할건가? 세상은 온갖 신기한 것들로 가득차 있고 논리와 일관성을 찾는 것은 시간낭비지. 사람들은 자신이 원하는 일을 할 뿐이야. 어떤 사람은 제단에 희생자들을 제물로 바치고, 어떤 사람은 폐허 속에서 보물을 찾고, 어떤 사람은 지루한 멍청이의 이야기를 듣는 것에 지겨워하고 있어. 그러니 이제 좀 더 흥미로운 주제로 넘어가 보자고, 내가 한 일의 보상 같은걸로 말야.\""
    },
    {
      "Key": "49ef5003-d97d-4c7e-bce7-5eb905101687",
      "Value": "{n}한 통통한 30대의 남성이 당신에게 다가옵니다. 그의 머리는 정돈되지 않았고 길의 흙먼지가 옷가지를 온통 덮고 있었으며, 신발은 오래 사용하여 낡았습니다.이 낯선 이는 당신에게 비정상적일 정도로 높은 목소리로 이야기 합니다.{/n} \"{mf|영주님|영주님|전하|전하}! 저는 정의를 요구합니다!\""
    },
    {
      "Key": "2ee65b1a-9cb2-42c1-ac5e-888bf317c4ef",
      "Value": "{n}윌라스는 눈을 치켜뜨며 얼굴에는 화색이 돕니다.{/n} \"{mf|남작님|여남작님}! 생각을 바꾸신 겁니까?\""
    },
    {
      "Key": "1fbbea69-83bf-4c80-a8b7-f0bd3639c669",
      "Value": "\"남작령에서 범죄가 늘어나고 있습니다!\" {n}그 남자는 그의 꽉 쥔 주먹을 휘두르고는 힘없이 그의 손을 떨굽니다.{/n} \"저는 벌건 대낮에 속임수를 당해, 강도질을 당하고, 그것도 모자라 굴욕까지 당했습니다!\""
    },
    {
      "Key": "4bbff448-8323-4d0e-9098-93c4558c58ed",
      "Value": "{n}윌라스는 고개를 들고 당신에게 신경질적인 미소를 짓습니다.{/n} \"{mf|남작님|여남작님}! 당신을 기다렸습니다! 새로운 소식이라도?\""
    },
    {
      "Key": "85849c63-4867-4c9c-b4a9-0fce96556564",
      "Value": "\"이 지역의 폭력배 무리들이 저를 속여 자신들을 믿게 만들었습니다. 그들은 제 소유물들을 찾아주겠다하고는 제 보물들과 함께 사라졌습니다! 저는 그들을 {g|Candlemere}캔들미어{/g}에 있는 섬으로 3일 전에 보냈었는데, 흔적도 없이 사라져버린 겁니다!\""
    },
    {
      "Key": "f2d29cb3-56ba-4fac-a14d-2d6515c6f13d",
      "Value": "\"이렇게 간청합니다. 이 악당들을 찾아내서 제 보물들을 돌려주십시오! 이 악당들에게 정의를 가르쳐줄 수 있다면 거액을 지불하겠습니다!\""
    },
    {
      "Key": "7d26a042-e884-43f1-b248-4e7680579815",
      "Value": "\"윌라스 건더슨입니다. {mf|영주님|영주님|전하|전하}! 저는 과학자이자, 탐험가이자, 모험가이자 사실상 모든 시대와 문화의 보물들, 유물들에 대한 저명한 전문가입니다.\""
    },
    {
      "Key": "61d63a6c-cc34-4ea2-88c0-04bfd4e759e5",
      "Value": "{n}주빌로스트는 윌라스를 위 아래로 쳐다봅니다.{/n} \"한 줌꺼리밖에 안되는 보통 사람에게 너무나 많은 타이틀이 붙어있군.\""
    },
    {
      "Key": "860abbfa-142a-40d9-9491-cac5079e6e09",
      "Value": "{n}윌라스는 얼굴을 붉히며 이제 막 그 노움을 알아차렸다는 양 굴었습니다.{/n} \"나트로플 경! 여, 여기 계셨군요! 굉장히 반, 반갑습니다!\""
    },
    {
      "Key": "d1dc5c43-57be-4cbe-9a37-7c6e522a399d",
      "Value": "\"오, 그래? 혹시 날 못알아볼까봐 난 처음부터 여기 있었다네. 아니면 {g|Absalom}압살롬{/g}의 포래 로고스에서 열렸던 공개 강의 이후로, 자네는 정신머리 뿐만이 아니라 시력도 잃어버린건가?\""
    },
    {
      "Key": "d8e563c3-6b6c-4c4d-bce1-e3996bdd1f86",
      "Value": "{n}윌라스는 분개한 듯 재킷을 곧게 펴고 턱을 들어 올립니다.{/n} \"마지막으로 우리가 만난 이후로 당신의 예절은 조금도 나아지지 않았군요! 뭐, 행복하게도 저는 더 이상 당신을 지식의 등불로 여기지 않습니다. 마음껏 농담하시지요. 난 그런 대화보단 수준이 높으니!\""
    },
    {
      "Key": "0a943408-cca5-4632-82ac-0980b49308a0",
      "Value": "{n}주빌로스트는 활짝 웃음 짓습니다.{/n} \"자네가 나보다 더 위에 있는건 자네 사이즈 뿐일세. 윌라스. 심지어 인간치고는 그렇게 인상적인 수준도 아니야.\""
    },
    {
      "Key": "46ec9ec2-f7e3-406b-8cc7-88c868e7ad19",
      "Value": "{n}윌라스의 얼굴이 검붉게 변하고 눈이 경련을 일으키기 시작합니다. 그는 입술을 꾹 닫은채, 당신을 향해 돌아섭니다.{/n}"
    },
    {
      "Key": "022797fb-6d62-4d2f-9837-fafa36390e72",
      "Value": "\"그들은 {g|Candlemere}캔들미어{/g} 섬에서 제 소유물들을 회수해오라고 제가 고용한 삼인조 였습니다. 결국 그들은 사기꾼들로 밝혀졌습니다. 호수 중앙에 있는, 고대의 신전 폐허가 있는 곳을 아실 겁니다. 그곳에서 그들은 제게서 돈을 챙기더니 보트에 올라타서는 쌩! 하고 바람과 같이 사라졌습니다. 여러 날이 지났지만 그들로부터는 어떤 소식도 없습니다! 그리고는 배짱 좋게도 자신들을 팔라딘과 클레릭이라고 부르고 있습니다. 정말이지 인간 쓰레기들이 따로 없습니다!\" {n}윌라스는 분노에 바닥에 발을 구릅니다.{/n}"
    },
    {
      "Key": "f21a5fd7-e623-49f4-969a-ef9ddeee527d",
      "Value": "\"레인저 한명, {g|Irori}이로리{/g}의 팔라딘 한명, 그리고 {g|Nethys}네서스{/g}의 사제 한 명입니다. 아시겠지만 네서스는 두얼굴의 신이죠. 솔직히 말해서, 그 사제는 저를 처음부터 소름끼치게 했습니다. 네서스의 하인들 절반은 정말 정신병자들이니까요. 오늘 당신을 돕겠다고 하고는, 내일이면 단번에 마음을 바꾸는 자들입니다. 그렇게 그 사제도 저를 가지고 놀았습니다.\"{n}윌라스가 한숨을 쉽니다.{/n}"
    },
    {
      "Key": "b74deaa7-85bb-40aa-b640-91dcebc569d3",
      "Value": "{n}윌라스는 한동안 당신의 말을 곰곰히 생각해봅니다.{/n}\"저기요, {mf|영주님|영주님|전하|전하}...제가 오래된 신전을 언급했을 때, 그들은 서로 눈빛을 교환했습니다. 마치 제가 어떤 숨겨진 보물에 대해 말하는 것처럼요...제가 정말 바보였습니다! 처음부터 그들이 뭔가를 계획한다는 것을 깨달았어야 하는건데!\""
    },
    {
      "Key": "ade20e50-489b-47ed-983b-9bcae567cead",
      "Value": "{n}윌라스는 무슨 잘못을 저지르다 들킨 듯 입술을 깨물었습니다.{/n} \"그게... 아, 그러니까... 지금 당장은 정확히 제 소유물은 아닙니다. 단지..저는 그 섬에 있는 고대 신전의 폐허에 대해 이곳 현지 주민에게서 알아냈습니다. 그리고 모두가 알다시피, 신전이 있는 곳이라면, 보물들도 있기를 바라는 법이죠.\" {n}윌라스는 손바닥을 문질러대고 있습니다.{/n}"
    },
    {
      "Key": "d6b0aae3-0345-4d61-8d93-dd5b159c53c8",
      "Value": "{n}윌라스는 겁을 먹고는 주변을 둘러보았습니다.{/n}\"잠시만, 저말입니까? 함께 간다고요? 안됩니다! 세 명의 무장한 사람들이 가서는 돌아오지 않았습니다! 게다가 저는 검을 휘두르지도, 간단한 주문조차 시전하지도 못합니다...오, 안됩니다, 영주님. 보다 숙련된 사람을 찾으셔야만 합니다!\""
    },
    {
      "Key": "fcbed2a1-f646-4946-83f4-d48f8581c08d",
      "Value": "\"이 도둑들을 잡기 위해서라면 무엇이든, 바라시는데로!\""
    },
    {
      "Key": "2aba5381-cbd6-4ab5-a7c3-9826a5a60a95",
      "Value": "\"누가 신경이나 쓸지...\"{n}윌라스는 한숨을 쉬며 이야기를 잠시 멈추었습니다.{/n} \"모르겠습니다! 물어본 적도 없지요! 제가 들은 것이라곤 옛날에는 그곳에서 어떤 고대의 신에게 바치는 어떤 의식을 행했다는 것뿐입니다.\""
    },
    {
      "Key": "c771f3d9-e311-4474-826f-7fbc5b68d275",
      "Value": "\"발견한 것에 대한 권리로서! 신전에 관한 모든 이야기를 알아냈습니다! 일꾼들을 고용했지요! 어디서부터 탐색해야 할지도 지정해 주었습니다! 게다가, 아무런 해도 끼치지 않았어요. 아무도 실제로 그곳에 가는 사람은 없습니다. 저주받은 섬에 기꺼이 자원해서 가려는 사람은 많지 않거든요!\""
    },
    {
      "Key": "e0d60e57-ab1c-4a75-b39e-b4672a6d363f",
      "Value": "{n}윌라스는 마지못해 어깨를 으쓱거렸습니다.{/n}\"주민들이 말하길.. 그 장소가 저주받은..어떤..이유 때문이라고 합니다.\""
    },
    {
      "Key": "153e73dc-2108-483a-9fbc-bd13e7f7b3bc",
      "Value": "\"그 불빛은 이상했습니다.\"{n}윌라스는 마치 무엇을 떠올리려는 듯 얼굴을 찌푸렸습니다.{/n} \"그것들은 반딧불보다 밝고 또 색깔도 달랐습니다. 심지어 강가에서도 그 불빛들을 볼 수 있습니다. 한낮에는 거의 보이지 않았지만, 밤이되면...사람들은 그것들이 섬에서 죽음을 맞이한 자들의 쉬지 못하는 영혼이라 말들 합니다.\""
    },
    {
      "Key": "e1fac804-07db-4ff8-9845-19364ee87f9b",
      "Value": "\"제 두 눈으로 똑똑히 보았습니다. 그것도 최근에 말이지요! 거의 제 눈이 멀뻔 했지요, 마치 섬의 절반이 갑자기 불길에 휩싸인 듯 했습니다! 주민들이 이를 보곤, 무릎을 꿇고 기도를 하기 시작했습니다. 그들이 말하길 오래된 신이 되돌아 왔다고 하더군요.\"{n}윌라스가 비웃습니다.{/n} \"멍청이들. 제가 그들에게 뭘 기대하겠습니까.\""
    },
    {
      "Key": "dfc1286a-a3ba-4e6a-9882-d244a899eebe",
      "Value": "\"예. 여부가 있겠습니까. {mf|남작님|남작님}.\""
    },
    {
      "Key": "f44a9a06-66bc-40a9-90f3-f6b9d43fc0d2",
      "Value": "{n}윌라스는 한숨을 내쉬며 안도했습니다.{/n} \"{g|Desna}데즈나{/g}를 찬양하라! 제 보물과 함께 그 도적놈들이 도망가지 못하게 해 주십시오!\""
    },
    {
      "Key": "738ae8a0-308a-4f8c-b41b-080f787ec3e8",
      "Value": "{n}윌라스는 놀라 입을 떡 벌렸습니다. 그는 마치 당신이 그를 도와줄 것을 확신했었던 것 같습니다. 잠시 후, 마치 잘못한 아이의 그것처럼 그의 고개가 푹 숙여집니다.{/n}\"{mf|남작님|남작님}! 저의 간청을 외면하지 말아주십시오! 저를 내버려두지 말아주십시오! 저는 이곳에 친구도 친척도 없습니다! 영주님이 오직 제 희망입니다!\""
    },
    {
      "Key": "73330c8d-7ce5-4f22-9ffa-646504a325b0",
      "Value": "{n}잠시동안, 윌라스는 조용히 당신이 한 말을 이해하려고 애썼습니다. 그는 갑자기 한기가 느껴진 듯 부들부들떨더니 양팔을 감싸안았습니다.{/n} \"그 말은...\"{n}그가 침을 꿀꺽 삼킵니다.{/n} \"그 말은 실제로 저주가 있었다는 뜻이군요...\"{n}그의 눈이 당신과 마주쳤습니다.{/n}\"그렇죠?\""
    },
    {
      "Key": "4bda4123-f86d-4cdd-acee-c0eaae1577e0",
      "Value": "{n}윌라스는 그의 머리를 흔들었습니다. {/n}\"그 클레릭과 팔라딘이 함께해도 이 저주를 끝낼 수 없었다면, 그곳에 다시 가려고 하는 것은 정말로 현명하지 못한 것일 겁니다....아주 안됐군요. 아주 안됐어요! 자, 여기 약속하였듯 보상금입니다.\" {n}윌라스는 당신에게 동전 주머니를 건냈습니다..{/n}"
    },
    {
      "Key": "cee82ecf-c605-422e-8a9c-2a38ea9cca9c",
      "Value": "{n}윌라스는 당신을 존경의 눈길로 바라봅니다..{/n} \"당신은 정말로 강하시군요, 나리! 굳세고 강하십니다! {g|Desna}데즈나(Desna){/g}를 찬미할지어다, 당신의 백성들에게 살아서 돌아오시게 하였도다! 제 보상을 받아주십시오!\" {n}윌라스는 동전 주머니를 선물했습니다.{/n}"
    },
    {
      "Key": "7844eb39-c1a1-46d2-8a7e-7cbc35d8a778",
      "Value": "\"무언가 새롭게 알게되는 게 있으시다면 제게 꼭 알려주십시오! 저는 마을 중심에 있는 주점에서 머무르고 있습니다. 그곳에서 좋은 소식을 기다리고 있겠습니다!\" {n}윌라스는 당신에게 인사하고는 허리를 숙인채 뒤로 물러났습니다.{/n}"
    },
    {
      "Key": "5eb5a726-68eb-4cee-bcf0-c696ac2da244",
      "Value": "\"마을 중심부에 있는 주점에서 머무르고 있습니다. 청하건데, 그곳에 가시고자...마음이 바뀌신다면...저는 기다리도록 하겠습니다.\"{n}윌라스는 당신에게 어색한 인사를 건내고는 떠났습니다.{/n}"
    },
    {
      "Key": "4e0317f2-7f0c-4076-9fff-5206c5865f47",
      "Value": "{n}윌라스의 입이 떡 벌어졌습니다.{/n}\"뭐라구요?! 하지만...저는 단지...\"{n}이 남성은 공포에 떠는 듯 했습니다.{/n} \"아닙니다! 당연히 아니지요, 나리...저는...저는 보상토록 하겠습니다...지금...여기있습니다, 나리.\"{n}윌라스는 그의 주머니에서 꽉찬 동전 주머니를 꺼내서는 그것이 땅에 떨어질까 조심스럽게 당신 손에 건냅니다.{/n} \"여기있습니다...이 정도면 충분할 것입니다.\""
    },
    {
      "Key": "a4a4e3b5-d330-47c7-b479-5e8437007e10",
      "Value": "{n}윌라스는 충격받은 표정이었다가 곧 그의 평정을 되찾았습니다.{/n} \"추측하건데, {mf|영주님|영주님|전하|전하}, 모든 문제의 원인은 분명 다른 것이었을 것입니다...아마도 날씨가 좋지 않았거나, 아니면...사실, 당신께서 염려하실 만한 것은 없다 생각합니다.\"{n}그는 친절하지 않은 눈길로 당신을 바라보더니 동전 주머니를 꺼냅니다.{/n} \"여기 약속했던 보상이 있습니다.\""
    },
    {
      "Key": "cb7b7324-cc12-4ac4-a487-ba7601c06ced",
      "Value": "{n}윌라스는 주변을 돌아보고는 그의 주머니를 탁 털었습니다.{/n}\"이 섬에는 제 운이란게 없었던 것 같군요. 득이 된게 하나도 없습니다! 좀 더 동쪽으로 이동해 보아야 할 것 같습니다. 사람들은 {g|Tors of Levenies}레베니스 바위산맥{/g}에는 탐구심이 강한 이들이 무언가 가치있는 것을 찾을 만한 많은 곳들이 있다고 이야기하더군요. 그리고 지금 당장은, 상관없으시다면 저는 한 잔 해야겠습니다.\""
    },
    {
      "Key": "847f16bd-0b02-4c9f-8a39-ba08c59ed426",
      "Value": "{n}윌라스는 이런 짧은 답변에 명백하게 불만족스러워 입을 오므렸습니다. 그는 그의 주머니에서 동전 주머니를 꺼내더니 당신에게 전해줍니다.{/n} \"여기있습니다, 나리. 제가 한 말은 지키겠습니다.\""
    },
    {
      "Key": "69edd756-4738-471d-89fe-da3bac9d30f9",
      "Value": "{n}윌라스는 적당한 말들이 떠오르지 않는지 그의 입을 열었다 닫았다 하고 있습니다. 당신의 대답이 그를 당황시킨 듯 보입니다.{/n} \"당신은...당신은 정말로 그렇게 생각하십니까?\"{n}건더슨의 표정이 마치 그의 어깨에서 보이지 않던 커다란 짐을 내려놓은 것처럼 밝아집니다.{/n}\"당신의 말씀은 제 영혼을 치료하는 약입니다! 주변 모든 사람들이 의무와 약속에 대해 이야기 합니다만, 실은, 누구든지 자신의 마음이 내키는 대로 해야 하는 법입니다!\""
    },
    {
      "Key": "9d0061e4-d045-4e18-b01a-ddcb0d5e7261",
      "Value": "{n}윌라스는 동전 주머니를 꺼냅니다.{/n} \"여기 보상이 있습니다, {mf|남작님|여남작님}. 그리고 이것은...\"{n}그는 다른 주머니에서 꾸러미를 꺼내었습니다.{/n}\"이것은 친절한 이를 위한 작은 선물입니다. 당신과 같이 현명한 사람을 만다는 일은 매우 드문 일입니다! 이것은 제가 낚아챈 것입니다...예, 어디서 한 것인지가 중요한 것은 아니지요. 당신에게 쓸모가 있을 것입니다.\""
    },
    {
      "Key": "f151c552-bd8b-4f37-8191-1a22fdf74549",
      "Value": "{n}윌라스는 윌 오 위스프에 대해 이야기하는 것 같습니다. 공포와 다른 부정적인 감정을 먹고 사는 빛으로 된 악의적인 생명체입니다.{/n}"
    },
    {
      "Key": "b398f0f8-4f9d-4c90-82b2-9f1ab66665c7",
      "Value": "{n}당신은 윌라스가 말하는 것이 무엇인지 확신하지 못했습니다. 정말로 그 섬이 죽은 이들의 혼들에 사로잡혀 있는 것일까요?{/n}"
    },
    {
      "Key": "6479485a-4ce4-4c2c-9e70-3a37478c9019",
      "Value": "\"언제나의 마스터 건더슨이로군! 이 대화가 끝나면 우리 불쌍하게도 소심한 친구는 그의 문까지 데려다줄 동료가 필요하다 해도 별로 놀랍지가 않겠군!\""
    },
    {
      "Key": "32f0908d-3d14-4172-94d8-a531e591adc1",
      "Value": "\"어떤 의식, 어떤 고대 신들이라...저 용어들이야말로 진정한 전문성이구만! 자네가 지닌 이 정도의 상세한 지식이라면, 자네는 한 권의 책도 쉽게 쓰겠다! 그리고는 그 대작 제목을 너의 '어떤 백과사전'이라고 부르면 되겠군!\""
    },
    {
      "Key": "7324f4f4-4250-4408-8fd4-fc69b698fc32",
      "Value": "\"....라고 멍청이들의 왕이 말했다.\""
    },
    {
      "Key": "05baa2b7-38aa-45f4-a9ba-1299782af1f1",
      "Value": "{n}당신의 표정이 변하자 윌라스는 스스로 자제합니다.{/n} \"이런, 제가 횡설수설했군요! 어디선가 들은 소문들을 이곳에서 제가 당신에게 모두 쏟아낸 것 같습니다.!\"{n}그 남자는 완전히 가식으로 웃더니 침을 꿀꺽 삼킵니다.{/n}\"사실 아무것도 아닙니다. {mf|남작님|남작님|전하|전하}. 아무것도 아닌 허황된 소문들이죠. 누군가가 그곳에서 다른 사람을 제물로 바친다는 허황된 이야기가 있었습니다..그리고 그곳의 유령같은 불빛들에 대한 것도, 분명 합리적인 설명이 있을 것이라 확신합니다...폐허 위로 번쩍이는 불빛을 본 것도 역시 마찬가지죠...\""
    }
  ]
}