{
  "$id": "1",
  "strings": [
    {
      "Key": "ae13b296-0ad1-4384-9a3b-de21e70f5007",
      "Value": "\"린지, 무슨 일입니까?\""
    },
    {
      "Key": "d5594e6f-8635-4f38-8ce6-fb277a7fe858",
      "Value": "\"잠시 숨을 돌리고 무슨 일이 벌어진건지 설명해라.\""
    },
    {
      "Key": "1de32748-b105-4c0c-83ef-16ba47e056a6",
      "Value": "\"네 말도 안되는 일에 쓸 시간이 없다.\""
    },
    {
      "Key": "aed77bd1-456a-4566-a95f-298cd295809c",
      "Value": "\"여기서 무슨 일이 벌어진거야?\""
    },
    {
      "Key": "756b5899-f150-476a-91bc-dea8c4754617",
      "Value": "\"이건... 예상 밖인데\""
    },
    {
      "Key": "c1cf116d-b568-428c-b1ed-d8033aac86e2",
      "Value": "\"누가 이런 짓을?!\""
    },
    {
      "Key": "a5ab4654-f8d1-43a7-b020-02368f56c136",
      "Value": "\"네가 보기에는, 어디서부터 조사를 시작해야 좋겠어?\""
    },
    {
      "Key": "1047f414-53d6-4f56-8a8a-10f540b31365",
      "Value": "\"오, 이 도둑을 잡을 수 있다면...\""
    },
    {
      "Key": "f8889338-cc5c-45bc-94cf-81d3452b56cc",
      "Value": "\"시작하자.\""
    },
    {
      "Key": "882599b0-dc1c-42db-9f53-6ab6e16f95c2",
      "Value": "\"내 경호원들은 무얼하고 있었나?!\""
    },
    {
      "Key": "34711514-30f9-48dc-ad9a-9f774b7492a1",
      "Value": "{n}린지의 눈은 번뜩이고 그녀의 콧구멍도 분노로 벌름거렸지만, 무슨 이유때문인지 그녀는 나지막히 이야기했습니다.{/n} \"이...이 오만함! 잊을 수 없고, 괴물같은, 상상할 수도 없는 오만함이라니!\""
    },
    {
      "Key": "52ed9ee3-50ff-474c-84c9-7220493bc5e8",
      "Value": "{n}린지가 갑자기 그리고 단단히 당신의 옷소매를 잡아당겼습니다. {/n} \"말도 안된다니? 무례하게 말해서 미안하지만, 전하가 앉을 자리조차 없어졌는데 어떻게 말도 안되는 소리를 할 수 있겠어?!\""
    },
    {
      "Key": "65dfcff8-34d9-4a19-885e-7c24ce1721d6",
      "Value": "\"왕좌....왕좌가....\" {n}린지는 속삭이는 걸 멈추고는 그녀의 손가락으로 왕좌의 방 저 먼 곳을 가르켰습니다.{/n}"
    },
    {
      "Key": "9af6d806-33d0-4d48-8aa8-f9405457ff77",
      "Value": "{n}린지는 숨을 들이쉬고는 나즈막히 이야기를 계속했습니다,{/n} \"전하, 우리에겐 문제가 있어요. 아주 큰 문제이지요. 직접 보세요!\" {n}바드는 그녀의 손가락으로 왕좌의 방의 먼 한켠을 가르켰습니다.{/n}"
    },
    {
      "Key": "20c402bd-20d8-4427-8038-f20fb2e58a19",
      "Value": "{n}당신은 눈을 들었습니다. 한 때 왕좌가 자리했던 곳은 이제 텅 비어있었습니다.{/n}"
    },
    {
      "Key": "ac40ba35-783b-4acc-bb75-600160484863",
      "Value": "{n}린지는 어깨를 으쓱거렸습니다.{/n} \"범인은 도망쳐 버렸어요, 하지만 난 도대체 어떻게 아무에게도 눈에 띄지 않고 왕좌를 끌어다가 왕궁 밖으로 나갈 수 있었는지 상상조차 할 수 없어요!\""
    },
    {
      "Key": "6e9dcf2f-33b6-4690-b15d-5bc033cc7f19",
      "Value": "\"남몰래 파렴치한 강도짓을 하다니! 어떻게 감히 알현실에 침입할 생각을 한 걸까요!\""
    },
    {
      "Key": "fe1438c9-bec4-406a-9184-cca3941f5be1",
      "Value": "\"놀랍도록 자제력을 잃지 않으시네요. 저 같으면 난동을 부렸을 거예요! 몰염치한 놈들! {mf|왕|왕비}가 버젓이 살고 있는 왕궁에 들어와 왕좌를 털어가다니!\""
    },
    {
      "Key": "605a1d5e-039b-45ed-b222-c9904d8901a8",
      "Value": "\"사실, 우리에게 일어난 일은 뻔뻔하고 놀라운 일이지만, 이례적인 것은 아니에요. 거리에 떠도는 말들로는 이 지역 사람들이 도둑들 때문에 골머리를 썩히고 있다고 해요. 그들은 사람들에 침입해와서는 자물쇠나 걸쇠를 따고는 그들이 훔칠 수 있는 모든 건 훔쳐간다고 해요! 그리고 이제 이 쓰레기들은 왕가의 재산을 건드릴 정도로 대담해진거죠!\""
    },
    {
      "Key": "54dcb5be-0352-42fe-ae57-72fd8dc4b7a9",
      "Value": "\"그들이 왕국의 벽돌 한 장마저 훔쳐가기 전까지 이 일을 정리해 봐야할 것 같아요...그리고 당신의 왕좌도 되돌려 받아야 하구요! 이건 수치스러운 일이라구요!\"{n}린지는 다시금 그녀 스스로를 다스려서 낮은 목소리로 계속 말했습니다.{/n}\"저는 진심으로 당신의 여기 당신의 백성들이 함부로 혀를 놀리고 불경한 소문을 내길 바라지 않아요.\""
    },
    {
      "Key": "09504c3a-9012-4be3-820d-40828693dcf9",
      "Value": "\"목격자 심문부터 시작해요! 제 생각에는 경비대 대장이 사건 당시 왕궁에 있었을 거예요. 최초 발견자이기도 하고요!\""
    },
    {
      "Key": "c7f59406-6615-442c-a041-5e3a7477c418",
      "Value": "\"그리고 도시에 나가보세요. 듣기로는 대장장이도 최근에 강도를 당했대요. 어쩌면 단서가 있을지도 모르죠. 저라면, 상인과도 대화를 해볼 거예요. 훔친 왕좌를 살 만한 사람을 알지도 모르니까요. 한 가지 더. 여관 주인도 꼭 찾아가 보세요. 울고 싶을 때 어깨를 내주는 사람만큼 많은 정보를 알고 있는 사람이 어디 있겠어요?\""
    },
    {
      "Key": "0e74859f-764b-4ed3-9cd8-5f9c704c521e",
      "Value": "{n}린지는 그녀의 머리를 가로져었습니다.{/n}\"계획하고 계신게 무엇이든간에, 왕좌를 되찾는 것이 가장 우선순위에요! 이 치욕을 우리의 이웃들이 알게되면 얼마나 크게 웃어재낄지 상상하기조차 겁나요!\""
    },
    {
      "Key": "6742b559-8ad9-4abf-9dd9-5863e20ed18b",
      "Value": "{n}린지는 팔을 걷어 붙였습니다.{/n}\"그럼, 왕좌를 도둑맞았을 때 거기에 앉아계셨던 것은 아닌거죠? 그리고 우리 경비대는 사람들을 보호하려고 훈련했죠, 가구가 아니라요!\"{n}이 음유시인은 당신에게 희미한 미소를 건냅니다.{/n}\"물론, 왕좌에 앉아있는데도 도둑맞은 거였다면 일이 더 안좋았겠죠. 이건 별로 위로가 되진 않지만 서도요...\""
    }
  ]
}