{
  "$id": "1",
  "strings": [
    {
      "Key": "add8df0d-5dbe-4cfa-9399-94584ff3da9b",
      "Value": "\"이 파티를 준비하는데 얼마나 들까?\""
    },
    {
      "Key": "0a1d5399-132f-4e1a-83e9-eb8086f5f03e",
      "Value": "\"너의 열정을 칭찬하지. 하지만 왜?\""
    },
    {
      "Key": "a35b7cfe-46c7-42f2-a6b5-005f8f756934",
      "Value": "\"그럼 이제 장소만 정하면 되겠군.\""
    },
    {
      "Key": "aab444a6-8d19-4801-9d99-751f4674fae0",
      "Value": "\"넌 누구지?\""
    },
    {
      "Key": "e1462fec-016b-4722-865d-51297819a69e",
      "Value": "\"왜 에쿤은 숲에서 파티를 하길 원하지?\""
    },
    {
      "Key": "9544c73a-f5be-41d3-a607-f804fc5ca7ee",
      "Value": "\"생각나는 적절한 장소라도 있어?\""
    },
    {
      "Key": "d91aec95-ad78-41f3-9165-8642f7247e44",
      "Value": "\"파티에서는 누가 시중을 들어주지?\""
    },
    {
      "Key": "79592ecf-1a5f-4d94-a303-bfc6dd1d6346",
      "Value": "\"어떻게 하겠어. 엘리나?\""
    },
    {
      "Key": "0730440d-1699-4804-8433-5a95b4bf6689",
      "Value": "{n}당신이 다가가자 붉은 머리의 여관 주인은 어색하게 인사합니다.{/n} \"안녕하세요, {mf|영주님|영주님|전하|전하}!\""
    },
    {
      "Key": "f99813f0-f1df-4e72-86c0-37947d191a9a",
      "Value": "\" 에쿤을 위한 {d|Ekun Feast Ok}파티{/d}대해 이야기하러 오셨나 보군요. 기꺼이 참여할께요! 제가 음식과 음료를 제공하겠습니다. 모두 최고급으로요!\""
    },
    {
      "Key": "f6cf080c-d5a4-4eeb-b0c7-7550fcc41df8",
      "Value": "\"그런 말씀마세요, {mf|영주님|영주님|전하|전하}! 오히려 저에게 큰 영광이걸요... 모두 저희 여관에서 부담하겠습니다.\""
    },
    {
      "Key": "9512a971-e335-4289-b0f9-8215a97f2203",
      "Value": "\"죄송합니다만, 우리가 같은 에쿤을 생각하고 있는거라면, 그는 실내를 불편해 할 겁니다. 파티는 반드시 숲에서 열어야 합니다. 만약 여관 주인 아주머니께서 응해주신다면 말이죠.\""
    },
    {
      "Key": "f4b9ca5e-c123-44be-a6ae-ccd79357d45d",
      "Value": "\"흠... 왕실 사냥터는 어떨까요? 지나가던 길에 본적이 있어요. 도시에서 멀지 않은 곳에 있고, 아늑한데다 주변에 물도 있죠.\""
    },
    {
      "Key": "d8dc0280-3b21-4ba1-9b29-1afbcffc2378",
      "Value": "{n}한 여자가 차분한 미소를 지으며 당당히 서있습니다.{/n} \"제 이름은 은타비. 도시를 지나가는 길입니다. 에쿤과 저는 오래전부터 알고 지냈어요. 그가 캐러밴을 지키던 때부터였죠. 우리는 오랫동안 함께 여행했었어요.\""
    },
    {
      "Key": "5388f669-c905-445c-890a-c50cba92438e",
      "Value": "\"...그렇게 귀한 손님들을 모시는..영광스러운 자리를..{mf|영주님|영주님|전하|전하}께서 허락하신다면... 제가 직접 하고 싶어요.\" {n}엘리나는 어색하게 미소짓더니, 얼굴이 더욱 빨갛게 변합니다.{/n}"
    },
    {
      "Key": "895009b4-2b45-4e94-bc77-24e3b677e9c6",
      "Value": "\"아, {mf|영주님|영주님|전하|전하}! 아니에요! 제게 기쁜일인걸요! 모두가 좋아했으면 좋겠어요... 에쿤도...\""
    },
    {
      "Key": "86af815f-6646-460e-be50-febcac8a1364",
      "Value": "{n}입술을 내민 채 주인은 은타비를 신중하게 살핍니다.{/n}"
    },
    {
      "Key": "e9110a4d-1dbe-469e-8ebd-82d36ef4c64d",
      "Value": "{n}엘리나는 놀라움인지 분노인지 또는 둘 다 때문인지 말문이 막혔습니다.{/n}"
    },
    {
      "Key": "5ea63cd9-5193-4766-93ee-27d0ef501602",
      "Value": "\"잘됐는걸요! 그렇다면, 두 분 모두 그 장소에서 뵙겠습니다!\""
    },
    {
      "Key": "5edc0073-703f-4121-bc42-ed8afff4b42e",
      "Value": "\"제가 보기엔 다른곳 생각할 필요 없다고 생각해요. 바로 이 방에서 해야죠! 물론 장식도 할 수 있어요...\""
    },
    {
      "Key": "e809df81-05f3-4ea2-bf8d-48bd6a55c63f",
      "Value": "{n}여관 주인은 맞은 편에 있는 여성을 가늠질합니다.{/n} \"저는 에쿤다요를 잘 모르니깐요... 하지만 숲에서 파티를 여는 건 문제없어요. 아니면 산 위나 늪에서 해도 상관없어요!\""
    },
    {
      "Key": "b9d5f047-9057-4e72-bada-8ff5ac4ded3f",
      "Value": "\"참내! 여기 여관 주인이 된 후로 많은 것을 봐왔지만, 저런식으로 자기 자신을 스스로 초대하는건... {n}여관 주인이 혀를 찹니다.{/n} \"어머. 내 정신 좀 봐. 혼자 중얼거리기나하고..이제 요리를 시작할 때가 됐어요! {mf|영주님|영주님|전하|전하}, 에쿤다요를 약속된 장소로 올수있게 잘부탁드립니다. 린지와 제가 나머지를 준비 할께요!\""
    },
    {
      "Key": "482ac105-b7a3-4016-ba71-fb8e2432cc0e",
      "Value": "\"그는 타고난 레인저에요. 항상 탁 트인 하늘 아래서 더 평온함을 느끼죠. 저는 그 사람을 잘 알아요.\""
    }
  ]
}