{
  "$id": "1",
  "strings": [
    {
      "Key": "ab269665-2b13-4d21-8834-a30f1ba94742",
      "Value": "\"너 누구야?\""
    },
    {
      "Key": "10f1c191-dbac-4d92-b5fe-f6c56f712171",
      "Value": "\"아니. 나는 나이리사가 어디에 있고 무엇을 계획하고 있는지 알고 싶다. 말해 줘. 나는 그녀에게서 너를 지켜 줄거야.\""
    },
    {
      "Key": "d1da0ab2-b7a5-4606-b19a-04214cbb331a",
      "Value": "\"나는 가야 해. 안녕히!\""
    },
    {
      "Key": "b43746ab-f396-4996-ba11-bf4fc7ecf2ce",
      "Value": "[공격] \"너는 나이리사를 섬기므로 죽여야 해. 혹시 모르니.\""
    },
    {
      "Key": "d697d03e-9a62-48f1-b866-941c2c20df5f",
      "Value": "\"나이리사가 숨어있는 곳을 아는가?\""
    },
    {
      "Key": "c0cf8202-39e8-44db-a7e0-e5cd3347af01",
      "Value": "\"도서관에 대해 말해 봐. 조금 이상하군.\""
    },
    {
      "Key": "d8a45342-db07-4ff2-8252-cce7653eab6e",
      "Value": "\"그렇다. 보물에 대해 말해달라.\""
    },
    {
      "Key": "ef599fb8-ec67-4f3e-84fe-9292fb7c83f0",
      "Value": "[책을 들여다 봅니다]"
    },
    {
      "Key": "4593865f-e76c-4f34-8e5b-8d7bc88cffc1",
      "Value": "\"지금은 아니야.\""
    },
    {
      "Key": "0b655e82-1187-4250-8efd-c96878856c34",
      "Value": "[탐지 마법을 시전합니다]"
    },
    {
      "Key": "d4fd0a0c-bcdc-49fe-adf4-3b5331bc27f2",
      "Value": "{n}깨진 물시계에서 흘러나온 물은 물줄기를 이루었지만 모두 쏟아지지는 않았습니다. 일부는 서서히 얼어 붙고 작은 날개 달린 생물체의 모습을 취합니다.{/n} \"왜 시계를 부수었지? 여주인이 화가 나서 나를 끓여버릴 거야! 누군가가 그녀에게 새로운 시계를 주면 좋겠다. 해시계나 모래시계라면 더 좋을 것 같아. 나는 시계에 사는 것이 지겨워. 다른 누군가가 시계를 지켰으면 해. 그러나 여주인이 나를 냄비나 주전자에 살게 한다면 어쩌지? \""
    },
    {
      "Key": "24db1bb0-9b58-473c-a6f3-b6d953519675",
      "Value": "\"아니. 나에게 묻지 마! 나는 여주인의 비밀을 밝힐 수 없다! 그녀가 나를 처벌할 거야. 너에게 재미있는 걸 말하기를 바라? 집에 대해서? {g|First World}태초 세계{/g}는? {g|Eldest}원로{/g}는? 비밀의 보물은? \""
    },
    {
      "Key": "630e1573-3eee-4994-83f1-dc297904fe27",
      "Value": "\"플루독.\" {n}그 생물은 당신을 헌신적으로 바라보고는 멈추고 이름이 적절하지 않다는 것을 깨닫습니다.{/n} \"나는 메피트야. 여주인이 시계를 감시하라고 나를 여기에 두었어. 시계는 도서관에서 매우 중요하다. 그것을 보지 않는다면 모든 것을 잊고 책을 영원히 읽어버릴지도 모르니까.\" {n}메피트의 말투가 농담인지 정말로 완전한 망각을 의미하는지 확실하지 않았습니다.{/n}"
    },
    {
      "Key": "1cb5546b-adfe-4299-a16d-7cab9f2429b6",
      "Value": "\"헤. 너는 사악해 보이지 않아. 내가 너에게 말해 줄께...\" {n}메피트는 말을 마치지 못했습니다. 잠시 동안 당신은 강력한 힘으로 인해 압박감을 느낍니다. 그리고 메피트의 몸이 끓어올랐고, 필사적인 비명과 함께 수증기가 되었습니다.{/n}"
    },
    {
      "Key": "1b231a68-4a5a-48f7-89f1-6c335ffd50d2",
      "Value": "\"나는 바보가 아니다. 나는 말하지 않을 것이다! 책에 대해 이야기하자. 알겠지?\""
    },
    {
      "Key": "d5dc70b7-dc61-41f9-93a9-926e3abe08d4",
      "Value": "\"너 또 왔어! 다른 건 부수지 마. 알았지?\""
    },
    {
      "Key": "02382aef-d3ea-417d-811c-a7de515570fa",
      "Value": "{n}메핏은 당신에게 기대어 신비하게 속삭입니다.{/n} \"도서관 안의 보물은 여기에 있다! 그러나 길을 열려면 적절한 책을 올바른 책장에 넣어야 한다. 나는 어떤 책인지 말해주겠다! 책 6권과 3개의 책꽂이가 있다. 분노, 공포, 슬픔이 그것이다. 누구도 슬픔, 격노, 두려움을 읽는 것을 좋아하지 않는다. 그래서 그들이 그것들 뒤에 보물을 숨겼다. 모든 책을 발견하면 책장 위에 좋은 것들을 올리고 나쁜 책은 책장 아래에 놓아라. 그렇게 하면 된다! 그러면 너는 보물을 얻을 거야. 알겠지? 나는 아주 유용해. 나는 정말 똑똑해!\""
    },
    {
      "Key": "5fa3d8f6-1d5b-406c-b5c8-37a88b64833d",
      "Value": "\"나는 다른 도서관을 본적이 없다. 그들은 어떻게 생겼지? 아마도 천장에 매달려있는 책장이 있고 메피트가 벽난로에서 살테지. 이 도서관에 대해 이야기 해줄게. 여기는 {g|First World}태초 세계{/g}의 책들을 보관하고 있어. 다른 유형의 서적은 여기를 좋아하지 않아서 사라진다. 여기에는 기쁨, 승리, 두려움 등 모든 것에 관한 책이 있다. 원한다면 걸어다니며 좋아하는 책을 찾아 읽을 수도 있어. 그러나 기억해라. 악한 것과 나쁜 것에 관한 책들이 아래 선반에 있다. 끔찍한 공포. 사악한 기쁨들 말이다. 좋은 것에 관한 책은 선반 꼭대기에 있고!\""
    },
    {
      "Key": "cfdfd6fa-a4f8-482f-b39a-3c9dc4296688",
      "Value": "{n}당신은 책을 열고... 옥타비아를 봅니다. 그녀의 눈은 곤경에 처한 사람들을 위해 용기와 연민으로 밝게 빛나고 있습니다. 그녀의 미소는 삶과 기쁨으로 가득 차 있습니다. 그보다 더 아름다운 것을 있을까요?{/n}"
    },
    {
      "Key": "a0a23248-ea46-44bf-be4b-a12f103073b2",
      "Value": "\"네가 책 읽는 것을 좋아하지 않아 유감스럽다... 나는 대화할 사람이 없구나!\""
    },
    {
      "Key": "862e4cf3-d815-4eb1-9958-abded3451a19",
      "Value": "\"여주인이 책장에서 책을 읽지 않은 것이 오래되기에, 많은 책들이 집 안에 흩어져 버렸다. 나는 아름다움에 관한 책을 간직하지 못했어.\" {n}메피트는 조용한 시선과 함께 눈을 좁힙니다.{/n} \"광대한 파도가 푸른 하늘 아래 밀려온다! 폭포가 무지개 깊숙히 떨어지고 있다! 읽어보고 싶어?\" {n}그는 조심스럽게 시계 조각에서 작은 책을 꺼냅니다. 물에 전혀 젖지 않았습니다. 메피트는 당신이 볼 수 있도록 열어 주지만 손에서 놓지는 않을 것입니다.{/n}"
    },
    {
      "Key": "bf064043-48e5-4eef-aef3-66e9fbcf3050",
      "Value": "\"여기엔 아무것도 쓰여 있지 않잖아! 그건 순수하게 마법이다, '독자'에게 이런 저런 감정을 갖게 하지. 원시적인 방식이야. 재미없군! 저자의 손 그림자조차 없는 무의미한 책이야! 내가 본 '책' 중 철학이 가장 없잖아!\""
    },
    {
      "Key": "0f6d78e8-9cc1-46cc-9662-eb144f3a184c",
      "Value": "{n}고블린은 끓는 물이 튀는 것처럼 책에 올라서 찡그립니다.{/n} \"책들! 마법 책들이 싫어! 왜 이 그림들을 보여준 거야? 이 도서관을 태-우-자. 우리는 저 물의 짐승을 죽이고 모든 것을 태워야 해!\""
    },
    {
      "Key": "20937f0b-c670-45da-b87c-579f25617633",
      "Value": "\"나는 이것을 좋아한다. 나는 달빛이 보이는 초원, 아름다운 어린 소년과 소녀들이 보인다...이 책들이 {g|First World}태초 세계{/g} 바깥에서 작동하는지 궁금한걸? 나는 한 두 권의 '아름다움'을 가질 거다. 그리고 두꺼운 '인내'의 책자도. 특히 약자, 바보, 겁쟁이에 둘러싸인 사람들을 위한 '인내'란 제목이 붙은 책이 있다면 말이야. \""
    },
    {
      "Key": "fa570f8a-a1e5-441a-b61d-7837dfdd06e1",
      "Value": "{n}당신은 책을 열었고... 레곤가르를 봅니다. 그를 바라보는 것은 강하고 격렬하며 반발하는 살아있는 불꽃을 보는 것과 같습니다.{/n}"
    },
    {
      "Key": "97a99b62-4aa2-4d77-ae6e-ed152d1072ef",
      "Value": "{n}당신이 책을 열자... 발레리가 보입니다... 용기와 충성, 확고하고 기꺼이 운명에 맞서고자 하는 것이 그녀의 눈에 반영되어 있습니다.{/n}"
    },
    {
      "Key": "85de5b02-0435-45c9-b154-5132e35ad3c1",
      "Value": "{n}당신이을 책을 열자... 트리스티안이 보입니다. 그는 햇빛으로 짜여져 있는 사람처럼 보입니다. 친절과 이타심의 빛이 그의 영혼으로부터 빛납니다.{/n}"
    },
    {
      "Key": "50c30875-00bf-4eb7-af26-bb6fb4bcd03a",
      "Value": "{n}당신이 책을 열자... 나이리사가 보입니다. 그녀가 맞습니까? 님프의 아름다운 얼굴은 잔인함과 절망에 의해 일그러지지 않았습니다 — 그 대신 기쁨과 끝없는 매력이 빛납니다. 개화가 일어나는 땅의 모든 광기와 {g|First World}태초 세계{/g}의 변덕스러움이 님프의 외모에 구현되었습니다. 아마도 그녀가 저주를 받기 전 모습 같습니다.{/n}"
    },
    {
      "Key": "96384234-d6af-40d4-8781-745e403b53e2",
      "Value": "{n}책을 엽니다. 일련의 막연한 이미지가 당신 앞에서 깜박입니다. 하늘을 가로 지르는 구름, 당신이 아끼던 혹은 갈망하던 자들의 모습, {g|First World}태초 세계{/g}의 믿을 수 없는 광경이 펼쳐졌고 당신의 고향에서 온 사람들은 더 친숙하지만 덜 매력적입니다.{/n}"
    },
    {
      "Key": "e07d8a40-a9ce-4b4f-84fa-79933844fca4",
      "Value": "{n}당신은 책을 열어 보고... 레곤가르과 옥타비아를 봅니다. 낮밤으로 순백의 눈이 반짝이는 모습과 끓는 용암 표면과 같습니다. 대조 속에 놀라운 아름다움과 상극의 시너지 효과가 보입니다.{/n}"
    },
    {
      "Key": "634c63fa-c8f5-4297-b585-d31f8efca1ca",
      "Value": "\"봤어? 아름답고 아름다운 파도야! 그리고 하얀 폭포도 있어!\" {n}경외심에 메피트는 말합니다.{/n}"
    },
    {
      "Key": "582d8890-13cb-45bb-9106-0cc160db6fb2",
      "Value": "{n}당신은 메피트를 목표로 한 강력한 주문의 존재를 느낍니다. 주문의 창조자는 생물 자체가 아니라 훨씬 더 강력한 존재라는 것이 명백합니다. 마법 학교의 마법인지 혹은 그 목적을 밝히기가 어렵습니다. 지금은 패시브 효과만 제공한다고 가정할 수 있지만 어떤 격발 장치나 명령에 의해 활성화 될 수 있습니다.{/n}"
    },
    {
      "Key": "37e8823d-4b13-4083-bb5f-26ab4a7e6985",
      "Value": "\"이상하군. 아무것도 보이지 않아. 기다려... 보석이 반짝이는군... 열정적으로 껴안은 연인의 몸도 있어... 아. 이제는 사라졌군.\""
    }
  ]
}