{
  "$id": "1",
  "strings": [
    {
      "Key": "b5d553ba-6479-47c4-9c3d-e2e0c7b24eeb",
      "Value": "\"너한테 무슨 일이 생긴 거야?\""
    },
    {
      "Key": "af2190de-a82b-4c23-9374-77abeb6e74c1",
      "Value": "\"가자. 녹 녹.\""
    },
    {
      "Key": "fb2da1de-73ec-4eaf-ae52-52175570e389",
      "Value": "\"괜찮은 거야?\""
    },
    {
      "Key": "ecb5d305-165a-4bbb-8f43-a61d276a9665",
      "Value": "{n}당신이 다가서자 녹 녹의 귀가 쫑긋합니다. 꼴이 아주 말이 아닌데 원래도 그렇지만 평소보다 더합니다. 게다가 눈은 이상하게도 구슬처럼 투명한 푸른색입니다.{/n} \"왔다, 천천히 오라구!\""
    },
    {
      "Key": "70e6de90-2205-41ce-b3c6-9c77afa57db4",
      "Value": "\"썩은내 나는 귀쟁이 식물 여자를 만났다. 나를 죽이려고 했지만, 녹 녹은 용감하게 바닥에 웅크리고 숨을 죽였다.\" {n}그는 당당하게 콧바람을 내뿜습니다.{/n} \"예로부터 부족이 쓰던 속임수다. 더 때리고 차기 전에 녹 녹이 이미 죽었다고 생각하게 만든다.\" {n}녹 녹이 찌푸립니다.{/n} \"꽤 잘통하는데, 이번엔 안통했다.\""
    },
    {
      "Key": "50e1b5e3-ef8b-4acc-907b-cc175b81c853",
      "Value": "\"썩은내 나는 귀쟁이 식물여자가 계속 때리고 걷어차다가 멈췄다. 그러더니 주문을...\" {n}녹 녹은 옆구리의 누더기를 들어 올려 거의 갈비뼈에 커다랗게 그을린 검은 자국을 드러냈습니다.{/n} \"이래 봬도, 대부분은 피했다.\" {n}그가 눈을 깜빡이자, 서서히 눈에 붉은 빛이 돌아오기 시작합니다.{/n} \"다시 잘 보이기 시작한다, 새거나 마찬가지다.\""
    },
    {
      "Key": "29b1ac72-bdf8-40fb-b46f-409ec6c65484",
      "Value": "\"찌르러 가자! 어딜 찌를지 알려주면, 거길 찌른다.\" {n}녹 녹이 웃습니다.{/n} \"게다가, 이제 네가 여기 있다. 그 여자와 똑같은 놀이를 할꺼다. 대신 이번에 녹 녹은 똑똑한 계획이 있다... 그 여자가 넘어지면 계속 걷어찬다, 그리고 녹 녹처럼 죽은 척 하는게 아니란걸 확인한다!\""
    }
  ]
}