{
  "$id": "1",
  "strings": [
    {
      "Key": "7e6fc8e8-97f0-485e-8858-1afd5df4c16d",
      "Value": "\"용서해. 오늘은 노래나 이야기를 하지 못하겠어... 누워야겠어.\""
    },
    {
      "Key": "ee542b31-9b8c-4639-a77b-0faca47def4a",
      "Value": "\"기분이 좋지 않아... 미안해... 나 없이 저녁을 보내야겠어.\""
    },
    {
      "Key": "48400d4e-1948-460b-bbee-fac6c9664fd6",
      "Value": "\"저런! 서렌레이께 기도를 드려 네가 회복하길 바랄게. 가서 좀 누워. 휴식이 필요해.\""
    },
    {
      "Key": "d3fe54e0-ce03-4d2d-9872-748afe3e71f1",
      "Value": "\"걱정하지 마! 푹 쉬라구!\""
    },
    {
      "Key": "cab3dd1e-033e-4f83-bc5f-bb638382d88c",
      "Value": "[손을 모으며 중얼거립니다] \"... 저녁에 침묵하는 자들에게 축복을...\""
    },
    {
      "Key": "f2ec6bf2-c1bb-481d-9968-cdc1b34bdfb8",
      "Value": "\"우르가쏘아시여. 몇시간만이라도 휴식을...\""
    },
    {
      "Key": "8a2f44e2-d5ea-4eee-9b7e-39caeedec931",
      "Value": "\"가. 너 없이 괜찮을 거야. 린지가 없어도 돼. 흠. 하지만 다음에 돌아와. 녹 녹 놀릴 사람 필요해.\""
    },
    {
      "Key": "65fb1c05-fb2c-47c4-876b-a49bb44e9710",
      "Value": "\"누워서 눈 좀 붙여. 켈리쉬 이야기 해줄까? 처음 들어 봤을걸!\""
    }
  ]
}