{
  "$id": "1",
  "strings": [
    {
      "Key": "49d0c7da-9a4c-478c-bac2-52021ac80b15",
      "Value": "\"왜 나를 쫓아오는 거야? 원하는 게 뭐야?\""
    },
    {
      "Key": "abd50b5c-ce95-4c0b-9172-6cce65378f2f",
      "Value": "\"그만. 나는 가겠어.\""
    },
    {
      "Key": "83772445-5b85-4570-9f73-8b1001263971",
      "Value": "\"나는 그런 질문에 대답하지 않겠다. 꺼져!\""
    },
    {
      "Key": "3c4e1f0b-9a81-42c5-8702-484611863921",
      "Value": "\"나는 {name}다. 나는 누구에게서도 숨지 않아!\""
    },
    {
      "Key": "15f448fb-04e6-4cea-8c2a-84429db1d1f5",
      "Value": "\"내 이름은 {name}다. 나는 반홀드에 대한 답을 들으러 왔다. 반홀드의 운명에 대해서 아나?\""
    },
    {
      "Key": "9fafb07f-0b26-4ddf-aa7c-e1ff47e68481",
      "Value": "\"안녕히.\""
    },
    {
      "Key": "c2ceb951-fd84-4648-b832-1f0dba27e00f",
      "Value": "\"네 욕지꺼리에 질렸어! 꺼져!\""
    },
    {
      "Key": "bb9c6b6e-3c6f-4adf-92c0-1fd3a7bc8945",
      "Value": "{n}까마귀는 놀리기라도 하는 듯 까악댑니다.{/n} \"나의 첫 인상이 맞았군. 너는 도둑이다, {race}. 네 종족 모두와 다를 바 없어.\""
    },
    {
      "Key": "cc79f616-1f30-471c-86ec-cd5bccdff819",
      "Value": "\"너는 고대 종을 위해 진흙탕 속에서 싸웠다. 너는 원하는 것을 위해서라면 뭐든지 할 녀석이야. 자매를 죽여서 얻은 게 무엇이지? 아무것도 없을 텐데. 그녀가 기억도 나지 않을 테지.\""
    },
    {
      "Key": "48722dde-ccf7-4501-9c2a-dbc4ee51308b",
      "Value": "\"네가 옳은 일을 하고 있다고 믿나 보지. 하지만 네가 한 일은 그저 도둑질 뿐이었어. 너는 더러운 생명체에 불과해.\""
    },
    {
      "Key": "a2b20b26-4c2d-437e-ba6d-f613ec59dbf3",
      "Value": "\"너를 지켜봤다. 네 행동들을. 네가 뭔가 다르다고 생각하지 말아라. 너는 그저 특이한 별종일 뿐이야.\""
    },
    {
      "Key": "e0af669f-8961-4fe7-ba7c-28cfb0dd8cff",
      "Value": "\"한심한 생명체의 자부심이란. 불쌍하구나. 그러고도 나에게 명령을 내리려 하다니.\""
    },
    {
      "Key": "7cbc55af-f4f9-4253-9ad8-964ab06663e1",
      "Value": "\"도망쳐!\" {n}까마귀는 까악거리며 방해합니다.{/n} \"벌레 새끼처럼 도망쳐라! 너는 진실로부터 도망치지 못해. 어디에 숨어서도 너는 진실과 함께할 것이다!\""
    },
    {
      "Key": "09050630-5641-4845-8ce9-95314c85bc5f",
      "Value": "{n}까마귀는 날개를 퍼덕이며 날아가버립니다. 까마귀는 멀리 사라졌습니다.{/n}"
    },
    {
      "Key": "f57e1da9-f2ba-4c28-bbdb-a4eb06afc3fb",
      "Value": "{n}까마귀는 당신을 잠시 보더니 날아갑니다. 잠시 후 까마귀는 사라졌습니다.{/n}"
    },
    {
      "Key": "e6d7de51-cc7e-45f8-af4a-c18b632976b3",
      "Value": "\"그만. 때가 되면 다 배울 것이다. {name}.\""
    },
    {
      "Key": "9ed7a1c1-2ad2-454a-8861-0de579cb3fde",
      "Value": "\"말, 말, 말, 말, 말-헉! 지겹다!\" {n}녹 녹은 토하는 시늉을 합니다.{/n} \"녹 녹은 길쭉이가 말 많이 하는 것 알았지만 이제는 토실토실하고 맛좋은 퍼덕이도 말하는 거냐? 이제는 돌도 지껄이겠구나!\""
    }
  ]
}