{
  "$id": "1",
  "strings": [
    {
      "Key": "19ed3993-d4dc-4744-a95e-0202ab448fc2",
      "Value": "\"네가 영웅이라고 생각해? 넌 그냥 흔한 악당일뿐이야... 그리고 내가 맞서본 가장 위험한 악당도 아니지.\""
    },
    {
      "Key": "3c5680d1-55e6-4bbc-9971-001aeca8d0d5",
      "Value": "\"이로베티. 도대체 뭐라고 주절대는 거야? 무슨 영웅이 악당이 어째? 너는 죽었어! 넌 여기 정말 있지도 않다고!\""
    },
    {
      "Key": "f49c6103-617d-4832-bc5b-1f7ca8c1f6ca",
      "Value": "\"더 이상 너의 말 같지도 않은 이야기는 듣고 싶지 않다. 무기를 들어라!\""
    },
    {
      "Key": "cb912064-23da-4e46-9bfb-cb67ba445982",
      "Value": "\"이제 왔구만. 물론. 결국엔 넌 와야만 했을거야. 복제품이 진품없이 존재하지 않듯이, 악당도 영웅 없이는 존재하지 못하는 법이지. 너는 너만의 모험도 이야기도 가지질 못해. 넌 그저 내 원대한 이야기의 일부일뿐이야. 내가 없다면 너도 존재하지 않는거지!\""
    },
    {
      "Key": "d5051933-1ded-4055-b24f-b73a6e119712",
      "Value": "\"우리가 마지막으로 만났을 때 내 땅을 지배하겠다고 말한 것을 기억하나?\" {n}이로베티는 조롱하는 목소리로 말합니다.{/n} \"'네 백성을 위해 현명하고 공정하게?' 그래서 너는 백성들을 행복하게 만들었나? 그들은 만족하는가? 그들은 행복한가? 아첨꾼 페이는 행복한가? 내 하인이 되어버린 네 총독도 행복한가?\""
    },
    {
      "Key": "b752dbf2-d835-47db-aaaf-a9c24c77a9dd",
      "Value": "\"기억하나, 우리가 마지막으로 만났을 때 {g|pitax}피탁스{/g}를 시민들에게 돌려줄 것이라고 말했던 것을? 정말 고결한 말이었어! 하지만 종국에 내 소유물들은 다시 내게 돌아왔다, 피탁스와 아첨꾼 페이까지! 네 총독은 내 발밑에 있다. 그리고 너로 말할 것 같으면, 이제 네가 속해있던 망각으로 돌아갈 시간이다!\""
    },
    {
      "Key": "27644773-56d6-43ce-900b-a3c2dfc47ba6",
      "Value": "\"우리가 마지막으로 만났을 때를 기억하나? 나에 대한 기억을 모두 지워버리겠다고 한 너의 위협도 기억하나? 이 얼마나 대담하고, 얼마나 오만한지 – 그리고 얼마나 어리석은 자인지! {g|pitax}피탁스{/g}는 또 다시 내 것이 되었다. 아첨꾼 페이도 다시 나를 섬긴다. 너의 총독은 내 발 밑에 있지. 그리고 너도 – 이 얼마나 아이러니한가! 네가 속한 망각으로 내던져지기 위해, 너 또한 내 앞에 돌아왔구나!\""
    },
    {
      "Key": "bfaadfc3-bf46-4355-bced-7b60613bef8a",
      "Value": "\"우리가 마지막으로 만났던 때를 기억하나? 네가 내 백성들을 가혹하게 대해서 나를 은인으로 기억하게끔 하겠다는 그 약속도 기억하나? 그 말만은 하지 말았어야지. 이 세상의 위대한 법칙중 하나는 시적 아이러니니까! 이제 내 백성들의 은인이 돌아왔고, 네 백성들은 너를 저주한다. 아첨꾼 페이는 또다시 나를 섬긴다. 너의 총독은 내 발 밑에 있다. 그리고 너... 너는 여기서 죽는다 – 그리고 네 이름은 나에 대해 얘기할 때를 제외하면 다시는 불리지 않을 것이다!\""
    },
    {
      "Key": "8c09e14d-8425-4e59-b37f-d4af59b40501",
      "Value": "\"그리고 이로베티가 누구라고 생각하나? 한 때 이 방을 아름답게 장식했던 뼈와 내장으로 가득 찬 피부로 둘러쌓인 한 덩어리인가? 당연히 아니지! 이로베티는 전설이다! 그리고 전설이 모든 영광과 함께 돌아왔다!\""
    },
    {
      "Key": "5c9fc703-93ec-4a7b-8f25-5208f8fb292c",
      "Value": "\"모든 사람들은 자신들이 이야기의 영웅이고, 다른 사람들은 관객일 뿐이라 생각한다. 하지만 우리가 무엇이 다른지 아는가? 너의 이야기는 너무 오랫동안 지속된 불쌍한 농담일 뿐이다. 내 이야기는 수 세기 동안 이어질 전설이다!\""
    },
    {
      "Key": "dddb190d-5295-401e-b052-2f0ce16a5811",
      "Value": "\"사실이다. 왜 내가 이해하지 못할 사람에게 내 말을 낭비했지?\""
    },
    {
      "Key": "ce300bb6-4ea7-4d94-9f9a-37aff7067aaf",
      "Value": "\"주변을 둘러봐라! 나는 이전의 나이고 최고의 상태이다! 모든 전설이 나를 위해 쓰여진 것이었다. 나의 영광은 너무 커서 한 몸에 꼭 들어맞지 않았다. 나는 이로베티. 지혜로운 통치자 이로베티. 천하무적의 전사 이로베티. 교활한 사기꾼 이로베티. 칼리스트리아의 신성한 챔피언이다... 그리고 너는 누구인가? 아무것도 아니다. 관객에게 나의 웅대함을 보여주기 위한 사소한 소품일 뿐이다!\""
    },
    {
      "Key": "dc2509c2-a6a2-49d6-ac82-846882654826",
      "Value": "\"좋아, 시작하자! 이제 네가 내 역사의 일부가 될 때가 왔다!\""
    }
  ]
}