{
  "$id": "1",
  "strings": [
    {
      "Key": "2011f4b3-44d8-40f1-9695-d2cb0f4a1eb1",
      "Value": "\"무례한 말조차 하지 않으시는 분이, 때때로 잔인한 행동을 하실 때가 있더군요. 왜 그런 거죠?\""
    },
    {
      "Key": "f54e196a-5621-4d60-a6d6-117b228ab606",
      "Value": "\"두 가지가 함께하는 경우는 적지 않습니다. 나의 검이 언제나 날카롭기를, 갑옷에는 먼지 한 점 내려앉지 않기를 바라도... 전투에서는 일격에 자비를 두지 않는 것과 다름없지요.\""
    }
  ]
}