{
  "$id": "1",
  "strings": [
    {
      "Key": "45538727-c268-4ce2-b015-ec52d840a9f3",
      "Value": "\"서렌레이님을 모독하지 마십시오. 위대한 신이시며, 무시무시한 괴물을 수도 없이 물리치셨어요. 잘 벼른 시미터로 도시 정도는 흔적도 없이 사라지게 만들 수 있는 분입니다!\""
    },
    {
      "Key": "c2b4d553-35dd-4eb1-9eb4-2dd039332ae4",
      "Value": "\"하. 나쁘지 않군! 그렇다면 왜 자비에 대해서 그렇게 나불거리는 거야? 그녀가 얼마나 많은 적을 도륙했는지나 말해줘!\""
    }
  ]
}