{
  "$id": "1",
  "strings": [
    {
      "Key": "8c96c96a-42f0-4681-83aa-d2864d7c543c",
      "Value": "\"기술 연맹의 자료들을 보고 싶었는데... 그들은 많은 실험을 했지! 엄청나게 많은 자료가 있을 거야.\""
    },
    {
      "Key": "1ec20156-afef-46f8-8e68-0b11bf3b20c4",
      "Value": "\"실험이라고? 내가 겪은 실험을 너도 겪었어야 했는데. 너라면 한시간도 견디지 못할걸! 상관 없어. 우리는 그 녀석들을 다시 만날 거니까. 그 녀석들을 내 손으로 찢어죽일 거야! 아주 천천히!\""
    }
  ]
}