{
  "$id": "1",
  "strings": [
    {
      "Key": "45f25688-a1a8-4af1-a481-ed92c2d82009",
      "Value": "\"도대체 너의 정체는 무엇이냐?\""
    },
    {
      "Key": "3d04c822-9f65-4360-8f0d-0dac85de8bdb",
      "Value": "\"나는 성소의 열쇠가 필요하다. 네가 그 중 하나를 가지고 있다는 것을 안다.\""
    },
    {
      "Key": "1befff6f-77e7-41a0-9195-4fc580790662",
      "Value": "\"나는 성소의 열쇠가 필요하다. 옹이 마녀는 네 목을 가지고 오면 자기 열쇠를 주겠다고 했지. 네가 어떤 얘기를 할지 궁금하군.\""
    },
    {
      "Key": "07749995-8db6-4bff-a55c-02e4e9a57bdd",
      "Value": "[공격] \"나는 이야기할 기분이 아니다. 죽어라.\""
    },
    {
      "Key": "cb8b84a5-8d87-4d0f-ad72-842d62dad625",
      "Value": "\"아마도 가야겠어.\""
    },
    {
      "Key": "b4bdc274-2980-4dda-825d-dccbb75eb6cf",
      "Value": "\"첫 번째 왕관과 옹이 마녀에 관해 묻고 싶다.\""
    },
    {
      "Key": "2931ab48-98f6-4397-a3bc-5831aad76208",
      "Value": "\"나이리사가 너를 살해하고 이제는 하인으로 이용한다. 이 파편을 보아라. 너의 과거와 죽음, 재탄생... 모든 것을 보여줄 것이다.\""
    },
    {
      "Key": "f92f4fcb-e6a2-4fd6-ac26-4eb234e24842",
      "Value": "\"옹이 마녀는 죽었다.\""
    },
    {
      "Key": "27657ad7-9e4f-47b7-b55e-c1138f730812",
      "Value": "\"그녀는 아직 살아 있다. 먼저 다른 것에 대해 물어 보겠다...\""
    },
    {
      "Key": "9ce40ee9-6d38-4744-afb9-300f58c19f7b",
      "Value": "[공격] \"나는 생각해 보았고 너를 끝내기로 결정했다!\""
    },
    {
      "Key": "2f1698e0-415f-4861-9752-dbafd6dc9315",
      "Value": "\"집을 공격하는 자들을 만날 때조차 평온한가?\""
    },
    {
      "Key": "d7fba546-2971-4f56-8acc-3df0ca021307",
      "Value": "\"좋아. 너를 위해서 옹이 마녀를 죽일거야.\""
    },
    {
      "Key": "85472e5f-a20b-4011-b8c1-a9bda27ec70b",
      "Value": "\"나는 제안에 대해 생각해 볼 것이다.\""
    },
    {
      "Key": "9098c6a3-f1d1-4896-b15e-a2631e1005e7",
      "Value": "[공격] \"차라리 널 죽일 거야.\""
    },
    {
      "Key": "b1f83b3f-ddc9-45a4-8959-7d4db6cc858b",
      "Value": "\"첫 번째 왕관이 왜 필요하지?\""
    },
    {
      "Key": "290cede8-21db-4d02-90cc-4ae1d8ddd2fd",
      "Value": "\"왜 너희들은 옹이 마녀와 함께 하지?\""
    },
    {
      "Key": "e22719dd-6897-4686-9276-5755705ac62b",
      "Value": "\"나는 이것에 대해 더 이상 질문하지 않겠다.\""
    },
    {
      "Key": "e59018eb-3608-4d00-b8cd-40f3d5e0c79d",
      "Value": "\"내가 너에게 왕관을 준다면?\""
    },
    {
      "Key": "0e9846a4-06a7-4347-b734-62c81be23387",
      "Value": "\"어디에서 옹이 마녀를 찾을 수 있지?\""
    },
    {
      "Key": "37c5e02f-3545-4c51-8455-ee177fbda3ac",
      "Value": "{n}수백 개의 벌레가 모여 이 끔찍한 생물의 몸을 형성했고, 끊임없이 무리짓고 꿈틀거립니다. 그러나 그 생물은 놀란 것 같지 않습니다. 그것은 당신을 향해 몸을 돌리고 끄덕입니다. 그것은 공손함의 제스처처럼 보입니다. 벌레에는 눈이 없고 그들의 '몸'은 진짜 머리가 아니며 이전의 형태를 흉내낸 것 뿐입니다.{/n} \"안녕하신가, 손님.\" {n}신체가 없는 목소리가 말합니다.{/n} \"너는 {d|Wriggling}꿈틀거리는 남자{/d}에게 무엇을 원하느냐? \""
    },
    {
      "Key": "75b6780e-a23d-4644-ad61-ea2439891af0",
      "Value": "\"우리의... 소원은 어떤가? 옹이 마녀는 여전히 그녀의 존재로 천 개의 숨결을 더럽히고 있나?\""
    },
    {
      "Key": "db47ea7a-6b5d-4237-b68c-f81daa4f4874",
      "Value": "{n}꿈틀거리는 남자는 간신히 당신을 알아차린 것 같습니다. 벌레들은 뒤틀리며 서로 교감하느라 바쁩니다.{/n}"
    },
    {
      "Key": "129d73f9-16f6-4a70-9cd9-7ed24f8da2d9",
      "Value": "{n}생물체의 얼굴을 이루는 벌레는 느리게 꼬이더니 다시 풀립니다.{/n} \"원한다면 물어봐라. 그러나 우리가 너의 호기심에 많은 시간을 할애할 것이라고 기대하지 마라.\""
    },
    {
      "Key": "9b752e24-2051-45ed-9026-c196426226be",
      "Value": "\"아아, 놀란 것 같군, 손님. 무엇이 신경쓰이는가? 우리의 머리카락인가? 아니면 억양?\" {n}당신은 꿈틀거리는 남자의 희미한 웃음 소리를 듣습니다 — 아니면 백 가지 목소리가 하나처럼 들렸을지도 모릅니다.{/n} \"우리는 천 개의 거울 조각에서 천 번 반사되었다. 한때 우리는 하나의 남자 인간이었다. 과거의 삶에 대한 몇 가지 추억이 남아 있지만, 우리는 이 사람이 죽었다는 것을 알고 있고 받아들였다. 그의 넋은 썩기 시작한 그의 살덩이에 달라붙었고, 그러하여 시체 벌레가 시체를 먹게 되었다. 그렇게 우리가 탄생하였다.\""
    },
    {
      "Key": "fdeb60a3-b4fd-4022-8cf4-1358efc9e9d9",
      "Value": "\"어리석은 생명체여, 이 성소에서 무엇을 바라는가? 신경 쓰지 마라, 중요하지 않으니. 나이리사는 네가 문을 열고 들어서는 순간 너를 먼지로 만들 것이다. 우리가 죽은 사람과 이야기하는데 시간을 낭비해야겠는가?\""
    },
    {
      "Key": "baadd3ee-ed95-41c6-8450-103d9b823579",
      "Value": "\"대담하고 정직하구나. 너는 나이리사의 영역을 침범했고, 우리의 적 옹이 마녀와 거래했다. 우리에게서 무슨 말을을 기대하는 건가? '벌레의 음식이 될 준비나 하라!'\""
    },
    {
      "Key": "6cae521c-02b2-42ba-8210-16c9c79f8dc2",
      "Value": "{n}꿈틀거리는 남자는 백 개의 목소리로 노골적인 짜증이 가득한 한숨을 쉬었습니다.{/n} \"우리가 정말로 이것에 시간을 할애해야하는 건가? 뭐. 새로운 벌레 먹이가 상하진 않을테니...\""
    },
    {
      "Key": "9b5cbf29-8a47-4683-9614-f79e7d92b3d4",
      "Value": "\"{g|First World}태초 세계{/g}의 길을 조심해라, 손님. 어디에서 그들이 너를 잡아갈지 모른다. \""
    },
    {
      "Key": "83f4cd2d-554f-45d5-bde1-dd8dc59729e8",
      "Value": "\"그 말을 듣게 되어 대단히 즐겁군. 너는 우리의 존경심을 받을 자격이 있다. 그러니 우리는 너에게 빠르고 고통없는 죽음을 줄 것이다. 나이리사는 내가 가장 가치있는 하인이자 보호자라는 것을 알 것이다.\""
    },
    {
      "Key": "ab6afd26-92fa-4dea-9549-2ec3eb9c4dbe",
      "Value": "\"너는 우리의 인내심을 시험하고 있다. 적어도 심심해서였다고 하지는 않기를 바란다.\""
    },
    {
      "Key": "a0366d84-0546-4d42-be23-7383c6ca15c4",
      "Value": "{n}파동이 생물의 몸을 통과합니다. 벌레는 몸을 구부리고 꼬입니다. 이것이 꿈틀거리는 남자가 웃는 방법인 것 같습니다.{/n} \"우리가 너를 죽일 시간이라고 결정하면, 그 때 확실히 너를 죽일 것이다. 그리고 그것이 30분 뒤에 일어나든 10년 뒤에 일어나든, 무슨 차이가 있지?\""
    },
    {
      "Key": "ed0fe921-8082-4459-8f3e-d67d05c81b07",
      "Value": "\"그러나 우리는 기회를 이용하고 싶다. 제안은 어떤가? 옹이 마녀를 죽이고 열쇠를 취해라. 그러면 너는 우리 열쇠를 얻을 것이다. 네가 죽음을 향해 서두르니, 우리가 막지는 않겠다.\""
    },
    {
      "Key": "8f694da3-d191-4bdc-99ca-827d37f5064c",
      "Value": "\"그러면 가라. 너를 기다릴 거다.\""
    },
    {
      "Key": "575d99d0-5fae-45de-a63d-f1dbe783b7d0",
      "Value": "\"시간이 빨리 지나간다. 할 수 있는 동안 생각하라. 준비가 되면 행동하라.\""
    },
    {
      "Key": "3605eb4e-8de5-46e4-9225-285a2e71b074",
      "Value": "\"그 자체로는 의미가 없다. 우리는 역겨운 마녀의 시체에서 그것을 뺏어오거나, 나이리사의 은혜로운 손에서 받고 싶다.\""
    },
    {
      "Key": "f0caefda-8c2c-42c7-9a6f-dde98ce89614",
      "Value": "\"이 불화는 네가 상상할 수 있는 것보다 오래되었다. 옹이 마녀는 항상 나이리사의 애정을 우리가 빼앗을까봐 두려워했다. 그녀는 우리를 부러워했고, 우리를 모함했고, 함정을 팠다 — 우리의 인내심이 끝날 때까지. {n}희미한 음성은 잠시 멈췄습니다 — 그리고는 이상하게 울리는 소리로 계속 말합니다.{/n} \"그런 피조물을 어떻게 싫어하지 않을 수 있겠는가? 마녀는 그 외모만으로도 항상 우리를 화나게 만든다, 진심으로.\""
    },
    {
      "Key": "cf28bf08-fbe8-46f6-838e-fdda8dbaf993",
      "Value": "\"나이리사 아가씨가 옹이 마녀를 가장 가치있는 하인 중 한 명으로 표시한 선물이다. 이것은 우리가 시간의 끝에 선 집에 도착하기 전의 일이었다. 마녀는 이제 은퇴할 시기가 되었지. 우리는 그녀의 죽음을 원하고, 또한 우리는 인정받기를 원한다!\""
    },
    {
      "Key": "c80e8cac-e421-4efe-b1fe-d505e15a14f1",
      "Value": "\"멈추어야 할 때를 아는 것은 좋다. 많은 자들이 그 때를 모르지...\""
    },
    {
      "Key": "6ce5d8d1-e8af-4839-8f4f-648fdb8d8d78",
      "Value": "\"뭐? 무슨 {d|c61 Mirrors}말이지{/d}? \" {n}천 개의 목소리로 들리는 꿈틀거리는 남자의 질문에는 이상한 긴장감이 베어있습니다. 끔찍한 생물의 손이 당신에게서 파편을 가져옵니다. 이미지는 거울의 매끄러운 표면을 가로 지르며 번쩍입니다. 상처 입은 마법사가 시간의 끝에 선 집 출입구에서 싸웁니다. 부상당한 마법사는 나이리사와 대결하고 죽습니다. 벌레가 옹이 마녀의 식품 저장고에서 시체를 먹습니다. 마지막으로 나이리사는 새로 만들어진 시체 벌레로 이뤄진 몸을 보고 마녀에게 마법사의 기억을 파괴하라고 명령합니다.{/n}"
    },
    {
      "Key": "d0bad569-c65f-446b-9b81-352d0eea0baf",
      "Value": "\"그녀는 집의 지하에 숨어있다. 차원 중 하나에서 말이다. 우리는 여기서 두 가지 현실에서 살아가고 있다는 것을 알고 있겠지? 물론 알고 있겠지 — 그렇지 않으면 너는 여기에 없었을 테니.\""
    },
    {
      "Key": "e0ef0842-eefc-4a90-a944-8d80010f9a16",
      "Value": "{n}마침내 거울은 과거의 그림을 보여주는 것을 멈추었고 보이는 것은 꿈틀거리는 남자의 끔찍한 얼굴뿐입니다 — 검은 후드의 그림자 아래에서 벌레가 꼬여 두상을 이룬 모습 말입니다. 생물의 손이 떨리기 시작합니다.{/n} \"눈이 멀고, 바보가 되어서... 나는... 우리는... 나에게 무슨 일이 일어났지? 우리는 어떻게... 나... 우리... 우리 모두... 그녀가 우리를 가지고 놀았던 건가?! 손님이여, 무슨 짓을 한 거냐. 너무 많은 고통과 분노 때문에, 우리는 더 이상 참을 수 없다!\" {n}꿈틀거리는 남자가 부르르 떨었습니다 — 그리고 다음 순간 조각나서 떨어집니다. 벌레들은 빠르게 기어나갔고, 그의 검은 망토만이 바닥에 남아있습니다.{/n}"
    },
    {
      "Key": "76bdc28e-68bb-4235-a7bb-c8d5cb693197",
      "Value": "\"불행했을테지. 천 개의 영혼이, 공동체가 하나의 존재가 아닌 무의미한 존재를 이끌어 냈다...\""
    },
    {
      "Key": "7e0962ac-9a46-4aab-a693-9fcf32b0d10e",
      "Value": "\"윽! 어떻게 그렇게 쌓여있는 것을 때릴 생각을 했지? 저것들은... 말 그대로 기어다니는데!\""
    }
  ]
}