{
  "$id": "1",
  "strings": [
    {
      "Key": "efd80487-2879-4b36-a6fd-a2bea6b03a17",
      "Value": "\"위험한 곳에서 쉬고 싶다면 두 배로 조심해야 해.\""
    },
    {
      "Key": "48fa939e-e46a-423a-8cda-d73a7061e367",
      "Value": "\"야영지를 설치하기에 좋은 장소는 아니군. 무기를 가까이하고 눈을 떼지 마라.\""
    },
    {
      "Key": "63033c0a-85a8-469d-935f-10c2e76ff8da",
      "Value": "\"안전이 그렇게 신경 쓰인다면 그만 지껄이지 그래? 네가 주의를 끄는 것일 수도 있어.\""
    },
    {
      "Key": "258a49fd-6fda-45d2-8b21-20747a14f710",
      "Value": "\"이제 야영하기에 좋은 장소를 잘 골라야 해.\""
    },
    {
      "Key": "b1a9a287-c38a-49d4-b741-15658ac92078",
      "Value": "\"앉을 때 엉덩이 밑에 소나무 그루터기가 찔려서 좋지 않은 야영지야. 하지만 적으로 둘러싸인 장소가 더 위험하지!\""
    },
    {
      "Key": "7ee9edf7-cbd3-4303-93fe-0de91247494d",
      "Value": "\"네가 다 걱정을 하다니. 무슨 문제가 생기겠군. 하하하!\""
    }
  ]
}