{
  "$id": "1",
  "strings": [
    {
      "Key": "4d8a81c0-676c-40f4-9d15-f8aacdfb405b",
      "Value": "\"젠장! 어떻게 내가 싫어하는 모든 걸 머릿속에 넣을 수가 있지? 모두가 잘되기를 바라고 노력했는데. 하지만 내가 그 대가로 받는 건 뭐지?\""
    },
    {
      "Key": "05804af0-b443-4e49-9dd5-6d618dd803b5",
      "Value": "\"네가 모두를 싫어한다고 생각한다고? 말도 안 돼! 누가 옆에 있어도 너는 상관하지 않는 걸 잘 알아. 그리고 그건 노력이 아니야. 너는 그저 사람들의 실수를 지적하고 똑똑한 척하려는 거지.\""
    }
  ]
}