{
  "$id": "1",
  "strings": [
    {
      "Key": "09aa6531-5f76-4fe0-b22b-51e4c3933d42",
      "Value": "[끼어들지 않는다]"
    },
    {
      "Key": "79c5af95-df42-4b3f-ad12-907d85f26046",
      "Value": "\"레곤가르, 생각을 좀 해봐. 옥타비아를 화나게 하고 있잖아. 다른 방식으로 사랑하는 사람을 대할 순 없어?\""
    },
    {
      "Key": "07321ad8-f513-4617-9d8a-2398668efcc3",
      "Value": "\"옥타비아, 네가 틀렸어. 레곤가르는 진심을 다해 너를 위해 모든 걸 해왔던 거야. 적어도 고맙다고는 해야 하지 않을까?\""
    },
    {
      "Key": "a5706654-6f17-4026-9675-ebf81bcde68b",
      "Value": "\"너희를 보고 있자니 궁금해지는데...이런 식으로 지내왔다면 누메리아에선 어떻게 살아남은거야?\""
    },
    {
      "Key": "3ef9cf0c-12c1-4330-a307-9f427e2292a0",
      "Value": "\"수도에 성미가 고약한 할머니가 있는데, 도저히 참아줄 수가 없어요! 언제나 커다란 털복숭이 개를 끌고 돌아다니는데, 그 개는 언제나 짖고 때론 물기까지 한다니까요! 그 할머니는 신경도 안써요 — 그 괴물이 그저 장난치는 것 뿐이라나!\""
    },
    {
      "Key": "6b951199-3f29-4777-87b6-88e0a3223f93",
      "Value": "{n}레곤가르는 크게 미소짓습니다.{/n} \"하 하, 전에도 한 번 그 할머니 불평을 했었지! 이제 신경꺼도 돼. 그 할머니가 다시는 아무도 괴롭히지 못할꺼야.\""
    },
    {
      "Key": "63b4efd5-1ed2-44a7-852c-460983107457",
      "Value": "\"뭐라고? 왜?\""
    },
    {
      "Key": "03e1a079-585d-47b9-9d30-fa428c63d9af",
      "Value": "\"내가 그 털복숭이를 조금 건드려줬거든. 이제 잿더미에 불과하지. 그리곤 그 마귀할멈에게 도로 위에 있는 잿더미를 핥게 시켰어. 그 노인이 지나가는 사람을 놀래키는 걸 좋아하곤 했잖아 - 내가 그대로 되돌려 줬지, 하 하!\""
    },
    {
      "Key": "56fd828e-7357-43a1-995c-6f5ad27c2b7f",
      "Value": "\"레그! 그 무슨... 왜 그랬어? 무슨 짓을 한거야!?\""
    },
    {
      "Key": "cf33eb87-07c6-4a8b-80c8-328a496e1539",
      "Value": "{n}하프오크의 얼굴에서 미소가 사라집니다{/n} \"뭘? 할머니는 건드리지도 않았어, 그냥 그 괴물만 건드렸지... 네가 그 마귀할멈이 얼마나 귀찮게 하는지 말했었잖아! 그래서 널 행복하게 해줄까 싶어서 그런거야! {Name}, 좀 들어봐, 옥타비아에게 얘기 좀 해주라고.\""
    },
    {
      "Key": "06006956-48bc-4e7b-ad88-99a801e7932a",
      "Value": "\"행복이라고? 진심이야? 레곤가르, 넌 정말.. 윽, 정말 열받네!\" {n}하프 엘프는 주먹을 꽉 쥡니다.{/n} \"내가 그러라고 부탁했었어? 아니 그 반대로 — 내가 그런 짓을 하지 말아달라고 수백 번을 부탁했잖아?! 도대체 왜 듣지를 않는건데? 넌 언제나 마귀나 할 미친 짓을 해놓곤, 날 위해서 했다고 말하잖아!\""
    },
    {
      "Key": "d83d4da4-3438-49d1-9560-6039fdd2c446",
      "Value": "\"그렇지만 정말 널 위해 한 일인걸! 뭐가 문제야? 너도 알다시피, 난 너를 사랑하고, 너를 위해서라면 뭐든지 할꺼야! 산도 옮겨줄 수 있다고! 그 누구의 목도 따줄 수 있어! 그런데도 고작 내가 받는 게 혼나는 것 뿐이라니! 널 위해선 무엇이든 해 줄 수 있는데, 넌 신경조차 안쓰지! 언제나 화풀이만 할 뿐이고!\""
    },
    {
      "Key": "0a5dc323-0ed4-41d4-8369-729dcf97ae4f",
      "Value": "\"뭐라고, 내가 너한테 감사라도 해야 한다는거야? 막무가내로 사람 모가지를 따는 일로? 내가 제발 그러지 말라고 부탁한 일을 두고? 네가 날 위해 뭐든 할 수 있다면, 제발 한 번이라도 귀를 열고, 내가 하는 말을 들어줄래?\""
    },
    {
      "Key": "05bd8dee-4856-4892-98f9-209a7dbd7f98",
      "Value": "\"뭐, 내가 듣지를 않았다고? 그 마귀 할멈이 짜증난다고 네가 말했잖아. 그래서 그 할머니를 손봐준 것 뿐이고! 그러고 나니 이번엔 나한테 짜증을 내고 있어! 널 행복하게 해주려면 뭘 어떻게 해야할까? 내 목이라도 물어야 할까?\""
    },
    {
      "Key": "fc4a682f-c19d-42ef-868d-b56dc8c965c8",
      "Value": "\"레그.. 입닥쳐, 그냥 입 다물라고. 한마디만 더하면, 난 나중에 후회할 말을 할지도 몰라!\" {n}하프 엘프는 자리를 떠납니다.{/n}"
    },
    {
      "Key": "dc9e412a-a42a-42a5-84b1-42900b2a303f",
      "Value": "{n}하프 오크는 입술을 깨물며, 그녀의 뒤통수를 노려봅니다.{/n}"
    },
    {
      "Key": "b8711de4-4372-4798-bc3a-0acef46c5dc4",
      "Value": "\"그의 편을 드는거야? 개를 산 채로 태워버리다니, 그게 정상인이 할 만한 행동이라고? 레곤가르는 모두를 공격해놓고 내가 기뻐하길 원하는거야. 내가 그러지 말라고 수백 번이나 말했었는데도! 그런 걸 좋아하는거야? 난 아니야!\""
    },
    {
      "Key": "d36af898-692f-4a2e-9204-a1bfe694d10f",
      "Value": "\"넌 뭐든 좋아하는 법이 없지. 죽이지 말아라, 말하지 말아라... 날 좋아하긴 하는거야? 날 여전히 사랑하긴 하는거냐고?\""
    },
    {
      "Key": "cf6ce6a3-547a-4bb2-b74e-5333aa3f35e0",
      "Value": "\"그녀의 편을 드는거야? 내가 뭘했다고? 난 그저 마귀 할멈에게 겁을 줘서 지나다니는 사람들을 괴롭히는 걸 못하게 했을 뿐인데! 전엔 그녀를 괴롭히는 찐따 자식을 하나 쫓아냈었지. 그리고 망토도 하나 구해주고. 멋지고 따뜻한 거였어! 그런데도 기뻐하지 않더라니까!\""
    },
    {
      "Key": "49bc002a-cef3-43c4-9ef8-abc53d8e2212",
      "Value": "\"레그, 그 사람은 날 괴롭히던게 아니었어! 그랬더라도, 나 스스로 처리할 수 있었을거야! 그 불쌍한 사람은 그저 길을 물어봤을 뿐이라고! 그리고 넌 그냥 '쫓아'낸게 아니었잖아, 칼로 찔렀지. 그리고 그 망토는 무고한 여행객과 일행 두 명을 학살해서 구해준거잖아! 내가 일일이 그 사람들을 건들지 말라고 부탁했는데도!\""
    },
    {
      "Key": "5ea6ece0-ea2b-4288-8e2f-35ee5ea68fae",
      "Value": "\"망토를 순순히 줬다면, 아무도 건들지 않았을거야... 그 망토는 완벽했어, 딱 너한테 어울리는 거였지! 난 거의 한쪽 눈을 잃을 뻔했어, 그리고 옆구리엔 화살도 한 대 맞았고. 그런데 뭐야? 넌 그걸 걸쳐보지도 않았어! 그땐 얘기하진 않았지만... 마치 내 얼굴에 침을 뱉은 것 같았지! 나한테 왜 계속 이러는 건데, 응? 날 여전히 사랑하긴 하는거야?\""
    },
    {
      "Key": "6403d761-e87d-4047-8966-56bd3983716f",
      "Value": "{n}두 사람은 고함치는 걸 멈추고, 쑥스러워합니다.{/n}"
    },
    {
      "Key": "924c4f58-be41-40a7-ac5d-1885b5f16f4d",
      "Value": "\"레그, 미안해. 널 정말 사랑해. 그리고 네가 날 위해 해준 모든 것에 대해 고마워. 네가 없었으면, 난 살아남지 못했겠지, 그건 사실이야. 그저... 너도 알잖아, 난 지나친 폭력은 좋아하지 않아. 제발, 날 위해서, 조금만 피를 덜봐주면 좋겠어.\""
    },
    {
      "Key": "f736a930-ce28-45e2-927e-083ec50d2c0e",
      "Value": "\"나도 미안해. 너도 알다시피, 이게 내 본성이야, 다른 사람처럼 행동하는 건 내게 쉽지 않아. 하지만 노력하고, 잊지 않으려고 노력할게. 내가 뭔가 멍청하고 끔찍하고 화나는 일을 하더라도... 일부러 그러려고 한 건 아니야. 난 널 사랑해. 너 없이는 이 세상에서 살 이유가 없어.\""
    },
    {
      "Key": "ff1e4512-967d-4402-b6d6-dc30927f1315",
      "Value": "{n}옥타비아와 레곤가르는 포옹합니다.{/n}"
    }
  ]
}