{
  "$id": "1",
  "strings": [
    {
      "Key": "8cf43caf-b39f-41cc-b303-9fa708502e17",
      "Value": "\"더 급한 임무가 있었던 거 같은데? 수사슴 군주를 찾으라는 임무라던가.\""
    },
    {
      "Key": "86c1cce9-731c-4dfd-891f-e0fc27415502",
      "Value": "\"본론으로 들어가지. 타투치오. 나는 네가 유물을 찾고 있다는 것을 알고 있어. 그걸 나에게 사용하려는 것도 알고 있지.\""
    },
    {
      "Key": "ecf60ac0-c26d-4d54-9943-146f359137ba",
      "Value": "[공격] \"한 영지에 두 남작이 있을 수는 없지. 너는... 사라져줘야겠어!\""
    },
    {
      "Key": "4d330d43-9582-4f82-ab9b-0fe7e21e7426",
      "Value": "\"린지. 지금까지 쓰던 멍청한 연대기는 버리고 새로운 걸 쓰는 게 어때? 여기 훌륭한 주인공이 있어. 나 말이야!\""
    },
    {
      "Key": "be32b49c-2193-4c0f-b2f3-dee4eace0192",
      "Value": "\"발레리. 난 네가 타투치오를 섬기는 것 보다 더 큰 영광을 구할 수 있을거라고 생각해. 그는 수사슴 군주와 싸우려 너를 불렀지만 이제는 의심스러운 거래에 너를 이용하려 하지.\""
    },
    {
      "Key": "83bdc846-9661-4224-ac57-31017b5cbb83",
      "Value": "\"제이탈. 타투치오의 오만함은 이미 진절머리나지 않았어? 너 같은 동료라면 내가 더 잘 대해줄 수 있는데 말이야.\""
    },
    {
      "Key": "07ec2903-74f7-4b1f-ab73-046028907ad3",
      "Value": "\"하림. 네가 내 동료라면 좋겠어. 너의 믿음은 타투치오 같은 거짓말쟁이를 따르라고 가르치진 않잖아.\""
    },
    {
      "Key": "2ddcec51-b57d-4388-89df-b3089c4379ab",
      "Value": "{n}화려한 보라색 옷을 입은 노움이 당신의 관심을 사로 잡습니다. 물론 {g|Restov}레스토프{/g}에서 보았던 악명 높은 타투치오입니다. 사악한 노움은 작은 언덕에 서서 할 수 있는 모든 방법으로 자신의 불만을 표현합니다.{/n}"
    },
    {
      "Key": "4042d6d2-53b8-455f-bc95-e2a8c5c5e4dd",
      "Value": "\"어디 보자. 너 아직 고민하고 있지?\" {n}타투치오가 비웃습니다.{/n}\"그 동안 차를 좀 만들어야 할까? 파이를 굽거나 작은 정원을 심고 체리 좀 수확할까? 광대 옷을 입어 보는 게 어때? 그러면 내가 티켓을 팔아줄 수 있어. '어서 옵쇼! {g|Golarion}골라리온{/g}에서 가장 멍청한 느림보를 보러 오십쇼!'라고 말이야.\""
    },
    {
      "Key": "8b6acd5d-d8a6-424b-b714-c50d52ab815c",
      "Value": "\"뭘 그렇게 서두르는가? 어차피 같은 결말이 우릴 기다리고 있네.\""
    },
    {
      "Key": "88f5c781-d80c-4362-ab97-ca5cfaebc8cc",
      "Value": "\"타투치오. 저는 당신을 따르고 있지만 당신의 노예는 아닙니다. 최선을 다하겠지만 이 넓은 지하 던전에서 알 수 없는 물건을 찾는 일은 간단한 게 아닙니다.\""
    },
    {
      "Key": "18b7c280-7340-4252-a398-61b570c92a5b",
      "Value": "\"에취! 알지도 못하는 물건을 찾으려고 내가 먼지투성이 지하 던전을 파야겠어요? 그리고 계속 짜증이나 내고 말이에요! 이건 내가 상상하던 미래의 남작과의 모험이 아니라구요! 아니, 책에 대체 무슨 내용을 써야 돼? 먼지 범벅이 된 상자를 열려고 얼마나 노력했는지에 대해 써야 하나?\""
    },
    {
      "Key": "d13b8eb8-55da-427a-9503-8ea65bcb6ced",
      "Value": "{n}제이탈은 타투치오를 내려다봅니다.{/n} \"입조심해라. 노움. 네 파리처럼 왱왱거리는 말소리는 참 들어주기 힘들군.\""
    },
    {
      "Key": "c42bccb4-6460-4b01-a8e0-d0adafa5de39",
      "Value": "\"빨리. 만약 우리가 그 유물을 곧 발견하지 못한다면 다른 녀석이 가로챌 거야... 벌써 누가 왔잖아! 이 멍청이들!\" {n}타투치오는 화가 나서 당신을 봅니다. 그는 자신의 용병들에게 눈짓을 해서 무기를 뽑으라는 신호를 보냅니다.{/n}"
    },
    {
      "Key": "a186cbc4-35b5-4aff-9775-e172d277ffd3",
      "Value": "\"그 질문 똑같이 되돌려 주지! 너야말로 그 뿔 달린 도적 두목을 찾아 숲 속을 뒤지고 있어야 하는거 아냐?\""
    },
    {
      "Key": "63a4c88e-a918-4d3b-92d3-ffc6202b8678",
      "Value": "\"누군가 내 몫을 노리려나보군... 어이! 멍청이들! 쟤네를 막아! 난 작전상 후퇴할테니 엄호하고!\""
    },
    {
      "Key": "3efe3c4c-4e15-42cd-b203-5e7dee7867d9",
      "Value": "{n}노움은 웃습니다.{/n} \"너희 같은 녀석들을 내가 한두번 만난 줄 알아?! 이봐. 삽은 내버려둬. 우리는 떠날 거야! 나머지 너희는 뒤처리를 해!\""
    },
    {
      "Key": "21632622-182b-44f9-8565-5ab983f2f4da",
      "Value": "{n}작은 바드는 기뻐서 폴짝폴짝 뛰어오릅니다.{/n} \"야호! 새로운 장이 시작되겠네요! 이번 장은 스릴 넘치고 신나는 이야기가 될 거예요! 성질 고약하고 허풍만 가득한 라이벌은 패배하고, 미래의 남작님이 영광스러운 승리를 거두는 이야기가 될 테니까요!\" {n}린지는 타투치오에게 혀를 내밀었습니다.{/n}"
    },
    {
      "Key": "b489eae1-d5cd-47b1-bec2-c410b318b96b",
      "Value": "{n}린지는 얼굴을 찡그립니다.{/n} \"왜 제 이야기가 우습다고 하시는 거죠?! 아직 읽어보지도 않았잖아요. 참나, 다들 비평가 저리 가라네. 그래서, 당신을 도와야 하는 이유가 뭐라구요?\""
    },
    {
      "Key": "d0875d09-14aa-4831-a97e-1da2319c2210",
      "Value": "{n}발레리는 팔짱을 낍니다.{/n} \"당신이 맞습니다. 타투치오가 우리를 속였습니다. 거짓에 고개를 숙이는 자는 수치스럽고 불명예스럽습니다. 나는 이 악당을 더 이상 돕지 않을 것입니다.\""
    },
    {
      "Key": "509d6d36-b017-40c0-a6d2-46cfc52bd6d3",
      "Value": "{n}발레리는 확신하지 못합니다.{/n} \"당신이 하는 말은 일리가 있지만 전사는 타인의 말에 쉬이 자신의 상관을 떠나지 않습니다.\""
    },
    {
      "Key": "ca496de5-b2d1-433d-ab84-b25e587866a4",
      "Value": "{n}엘프는 잠시 당신을 보고 조용히 끄덕입니다. 그녀는 무기를 뽑고 타투치오를 차갑게 쳐다봅니다.{/n}"
    },
    {
      "Key": "5b37cc1e-27b5-4a91-984f-b2d4f8b0c8fd",
      "Value": "{n}엘프는 희미하지만 오싹하고 불친절한 미소를 짓습니다.{/n} \"아첨으로 나를 사지 못한다. {race}.\""
    },
    {
      "Key": "1ea936c2-6fd0-4645-b07f-40b2bca8c475",
      "Value": "{n}하림은 웃으며 수염을 쓰다듬습니다.{/n} \"자네 말은 {g|Groetus}그로투스{/g}의 지혜를 보지 못한 것처럼 허영으로 차 있구만. 하지만 자네는 오만한 타투치오보다 더 가치있는 지도자처럼 보여. 자네와 함께 다니면서 자네에게 신앙이 무엇인지 내 직접 가르쳐 주겠네.\""
    },
    {
      "Key": "367bf794-a4b0-41cd-ab5f-0ecc134cb42d",
      "Value": "{n}하림은 손가락으로 수염을 비틀고 꼬읍니다.{/n} \"자네 편으로? 그 말이 일리가 있는지 모르겠네. 나는 타투치오를 섬기는 것에 만족하네. 결국 {g|Groetus}그로투스{/g}의 뜻은 우리 모두에게 찾아오겠지만.\""
    },
    {
      "Key": "4b2e078b-36ea-4f5a-8175-51da668cbc1b",
      "Value": "\"내 경쟁자는 {mf|그의|그녀의}아무것도 하지 못하는군. 너네 멍청이들이 내것보다 멍청한지 보자! 칼을 뽑아라! 내 후퇴로를 막아!\""
    }
  ]
}