{
  "$id": "1",
  "strings": [
    {
      "Key": "d5b33afe-8d35-41a9-a897-6785aa18d6c3",
      "Value": "\"함께 머물지요. 우리는 모든 적들로부터 브라인하트를 보호할 수 있을 것입니다.\""
    },
    {
      "Key": "effa0d9d-f313-496a-a778-df164862f9f7",
      "Value": "\"지금 어디로 가고 있습니까?\""
    },
    {
      "Key": "65181cb6-79f4-4679-ad64-b089ba0446d1",
      "Value": "\"안전한 여행을 하기를 다르벤.\""
    },
    {
      "Key": "2e2fe6ed-e505-4885-9dc9-e2955d0ec5de",
      "Value": "\"꺼져. 너를 다시는 보고 싶지 않아.\""
    },
    {
      "Key": "7422e210-0dbe-42c5-b7b8-19bffd73fa1d",
      "Value": "[공격합니다]\"네놈은 아무 데도 못 간다!\""
    },
    {
      "Key": "06e78fc0-243f-4bf1-ab11-f46c45ec5f9b",
      "Value": "\"마몬의 분노가 무섭지 않나?\""
    },
    {
      "Key": "9c4bc079-f603-429e-a706-11b520f6c24d",
      "Value": "\"언제든 초대에 응하지. 그럼 이만.\""
    },
    {
      "Key": "b63677de-e93d-4688-b715-b8937cfb72a5",
      "Value": "[공격합니다] \"너 같은 이웃은 필요 없어.\""
    },
    {
      "Key": "8c41eef7-eb12-4a53-b869-c7a9f09d05b3",
      "Value": "\"그래, 너는 더이상 마몬의 분노가 무섭지 않나?\""
    },
    {
      "Key": "5352c622-7b84-4dfb-b621-ec6e9ce1d613",
      "Value": "\"당신의 꿈이 실현되도록 도와 준 것을 기쁘게 생각합니다.\""
    },
    {
      "Key": "398d17e9-f23d-4cdb-8ef8-5d6fc2a4dfd0",
      "Value": "[공격합니다] \"당신은 범죄자이며 데블 숭배자입니다. 나는 살려 보내지 않을 수 없습니다. 가능한 한 영광으로 형벌을 받아들이십시오.\""
    },
    {
      "Key": "cdfac9b1-914e-40b2-b0b3-6eb09760e20f",
      "Value": "{n}다르벤은 린시아의 시체를 보며 그의 얼굴에는 깊은 묵상과 침묵이 나타납니다. 잠시 후 그는 씨익 웃으며 손으로 머리를 빗습니다.{/n} \"알다시피 나는 이 순간을 여러 번 꿈꿨는데 내 감정은 모두 불타 버린 것 같아\""
    },
    {
      "Key": "2dfc9ee2-472c-4cfa-a1e0-6b6e3d6e61fc",
      "Value": "\"오랜 세월이 지난 후에 사냥꾼은 마침내 죽었어. 이 모습을 보라고, 이 년의 시체 위에서 연설에 빠져들고 의기양양하게 지혜를 뽐내는 내 모습을. 이제 이 년은 그 무엇도 아니야. 그렇게 사악하게 살았는데 꽤 좋은 죽음을 맞이했군.\" {n}다르벤은 마치 그녀가 존재하는 걸 잊어 버렸던 것처럼 죽은 린시아에게서 차분하게 몸을 돌립니다.{/n}"
    },
    {
      "Key": "0bbba65d-4e3f-4634-8df3-c0f2c97e99ac",
      "Value": "\"넌 나와 거래를 했고 끝까지 자기 말을 지켰어. 우리 꽤 닮았군. 무슨 일이 있어도 약속을 지키는 게 내 원칙이거든. 나도 너에게 보상을 약속했으니 지켜야겠지. 지금 당장 내가 가지고 있는 모든 돈을 줄게. 물론 브라인하트는 제외하고.\" {n}다르벤은 장난스럽게 윙크합니다.{/n}"
    },
    {
      "Key": "c6927144-28a2-42d5-b1bd-5b7820ec09a7",
      "Value": "\"당신은 절 도와주겠다고 약속 한 적이 없으며 동맹을 제의 한 적이 없었습니다. 그러나 여전히 당신이 와서 도와주었습니다. 당신을 이해하는 것이 어렵습니다.\" {n}다르벤은 당신을 흘겨보고 한숨을 쉽니다.{/n} \"그러나 어떤 도움도 갚아야 마땅합니다. 이 소정의 금액을 당신의 노력에 대한 보상으로 삼으십시오. 더는 제공 할 수 없습니다.\""
    },
    {
      "Key": "d737717f-b9cf-4e98-8a11-1005d114bcff",
      "Value": "\"처음에 당신은 나와 협상을 하고서는 나를 배반하고 마침내 나를 다시 돕는군요. 나는 당신을 이해할 수 없습니다.\" {n}다르벤은 등신을 흘겨보고 한숨을 쉽니다.{/n} \"그러나 어떤 도움도 갚아야 마땅합니다. 이 소정의 금액을 당신의 노력에 대한 보상으로 삼으십시오. 더는 제공 할 수 없습니다.\""
    },
    {
      "Key": "534ce473-7f1d-4ffb-bb81-d153d9d5d738",
      "Value": "\"그리고 나는 당신에게 작별 인사를 해야겠습니다. 불행히도 그런 상황에서 브라인하트를 설립 할 수는 없습니다. 아아아. 내 자신의 왕국을 갖고 싶다는 나의 꿈은 한순간이었습니다.\""
    },
    {
      "Key": "57bacee1-ac14-4ac1-ad98-75d6d52c2675",
      "Value": "\"너와 나는 {g|Hellknights}헬나이트{/g}를 두려워 할 필요가 없어. 게다가 놈들은 감히 이런 식으로 곧장 습격하지는 않을 거야. 며칠 만 주면 상인들과 상인들로 이 도시를 채울 예정이야. 그리고 언제든지 다시 와. 부끄러워하지 마. 내 도시에서 너는 항상 환영받을 거야.\""
    },
    {
      "Key": "707dfaf1-199f-499f-b609-f1b74b8f1076",
      "Value": "\"아...\" {n}다르벤은 천천히 말하고 조심스럽게 단어를 선택합니다.{/n} \"{g|Hellknights}Hellknights{/g}는 극도로 심각한 적입니다. 나는 신뢰할 수 있는 동맹국 없이 그들을 대적 할 수 없었습니다. 그리고 당신은... 나에게는 미지의 존재입니다. 나는 당신의 동기를 이해할 수 없으며 당신의 행동 과정을 예측할 수 없습니다. 그래서 나는 당신의 제안에 대해 당신에게 감사해야 하지만 유감스럽게 거절합니다. \""
    },
    {
      "Key": "63f82a87-ff60-4814-83bf-9703469554f8",
      "Value": "{n}다르벤은 어깨를 으쓱합니다.{/n} \"서쪽 또는 아마도 남쪽이겠죠. 어딘가에 따뜻한 바다 파도가 내 발을 적시겠죠. 아마도 나는 해적선의 대장이 될 것입니다. 누가 알겠습니까?\""
    },
    {
      "Key": "f1b1c090-0dd4-4b41-8df3-7d7deea548d4",
      "Value": "\"몸조심하세요 {mf|남작|여남작|왕|여왕}. 어쩌면 다시 만나겠지요.\""
    },
    {
      "Key": "2bf23f18-3c98-4615-85d1-8c63c00c55fb",
      "Value": "\"안녕히 {mf|영주님|영주님|전하|전하}. 곧 당신을 만나기를 바랍니다!\""
    },
    {
      "Key": "23cb9cdd-274f-481a-b36b-d9f3092c9994",
      "Value": "{n}다르벤은 끄덕입니다.{/n} \"당신이 명령하는대로. 우리가 친구가 될 수 없어 아쉽습니다.\""
    },
    {
      "Key": "c0c00b9e-8cd2-4687-a6dd-d7fb3d9d22c6",
      "Value": "\"고작 나를 죽이려고 린시아한테서 구해준 거야? 하지만... 어째서?\""
    },
    {
      "Key": "38afe440-f943-4ca8-ba04-23e33473a939",
      "Value": "\"고위 데블은 나에게 화가 났습니다. 사실 브라인하트를 제 시간에 지어 만들지 못했고 이로 인해 {g|Mammon}마몬{/g}의 격노를 샀습니다. 흠... 그의 수색에 행운이 있기를 바랍니다. 린시아는 몇 년 동안 나를 쫓아 왔고 나는 그녀를 막지 않았기 때문에 그녀가 나를 따라 잡을 수 있었습니다. 나는 약간 궁금해지는군요. 어떻게 고위 데블이 일을 관리합니까? \""
    },
    {
      "Key": "b44d9c2a-e9fd-46c8-afea-1af23c2639ee",
      "Value": "\"고위 데블은 무엇보다도 계약을 중히 여기지. 나는 마감 전에 브라인하트를 설립 할 수 있었고 내 도시는 {g|Mammon}마몬{/g} 신앙의 요새가 될 거야. 그 모든 힘에 비하면 작은 대가라고 할 수 있겠지?\""
    },
    {
      "Key": "71154fcb-7d86-488b-aefe-b6ad9ba165f5",
      "Value": "\"당신은 값진 돈을 벌었습니다!\" {n}다르벤은 당신에게 이해한다는 듯 미소를 줍니다.{/n} \"그러나 우리가 진지하게 이야기한다면 내 평생 꿈꾸는 꿈이 이루어져 기쁘게 생각합니다. 내 이웃이 될 당신이라는 것을 깨닫게 되어 갚절로 기쁩니다.\""
    },
    {
      "Key": "ab7b0b17-6d2e-493c-a839-eb3ef676f8fa",
      "Value": "\"회고록을 쓰기로 결정했다면 저에게 사본을 보내주십시오! 정말 재미있을 것입니다!\""
    }
  ]
}