{
  "$id": "1",
  "strings": [
    {
      "Key": "e9dae8fa-f57f-476a-b7e1-7b945077633c",
      "Value": "\"라마슈투의 여사제를 우리 계급에 넣는 건 어때?\""
    },
    {
      "Key": "84343d12-9270-4439-9144-e8c50d132a12",
      "Value": "\"이상해. 하지만 그녀가 거부하지는 않은 거 같아. 라마슈투의 가르침을 전파할 자리가 있어.\""
    },
    {
      "Key": "e3895beb-05c3-4a78-8074-f34af9b708b1",
      "Value": "\"아주 희귀한 경우인데 정의로운 일을 위한 일이 아닐지라도 네 말에 동의해. 한편 결국 싸움으로 끝이 나고 남은 동료들을 구하게 될 기회도 항상 존재해.\""
    }
  ]
}