{
  "$id": "1",
  "strings": [
    {
      "Key": "2826be25-d879-4811-8ed4-aa460a7e77d5",
      "Value": "\"신병을 모집하고 있지? 수사슴 군주에게 나를 소개하라고 명령받았어.\""
    },
    {
      "Key": "94746117-f35e-4536-8dee-d76b5d42748a",
      "Value": "\"나는 레스토프와 소드로드의 특사이다. 수사슴 군주에게 내가 결투를 요청한다고 알려라. 소문처럼 그가 전투를 잘한다면 내 결투 신청을 받아들일 것이다.\""
    },
    {
      "Key": "762364af-ae1a-4919-a0d1-f09cd4dda656",
      "Value": "[공격] \"나는 너 같은 놈에게서 도둑맞은 땅을 보호하기 위해 왔다!\""
    },
    {
      "Key": "67d76eb7-75f4-4ea7-b7e1-6cd4652027d9",
      "Value": "[떠난다] \"나는 길을 잃은 단순한 여행자입니다. 나는 곧 떠날 것입니다!\""
    },
    {
      "Key": "1c25e827-3cca-43df-9ba2-fd44708dfc88",
      "Value": "\"강가 야영지에서 아키로스에게 온 메시지를 가지고 왔어!\""
    },
    {
      "Key": "66bf0390-17e6-4a75-b62f-120118195ab6",
      "Value": "\"그만! 거기 누구야?\" {n}보초가 지루함에 빠진 목소리로 당신을 부르는데 이 곳의 도적들이 자만심에 빠진 것을 알 수 있습니다.{/n}"
    },
    {
      "Key": "aaa7b48f-7408-4fb8-b4f7-9652a14f8a4d",
      "Value": "\"마이트가 수사슴 군주의 와인을 다시 훔쳐? 알았어. 가서 보고해.\""
    },
    {
      "Key": "3dd75ad3-6703-467f-97c2-94c1fb463add",
      "Value": "\"그가 너에 대해 무슨 말을 했는지 기억나지 않는다. 그는 엄격한 사람이다. 아키로스는 자신이 한 말을 잊을 사람이 아니야.\""
    },
    {
      "Key": "a6d64c20-dbe7-48e0-b0e5-35acdaca6d92",
      "Value": "\"그가 방문하는 모든 나부랭이들에게 인사할 것 같지는 않군. 가 봐. 아마 놀림거리가 되겠지!\""
    },
    {
      "Key": "f8312dce-5eb9-4b57-85db-24efee49adda",
      "Value": "\"하하! 너 같은 신병들을 알고 있어. 내가 지휘관을 부르기 전에 꺼져.\""
    },
    {
      "Key": "f63a4bb1-1ad5-4fc0-b422-24a92162b319",
      "Value": "{n}문지기는 머리를 긁습니다.{/n} \"그래서 어쩌라고. 사령관을 깨울까? {g|Restov} 레스토프{/g} 놈들은 계속 오는구나... 너희 때문에 내가 계속 사령관에게 보고하고 너희 시체를 치워야 해... 좋아. 여기서 기다려. 내가 사령관에게 이야기할 거야. \""
    },
    {
      "Key": "637676ab-2971-42d6-91b1-6fa02745d03d",
      "Value": "\"하하! 들어갈 수나 있을까? 여기 용감한 싸움꾼이 있네!\""
    },
    {
      "Key": "b66c8725-50d9-4465-8e1e-12d0dc567ac3",
      "Value": "\"여기서 나가! 내 기분이 좋고 지휘관이 잠든 걸 행운이라 생각해. 아니었으면 네 모가지를 날려버렸을 거니까.\""
    }
  ]
}