{
  "$id": "1",
  "strings": [
    {
      "Key": "4571cca4-313f-4b73-aa33-031dc83ef82a",
      "Value": "[공격] \"나는 네가 살아서 다른 사람들의 목숨을 위험에 처하게 둘 수 없어.\""
    },
    {
      "Key": "670350b6-b902-48f8-a33c-0d8c4ef5ad0f",
      "Value": "[포로를 조사합니다]"
    },
    {
      "Key": "7e09f6ff-6aaa-41ec-b32b-0d36a408d9af",
      "Value": "[포로를 풀어줍니다] \"이제 가도 좋다. 케스턴과 그의 민병대에게 가. 그들이 너희를 돌봐줄 거야.\""
    },
    {
      "Key": "fe0bf72f-3882-4012-8f4c-319e802a0b14",
      "Value": "[포로들을 내버려둡니다]"
    },
    {
      "Key": "6679202e-2773-4676-854a-9b8f5030953b",
      "Value": "[공격] \"이런 무리들이 걸리적 거리것도 이젠 지쳤다!\""
    },
    {
      "Key": "025d3703-3c9e-43ff-9953-e021002967a7",
      "Value": "{n}죄수들은 여전히 토템에 묶여있습니다. 그들은 마치 무슨 일이 일어나고 있는지 이해하지 못한 것처럼 공허한 눈으로 당신을 봅니다.{/n}"
    },
    {
      "Key": "bbdddbc8-8928-405a-981d-a9ff11fc9630",
      "Value": "{n}단순한 옷과 노동으로 닳은 손에 채찍으로 맞은 얼굴을 한 사람들이 당신 앞에서 숲 속 태양 아래 목숨을 이어가고 있었습니다. 멍과 상처를 제외하고는 아무도 다치지 않은 것 같습니다. 그들의 젖은 얼굴은 여전히 섬뜩하고 멍한 표정을 짓고 있습니다.{/n}"
    },
    {
      "Key": "afde8e33-b8a1-4a52-ac9d-23b70a11d8d6",
      "Value": "{n}단순한 옷과 노동으로 닳은 손에 채찍으로 맞은 얼굴을 한 사람들이 당신 앞에서 숲 속 태양 아래 목숨을 이어가고 있었습니다. 멍과 상처를 제외하고는 아무도 심하게 다치지는 않은 것 같습니다. 포로들은 약간 멍한 표정을 짓고 있었고 그들은 아직도 공포에 질려있었습니다.{/n}"
    },
    {
      "Key": "874d79b6-4e53-4b54-b4fc-1ea5f295bda3",
      "Value": "\"그들을 구원할 수 없겠어. 너의 의무는 그들에게 신속하고 고통없는 죽음을 주는 거야.\""
    },
    {
      "Key": "e225d923-6142-4c45-adbb-7d70e0c1417f",
      "Value": "{n}당신은 포로들에게 치명적인 타격을 입혔습니다.{/n}"
    },
    {
      "Key": "c74671dd-caf5-480f-80fc-a322d070783b",
      "Value": "\"이것이 괴물들에게 희생당하는 마지막이길 바란다.\""
    }
  ]
}