{
  "$id": "1",
  "strings": [
    {
      "Key": "4d796650-3533-42a0-861e-7af1c8933c38",
      "Value": "\"너한텐 따뜻한 침대, 아늑한 집, 제대로 된 식사 냄새가 나. 여기까지 와서 뭐 하자는 거야? 나약한 문명인 같으니라고.\""
    },
    {
      "Key": "1595e3e0-0184-4f04-8ca4-7e463e850931",
      "Value": "\"그래도 똑똑한 문명인이지. 아마 이 중에서 가장 똑똑할 걸. 곰과 겨루기엔 약할지 몰라도 난 영리하잖아. 너야 뭐, 힘과 지능 면에서 곰과 비슷하겠지만.\""
    }
  ]
}