{
  "$id": "1",
  "strings": [
    {
      "Key": "95f34470-6ac4-4043-a7c7-07af72461121",
      "Value": "[공격] \"언데드야! 죽여!\""
    },
    {
      "Key": "f60d1b77-4b96-4ed6-bcc9-43b6997f5778",
      "Value": "\"넌 누구지?\""
    },
    {
      "Key": "35c62db5-be42-482d-a23f-98aac16eef4f",
      "Value": "\"마을에 무슨 일이 생긴 거야?\""
    },
    {
      "Key": "123762ef-7d2d-4129-80c8-0f31376ccfa0",
      "Value": "\"도움이 필요한가?\""
    },
    {
      "Key": "7f886d48-ef4d-4164-8f8d-24b95c2c2469",
      "Value": "[말 없이 떠납니다]"
    },
    {
      "Key": "01548acb-d9ac-41dc-afe0-b9e717483a43",
      "Value": "\"왜 페이를 그렇게 싫어하지?\""
    },
    {
      "Key": "1d47f4f0-d99a-4455-8828-94805e064823",
      "Value": "[시체의 눈에 평범한 금화를 올려놓습니다] \"고작 동전 두닢? 어려운 일은 아니군.\""
    },
    {
      "Key": "518d44e9-f055-43f6-ab87-5f127bbf34e5",
      "Value": "\"나는 우물에 동전을 몇 개 발견했다. 여기 봐!\""
    },
    {
      "Key": "e4120a91-5677-4219-96d4-70c5bc860fca",
      "Value": "[저주받은 동전을 망자의 눈에 올려놓습니다]"
    },
    {
      "Key": "83ad4482-7c9e-4561-9ca4-8aa9a798183e",
      "Value": "\"윌버와 칼리트롭시아를 저주한 사람이 너였나?\""
    },
    {
      "Key": "b8ba24fe-723c-4c54-b70e-f0a4d93e6bf6",
      "Value": "\"너 외에 누가 윌버를 저주 했지?\""
    },
    {
      "Key": "0e107286-e7cd-485a-9dcb-fb14244d1933",
      "Value": "\"너에게 더 많은 질문이 있어.\""
    },
    {
      "Key": "3decf94e-d02c-4d20-b2ea-63e6ca1b2ecd",
      "Value": "\"우리는 노인의 유령에 영면을 주기 위해 동전을 파괴했다.\""
    },
    {
      "Key": "dfaf5f18-e137-4c71-a54b-12d883fd6458",
      "Value": "\"사람들을 저주하는 것을 어디에서 배웠지?\""
    },
    {
      "Key": "37ce25cb-768a-4e47-9fe2-fdda46c463fd",
      "Value": "\"너의 끔찍한 운명은 애도한다. 파라즈마에게 기도해 너에게 영면을 주도록 기도할 거야.\""
    },
    {
      "Key": "ce1be5fd-00fc-443b-8061-ac9ad1528042",
      "Value": "\"우르가쏘아는 누구에게 언데드의 선물을 줄지 가장 잘 안다. 하지만 분명히 너에게는 낭비일 것이다.\""
    },
    {
      "Key": "d83bfea4-4def-424f-ac2b-33d64d237bee",
      "Value": "\"너의 끔찍한 운명은 애도한다. 서렌레이에게 기도해 너에게 영면을 주도록 기도할 거야.\""
    },
    {
      "Key": "e5ea3ba6-d33a-41ba-85a7-5721d46a92f1",
      "Value": "{n}죽은 사람이 당신을 향해 비틀거리며 걸어옵니다. 가슴 중앙에는 구멍이 뚫려있어 그의 찢겨진 썩은 살 속의 뼈를 볼 수 있습니다. 그는 삐걱거리는 소리와 함께 말합니다.{/n} \"산 자여... 나는 너를 해치고 싶지 않다. 도와줘...\""
    },
    {
      "Key": "1b46727b-0e0a-4883-888b-e5133ed1d38a",
      "Value": "\"페이가 말하길... 내가 마침내 영면에 들 것이라고 했다. 두 개의 동전이... 내 눈꺼풀 위에 올려지면... 두닢만...\""
    },
    {
      "Key": "fed34b10-653b-40c8-b09a-07f3c9ba02b5",
      "Value": "{n}그 사람은 탄식합니다. 당신은 그의 손이 꿈틀거리며 주먹이 쥐어지는 것을 보았습니다.{/n} \"페이... 저주받을 페이... 모든 사람을 죽였어... 페이를 증오해... 놈들 모두를 증오해... 놈들의 우두머리도 마찬가지야.\""
    },
    {
      "Key": "98408ffb-d5fa-41ec-954b-66ff81b05ce1",
      "Value": "{n}시체의 눈 위에 동전 두 개를 올렸지만 동전은 눈 구멍 위에서 땅으로 떨어졌습니다. 시체가 중얼거립니다.{/n} \"모두 거짓이었어... 젠장... 젠장할 페이...\""
    },
    {
      "Key": "d5575ff3-dfb9-461b-8d67-58de8dfa5c04",
      "Value": "{n}죽은 사람은 고통스럽게 신음하고 당신에게 팔을 뻗습니다.{/n}"
    },
    {
      "Key": "5fb07099-ab89-4f15-a7cf-c29b61b9c04e",
      "Value": "{n}죽은 사람은 당신 앞에서 서서 썩은 눈을 깜빡이지도 않고 당신을 봅니다.{/n}"
    },
    {
      "Key": "594cdf01-e590-40a8-a30d-21ba08614e6d",
      "Value": "{n}죽은 사람은 조용한 웃음인지 침묵의 울음 소리인지 모를 소리를 내며 들썩입니다.{/n} \"그래... 저기... 그렇군...\" {n}그는 두 동전을 가리킵니다.{/n} \"이것들... 나에게... 이걸...\""
    },
    {
      "Key": "c1684c9c-8a39-4bb8-8cba-5999d707534b",
      "Value": "\"저주받았나... 몰랐다... 그저 소문이라고 생각했다... 나는 그것이 효과가 있다는 것을 몰랐다. 그래 결국 나였군.. 내가 죽였어.. 숲의 그 짐승도... 그리고 나의 니타도...그녀의 아버지도... 마을사람들도... 그리고 나 자신까지도...모두 내 잘못이야... \""
    },
    {
      "Key": "2f3c7449-8ae1-4ff2-8e7a-96ee1edbc025",
      "Value": "{n}동전들이 증발하고 눈위의 동전들이 안개로 바뀝니다. 죽은 사람은 한숨을 쉬고 무릎을 꿇습니다.{/n} \"고마워... \""
    },
    {
      "Key": "4535a78f-2da7-45b8-ad83-6d2d30c6fd99",
      "Value": "{n}동전들이 증발하고 눈위의 동전들이 안개로 바뀝니다. 죽은 사람은 한숨을 쉬고 무릎을 꿇습니다.{/n} \"아니... 나는... 이럴 자격이 없어.\""
    },
    {
      "Key": "bfe72016-8ccf-4fa4-ab9d-4181828e0989",
      "Value": "{n}죽은 사람은 다른 사람의 손으로 새겨진 동전을 쳐다 봅니다.{/n} \"모르겠다...\""
    },
    {
      "Key": "00c37f39-ab34-49a2-9ec3-1a241ecb016f",
      "Value": "\"물어 봐...\""
    },
    {
      "Key": "95ce2a50-5db7-4838-abf7-f7d883d05413",
      "Value": "\"그래서... 나는 절대 쉬지 못할 거야. 절대로... 아아아!\" {n}가슴 아픈 울부 짖는 소리를 지르며 죽은 사람이 당신에게 달려 들었습니다.{/n}"
    },
    {
      "Key": "1a815364-cc6d-4f45-b292-0ef3f34fef59",
      "Value": "\"아무데도... 그냥 이야기라고... 옛날 이야기라고... 모두들 알았지만. 아니었어. 잠깐...\""
    },
    {
      "Key": "56eb0946-792d-4b3e-8cdc-55018d030aa4",
      "Value": "\"나는 지금 기억한다... 나는 꿈을 꾸었다... 한 젊은 여자가... 동전에 이름을 새기라고 했다... 우물에 던지라고... 그러면 정의가 실현될 것이라고... 나는 그녀가 좋은 징조라고 생각했다... \""
    },
    {
      "Key": "e43322bf-12b5-477c-b6f6-e72234c60d2f",
      "Value": "\"좋아... 그를 쉬게 해줘... 그리고 나 때문에... 모든게 없어졌어... 그러니... 이 시체를 파괴하라...\""
    },
    {
      "Key": "3305d892-0238-4bd0-bb94-3f8a33bc2999",
      "Value": "\"언데드들은 대개 예쁘지 않아... 하지만 왜 그들은 벙어리일까?\""
    },
    {
      "Key": "df8e15fb-c1ce-4720-95aa-88b6f8c77475",
      "Value": "\"에라스틸에게 기도했건만... 살아있을 때... 신은 나를 구원하지 않았다... 난 구원을 얻지 못했다...\""
    },
    {
      "Key": "792064fd-fdce-4f4a-9908-ea7f32e7fa3d",
      "Value": "\"모든 신과 여신에게 기도했다. 아무도 돕지 않았다. 아무도...\""
    },
    {
      "Key": "aad6d856-793a-44eb-bdd3-cad10ffb0900",
      "Value": "{n}죽은 사람의 부패한 손은 가슴에 있는 거대한 구멍의 가장자리에 걸쳐집니다.{/n} \"페이가... 내 신부를 훔쳤다. 그녀를 죽였어... 나를 죽였어. 마을 전체가... 그리고 촌장이... 그 망할 인간이... 도와 줬어. 자기 딸을 페이에게 팔았다... 니타. 내 사랑... 전부, 나쁜 녀석들, 내가 그들을 얼마나 싫어하는지... \""
    },
    {
      "Key": "ba1588bb-780a-4d21-b953-3bd472c9e72d",
      "Value": "\"나는... 나는 이름을 가지고 있었다.... 도르시... 신부를 가졌다... 지금 나는 아무도 아니다. 혼자 있다... 아무도 아니다...\""
    },
    {
      "Key": "05daad16-b807-4b09-808a-f56be4dcf055",
      "Value": "\"나는... 휴식을 취할 자격이 없어... 촌장이... 그는... 나처럼 나이들었어... 이 동전을 그에게 가져 가라. 그를 마지막으로 쉬게 해라. 나는... 내가 여기있을 거야...\""
    }
  ]
}