{
  "$id": "1",
  "strings": [
    {
      "Key": "133b5bce-9834-4c12-ae7a-781aef3a3d00",
      "Value": "\"넌 어디에서 왔지?\""
    },
    {
      "Key": "d1c841ad-f826-44ec-9d74-e598c8b1040f",
      "Value": "\"다리 위의 사람들은 누구지?\""
    },
    {
      "Key": "62927b0a-aae2-4315-b681-54415d51dd18",
      "Value": "\"가봐야 겠군.\""
    },
    {
      "Key": "f7aa8aa0-1854-42b0-9167-9144e0be481e",
      "Value": "\"네가 말한 열매를 발견했다.\""
    },
    {
      "Key": "60739608-9803-43b2-9578-93f49c9dc4e7",
      "Value": "\"네가 말한 열매를 발견했다. 너는 거짓말했더군. 이 열매는 약이 아니야. 독약이지.\""
    },
    {
      "Key": "aebd2f8e-a5aa-4d37-a0e9-e0796f513209",
      "Value": "[그에게 열매를 줍니다] \"그것이 정말로 원하는 것이면...\""
    },
    {
      "Key": "d69c5c15-b61e-48cd-af34-34f48be86479",
      "Value": "\"나의 목표는 너를 도우려는 것이지. 죽이는 것이 아니야. 네가 원하는 것이 죽음이면 다른 방법을 찾아야 할 거야.\""
    },
    {
      "Key": "d3914d4e-3d10-4fd0-87ff-7b4a491be573",
      "Value": "\"마을의 조드 카브켄을 찾아가. 그가 너의 병을 확인하고 필요한 도움을 줄 수 있을꺼야.\""
    },
    {
      "Key": "8b6b96b7-1c8b-4d02-af1d-6db36049344c",
      "Value": "\"왜 네가 같은 병이 있다고 확신하지?\""
    },
    {
      "Key": "8ced6179-2613-475a-8cd9-f15ff3530001",
      "Value": "[공격] \"처음부터 나를 속이고는, 이제는 감히 더 도와달라고 하는건가? 오냐. 죽음을 내려주지!\""
    },
    {
      "Key": "8c955a1b-3db0-4667-a66e-6fcda6d5b13d",
      "Value": "[공격] \"내가 바로 {mf|영주|영주|왕이|여왕이}다. 나를 비난하는 폭도들을 내가 어떻게 다루는지 곧 알게될꺼다!\""
    },
    {
      "Key": "81e5e2df-dc0e-4e84-829b-f03222d29ed4",
      "Value": "\"{mf|영주|영주|왕|여왕}에게 그런 식으로 말해선 안되지.\""
    },
    {
      "Key": "f31cc41f-2363-4907-8037-19ca23cdb2ef",
      "Value": "{n}당신을 부른 노인은 상태가 좋지 않아보입니다. 얼굴은 창백하고 눈 밑에는 다크 서클이 내려앉았고 그의 이마는 땀이 맺혔습니다. 그가 매우 아프다는 것은 의심의 여지가 없습니다.{/n}"
    },
    {
      "Key": "b7bdad8a-cae1-4aee-bf51-735a2e6a8e57",
      "Value": "\"이보게... 이봐...\" {n}노인은 갑자기 기침을 합니다.{/n} \"도움이 필요한 노인에게 호의를 베풀어주겠나? 나는 멀리 여행했지만 병이 들었네. 이곳의 해안에서 자라는 베리에 대해 알고 있네. 좋은 약이지. 그게 나를...\" {n}노인이 다시 기침합니다.{/n} \"누구라도 낫게 할 거야!\""
    },
    {
      "Key": "0daf2d7f-0e2e-4928-8edc-6b3388eb129f",
      "Value": "\"그 열매는 검은 색이야. 알아보기 쉽지...\" {n}노인은 잠시 더 기침을 합니다.{/n} \"보랏빛이 도는 검은색 열매라네. 나무는 키가 짧아. 자네는 잘 걷고 눈도 좋으니 찾기 쉬울...\" {n}노인은 다시 기침하지만 곧 멈춥니다.{/n} \"노인의 부탁을 들어주게나. 나에게 열매 한줌만 가져다주게.\""
    },
    {
      "Key": "de196bc8-8def-4124-939d-8f04ede6bc4a",
      "Value": "{n}노인은 흐릿한 눈으로 당신을 바라봅니다.{/n}"
    },
    {
      "Key": "169b954f-e4ea-4109-9db4-5781d6f6b9c1",
      "Value": "\"{g|Narlmarches}날마치{/g} 외곽이라네. 내 아들 내외와 함께 거기 살았지. 그러나 이 질병이 이곳에 퍼졌고 마을의 몇몇 사람들이 병에 걸리자 우리는 도망가야한다고 생각했지. 집을 버리는 것은 싫지만 우리가 뭘 할 수 있었겠나? 내 손주 새끼들은... \" {n}노인은 젖은 기침을 몇 번 내뱉습니다.{/n} \"우리는 그 어린 것들이 이 저주 받은 곳에서 죽게 둘 수 없었어...\""
    },
    {
      "Key": "f2bcd6c1-109c-479b-98b5-fd447cafa8f7",
      "Value": "\"사람들의 몸에서 끔찍한 짐승이 튀어나오는 질병을 피해 달아난 난민들일세. 통치자는 불쌍한 백성들을 돌보지 않았어.\" {n}노인이 몸을 움츠리며 말합니다.{/n} \"사람들은 최대한 멀리 도망쳤다네. 이 저주받은 땅의 {mf|영주|영주|왕|여왕}인 {mf|그는|그녀는}, 원한다면 이곳에서 얼마든 머물 수 있겠지만, 우리는 안전한 곳에 있고 싶었지.\""
    },
    {
      "Key": "200bce03-1b8b-449b-a7a1-6d5303e16445",
      "Value": "{n}노인은 시선을 아래로 내립니다.{/n} \"제발 화내지 말게... 보게나, 나도 다른 모든 사람들처럼 아파. 나는 괴물들이 사람들에게서 나온 것을 본 적이 있어.. 그런 끔찍한 최후를 기다리느니 차라리 내 스스로 목숨을 끊는 편이 낫겠어.\""
    },
    {
      "Key": "df28b31d-57a3-44e6-be3d-3beeb9bee684",
      "Value": "{n}노인은 조심스레 열매를 살펴보고는 고개를 끄덕입니다.{/n} \"그래... 맞아. 고마워. \" {n}그는 검은 열매를 입에 넣고 격렬히 씹습니다.{/n}"
    },
    {
      "Key": "09072f8c-c8c8-4bca-8304-35fec272d80a",
      "Value": "{n}늙은이의 얼굴에 약한 미소가 피어오릅니다.{/n} \"이제 시작하는군...\" {n}그는 시선을 돌려 당신을 보았고 그의 눈은 유리알처럼 변합니다.{/n} \"미안하지만 너를 속였어.\" \" {n}노인은 기침하지만 이전보다 약합니다.{/n} \"나는 이 빌어먹을 병이 내 몸에서 끔찍한 짐승을 끄집어나오게 하지 않을 거야... 이 방식이 더 나아...\""
    },
    {
      "Key": "7d8f6a15-1353-476f-811c-b2a264c5d0df",
      "Value": "\"그건...확실하진 않아. 누가 확실히 말해주겠어? 하지만 끔찍한 괴물이 나에게서 태어나는 것을 지켜보느니... 차라리 내 손으로 죽을는게 나아!\""
    },
    {
      "Key": "e0b5f7bb-5e8b-4c94-bd5e-9ce84cafb3fb",
      "Value": "{n}노인은 조심스레 열매를 살펴보고는 고개를 끄덕입니다.{/n} \"그래... 내가 원하던 것이었어... \" {n}그는 글썽이는 눈으로 당신을 봅니다. {/n} \"고마워... 네가 내 영혼을 구했어... 에라스틸이 너를 축복하길... \" {n}그는 검은 열매를 입에 넣고 격렬히 씹습니다.{/n}"
    },
    {
      "Key": "adf54ffc-8caf-4516-99e8-a5d9ce686e54",
      "Value": "{n}노인의 눈은 눈물로 글썽입니다.{/n} \"부탁인데 그 열매를 나에게 줘! 내가 내 삶을 끝낼 수 있게 해줘!\""
    },
    {
      "Key": "17633895-b78f-40b1-9ac5-3162cc732fcd",
      "Value": "{n}노인의 눈빛이 빛납니다.{/n} \"누군가... 누군가 나를 도울 수 있다는건가?\" {n}약한 미소가 그의 주름진 얼굴에 떠오릅니다.{/n} \"아직 희망이 있는건가? {g|Erastil}에라스틸{/g}이 이 자를 축복하길! 고맙네! 지금 바로 떠나겠네. 이 병이 나를 막지 못하게 하겠어. 내 다리가 멀쩡한 한 그곳으로 가겠네!\""
    },
    {
      "Key": "b6838fca-98e5-4eb4-8f49-5c14c9129510",
      "Value": "\"나 역시 떠났지. 결국 내 가족과 함께해야 하니까..\" {n}노인은 몇 번 기침합니다.{/n} \"하지만 이 노인네는 예전처럼 강하지 못해서 뒤쳐지기 시작했다네. 그래서 이렇게 말했지. '아들아. 네 아내와 아이들을 먼저 구하거라. 나는 알아서 할 테니.'\" {n}그는 다시 기침을 하고 잠시 침묵을 지킵니다.{/n} \"우린 드램버 마을에서 다시 만나기로 했다네...\" {n}그는 눈에 물이 차오르고 마침내 흘러내립니다.{/n}"
    },
    {
      "Key": "3d6607d8-cac9-42ed-b3c5-b05601debe7f",
      "Value": "{n}노인은 다른 말을하려고 시도하지만 그의 입술은 느렸고 그의 목소리는 조용했습니다. 열매와 같은 빛의 거품이 그의 입에서 올라왔고 그의 눈은 뒤집혀 그는 천천히 땅으로 쓰러집니다.{/n}"
    },
    {
      "Key": "7ffa2c3f-b276-466e-bb74-992f639ecfe3",
      "Value": "\"부탁이야. 나에게 열매를 줘. 네가 죄를 짓는 것이 아니야. 나는 결국에 나를 죽이고 있어. 너는 그저 노인의 고통을 끝내는 것을 도와주는 거야!\""
    },
    {
      "Key": "ac3cb394-a12e-4f6e-9169-1ddabe3b45a3",
      "Value": "{n}노인은 무시하듯 손을 흔듭니다.{/n} \"나는 늙었어. 나는 높으신 나으리들은 별로 신경쓰지 않아... 나는 그저 죽지 않고 내 가족이 병들지 않는 걸 바랄 뿐일세!\""
    }
  ]
}