{
  "$id": "1",
  "strings": [
    {
      "Key": "5c8fbdf6-51ca-4a08-abfd-a90e345550e1",
      "Value": "\"너는 귀족 출신이지. 왜 부모님의 성에 돌아가지 않고 숲을 돌아다니며 괴물들을 학살하는지 모르겠군.\""
    },
    {
      "Key": "598ef0d5-0416-40e5-8c36-71640594cb7e",
      "Value": "\"이해하기 어려우시겠습니다만... 여기 도둑맞은 땅에서는 나는 내 모습대로 있을 수 있고 다른 사람들이 원하는 모습으로 살지 않아도 됩니다. 대부분은 사람 뒤에 있는 것이 아니라 아름다운 얼굴만 보거든요.\""
    }
  ]
}